MJD,Aa,Aa_err
60097.996254,18.00,0.05
60107.955827,19.431,0.077
60107.970162,19.785,0.088
60128.935957,9.529,0.175
