MJD,Aa,Aa_err
60097.996254,20.31,0.10
60107.955827,18.849,0.837
60107.970162,18.251,0.733
60128.935957,7.872,0.521
