MJD,Aa,Aa_err
50841.128693,20.1031,0.5
50842.126146,19.9605,0.5
