$\varpi$ [mas],$M_A$ [$M_\odot$],$M_B$ [$M_\odot$]
21.866426028905742,1.2539312340225464,1.172953070364703
22.28619072089049,1.1922730405357977,1.0701928500426592
21.369748874834876,1.3436027042210763,1.1944834293682551
21.97351462568586,1.2405596228799294,1.1578737782717925
22.210336281582215,1.201657999623753,1.111780428494699
21.310567578766936,1.3589842848189444,1.2396519726971074
21.175849823519307,1.394437671005248,1.308564239665822
20.920257193772926,1.4404997233528791,1.3521294087285423
21.59104409785676,1.3078862396463375,1.1603693906891865
21.75087617390652,1.2885282576730503,1.1211108747501748
21.967797078213962,1.2347891631773906,1.0501357458243796
21.838716166309474,1.266356192888779,0.999542373995601
21.688262843041883,1.2916193576664285,1.0311938604478625
22.211748230981254,1.1989372628493744,1.043365111143066
22.10551121804374,1.2150059648557354,1.0350303713211753
21.644583757614654,1.294100001514,1.064090651844734
21.620492279144738,1.3058790655244297,1.0458758986939327
21.04954615595703,1.4123389134780786,1.1281590689390906
21.122990452291802,1.3979825728414743,1.183783844377697
22.2280164061178,1.1950674538657144,1.0685703706582517
20.95167002771763,1.4324489963864393,1.276620887818818
21.115484911369897,1.403053435316406,1.2152383850316215
21.56008567840943,1.308482202718052,1.135631325777494
21.886623496813502,1.2590427389751602,1.1189417742189542
21.88852662393083,1.2488339796193169,1.0890483156561286
21.791841209778333,1.275505541627062,1.1631584359680827
21.422606680712633,1.337870596374675,1.1611788119968216
21.827748228217633,1.2590741780022,1.0207757024398472
21.00149740382668,1.4234351521640072,1.2325958814898974
21.424023479701425,1.3417970869169689,1.2128895551895984
21.942108093744668,1.241026206629912,1.0301919962024106
21.28481522487275,1.3670397369373821,1.2337927893431313
21.97818309920216,1.2396156023428295,1.0299520094181833
21.537899489230448,1.3221640652214228,1.1129056778833757
21.643954528815684,1.2957901958144302,1.1739856322914386
22.21604948383638,1.1997955794478126,1.0380240697857785
21.700181184221265,1.289306208375325,1.1871385008487996
22.052180930149184,1.2245148593404769,1.0945583982054887
22.28264164267332,1.1917748198866474,1.0976598523912044
22.02190792665236,1.2295039626837392,1.1638257234665845
21.75292144186072,1.2819180419530887,1.0661770497861105
21.75713587718597,1.2821289192440952,1.0607825125831918
21.656842685587613,1.2930410738334839,1.1301799559854395
21.84412648509307,1.2645481139212973,1.1254148847311465
21.707858625572477,1.287079518554372,1.0429537497905794
21.62228575847299,1.3015220368389189,1.0806214151367364
22.063559023072273,1.2245255788148999,1.024538978309996
22.319672282066513,1.183416632476946,1.0802725193657923
22.379875681263954,1.1721579528591306,1.0514446784131983
22.339247707849637,1.1765804014376584,1.0331848556753005
22.402100454274226,1.1703928244089856,1.0430754552630073
22.50406888892288,1.1558730814855067,1.0280125929298598
21.586071234556435,1.3065210013229698,1.1879604463588676
21.628892771972637,1.3006518381394974,1.240753778819969
22.081173118427937,1.2181531062732631,1.0677132396078375
22.010443947511792,1.2372119537943362,1.094976568352017
21.40947460959147,1.3384894042419258,1.1974235328394625
22.122029681005802,1.2159634561524009,1.0598866232851307
21.232920025224914,1.374537798204663,1.2522102340142909
22.041864348265356,1.2272020991198935,1.072132810490947
22.180121892777493,1.2057231493920955,1.0845963008677968
21.43982191752965,1.3360003582263575,1.1431343513805967
22.52784788618956,1.1500927069709392,1.0235047078007204
22.475741617436178,1.156871206792211,1.0357567662330416
21.151860598702868,1.3856382668714502,1.246160893558274
21.79889421728317,1.276423709268988,1.1063150378880697
21.731893554310496,1.2881219680524572,1.116296844228631
22.011322923250045,1.2287641437090775,1.0152697832950455
21.128136395140768,1.387567747921722,1.1383304200253426
22.0944376553618,1.2219058993578769,1.0844107221455137
21.859187074761003,1.2562372094588425,1.1565255694965728
21.945576346997,1.241352403966801,1.1416589824722734
21.923172739004407,1.2494046543465407,1.128551222038196
21.696351217705164,1.2855724118507894,1.143365266968393
21.494365581789683,1.3276179071419123,1.1678745869814504
21.234481817997334,1.375502386612801,1.1999396389345385
21.39862925650022,1.3418215354851515,1.1788111184886363
21.542251108282183,1.3178405545590757,1.157803356846488
21.474723363706183,1.329355102361137,1.1610016712951903
20.999464927726798,1.4232043337590088,1.3040241660663041
21.492326222097496,1.3220362825778877,1.270819563401846
21.478273543950174,1.327538511415554,1.1641450777107996
21.68707738323066,1.2914663709936587,1.1483865809660234
22.12777323023544,1.2146404160184496,1.0188924287229555
21.361539245955406,1.3478662608211815,1.1662992369000091
22.277413965230522,1.189280382980782,1.044954212568105
22.187333756168538,1.2035621906647398,1.0686669861853777
21.573041419746325,1.3083888901266836,1.1422933400047541
21.80135605499514,1.2736338088453274,1.1184818227484912
21.69971338288088,1.2871638301906405,1.1238337098811089
21.705626578183505,1.2836598471356468,1.1312056300343145
21.512933865020493,1.3190881847976224,1.1172601030614027
21.81376257182247,1.2644152915201632,1.12407349996288
22.002011668124602,1.2347579010904397,1.069740100592483
21.86610793656095,1.2560655338569684,1.0685486857792657
21.82370115229667,1.2689892789085886,1.0942892696328488
21.800766655840484,1.2735107441491664,1.0751629629596136
21.96285069522111,1.2448786779720171,1.0593254095067288
21.346479967568605,1.3549185718840846,1.1645698167223397
22.316166003005392,1.1856711998148346,1.0794514637673125
21.055901887502355,1.4054481072518294,1.2073536518904255
21.703571152173367,1.2884949076877787,1.1783565661084365
21.72029909720986,1.2816689551614646,1.2251874936940408
22.229277935916183,1.1958528580721148,1.1520347409931175
21.92631011064116,1.2479106997247726,1.129560205323528
21.82889542655058,1.2643188347542331,1.090583818296487
21.44631830686157,1.3337652076576931,1.1723323633254976
21.794002069765856,1.2767690085345746,1.125033312817509
21.124229026070665,1.3902073468818295,1.243783226715894
20.92969768369572,1.4327283883503619,1.303342786274849
21.05297291601783,1.4114569268880832,1.2089880755359355
21.74529583229335,1.2763927120933178,1.146270042463498
21.772212875507464,1.2797485647108924,1.119061243133735
21.810318307826904,1.2636040252471166,1.1245059917403375
21.528734503031586,1.3213390184195566,1.1305020638087468
21.41894213564848,1.339567252433685,1.153587425871816
21.988568338104358,1.236269437883244,1.0972985360577767
21.85799497147319,1.2605014907371739,1.136352507202068
21.43677363707566,1.3363290137737072,1.1404452676335286
22.05650192454238,1.2258068225637484,1.166769687440264
21.467705037154957,1.3271342160625947,1.2753973083795063
21.78905160554683,1.2747552265708335,1.2243684349325372
21.404004329759484,1.3365742229908535,1.2925062221974073
22.002865538563444,1.2385306048492406,1.1774217528444975
21.914575357433947,1.2546955928978634,1.2006033404151135
22.064131269322676,1.2228859935461585,1.1666787268331507
22.00478218229764,1.2327549891879634,1.1824382005246592
21.980187108245147,1.2358169637022658,1.1874066148909943
22.035320921643283,1.234155380824386,1.1594033975895912
22.243567108761308,1.1946145816694314,0.9918099672881673
21.87270888800839,1.255298367366143,1.1077987212889429
21.379534505592577,1.348339550152575,1.170636871693144
22.009124575938714,1.2301959416504504,1.0469218692175362
21.93575571819123,1.2467113397255916,1.1368402386631198
21.61366398985016,1.3028048995482238,1.0959007242279526
21.70250344546697,1.2835943943747254,1.0975247375209694
21.828811110566754,1.2660876011067401,1.1598500889478078
22.283757971524402,1.1868825467278048,1.0244349318719563
21.46580789560076,1.3328887556148223,1.2374784754973116
21.30108720856814,1.3598499814500646,1.2871169628770174
21.777504530045313,1.276466286431147,1.1645220620715888
21.75137699631279,1.2769708999475036,1.1106779031897267
21.5304028375791,1.320288611386162,1.2257845819907085
22.092294393674976,1.217879732715092,1.0191386333660655
21.523485369953686,1.3269309608685818,1.1589419745166345
21.845255078772432,1.2601006041109792,1.1024600428826024
21.853670866513852,1.2632948022828132,1.1404995135748943
21.585204870137588,1.306016727898169,1.1244368317134341
21.96240649122001,1.2414339272440793,1.1544549228528023
22.11376495406522,1.2144938692439924,1.088187814694838
21.792559065943884,1.2717049201320003,1.1674559764959638
22.055063716706563,1.2256080318931026,1.0516210560746886
21.923427450147884,1.2487588589084677,1.0486480244401442
22.66524880199898,1.1266731254458466,0.9054153545635762
21.841252239175258,1.265494046988508,1.032917845491948
21.065018746989367,1.4023893698972203,1.1572208544883635
21.31027335074556,1.3586046418067657,1.2320646109675757
21.59922958710534,1.3058822693383183,1.1669501836582359
21.80869698214746,1.2703438261099584,1.1554462019862464
21.847185498523455,1.2600888042882366,1.2311940373932933
21.818204212456468,1.2665832846492493,1.2268350036034799
22.368635748856484,1.1698791291044506,1.117158801887087
21.74869589818405,1.2785114388203054,1.2529085725938929
22.326895560481052,1.1834683576519875,1.1273987703142199
21.222783351750685,1.370858249863685,1.3286995179348389
21.30367315667404,1.3553578171927234,1.3137354742727676
21.67282645582652,1.290715965735955,1.1748112102571142
21.86236944563427,1.259498719788014,1.154630837113144
21.990310101397775,1.2376290572015878,1.0563497383573819
21.520428469170685,1.3196964942528715,1.2013018258095634
21.24869051954654,1.3719750104206838,1.2463745155613095
21.335494693817182,1.3635644437089043,1.1924585646678132
22.03188349063038,1.226628199362615,1.1004626400104343
21.811494022557564,1.272540026803561,1.1392964685173148
21.825485793936338,1.2693394346217957,1.1437094900431435
21.94650887491673,1.2442440444288179,1.098676284042373
21.636501205287708,1.3000227988957187,1.199692173682057
21.448822544024438,1.333351567382307,1.2514425843699524
21.91122665348966,1.2549910711896592,1.1442034838608897
21.73816778095656,1.27607787554501,1.2080062401828648
21.80490410461823,1.265685724851448,1.2023043159086648
21.61838363065889,1.296784039809955,1.2273888088900047
22.239748949006575,1.1947816306041679,1.0996953327683217
22.36856366597084,1.174988596652436,1.0873219896816697
21.646744163459697,1.2931862850625995,1.1529242025266262
22.119214422536963,1.2189595249971417,1.129222321005444
22.19696394604978,1.2060448782514324,1.1040513008834396
21.759421403838083,1.2780906816804294,1.1700141489851446
22.397021110476068,1.172829106451621,1.0215874095192456
21.89620478990757,1.2547374122190664,1.0709730479638435
21.883945522761792,1.2524385670415956,1.131489657998571
22.423886936588104,1.1698934313063245,0.9860660759061063
21.38629561135506,1.3459716103073112,1.154138445088635
21.922353566940703,1.2493657057593972,0.9794160286056297
21.816420964845143,1.266791734073402,1.113001864459069
22.25970481498347,1.186255636724901,1.0862120882684152
22.48908561706131,1.1674048514565671,0.9785599923142246
22.31237521116153,1.1896684496355607,1.009415089522545
22.37670924012493,1.1713149301574475,0.9652333828878451
21.31357076709476,1.3591676417158383,1.1161108378537254
21.825167062942207,1.2666022758845905,1.053300408490347
21.475555976395885,1.3253526847148043,1.1834417364064862
22.184139240442136,1.2025012047527097,1.0812186578719822
21.230877551267575,1.3780172842527634,1.2085640836594465
21.778485643475044,1.2778805335432537,1.1308636344039855
21.25803051256888,1.3646796823701806,1.2053861330343487
21.836355579641335,1.2675229007864492,1.0975505446835876
21.839271001878117,1.2592560351064894,1.0544241356420803
21.772040367207456,1.2718499365142357,1.0556673661570979
21.71013509308,1.2866283492365818,1.1369155197776535
22.147522990685864,1.2105001193669493,0.9811855719878818
21.872540286764156,1.256593467794715,1.039262693155618
22.06682170889333,1.2222158198940278,1.078875749074818
21.830835142715987,1.2606149335855086,1.113836767962368
21.924935004188036,1.250634052888468,1.0625266035736942
22.135818035848402,1.211798274778306,1.0792918862635652
21.414680437204947,1.3382684236380276,1.1981410152592125
21.640624042789145,1.2994420093690464,1.1862843995829233
21.673791646529075,1.2897532238739293,1.0983150649771827
22.003478568511436,1.2353111619834691,1.149112888297798
21.212841364043122,1.3801369045268566,1.2486731989403121
21.25057416394783,1.37477548302779,1.273534378994287
21.274346765897967,1.3635681034979228,1.260374418787972
21.265710528850533,1.3635223578822884,1.1778842348642438
21.490388045285478,1.3281714630413786,1.1595585950592555
21.168994969577888,1.385442946291391,1.289892938221292
21.91680579725955,1.251318551833867,1.1314300061431015
22.249098003119897,1.192660050904366,1.0601473279469706
21.510991154949387,1.3218406303787,1.1565077251823965
22.090410064031687,1.2205069474292074,1.1096599038215431
21.46274623618267,1.3305808807217223,1.1587178153598299
22.32216890923224,1.1837883196776224,1.0886317831511034
21.176965313735977,1.3846484030552806,1.1993165874488099
21.698519424682857,1.2844485651345738,1.095589479080157
22.531383739880734,1.1552476761210828,1.0466504564173684
22.466947316636563,1.1641448902751044,1.0194486654809265
21.454475971790647,1.3263219942170192,1.1924453364631713
22.317328197698224,1.1877510524293795,1.0339427830048429
22.093184105176345,1.2160961497861356,1.0658753793686127
21.8926891114631,1.252090843487699,1.1000922339295516
21.739132281019437,1.281692343359348,1.163569272793798
21.863331738192628,1.2565449659960213,1.1337132292124448
21.501952809716236,1.3225927252274068,1.1246676894418586
21.775616987216566,1.2746130473634198,1.0776141171778557
21.728555651517134,1.282450434671194,1.177110168034775
21.735412931658388,1.2806647918431224,1.180631260893073
21.255454879557874,1.3686779921961552,1.167965664427443
21.1182564355035,1.4023408861704103,1.1833948794750597
21.995743487844813,1.231310451782431,1.1223285121833277
21.76391591496482,1.2769019915643856,1.1591867973479506
21.6315507265429,1.2977526193377167,1.159123781817097
21.938614868705052,1.2456667079628674,1.1181974036825983
22.433325092267893,1.168029842603498,1.0891115310823762
22.26720958881505,1.1920168661163035,1.1482256171836231
21.61582020021273,1.2992000216287294,1.215808089138442
21.858127570195645,1.2637944743962384,1.070513049798306
21.657132347668455,1.2907750796526396,1.2065623133828254
21.798459242469622,1.2712970940969457,1.0893998079882543
22.069655972107483,1.2208857182072388,1.0708937885918468
21.992888172813302,1.2353598701156283,1.1126082251891094
21.743368945815412,1.2776126112000772,1.1386411452703986
21.354939058337123,1.3509711901750465,1.1763925496239371
22.017519994897842,1.232292799610006,1.128557361282691
21.48567493744286,1.3270428450077656,1.1449598573890718
22.000447785461827,1.232156895171818,1.1132402256228666
21.596159463442188,1.3047746999215872,1.199795387312474
21.771731487690545,1.2723949882367604,1.1097833676796889
21.74500683814692,1.2798896835762474,1.1580628922714626
21.846268798952146,1.2599593177458122,1.1097020051206585
21.85326264982244,1.2628886785355355,1.1288078257824776
22.2734840252725,1.1916150844889164,1.0694254634731821
21.204147459885796,1.3777004825399066,1.1880047628694186
22.293561392339623,1.187813915836157,1.0938999049992488
22.61658211744037,1.139355646964564,0.9599022155165746
22.553827323534968,1.147636528833502,0.9538310573863236
22.59101816875837,1.1433778907639736,1.0305605581599235
21.436752359361726,1.3349543849023775,1.1901408401191569
21.623765496863665,1.3030434887732083,1.1235191525538042
21.875370869477727,1.25771905041564,1.119730658107175
21.75532938820799,1.2768171487944362,1.1191358357796752
21.81305967196832,1.2701372744919988,1.150931128714306
21.90860846149609,1.2487155919796913,1.0727694624727235
21.943957539421106,1.244511342425646,1.0797391873105118
21.400544706397646,1.34545013451554,1.2097354869777208
21.320245572847874,1.362031096559729,1.2111626950372314
22.125814830218232,1.210108623262955,1.0976914359180994
21.516774121612343,1.322007034206168,1.1657870300469975
21.35522939915657,1.3513923066995732,1.183524836919261
21.991210488993264,1.2364522995655627,1.1571806571483347
22.429266754152227,1.16380438891265,1.0325510404267333
21.43155647663634,1.3301582100762075,1.2130876567313948
22.039079311994033,1.2289913586425385,1.1087724598393645
22.575652604400723,1.1406194384472754,1.0143785263730911
21.491388390570762,1.3255197372724898,1.156704312507535
22.299223959629437,1.1852917821521185,1.1052151220702944
21.406828731236935,1.3460581484557455,1.1716597067260532
22.048316803820647,1.2249809365364464,1.0324839642803552
21.716650977245827,1.2812660733352492,1.0738677908086083
21.750432198353018,1.2837172290730055,1.0608491833770595
21.400398071021332,1.338158265208054,1.1247583226688933
21.9530552074388,1.2422150022424168,1.0281589375776805
21.78541165780608,1.2733895826002601,1.0915305388498069
21.77305508319362,1.275774884760005,1.1028122466752293
21.738985878693708,1.2784262157938835,1.2160332954323374
21.91087157195046,1.2503627963734552,1.2293745808416703
21.850295286913667,1.2577182057164704,1.2048546098755502
22.242275061998676,1.1943772370083803,1.1440613092334446
21.80006992313879,1.2677612845922221,1.2026797320105718
20.649359709924397,1.4950278359970057,1.4480164497154568
20.763508802782553,1.4785626241201444,1.4340434033483047
20.654851510742105,1.4988200086692454,1.4409842159317663
20.791532156891144,1.4640858395187937,1.4490399144435582
21.08682682415893,1.4072146164469286,1.3738547595068729
20.734431383074472,1.4799280104654209,1.397809251718344
20.64932575476979,1.4972217354649187,1.4070979426552301
21.820299733310826,1.2632051969481892,1.2041236501249197
21.949451762329858,1.241703801412996,1.18026285284519
21.36517125521665,1.3529119345027465,1.1356963698396734
21.51663136958915,1.3169363771753668,1.1292692382658756
21.110534812475446,1.3998758726312108,1.1626330200651287
21.942172955692158,1.2453530001163582,1.048974567188549
21.664672156954957,1.292286792200923,1.0754260234816937
21.91522655769519,1.249413130319324,1.0972684157337986
21.631764614190764,1.2987068079194197,1.1533997069267217
21.911685085502732,1.248789521554667,1.1538721832327283
21.785031010078413,1.2696712433589799,1.1486698428132724
21.772062838430855,1.276159302628183,1.190726674511836
22.016503178367216,1.2294778764807968,1.1344771662236675
21.57336233364996,1.3088824387212166,1.1643242572220316
21.69182378571854,1.288559588610366,1.1536781654567454
21.962486071408552,1.2388544465137836,1.1055548781323248
21.810885157996637,1.2658732787583435,1.2109245331523601
21.602343499214427,1.3032951420387695,1.2351173419560761
21.857360068644375,1.2630818952098921,1.146533599890647
21.408368333876936,1.3453546310616586,1.1337237149812975
21.207315317825866,1.3742185277663053,1.1783184539318508
22.004278355356604,1.236029019569279,1.0970979413551196
21.342601155576247,1.3524983991173893,1.170015086504967
21.81199050501678,1.2647034824777448,1.1670759918938403
21.93900372499688,1.2447998896234602,1.1030951664850541
21.37857772680949,1.3468651727952592,1.2043461096059236
21.657470933846,1.2928087300594302,1.1867008487100348
21.599195804092773,1.3076533419882712,1.1481682738164527
22.02090973886445,1.2315179700837382,1.0394457156993504
21.222363408072617,1.3789246841795058,1.279558829986668
21.1713256119289,1.3827114107413958,1.2258494007255398
21.27190316961154,1.3738950384827013,1.2287601694919135
21.810276848978532,1.2638148257566673,1.096714385237139
21.54202748167065,1.3148244977564236,1.1484480713363585
21.64919388679344,1.2982875265159883,1.1086052120292398
21.984561184011447,1.2394173321321704,1.1306339210762526
21.438608794233897,1.3355190121083167,1.2071919875747468
22.13382672377104,1.212647099149267,1.0197402978714663
22.16899631391487,1.2051395847920825,1.007325137403914
22.656762846870784,1.1339201038610955,0.9732967339632093
21.660197939550606,1.2902305216759034,1.1495654964541708
21.939436926158464,1.2464710298645163,1.1133187342442845
22.00658130026424,1.237232956480233,1.1289152820452029
21.780626746094,1.2707624770162018,1.1061863493782575
22.116333959403594,1.220671774909259,1.02103001773151
22.007750692829873,1.232010244125207,1.0835894494955263
22.00535103388116,1.237541129156327,1.09598342022983
21.62689956231855,1.2986256561772411,1.1716769152105153
21.807460224031914,1.266396283267506,1.1629719692223988
21.644523556264826,1.3001125624466427,1.090087765600549
21.91334659671223,1.2499768729582785,1.1819443609614737
22.36148304054778,1.1756548820867518,1.1085968738604277
22.29374665993501,1.196688566327406,1.0868432763830844
21.882076287313318,1.2513794439439196,1.166991585667283
21.670899664149943,1.295768932037621,1.166609705390894
21.406808042979723,1.3380695607066697,1.2095173416922624
21.924017440108514,1.2539680833109776,1.1303446317805994
22.042513080013336,1.2234424589405044,1.1346819453403199
21.343733755001065,1.356496028067314,1.281399899017259
20.91529559625123,1.4336388875414015,1.308922557600516
21.60369728077228,1.3091132992924501,1.163344561539014
22.168527522205217,1.208782021975138,1.0759384830864402
21.913360020887744,1.2565410715979632,1.1009310212830195
22.15128274195574,1.2149514087359337,1.0328032209887303
21.75157242096252,1.2752700524964726,1.1575840695875275
21.812762069933534,1.2689834547625298,1.1201159569267027
21.80470613668235,1.2657437961603972,1.0807103780097413
21.55107344718187,1.3192204446676197,1.1755777288032054
21.44741535796821,1.3401532244275554,1.1584906674297124
22.251438994191915,1.1860025234640665,1.0694264647886065
21.289691492142637,1.3717475089077746,1.182867648882247
22.287050043011426,1.1820815707210584,1.0739697557079015
21.482914945542696,1.3336369474052008,1.1533252376212344
22.181524206938654,1.1992705518264057,0.9913269134345232
21.286310170057142,1.3725574607445694,1.2427014749173455
21.294332579434823,1.3723140791138846,1.2308274321885802
21.732366651679897,1.27279185631673,1.096002254284048
21.796568358101837,1.2618176269854458,1.0923772330553359
21.987557296505788,1.236163706765204,1.0315724097429662
22.035170585519808,1.229477018055783,1.0869299537481
21.550701768073452,1.3174561938202234,1.1881433424815828
21.511848796537027,1.321419303373323,1.2327494122055107
21.841220695397197,1.2638547146328096,1.1002460575003852
21.852785021481644,1.2618426695496583,1.0881860645379589
21.776948142836936,1.2737669870560195,1.1763071978435087
21.87930130154471,1.2571568906255453,1.1515464423494743
21.768378549669272,1.275340686142174,1.1046837285334523
22.091249456526015,1.2198502359938597,1.0870262136790503
21.51072128012429,1.3228262106895186,1.1973878256672226
22.098863117241685,1.215542643053336,1.1422850747594762
21.906412822950834,1.2541748152768126,1.071789677870228
21.640324592334473,1.2943129991308087,1.1318279101937136
21.961775636051733,1.2429513893393485,1.1292789802401395
21.59465317728386,1.3132307553896114,1.1063983840023313
21.6347280357347,1.301505381512512,1.1864903503656974
21.632231476635916,1.2982730844762815,1.1257497895062445
21.824781259630825,1.2683858715208958,1.16147148719965
21.896234371174316,1.249756903801951,1.065924638620476
22.22476136469863,1.1990965813841308,1.1030055289447294
21.952016159921257,1.237826441747534,1.0694575825209625
21.818611548176992,1.2707577792898523,1.0941532376971328
22.03301399202696,1.2300612729257092,1.0446545975311619
21.37364143483942,1.3434918328775645,1.2775250992237033
21.867354123036456,1.259349157940155,1.1079817381736987
22.033883860469395,1.2290618077955842,1.0902878618800667
21.884069016452123,1.255129878061547,1.100052820701799
21.587832812609154,1.3068978129562092,1.1601004666941384
22.235743832926115,1.1932924418555229,1.051570430632212
22.096341565315363,1.2179722474688757,1.1265372431910152
21.570673404915972,1.3122982172333835,1.1979871112196712
22.02289954740975,1.2311010179249902,1.147567992753423
21.476206867142857,1.3292375158410712,1.1464398740477098
21.97264902308968,1.2413137947992714,1.1019154336159238
20.829845687980736,1.458829404281658,1.302255660300939
22.196998075421003,1.1988423355324913,1.0503801180553105
22.13427373703601,1.2087701836830576,1.0822604909907847
21.303155908918967,1.361890917732666,1.18634011688845
22.058862140191863,1.2258692573824734,1.0636062491053022
21.952289223950473,1.2446985323913426,1.148233980839065
21.74661259905686,1.2773668019223356,1.1005942101994726
21.451821112039035,1.3349360903354177,1.1342766136813176
20.91850798931763,1.438311301715927,1.3484807267805325
21.47121250640293,1.3273438927730814,1.242185400178668
21.298958015370296,1.3584982952600693,1.2374158853257042
22.051093873138317,1.2284810784573648,1.110022573773306
21.19794614406576,1.3806258742404194,1.202351652351957
21.28382183608219,1.365254520773727,1.2255927241687812
21.68314259396336,1.2929459635019498,1.0658202476328642
21.794716748409897,1.2653297909658778,1.2023731488409166
21.402126320926357,1.3455529128453645,1.1565757724857977
22.092797455104687,1.2174670730194153,1.0896678353017326
22.208812938535026,1.198809755882499,1.0807305589268743
22.05264576850205,1.2245755052141738,1.0823599617142912
22.156617865226284,1.2059389812827377,1.0634612471540676
21.331746227789157,1.3568003130748767,1.136883255369288
21.302993202390944,1.3639036902882775,1.134435411490235
21.432683460395538,1.3369980163449466,1.134043423868899
21.85325434608921,1.2607338819070186,1.1016805857802703
21.61036938197327,1.3036839569386476,1.1435866638556467
21.958315936972937,1.2410133125803418,1.1047911816899192
21.75112247404153,1.2734521781798487,1.0915586391326086
22.23195230959058,1.1996597561239828,1.07188344852157
21.88821234950807,1.2552844057071753,1.1159776291558199
21.768145076942695,1.2739902770512215,1.160304709484401
21.82373457165893,1.2632542615208693,1.1219062346847504
21.742806449184922,1.279577102684558,1.0694846014832329
21.732951629848714,1.2816716882352694,1.1423301411849875
21.96435032566805,1.2398523503218695,1.123643965295855
22.002898779171506,1.2345185694490173,1.082222241825311
21.532803490843815,1.3219131895593095,1.1486684673734349
21.67406506343627,1.2839755320003974,1.1211007737026606
22.179956719040128,1.2058943084613805,1.0511073354873104
21.55090229134399,1.3176442450593298,1.137959262168377
21.959177814373966,1.2380700987361057,1.1364393106139876
21.489798116617546,1.330675156854623,1.1475429067415965
21.501227169945867,1.329058520977701,1.138631073920097
22.184850953767537,1.2074888279087581,1.0966817576439518
21.42535099003934,1.335240209773075,1.168728026183664
22.102170502283307,1.2208922201252521,1.0479211296326734
21.783172567954765,1.2746656119919455,1.095665200951701
21.46551845295053,1.3320891936054284,1.2311882562857084
21.43063149806615,1.3395355239430282,1.2029507633186656
21.645055177259387,1.3046733588379993,1.2146810518412452
22.064807598249267,1.2244184702876586,1.1047849137795507
22.011016449626993,1.234417963386692,1.1126191706451791
21.600413044170786,1.3043077714957305,1.1546759071591903
22.06427592649866,1.2262133973529725,1.1047445841359353
21.18489653711596,1.3839048015153017,1.2691937274374543
21.331542190184578,1.3563069409176634,1.2659730665080307
21.509688064761136,1.3222569340482546,1.2641834569677064
21.64337523507222,1.2994953343370361,1.2219058466584816
21.853523624140465,1.2612830673378308,1.1758225126064383
22.546887722778887,1.1459663835889482,1.0741022419088673
22.633486290636053,1.1347779365416277,0.986425906308035
22.455088188126677,1.1613021785760147,1.0263071275355324
21.32238151136305,1.3544817762432901,1.2019581959493726
22.07900724233754,1.224286370333806,1.0719575943156978
21.730529250371973,1.2794395247947454,1.1285667217147037
21.53498414237781,1.31482290003725,1.1221689691625472
21.660926896414487,1.296931320600173,1.2030018078935079
21.51995834766287,1.3151037461283712,1.2035930715813374
21.412756026840718,1.3337066114962817,1.2322852373961375
22.404015688245487,1.1736349247022002,1.1204030469151887
22.4890162530968,1.159313668963382,1.1131483549846988
21.484444538376028,1.3231490381473996,1.1118029141320667
21.63155300070639,1.3025397104619454,1.2699525066545276
21.285738247198154,1.3631059916351127,1.1710390354334663
22.236097853373202,1.1986491959698704,1.0191820308603288
21.064659344308268,1.4071213932361561,1.2008189084560028
21.88187560459435,1.2535316760961965,1.15129819921115
21.733503122722784,1.2857371570088878,1.1174556628756114
21.91024523070662,1.247833942731048,1.1538429473997598
21.5702418732377,1.3146840763614143,1.1829611908068398
21.40222576624202,1.340407040515726,1.2601745244317915
21.80215154857448,1.2667774017452567,1.176472927598763
21.80709975324112,1.2715629782578772,1.1624874836387016
21.36193131833162,1.3485057962253473,1.2179783814386302
22.39509831983259,1.1712036565781996,1.0229636635561516
21.440531660785965,1.3346155012561471,1.2031204879830293
22.196134642181782,1.2035851755537892,1.1106370379865442
21.958637634936586,1.2440612077059285,1.0501862519544107
21.08959541719672,1.4022009891420164,1.1836753937534772
21.93964800804534,1.2443362380610064,1.0299706859651012
22.101430233648976,1.217312404908492,1.0199840133169995
22.666999892142265,1.1334097736729158,0.955825258647838
22.717475951281497,1.124752652171147,0.9732159206411638
22.43796186510146,1.1614242469650238,0.9503923219389245
22.059043678590783,1.2278667376605485,1.0341281390990857
21.634194050938277,1.2959670837802182,1.162054482844007
22.115361603100638,1.2093209022067735,1.1038627442902582
21.415581249922553,1.3469123248109707,1.162282840880973
22.16217355991726,1.204078143022034,1.087304913329151
22.238334633387936,1.1910697783622823,1.0641736849114736
22.534406251200643,1.145298718994815,1.0431773077331614
21.44016237799591,1.338392035452316,1.201822264251974
22.65758057133778,1.1267960338381138,1.0481766071618905
22.705132437964657,1.1193249142379016,1.0463492387404165
22.657216420444747,1.1269011404513247,1.0108817636819603
22.66409219791465,1.128687496247727,1.0164920604036052
22.494581116494576,1.1610369254150734,1.0089758019936514
21.81283232274242,1.2650762878576345,1.1737567035945433
21.715927501866076,1.2874764293407475,1.14563691738167
22.033986477207122,1.2271066573818312,1.0691307718764378
21.40484448149938,1.3411505524056884,1.1997148590190583
22.136903917688123,1.2148161628806873,1.08518669788015
21.741478547093244,1.2810463344825906,1.1352387828906985
21.90583000903314,1.2530854784721006,1.0321825185097087
22.234150247946456,1.198875025731063,1.0437184409615097
21.4722616019396,1.3263456630411359,1.2536364658549828
21.851791336615683,1.2601302684589497,1.1839487431494105
22.018414875438783,1.2362795371231683,1.1025160437589694
21.90916915190661,1.2524433987641401,1.1570851558010038
21.311292838691635,1.3564316787958626,1.1559354798963408
21.918934358227432,1.252524940475905,1.0831692652202056
22.043939024059355,1.2299159358923824,1.0511911286818125
21.991791109735594,1.236277209564846,1.0693359408112446
21.744095430141215,1.2784202613207136,1.106108327408298
21.88515288843837,1.2524258722161454,1.0998574931175154
21.611693198822337,1.2988995112107529,1.1747262378992775
21.64490851542692,1.3010105787664292,1.1373479716520474
21.740069651622267,1.2766287714624183,1.1445612535318852
21.681891341868496,1.2860552383020776,1.1574500521720423
22.03573927744322,1.2319487049386986,1.0941571164316053
21.51764546129762,1.315039301101621,1.1812586474050584
21.950161941359323,1.2453446787978886,1.1221222103187816
21.93883413305438,1.247911789810145,1.1173838936913723
21.807845486926354,1.2660141383934687,1.1157743478520064
21.364271788000444,1.3530896495014748,1.206560033749686
22.206360726801844,1.1994442315870013,1.0740649476594795
22.03129867218537,1.232475857381028,1.0895719088547704
21.404414832237627,1.3428651863456376,1.1737060684921021
22.118966292040174,1.2151767704017755,1.0564687647229802
20.99269380159231,1.4189391110304634,1.182855401322451
22.707430971124737,1.120358059337648,0.9853147015227837
22.055105219300682,1.2289602031740676,1.0645057804045033
22.472925523921305,1.158463801197121,1.0013893573577828
22.585828471443335,1.1422628677652669,1.0285556863833707
22.12774359742901,1.2155419403429724,1.0663434762738417
21.412826382708204,1.3400356350367872,1.2022290280999848
21.283931935264622,1.358990206269843,1.278755439654445
20.85897216848435,1.4458946675123043,1.3502108761969631
21.381031893419348,1.3498599128321376,1.1936938822194505
21.928657868988736,1.2433172182313947,1.192389393604408
21.90966214729704,1.2517998929381309,1.194394048119772
21.996384960008687,1.234584402479294,1.1681031404462237
22.091765320177853,1.2179429524355032,1.163067278941441
21.57539873655869,1.3118914326522828,1.256766762983688
21.244239852907917,1.3700356178413995,1.1731501217557712
21.85609139840235,1.2639006206337975,1.1265967642927965
21.81267452983106,1.2642880429452854,1.1037976817306343
21.86146568877428,1.2618355119584221,1.091875898804115
21.586917984219824,1.305596597850654,1.1927113005873657
22.09418376182772,1.2201890707589456,1.0595461431188544
21.732072287673507,1.2868155665014687,1.122765119916473
21.920157175664144,1.2470666049364398,1.1431126251809727
21.959212843231384,1.240840964633509,1.073248704983736
21.8897906574593,1.2511131995860332,1.1169799276027952
21.616619305427804,1.304323582899913,1.1618898352793168
21.88140177433456,1.2553482633054995,1.0786579467724127
21.64725030070106,1.2966191812584478,1.163226393955747
21.647399362174344,1.300536397468162,1.1506601803672658
21.85202322263828,1.260426095182132,1.0845853307051572
22.291848994715266,1.187107622099541,1.05923942385343
21.68838525040531,1.2903807425405578,1.1304535511319016
22.206483475032442,1.1969142176834269,1.0133461712307217
22.50298973964269,1.1582919597267203,1.0379722854310964
21.498844505389016,1.3217160295210897,1.1570086613625015
22.616885690820773,1.1357844287338834,1.0300675694035069
22.06465622591644,1.2265438580960193,1.1033579264771658
21.84850742568139,1.257866837296263,1.1521569131818163
21.895898432581262,1.257776754933028,1.024140654874264
21.748509274132587,1.271756898237891,1.10701007975302
21.57808269157261,1.3100593988914828,1.1427912742455757
21.999680198411003,1.2350299835242784,1.104974695528699
21.74249325885165,1.2792479346277768,1.136472489893887
21.586913845571587,1.3098873014378114,1.1664239420191262
21.616824570849417,1.303070117660218,1.134613715137446
21.699236115271844,1.2920475393586721,1.097440965471121
21.842573111475843,1.2624297104752822,1.0973747934438396
21.789253637462867,1.2717104497189669,1.1532796586009086
22.070592824016025,1.2226086204821138,1.0762167659434858
21.331384419547646,1.3581266665845264,1.2105093481301934
21.560218778865078,1.3170987728459354,1.1897278301631615
21.299175512339893,1.365840073722274,1.239250030174191
21.929055798657032,1.2470790441978963,1.1217956975401777
21.471292495511555,1.3274457771917085,1.2093858046729853
21.80482089201964,1.26641420373624,1.107830818556523
21.778901545226702,1.2723996758674039,1.145243286207577
21.743608979657274,1.2771838315944062,1.126059680269571
21.326845022880622,1.361185592731225,1.1759716220984286
21.420767068661533,1.3407252219223011,1.1442069144105245
22.255610814920985,1.191689830862428,1.0968018970180726
21.81467009257741,1.267609783879439,1.0994183365185992
22.174836576723244,1.2054087644265645,1.1320492456749258
22.216204723143555,1.2022402964884193,1.0297716455389734
21.954677918124716,1.2405553164057728,1.1277468911197144
21.396361454277553,1.3435868068957304,1.1852235837420313
21.775709107096024,1.276378663447405,1.1109770900985565
21.740544770652903,1.2808850378806014,1.1649604280349692
21.701666502107816,1.286483373894701,1.122103138579121
22.044612179912942,1.2285934393016593,1.1378309609549737
21.602908784937956,1.3036911520235248,1.1511962965764182
21.7995039581153,1.2677126375002505,1.131955162878144
22.17198056775844,1.2051526580530998,1.0606284466729103
21.999808716430117,1.2360566085789029,1.1338796955138444
21.28863629773251,1.362698818312111,1.1368207448228593
21.41686934432701,1.3358249909807451,1.1786700287465635
21.461742069445854,1.3311342752915862,1.1741912609739091
22.08165123470416,1.2227958888087302,1.0527131446252633
21.399969935324364,1.3446413110251245,1.1974610642286312
21.471624747660815,1.3320710707280075,1.2042631486902342
22.094409562521903,1.2187029224306345,1.081654249670636
21.649239687851676,1.2987492856121403,1.14298369988567
21.47494892032971,1.3266284528486296,1.192718988740664
22.13684826847484,1.2089662930894831,1.098392901721738
21.74488263856626,1.2829234929200515,1.0855702613353118
22.048601921801122,1.2273384653194652,1.0431325982835027
21.541313612256708,1.3213371971286574,1.1317904335983175
21.506444301166706,1.3248447176956215,1.1446939168233967
21.641405787238945,1.3011262354834092,1.1842631936395833
21.49601178034373,1.3227244645388119,1.2133417187138549
21.35889013086133,1.3460942012822745,1.2116628495087918
21.347035694303585,1.3477283303190486,1.2040877603754743
21.539319737568967,1.3149046607061647,1.2226900930509448
21.586831175939757,1.306845840617984,1.1824396817128686
21.992611603207195,1.2335581953478991,1.1456326626521407
21.587526602836206,1.303914459198776,1.1952521128624576
21.82309724206742,1.259938997817857,1.1694638393666068
21.25379026283705,1.3790673121514656,1.262764756414962
21.89521637428939,1.2511840695488539,1.098644876561203
21.890951446436222,1.2549385464660965,1.1270283805906256
21.498700452207668,1.3278888104224489,1.1942445850427856
22.249872475334968,1.1891166207259263,1.002901317763703
22.39638082341356,1.1715850520623041,0.9734418458679451
22.522245295850364,1.1506166531567936,1.098890744570664
21.934117713903987,1.2485298619728438,1.1269402083353726
21.80319400537969,1.2670000836621949,1.1760709316343125
21.427763200682683,1.3332849463307836,1.2383255887244884
21.88968224614129,1.255222563741442,1.0766201795297197
20.972717965094297,1.4227602095751768,1.2566028683052128
21.166686148926587,1.385094109082875,1.229006526305807
21.74629739126783,1.280991103760848,1.154316915663816
21.712359211500672,1.283440699862082,1.1485808895425285
21.522289406060942,1.3173865026136007,1.1861982740931085
21.63674242749282,1.300316883442375,1.1307999813484864
21.983195262986452,1.2342382953110824,1.129544664548124
21.32840356670134,1.358562194693206,1.1869441130044334
22.139275076781068,1.2089064399469356,1.0557896158108324
21.60732766124012,1.3072787495725882,1.1771918214458363
21.59556811044417,1.3023721287644998,1.164409967494347
21.87142468977337,1.2560914045145513,1.1220159239909768
21.742335617087264,1.2763832573416183,1.1338529013336767
21.710564602538305,1.2880786378996438,1.1469291715719763
21.990288702673304,1.2384606413634156,1.1210987013833535
21.553029172219574,1.314493309808312,1.2004787098960987
21.80732108419563,1.2675607283761068,1.1511789256019989
22.03135798835801,1.2309602546468392,1.0608201218459419
21.890195344158442,1.2520896101484618,1.0695350347085086
21.24796301571071,1.3734116649678476,1.2907817851703047
21.861931413460603,1.2627343091709011,1.1375684730417035
21.519730999366757,1.3152945578111601,1.1582155910976875
21.662829177003943,1.2949647681207352,1.1393317437759265
21.6108356798071,1.300409218024529,1.1662272410121237
21.69940675978548,1.2895955376116637,1.1429840278490206
21.827102557808544,1.2639427583084148,1.0834301545336689
21.93807515073602,1.2462199726145682,1.1644914246113607
21.530218009564308,1.3233898262439279,1.2158541390756388
22.4026725672289,1.166409344832487,1.058166460152208
21.093837068139482,1.4016377095061818,1.2248658006634376
21.858106373860934,1.2651946612874714,1.0620293879236093
21.710184161513723,1.2925295424644416,1.0826514359667538
21.821819563565782,1.2635754238133639,1.069303254981933
21.698443691725053,1.2825131159203413,1.1245270564518877
21.94454521980639,1.2382368378930135,1.0945081731590582
21.66012521175362,1.2895250959186866,1.1396987490716297
21.98776021672019,1.233586493150315,1.0805119528293208
21.399316676540174,1.346125161302689,1.184946125372535
21.72932605357134,1.2822339015705735,1.1292893240530928
21.79414851863313,1.2694589653756074,1.1767252336454281
21.605517097025924,1.3024592781992417,1.129286539215208
21.172821801236505,1.3857785770637838,1.3000448095328199
21.231039068027957,1.3803800726961302,1.1888525560065413
21.511792356666362,1.327166419176219,1.1870000499321138
21.816840818646725,1.2600569028367081,1.1699268772360123
21.688903628647417,1.2965517881246056,1.1408972861371987
21.518861621712503,1.318503476687511,1.1565699987132478
22.069287232503562,1.2262885390426408,1.0882938045102062
21.091710550350065,1.3986842458629534,1.2413040700211433
21.741439828925778,1.2789942952070574,1.1183659067662486
21.61507594208323,1.3044451000431223,1.1840621907662756
21.721673863760422,1.2783926010369149,1.1954888841677709
21.891865356876103,1.2540521827764837,1.1647451591384845
21.729268329950497,1.2826501134060904,1.1924912210469019
21.79719507126207,1.2699298078269914,1.0894285542954267
22.064535060917983,1.229290348040142,1.0355762086038927
21.494618721284667,1.3237724526338135,1.1578044839565131
21.71426379132886,1.2826433259042451,1.1025027625850232
21.61407462298331,1.301967338494641,1.1760402873593643
22.017419881705685,1.2350121126640032,1.1056808504219777
21.55568442309061,1.3066099041654171,1.172381496768358
21.785470252020495,1.2761316739658313,1.1041971722810773
21.40929342544686,1.3438663353469351,1.1765031654956668
21.844170150003457,1.2618461154088223,1.1280316547587435
21.597065992578727,1.3071297646420699,1.1307428666539208
21.430178470667236,1.3342559937530671,1.1706814778993733
21.59304568100947,1.3087033266230441,1.1366789228813048
21.982714596421395,1.2339830189887304,1.0980817143196653
21.616236216670586,1.3060734202827085,1.1142508153011779
21.78826100012705,1.2721343271947296,1.0814804754529748
21.804126424641098,1.2690005722781674,1.0980355505958455
21.356977498691286,1.349797261531201,1.2228055798461703
22.057871658427437,1.2248082644800484,1.053188642638744
21.11455287827962,1.3980195985452997,1.2907556645198484
21.292812381931718,1.3683220173614292,1.2271546091179286
21.398408858408658,1.340396834937923,1.2540257075939403
22.17226117779434,1.2109134081836754,1.1291458476459588
22.221967254955263,1.2034514972189199,1.1157012308989362
21.48309454037123,1.3242675496841934,1.2136291806283546
21.924805350743057,1.2458455366301877,1.1300315310847533
21.21001394946593,1.3768738837547656,1.2349037007253263
21.886113174904743,1.2567998449419129,1.106535376175633
21.7364585614359,1.2778473609629541,1.0995968291531817
21.73891402977599,1.2875830128242414,1.1396329261494518
21.92375857765601,1.2521327960840394,1.1006134111031192
22.15726834664124,1.2112892442629042,1.1239307568464663
22.25374973271178,1.1925285804236896,1.0827619993354156
21.94970212129723,1.2400974832614984,1.1525905592722079
22.627723063583208,1.1374935352038749,1.0209852381803546
21.373364835967244,1.342264072752966,1.1556940109832488
21.4095869274362,1.3364692130640168,1.1997440341834487
21.432083358347768,1.3383864938295675,1.1702483075683703
22.072749547032075,1.2211442304322855,1.1318910992720268
21.941451407291527,1.2457520176541468,1.1469634684195875
21.723453259863994,1.2803282472185031,1.1829358863630859
22.175781167969994,1.2069401492828649,1.0727140560137418
22.064053500482206,1.228326262055222,1.1195715020301953
21.37092039200911,1.3471758007788974,1.1201134813498943
21.7396308693665,1.2843520379507907,1.0709156199193646
21.915063435598718,1.2502891755881531,1.0592536567410131
21.50303145079328,1.3208841008126153,1.216736398911325
21.304658214758945,1.3607392555583144,1.254950264254312
21.893299529024723,1.252840613205348,1.1206864729186172
21.229004691856808,1.3795913592319147,1.1618756222035724
21.31190543221328,1.362684314922496,1.262681011149195
21.861499322758615,1.2571471242254166,1.087683443035349
21.579969725566272,1.3019903344932224,1.1545800407836193
22.14017824003734,1.2164624996805864,1.0729638785106341
21.45191093352338,1.3283588740476697,1.222613354177204
22.21904516509278,1.2022743392501278,1.0136354946166437
21.751835610719496,1.2739397515643953,1.1299952877546797
21.752788782497372,1.2836709179198484,1.0982142019893093
21.921542138168633,1.2464755531435872,1.0686832264533672
21.496961922699477,1.3215925310166086,1.1585722554079827
21.410957671206116,1.3372231654394888,1.1806132534182
21.39340772653422,1.3440247242510872,1.1736811670926577
22.104312467421007,1.2152502238173224,1.1284067611892588
21.62723298828199,1.3010999983135803,1.200507785130606
22.12479780861544,1.2166010734759136,1.0816972944369208
22.503717298752335,1.156407808311513,1.0401855275580267
22.46714237089367,1.1626881026276246,1.0550338856675106
21.812360794842224,1.2639225439050257,1.1400820652209047
21.433152311113375,1.33932175975196,1.1390634872708547
21.442339282016395,1.3384187620176007,1.1124161140087132
21.68034931316511,1.2874646092504896,1.1548000186326257
22.12790313718917,1.213892227592214,1.0531897690313294
21.531536621012314,1.3183478336543835,1.2112412949832763
21.54133391495907,1.321202019957409,1.1282304473586073
21.93618105382769,1.24621972638994,1.1194884306455803
21.600298682208603,1.305442738053743,1.1558857889018004
21.68793077590567,1.2888872623319156,1.1618535753033625
21.833094916676846,1.267324330770801,1.08474892615067
22.00325104551236,1.2331622506338773,1.1281350474220122
21.613958617820458,1.3024667751740855,1.1200066737142054
22.00155469157911,1.2355440155648505,1.0402833459197791
21.750397709333157,1.2807932906171255,1.114249231448538
22.523683914179454,1.1484559332021607,1.042561210333497
21.21576069721052,1.3791128219359254,1.1997376134524904
22.479438642036534,1.1563005841374698,1.0403387345975414
22.3421979533815,1.178681656798077,1.0369659247993575
21.806727692006007,1.265886302075466,1.142976497652433
21.16781569377526,1.3895383697112664,1.2456878103460207
21.963938865109505,1.2399499055970096,1.1532755365133092
21.454791024199316,1.3340284881688773,1.2071265453140194
21.917603377575972,1.2505576194592156,1.0879705334977836
21.629812581548734,1.2997438728232469,1.1440923456373984
21.38709066949152,1.3442095473287194,1.123362052964226
21.766567515921146,1.2756834243600632,1.0415259459343584
21.63148441274545,1.2999023332662933,1.187990922118658
21.709904683321014,1.2828833564020738,1.2143409781170869
21.919280316867606,1.2539680063925516,1.1038962309234344
22.039633045237153,1.2258151100220886,1.1178282682220742
21.99414995630876,1.236822053964854,1.1252076583060509
21.61510772528228,1.305196365426178,1.1599172692839417
22.183914142391785,1.2058145451678413,1.0690297169258631
21.732205856705672,1.2788118011642768,1.1087064001218832
21.79869087833139,1.2739610040343698,1.1078273055894587
21.326626842374665,1.355227151329824,1.2141052608950509
21.309661518937318,1.3600798685218867,1.207331983202089
21.112297130634026,1.4014725783250386,1.2149805668823053
21.997727876622402,1.2379824813883995,1.087767470484701
21.34419981881103,1.3517972514942556,1.1234548637840234
22.08634629301172,1.2195374521641151,0.9938039493498653
21.43100380970948,1.3371159754468551,1.1376530846104629
21.472853761958874,1.3291138120733998,1.1217181047002502
21.82864459467207,1.267036339073388,1.0706013944922077
21.383956034308717,1.345177661189849,1.1362501827451523
21.54243017659553,1.3145338056931655,1.085734217838748
21.490716719100135,1.3240455859161964,1.0940568430588136
21.52528686958228,1.3166901244558173,1.1267205368297686
22.084512071458157,1.2216852331638521,1.0025078514448174
21.816118150720307,1.2683868879583036,1.0394139141330552
21.92970598971302,1.245094406805258,1.0217259197636823
21.66260124104781,1.2900133243232617,1.1706966847028202
21.83821041408436,1.2657457837063901,1.109807212958133
21.475972454363664,1.3234211062969934,1.228422010627878
22.045687639166992,1.2299557963908947,1.0847958830558428
21.973881353362007,1.2420004928991382,1.1035538061900398
21.45332920713485,1.3291976613555128,1.1962979338922985
21.877976550140446,1.2596530235490968,1.1029408941536216
21.991859572891144,1.2369524350601708,1.081600349894837
22.297544623595233,1.1881453752940583,1.0134764038613269
22.194880923343256,1.2075762777207373,1.0075137515663333
21.8266456020526,1.267343426726223,1.125619088856113
21.58802327856037,1.3062745008844199,1.1672035027245413
22.150516335830865,1.2095044764322314,1.1096243609135863
22.36842129733682,1.1723162859317535,1.0183802945430023
22.269207232318447,1.1919162194886885,1.045834173842835
21.506901687303245,1.3175774321228049,1.1699914344031863
21.277890272189623,1.3681092384071751,1.212779992658684
21.40111409067664,1.3440037288296258,1.2048381668406927
21.63618501931463,1.3021999301674423,1.1851145228593767
21.747777523932257,1.2801753350355518,1.1572679426418153
22.079673746485906,1.221414461968383,1.085337310351327
21.784808063882913,1.2736874313032576,1.1637732191542522
21.55808320758888,1.3173010616710614,1.2282946741951657
22.092869175375736,1.2241720626524868,1.1054125847469862
22.014294505547078,1.2364566472298253,1.1002796466922404
22.317393531929184,1.1822847469014304,1.0639946753877116
21.358465019757396,1.3528717969975197,1.2059650956868357
21.847684908021275,1.2573624388144498,1.0813632938545963
21.783292569082896,1.2696639789715591,1.1142158020935582
21.958419030740412,1.2441284338264902,1.1049212582243633
21.61135736814591,1.2998137205878288,1.1691100734454718
22.04509947590837,1.232574801321464,1.0626566724508109
21.630374264572048,1.2954233614926334,1.1448649185716038
21.817391899012577,1.2677904532208526,1.1507212639881543
22.62267234979338,1.1391542107837063,0.9753102878115802
21.496491669789606,1.3199040106624096,1.2165853300507106
21.33072687885258,1.358098121018061,1.2632249818225874
21.283364139820325,1.3653127167697008,1.2337108840651658
21.26265679663181,1.3688567731252503,1.2463510084085927
21.16482481986123,1.3953948992257366,1.222360126468855
21.627374391988592,1.2921440892013865,1.0957909372214223
22.21713459488907,1.2058227365867449,1.0078498621657621
22.179833041749408,1.211626336748069,1.0045453878690527
22.40808384913055,1.1665742251375233,0.9841701304048456
22.184505019684114,1.2045413005539682,1.0451489108405068
21.710924694830297,1.2848504868959432,1.0985685050609864
21.744078544938706,1.2787067438064206,1.150161415132911
21.471242746260913,1.3251318289030114,1.2209245283719725
21.69873858466707,1.2821264724675723,1.1495489628089857
22.03142928324914,1.2305549381976704,1.1074038446779175
21.400075544883734,1.3412336944777001,1.1678131220492798
22.301475415349426,1.188742756261609,1.0898747597789242
21.362054843817347,1.3471537783052843,1.2877405341286718
21.427207502003064,1.3347554046006853,1.2784697183173168
21.841069792711338,1.264647731787727,1.1470101811513729
21.671342661042665,1.2930755622224395,1.171952105908467
21.670579679806526,1.2932313736961185,1.1806610502646477
21.865546769622505,1.2502091876560235,1.112830352877991
21.10389431053765,1.3941360695148235,1.2341423777539093
21.049051953475225,1.4074751935828742,1.2761011970101406
22.27716281050312,1.19238302643122,1.0002373202806476
22.44808650458916,1.1620085968901053,1.0090936752392996
21.605841095314055,1.3056628002939472,1.1432403001598372
22.053196569028252,1.2257620224916521,1.0979333605126613
21.46067076207227,1.3308153401237708,1.1598918289485982
21.9874661430113,1.2363343211093696,1.1029472257917878
22.598197293268488,1.1448483155893883,1.0145341862718116
21.426851984219464,1.3282321878246595,1.1495091063551706
22.128671386764537,1.208639997651965,1.0682932905264384
20.907741137193508,1.4430365347305714,1.2468270685260454
20.959427564094916,1.4356046499214008,1.2459643617987133
20.7046111828749,1.4878295797177077,1.2931416618438587
20.968537328557915,1.4194770635898408,1.2452075286649642
21.072924415809606,1.4020170490871942,1.2756195856826844
21.00150045384848,1.4131218401454022,1.2768788708275605
21.522798088972493,1.3227594568634742,1.1943572641985347
21.516187013512045,1.3248734996748168,1.1583262403085077
22.30152534648162,1.188148426332464,1.0595698235271298
21.94970346861055,1.2444766986681541,1.0986396928575681
21.752160919802282,1.2754739316886075,1.1773200530029044
22.035224314289554,1.2293670799933099,1.098905439951798
21.550121641396743,1.3135450211669955,1.1687702394259314
21.658096015736028,1.2885385009339092,1.163302425920279
22.016569128336297,1.2331142822385175,1.1423713022257636
21.90860447678147,1.2520257214494523,1.1134797776485248
21.759933007473336,1.2767280391047804,1.1090186264238269
21.869062500713206,1.2601589014681591,1.0721339048005152
21.69481062350575,1.2891529989854498,1.1395797728185635
21.827305524405837,1.2625469380746233,1.10166716425553
21.93225826688532,1.2466509171285194,1.1403003231018312
21.62738208046035,1.3026133719786361,1.2088417191854333
21.876868023622034,1.2617209183350997,1.1478809996472568
21.70645391455171,1.285534652991281,1.1773420059457456
22.355477028720973,1.181032718686145,1.077434901113093
21.587974919726257,1.3062938161289337,1.096742560070545
21.699959578735037,1.2817458036330307,1.1352049299451934
22.00300548840108,1.2363424864619745,1.1418275574587184
21.71938199302413,1.2799476148286457,1.1633266191740077
21.56198182355557,1.3111318438452424,1.1973102691109863
21.644175572790093,1.2960204622579374,1.1640834777031492
22.10011519777631,1.2123285070332885,1.1190152631336052
21.707086156179148,1.2957021196408542,1.0956160463308962
21.493967037736958,1.3233210575861527,1.1273016483660787
21.915795747327557,1.2541584923021225,1.0395869254843326
21.65456302310168,1.295713448399705,1.0972809965118935
22.04722021048002,1.2267308878333425,1.046932650233112
21.37111007813255,1.3486744550043825,1.1419028179518151
21.31132185403728,1.3627409915425865,1.201975602432426
22.223500443731883,1.1960709805899912,0.9897962418251901
21.32059440450562,1.3609870505355333,1.2862046636302282
21.656504132093197,1.29585936934697,1.217114628697281
22.087702217310394,1.2141784265700053,1.0586649811739268
21.491507360874962,1.3293885287093417,1.1763122747771866
21.98898697966213,1.232579731302605,1.1043841250746766
21.928507423733137,1.2453348804101503,1.0800778662661141
21.704166003338155,1.2887194185627424,1.1964303141627204
22.150473048790474,1.210857219935055,1.1145274690693991
21.958519345121214,1.2420704409793268,1.1336694591827645
22.020206921516145,1.231526431294189,1.1228454754290766
21.920993140186177,1.24948600563526,1.1024696775515421
21.50195973850386,1.3229619062544298,1.1624333088729126
21.826469065186572,1.2654454378039999,1.1557082140433619
21.79259679153799,1.2777813782067327,1.1730813244866733
21.796408489193706,1.2667120901612205,1.1303701405603648
21.483667289678138,1.3253111571775371,1.2145144157029997
22.10527775662529,1.2186563692367698,1.07057183807761
22.064366246024807,1.2251403093158597,1.050702303745343
21.948509204692293,1.2501793306332287,1.1008019390319936
21.873714683364188,1.2520603374693093,1.1108643390745643
21.77694341291579,1.2726763038522895,1.1474083080298385
21.78966097840928,1.2722292384769853,1.0379895201418246
21.810663574902428,1.2679957201238683,1.0871901243760715
21.81982468033657,1.2666684552107583,1.073348357228042
21.524720596060178,1.3223126405949166,1.101775333403726
21.768274581847255,1.2727849419208739,1.1488384812559684
21.76778715338164,1.2752737449588918,1.1405480999119564
21.882934684586072,1.2556563337581488,1.1146989443414608
21.940106721020214,1.2401416033507993,1.0760707897415558
21.174689343638313,1.3905988825260927,1.2671670012496596
21.89950044214809,1.2516999173883077,1.0458454191548285
21.813592736041937,1.2731333642971525,1.0853151256392433
21.77456659172272,1.2738083723473792,1.1369324980538333
22.141887688606744,1.2115740707171523,1.1144647581393117
21.415173347060694,1.3378955316608265,1.1557564390127653
21.43369698670697,1.3378096676587243,1.2091398013251444
21.7059657750177,1.2849567082594355,1.1440209938126684
21.987020297766385,1.239159774530277,1.069365846955816
21.419545168933343,1.335613722400101,1.221749487556306
21.514288550778062,1.322694968796269,1.1487932038115767
22.02863907053979,1.2280929502086246,1.1107015744642488
21.471315703471976,1.3321114537542327,1.1678763249147794
21.96491315098607,1.2426882981870258,1.0245568048981917
21.5462684470216,1.3152422576860094,1.1002650808887076
21.617540873721026,1.3044480163405254,1.0985957768104617
22.111662722495115,1.2189530948425769,1.0140953741096679
21.5415138815671,1.3134723043546537,1.1409572001752188
21.41581865881081,1.3372841518063934,1.0944378938363553
21.765587534660586,1.2790213515369793,1.1901474936802279
22.0215565008123,1.2314547306922057,1.1742455427548877
22.00146760654237,1.2355405764967502,1.1655174928032297
22.013449697829277,1.2323099329152047,1.1929890588458498
22.15724237361355,1.208197195345627,1.16271503189262
22.151922609942897,1.209383393865097,1.1609763308545833
21.73747398157377,1.2742661608720744,1.2396692182269289
21.792588810621687,1.268006717068755,1.163237388250645
21.72776863174346,1.285805185023557,1.1686376853232363
22.171778351367568,1.2039622108203567,1.063916732900348
21.2342281347227,1.3786647510015935,1.2007253272267582
22.20323507986227,1.1983924593228394,1.092557976790175
21.660538264413674,1.2913003070193294,1.1119362367721404
21.620699638462618,1.298437060471281,1.0657204310534882
21.68933639290473,1.2935758395195047,1.0865912457880038
21.897273058520874,1.2508217954568008,1.1361608511682695
22.341671615506414,1.1845080540075281,1.0800127504123433
21.327994200814587,1.3513485899212816,1.17308005065761
21.88850751471655,1.2576238949931626,1.0466228424453354
21.354693295324566,1.35069016498678,1.1378266626102715
21.498860281561186,1.3233988150956721,1.1200988737465674
21.43687430028208,1.3327754928822295,1.1290099523374426
21.428758387021674,1.3346162664218104,1.1303588106576203
21.62177809273298,1.3012423462431955,1.0666414993378555
21.902312574171724,1.2519788245452204,1.0285863417007493
22.05598953592976,1.226660662098933,1.0034790327383152
21.391071937584186,1.347786226069912,1.1108797629843288
21.882920937024,1.2584196849459683,1.024536926786544
22.087484054627108,1.2164925909823858,1.042927706328582
21.96492896629308,1.2422504082007093,1.059437751258725
21.952669199553803,1.244046709362266,1.0785495953921265
21.76543864142134,1.2790248667843414,1.1095392252192589
21.498509258824484,1.324875436960432,1.106320590142542
21.885402064229638,1.2519980237366726,1.050666780986691
21.88017172681421,1.2546130457728772,1.0413712924010743
21.835848424610873,1.2660062686199391,1.1527052842484387
21.853824295355032,1.2613262096450182,1.139100952803045
21.83112298392264,1.2636998178181134,1.156650301625778
21.869360961255545,1.258100409564463,1.1594081601407893
21.808432304490537,1.2698871212231488,1.1530079850710295
21.76454407799075,1.2773921512058117,1.072738924015837
21.89687434950903,1.2521177820496359,1.0481152614465488
21.543001385778343,1.3160292000360987,1.2047794154695874
21.86785011883169,1.2583094105674466,1.1065957551705656
22.41847609320903,1.1705408202663516,1.020749499062333
22.46601694340431,1.1623212799951148,0.9973410414942585
22.296528127704384,1.1864691247214665,1.0324789377688446
21.727088560189298,1.2817990965402342,1.1536619371601018
22.060051969329095,1.2198967148294302,1.1024670812546928
21.343829913982326,1.353853378895451,1.2371413461976783
22.28911388798518,1.189479450326973,1.0617725712184498
21.51467625381524,1.3222829260789297,1.207995667403277
22.226568990715343,1.1967490828557104,1.0393186542547905
21.916553960016977,1.2493803075732324,1.0958426938899222
21.928365616585843,1.2475109825706976,1.0982507381475939
21.331173855326142,1.3541218180614205,1.1526508056890934
21.70782456127855,1.2838797047064332,1.1235324681030527
22.055352699442956,1.2264464170397757,1.13271117343892
21.514113512403362,1.3145635856644402,1.1555436492461113
21.992948430159927,1.244461338734285,1.0725695740473271
21.933913228409597,1.2506344452313563,1.0958349962896474
21.684904078707017,1.2888504721371745,1.1066087346241855
21.461173700722107,1.3322626966377917,1.317583090540566
21.7957429525616,1.2743784049893696,1.2385726890303252
21.72686541713854,1.2882411127789672,1.2396933657930909
22.27681580366175,1.1885708780204147,1.1380851002924217
21.033022141123382,1.4126516948389614,1.3059294399140084
22.09445632158932,1.2181738793970223,1.096129014394195
20.893622478121554,1.4427801111100524,1.2550369134494952
21.799152606680103,1.2772963285301429,1.1259729821850606
21.38147241150144,1.3486959080933416,1.2305006311602282
21.261520045295143,1.3722732865433398,1.231845071399181
21.24745986777421,1.3716028029643477,1.2074940247964556
21.744115783375197,1.2775914001664195,1.1721116391695077
21.801506483212865,1.2682036883037824,1.1606829811206711
21.77097493546127,1.2745334915510231,1.158330848213173
21.56984883947356,1.3113148292613732,1.1101149800559917
22.03653543160686,1.2293800021158918,1.1291912996114308
21.984324496145447,1.2383872700330487,0.9987502498223174
21.130294377109166,1.3951798010141356,1.1876850792604026
21.100040134273883,1.4012131929285816,1.1864637153800368
21.13561143686864,1.3931960496255493,1.2524002354660282
21.74239388029176,1.2808735242686236,1.1742912036047144
22.326499624169937,1.182307810355231,1.0428759523695874
21.745531187406336,1.2796359481046353,1.213566368612239
21.720122869337807,1.2846421087813327,1.0696730934551615
21.648278070596525,1.2961788462399608,1.1930338117498425
21.69272460832064,1.2860105890733717,1.1197832637573981
21.503110598513885,1.3187494417705967,1.1353925186448823
21.463026679384654,1.3255179330161184,1.1484393636011014
22.067362069834232,1.2201508304237603,1.0292257406591905
22.092485840544718,1.2271595409600031,1.1000164162910213
21.54558926450747,1.3080780953347255,1.146654578091685
22.42185319728581,1.1713626823590062,1.0531964027326284
22.802962791525108,1.1064438825487959,1.0055012974114668
22.519895874364785,1.1525794346252372,1.0197689926914877
22.288569848625833,1.1920087223850886,1.0470721767382258
21.394693537498583,1.3387346090097278,1.2158709109319312
21.940286445739638,1.244217892083002,1.036968252476415
22.045692643051687,1.2300765359837045,1.098023374239392
21.973781596056575,1.2365184069533437,1.1447511295456179
22.103226088780822,1.2176075189387268,1.1075592686215594
22.010379139078246,1.2318916687521635,1.1009107529817148
22.067767783144532,1.2231611975095342,1.152277315652065
22.497245669924286,1.155472404745675,1.0235149167213131
21.315952077032307,1.3581009249256328,1.1897832826785848
21.35155032074802,1.349993584972728,1.2484029511060317
21.464300914990392,1.3331045866285527,1.2362446692921325
21.865514538136388,1.258059437827675,1.0907189449699275
21.83157601219211,1.2643708921775316,1.1164666135172345
21.789120526097356,1.2729850238746518,1.0863611630596188
21.92875713191713,1.2484493326849928,1.163036123290405
21.46141843191991,1.329448209959267,1.2242285098965748
21.37636658074833,1.3452617924742418,1.235505328602754
22.58757729591024,1.1412147742504966,0.9817028786914654
21.795864731772703,1.2737157764831697,1.180359082189496
21.700296473849527,1.283552633648126,1.0984757033544397
21.927916654766086,1.2511792999980802,1.168639573976836
21.917172918749205,1.247699693138933,1.1197154445444417
21.209918289329977,1.37836866123025,1.30931422464031
21.246399142558765,1.370841378572146,1.3093848918922755
21.464430781350607,1.3338244390419673,1.166371101862882
21.473792692155588,1.3314808508430058,1.1829938452227675
22.16825277929593,1.204746405953999,1.0535219097485609
21.71982830119822,1.28564481700839,1.1428829719710776
21.47526012296319,1.3248314907363599,1.1655340891852213
21.88220493226885,1.2503871378836258,1.080185008389161
21.76069016041844,1.2797530210850623,1.1657424010314938
21.618199344182827,1.2971560913934248,1.1046652241542478
21.510459510111026,1.318209015205964,1.1127262803162015
21.190218460840363,1.3828815350783412,1.169308084844831
21.54493669052312,1.3133855705999258,1.2195389621879398
22.042703305592475,1.2320550641202004,1.070718926981062
21.486943962465226,1.3195691011116106,1.173101022115163
21.83381916153915,1.2692337978447927,1.10223981058359
21.71464865843528,1.2826357558917283,1.1075011539023438
21.660274693221172,1.2952251918859667,1.110610758216772
21.85367252939172,1.2603235992798294,1.110046884510905
21.6214241157781,1.3026906236762141,1.0949654532834425
22.112631007412276,1.2194340863420532,1.0409615666745502
21.965263151441505,1.243534107225362,1.0584760645817402
21.628768735583492,1.2947201680198503,1.073462689449621
22.05065836889376,1.2313059424417299,1.1085139274745042
22.29126544655166,1.1852119117793343,1.0132612813628774
21.552754976024396,1.318601156101708,1.100965760138007
21.625496867020583,1.2997522625939661,1.1165616872324349
22.058560197911824,1.2270162577998016,1.1386824723540967
21.247547614851243,1.370418506843548,1.2379659895052426
21.284612893215982,1.3668222598673578,1.2199431300815817
21.398698667557632,1.341141966069783,1.2250759119514845
21.798675435192514,1.2680609600950001,1.194153383405419
21.435959566226128,1.3405602222253215,1.2159001359568857
21.42977988299522,1.3392939609359993,1.2347968209221158
22.145875205478045,1.2158270664088113,1.1645567533613894
22.13127570830538,1.216249664332072,1.164795184126295
21.094407662889697,1.396576331689538,1.340217012217567
21.033207637614787,1.4165008930773837,1.3374058893064684
21.62075608607747,1.297511730594718,1.2436559973886694
21.92673844096748,1.2475304171179185,1.1982650062156335
22.113112615287413,1.2131691119854096,1.1670285956587647
21.966931716402854,1.2384684957381318,1.2076551426472664
22.43681084643921,1.1671674161275445,1.1071448800925126
21.72703041071867,1.2874638829947014,1.1923262798852423
21.310070160083626,1.3597428436727728,1.2569510159153314
21.66418794815832,1.2965813948889606,1.1355283875302757
21.381864360280147,1.34515666370776,1.223613753993664
22.057218795638114,1.22460773941649,1.083313758337499
21.307466914138423,1.3601986108781108,1.1918292151394243
22.0700118425659,1.229053884086956,1.0817222470890138
21.558522007305122,1.3167369452535413,1.1791934623625306
21.78591104319425,1.2730715704000104,1.1086272816648215
21.807543204052422,1.2661253519016038,1.1410989008802606
21.4614628316036,1.3278194612150305,1.211700536773037
22.104399139562318,1.2200972371515721,1.0550683724826233
21.438197657008914,1.3317158863240641,1.1931409654031047
22.162998932753833,1.2128586646846777,1.072062138859093
21.25433701183782,1.3658849970193838,1.2094321997314352
21.648796886949768,1.2986469377000822,1.1656533599904355
21.60428405453152,1.3045595127032585,1.1464144932858504
22.233416583296705,1.1989755259761543,1.0477219648975344
21.643093582082265,1.2967868217089942,1.1163902270619364
22.235019869644294,1.1952540003527268,1.0773084503405792
21.29172080858218,1.361176448314009,1.2067606368435544
22.286032262488376,1.1891656763133958,1.0723341785817802
21.420048383641724,1.3390935074645447,1.178230647446893
22.065120207013635,1.2193202449974836,1.1339773819181769
21.569018885120762,1.3203987465365405,1.1622643789425462
21.61801035548288,1.306797970988691,1.2024303166364936
21.78754635099151,1.27054685514784,1.0881095232461078
21.537807743783276,1.3135231956903806,1.1230225214335563
21.548659833115593,1.3085031789200092,1.1053592544170634
21.382605321191924,1.3498082504259512,1.1926711918075636
21.43225695399634,1.341237410992498,1.198507449891157
21.747218334797402,1.2813913586328443,1.1427228788119634
21.781284715170933,1.2709930657516997,1.1814158871632872
21.63865784494381,1.2956799176023097,1.202651018309993
22.242653619085395,1.1981900649067083,0.9920917168380372
21.46936965950934,1.328751504612094,1.2061010211003567
22.017899837384867,1.2276804493511726,1.0751581777984602
21.896893363679368,1.2553579303762459,1.1256619278291338
21.640549934737997,1.295164529093369,1.1413983510849197
21.957491749104975,1.2469360776871836,1.076013244189176
21.7513855525361,1.27689504468688,1.112459140037935
21.905937389397963,1.2504106041975296,1.1407393959624261
21.92041619594503,1.248654785721803,1.0699547727389853
21.633709875918115,1.29543675922262,1.1993904160221471
22.174353091561596,1.2116079765570305,1.0128851602429245
21.791264325782326,1.2656740727907638,1.1069481976226117
21.628828693495002,1.3049718506567605,1.2014485486970687
21.619165292828924,1.2973230624313294,1.1582687960234452
21.601129685037513,1.3029752492318274,1.1939320466999763
21.869948446088493,1.2551936103724246,1.1178521091996854
21.21478829490401,1.3770964749331693,1.2084632427092445
21.719882074171487,1.2828295227640263,1.1848566950115496
21.560277408217118,1.309356404725295,1.1575167494892695
21.652791742144778,1.29406646588298,1.1815171345859767
22.673940807907737,1.1305178527791107,0.9584718705486868
22.490543016252822,1.1542753007127993,0.9720712284185598
21.79311801138693,1.2707814690242896,1.0959698800061144
21.134785708167648,1.3950473157583863,1.2443022515867441
22.085266858660034,1.2187646735686122,1.063724697924092
21.565378436898627,1.3110673799155323,1.1337810028518045
21.450955752276805,1.3311760901332075,1.1438228133050086
21.252929057571038,1.3680604781406427,1.1936392371271765
21.928272085660844,1.2489606800551778,1.1125710384004441
21.4032275462705,1.3391833185877087,1.1381170033124801
21.311463390964825,1.355713425293066,1.1526857332150713
22.504595331645046,1.1538583809785177,0.9394217249566644
22.043293087304104,1.226350007229513,1.111617764412809
21.70775185217721,1.2891408639696704,1.104800598641733
21.76190536751404,1.2799327107405887,1.0929956149453601
21.70865807470465,1.2895529555233458,1.0994122872322853
21.76350259036125,1.271194670696529,1.173072381511628
21.942728821239,1.2429622933092221,1.0721055386290899
21.472670413324188,1.3312868936791806,1.1574153736267427
21.778130086932553,1.2744339405097471,1.1262199066986534
21.722770217342013,1.2826064817636356,1.1544506139448911
21.54418529504629,1.3190073274890668,1.1347795343650555
21.640547226679352,1.2953992658246347,1.214476224752254
21.376419397410274,1.3509205527131762,1.1373585552528083
20.957012206367914,1.4331901932791804,1.2834089438999652
21.22694878971607,1.3724772773408405,1.20188364799589
22.336990331073892,1.1786112430436113,1.1064002962461421
22.119200519518245,1.216219107330563,1.1259461613311226
21.690068145011942,1.291119293725458,1.2071525678990516
22.166769202604588,1.210593441480816,1.1011042340683388
21.516857577598827,1.3182590910674044,1.1391815460306218
21.44062515862811,1.3325667836443706,1.1582410804094416
21.690101358893063,1.2868462923607296,1.1346969663908895
21.83739318165088,1.2667030450253134,1.1473586651255347
21.470834619520964,1.3298901905366918,1.2285133556027499
21.942117839327135,1.2420117213416295,1.1361648377725309
21.40655591051489,1.3435938216834362,1.2038583920173718
22.4706648206458,1.1638995517154405,0.9693105502678098
22.449901894255486,1.1632977023273279,0.9760375713028555
22.872926681589973,1.0981071261578466,0.9194498640787307
22.71317295267911,1.1252540873540637,1.0208400480849509
21.526972890061614,1.3132722503416931,1.1060131643431297
22.19415583651694,1.2050725873617618,1.0674874427028456
21.357359959406,1.346113056090018,1.2230654787138842
22.044938300437472,1.2319694810247623,1.0798421900336588
21.431701103396378,1.3370111047647204,1.1775814322892217
21.966904831966538,1.2435136824515058,1.0630181767618456
21.97066084382937,1.2378705322147945,1.1760790439724547
21.365837883620962,1.3506910603320896,1.1332792824487492
21.31208625387271,1.3555129916650084,1.19709504180651
21.970815029658233,1.2427123545232368,1.1221658438374185
21.89493834100015,1.2526548434135552,1.121390753445399
21.9614926355777,1.2473355854076031,1.124150415482998
21.722009458775588,1.2773664124080848,1.1167648807908737
21.650565290325794,1.299422048788784,1.1540402962856127
21.686968948383115,1.2937885977176518,1.1203391716208166
21.523803752379266,1.3166901445969588,1.1673044935531791
22.29393009125285,1.188961025562553,1.0868176060035029
21.268232551664582,1.3644696947448813,1.2221114251701355
22.374935116510375,1.175542833168024,1.0517866345898654
22.13154930690834,1.2191326605620938,1.0836322669510652
21.67677420570591,1.2853791526529161,1.2043088552024024
21.71531643861485,1.2918874747507345,1.1453722410760918
22.234014693143315,1.194545364407236,1.0702670976161939
21.29792916938691,1.3650966005911607,1.2088864913038702
21.39222739085033,1.3478603798194324,1.1889108578659027
21.38855669731951,1.3466033497369052,1.1667941545988536
22.169979577259763,1.2052070499268446,1.0650250599629476
21.499031224068812,1.3225955916945535,1.1853475423972784
22.26874342257316,1.1899949450154772,1.1022950472367286
22.33239975107576,1.1831659971972925,1.0551224907968368
22.051685104183253,1.2257336760616035,1.1636929344666436
21.693106084448857,1.2942914682623914,1.2007508279165893
21.607126987534386,1.3059489968188132,1.200952822633008
22.10362062090139,1.2156348894555302,1.0705050738534383
21.32445781144008,1.3613438314416295,1.2494761403285093
21.37664544399405,1.3514618414627355,1.2440522127104676
22.17818005888497,1.2022808618829661,1.1200967058630915
21.309593353018826,1.3598838509799087,1.1692632578572302
22.17054164503718,1.207937665871571,1.0045992298191455
21.908314496246035,1.2488935400945558,1.0421676532942237
21.279613576882383,1.3629857300912829,1.1247722152367992
21.30940157513517,1.358334463410754,1.1039039777882262
22.11036348324797,1.2162799912299553,1.0302276313478016
20.967081266846087,1.427873280937012,1.2596180125049228
21.665971205346995,1.2979769189460686,1.1817630143028535
22.0370984343437,1.2286040328155414,1.1482202684206366
21.441575290135766,1.3317930398275657,1.0947535962165436
22.17568253648573,1.2091905589481518,1.090223672092847
21.601546757962048,1.3082391776311664,1.0824627701783998
21.83630416872599,1.261939074410208,1.1104927360210355
21.39846002708675,1.3433994547058101,1.226349000741789
22.046927548587632,1.226325813852503,1.0969403087587088
21.408809125464032,1.3453164502652681,1.191746346146202
21.615047870908633,1.3063576855843704,1.1882009981200943
21.70182586296313,1.2830662487620808,1.2050745425237608
21.277289001556916,1.3697204748606222,1.2895353499742699
21.825892821524846,1.2637039463138033,1.1393540727017322
21.73054601362164,1.2839353193609788,1.1230646928891983
21.81610267971053,1.2676839722876079,1.1158796949398753
22.058722229025403,1.225241249193361,1.098279775433694
21.79104425652322,1.2648157350303908,1.144568813316738
21.73572755150861,1.2797722657511783,1.1846626958787967
21.811704861454963,1.2686113969147572,1.1394153454527811
21.876787396595553,1.2579714434633595,1.0965887062812258
21.594656707194837,1.310383767730269,1.180608334455799
21.849719335336502,1.2613164270134354,1.113464815547493
21.57479484605887,1.3080994330998348,1.1539160991800381
21.929753995310797,1.2470338168729735,1.0816584656723585
22.129045497356625,1.2127730477442331,1.06773962465856
21.718883014653464,1.2849400195000742,1.1621268478597688
21.629841828960224,1.3006358282146553,1.166633939010864
21.874234836501667,1.2610223839091994,1.1022044432608795
21.84632698560744,1.2653011442461346,1.092349410752759
21.905780190462785,1.2495459684796282,1.0542772872856578
21.64046443171883,1.2947519092959303,1.1771503897905564
21.8654769216174,1.2600032400767909,1.080658045287913
21.901766418560285,1.2544946341922179,1.060762222272722
21.788211168822286,1.2727880033733907,1.0847585075105934
21.95416012414107,1.2433542811125526,1.0578750305750053
21.727927920023106,1.2831942347249623,1.2029462133654105
22.071660721118132,1.226130064002406,1.0694123887979354
22.02888876817364,1.2366021564228455,1.110198396884374
21.911648691012513,1.2507385048689326,1.0956122333665865
21.50104844848943,1.3261500175988894,1.1964412617756635
21.991366282855395,1.2348719868149842,1.1103962400060015
21.035976765305058,1.4106053287374865,1.336463125711985
22.276433882063724,1.1930192177897003,1.0391642404558135
21.646086069296032,1.293139587995635,1.1540180112936862
21.750910926464755,1.2747169352360512,1.1303207983674852
22.055932355233555,1.2272325719140191,1.057572288980574
21.25922134018675,1.3676996958459857,1.2668976072230977
21.987050904971966,1.2369283758112108,1.1343822717559788
21.979654540519842,1.2397970103421785,1.0606743127662315
21.590868851634134,1.3089719042029428,1.2082747559154678
21.858976878975245,1.254480878986193,1.0835332735876517
21.78028495771521,1.2748952287050221,1.158996878728724
21.66686224520577,1.2941503139774977,1.193394513038468
21.377016697541407,1.3434950949339026,1.222554390224262
22.230180327292352,1.1988400341734375,1.0313757349577715
21.232411379189507,1.3709970894026628,1.2506666661910466
21.495182152477767,1.3292643032638312,1.248769200206551
21.216944978054322,1.3776185532747591,1.2230400968715995
21.29053439685895,1.364507862731351,1.229882608436966
22.338129732058434,1.1779284574101663,0.9937008692785007
20.993558845592744,1.4273119675031702,1.2003385222614962
22.190548108027592,1.2021499660591242,1.0991608644858446
21.3566899494785,1.348427079861417,1.194746989934901
21.356750335094492,1.3521371474504282,1.1999786374024506
21.458485516446537,1.328506879483518,1.1278111891404503
21.28606864922087,1.3648484924373512,1.136796802280478
20.602393494669368,1.5079746613863174,1.2499739203454636
21.301542084563334,1.3613709686672073,1.1955020154432958
21.969829124566218,1.2435378957224679,1.10756880000335
22.02527953226396,1.234595668760094,1.1001506821392373
21.678464862456003,1.288208061111529,1.0922552761794415
21.708554385820086,1.2867425027134147,1.0415116065539636
21.46955598966995,1.3274343708437726,1.076273777750615
21.355393399155478,1.3504943563466625,1.2022265793331353
21.424243533144057,1.3370912263902335,1.1632033447858083
22.02252541265492,1.2280291649366266,1.0749855867738
22.180927900168513,1.2111727538465211,1.0020950681010938
22.127310345353123,1.21049191063617,1.0366664839060664
22.266059079811562,1.1882281529340755,1.0249702331867145
21.333413434171497,1.3610643876939703,1.2232138553290777
21.207805143001664,1.3836828216000927,1.2597080989949725
21.188979774773518,1.3806999814515115,1.2463270511128257
21.175305904522034,1.3838086176026883,1.1740763012245248
21.5571553491419,1.3200834687039553,1.1842506126963057
21.145768265953933,1.3938362495182142,1.2309717506188107
22.092511022294875,1.2155880141102473,1.131714893882752
21.914022296655915,1.2541319658345058,1.1461803042045235
21.314240603358854,1.3600828500191033,1.1792988570848895
21.888794892507377,1.2519901657332084,1.0776997548807856
21.57588901730243,1.3071165686229034,1.1299470430849112
21.596890045917903,1.3069079201654532,1.1367062377430137
22.165633422514784,1.2052857976392226,1.0447645974477813
22.068625751982143,1.2265361247556237,1.029108112906308
21.94437734864964,1.2431583335799428,1.06973733991699
21.505176194162537,1.3291265276257116,1.1223151087210126
21.83998230856065,1.2581746238265865,1.11683885362195
22.198996429988895,1.2077042389904058,1.0934203359101047
21.68723339009169,1.2943391164055273,1.1420053073874739
21.38794743987755,1.34615536708467,1.1880882498254224
21.360480306539966,1.3491033254637388,1.2551314264154922
20.884616432197745,1.4400486876298635,1.3303027439121424
22.32592492829859,1.183903831804129,1.0734803794475016
20.853926990937687,1.4508050836023085,1.2254023267904393
21.951449601051987,1.2439237087226007,1.1757515384533141
21.782194870961938,1.2733057370939014,1.1458941622351257
22.13693715167818,1.2078992191752072,1.0816980713287987
21.88089829927401,1.248171111169254,1.1271173871192441
21.63684171143158,1.2908052952648885,1.189119183418726
22.020287778319236,1.2372606973588065,1.0504540416903614
21.831337713230543,1.2709514119904248,1.1035837420747352
21.870992973049784,1.2563219378606854,1.057093200362034
22.16074038843127,1.206349436738516,1.1408664410850387
22.196988530335577,1.2080412198568744,1.0409257949578061
21.565347341156837,1.3065398202408507,1.1947742334573004
21.997767916827613,1.2407097303810801,1.089002995946501
21.662211863407396,1.2910614111307765,1.1438689535682713
21.782268905553295,1.2735319238421916,1.1199572440835686
21.70389587426353,1.287402374133309,1.0624260721161107
22.13232951537401,1.2139202341866413,1.1714485126262137
22.05273670224132,1.229716999788374,1.1417406521931786
21.68818275335012,1.2910817112470694,1.2513098554115656
21.71545926670992,1.286189140303681,1.2463350715285015
21.56647748296999,1.3118095048723262,1.2705633908890386
22.26707644876643,1.1911125154887818,1.0989315528443908
21.47294917165575,1.3296471339129043,1.1573694276092752
21.99214578326454,1.2392510948486362,1.0967918874054232
21.389481464555374,1.3396197905571128,1.2074335292796645
21.858425835614074,1.2652212285429638,1.14454679354635
21.228649225734756,1.3689978796926938,1.202662571041052
21.37073091877823,1.3446739168820392,1.24958997269942
22.29487204903895,1.1919928960017196,1.0936486336127234
22.08253315870152,1.2273623839083876,1.2015219872210547
22.066994830795565,1.2207771827274672,1.1227634193768719
21.73471354952197,1.2804580716641023,1.1810144385897343
21.903789357509787,1.25328153779439,1.0968188303879622
21.962494362662618,1.2459637199051665,1.0800805495321444
21.901449067543474,1.2545305217856781,1.0769860606131487
21.90866764422413,1.2518592485185962,1.072306535504455
21.52188336172047,1.3193978871470728,1.2414464402044652
21.699761335573548,1.2900808612677412,1.1642267501846386
21.817105004265315,1.2636158400350002,1.152111166769475
21.639959591974073,1.3006457265487161,1.127166987479368
21.709157462634966,1.2870425700908708,1.1256600868615534
21.790287347918543,1.2654999922233616,1.1499796367129003
21.870966219342854,1.2552683197027084,1.1559448874039804
21.607256172332953,1.30393826998762,1.2028260674293145
22.171982261340506,1.2077305201572295,1.141311796650728
22.09778627228877,1.2209982705234295,1.1646444986168731
21.769175078122515,1.2771058057880282,1.1881851577875375
22.227832906490498,1.1977360773648222,1.1445226437455651
21.96877247807982,1.2423827138731365,1.1972103448458098
21.791102776399814,1.2697757214830692,1.058051322719011
21.474665966939796,1.3301967605793166,1.1642368132258114
21.854933701859828,1.2628396821046424,1.1425760830529237
21.433985439994878,1.3318405567297344,1.1631402585010842
21.41474094855902,1.3448781789653437,1.2167934931042939
21.52238354288159,1.3291098344695027,1.1402638396426101
21.593260503069473,1.300949030733112,1.1772091982779158
21.326549916831407,1.3601004656445168,1.1789074560228032
21.59644710455262,1.3053324736878396,1.2000063162766699
21.56393042052558,1.3115379755859888,1.1078063163962084
22.233586392640373,1.1959696628615777,1.0756410975221828
21.406113468985204,1.3431204180693093,1.1650292874542125
21.69854411521819,1.2873493172480799,1.1354705785285677
21.01838063380518,1.4177320039618737,1.2826375779656438
21.22025677325768,1.3774989774764506,1.2754879388731206
22.042334581472797,1.2262097734122712,1.1414477707194446
21.377803018788242,1.3462388131408627,1.2143933256132333
22.140037168432702,1.2126584477570554,0.9970993608762446
21.289842767317253,1.363682066559766,1.118880820803913
21.638152873531965,1.2982670854662743,1.0875408863955485
21.483532772345164,1.3262147213131465,1.1651619924733054
22.217815622096893,1.200825635834195,1.0606335924816483
21.398109456689404,1.3408081017480644,1.1726780123428915
22.230893949458725,1.1974230651388293,1.0554224649920916
21.601906177094065,1.3073631051426606,1.157380080910232
21.85171106313269,1.2591383540318353,1.128109746292758
21.81769899816115,1.2692707563712657,1.12454634171158
21.86176624689791,1.2578856246441839,1.1472800963986816
22.23568972394397,1.194209937089599,1.079449841201162
22.26460170081664,1.187568395698121,1.0664830414489204
22.27444249028749,1.1858616680014253,1.058119828002074
21.61156828223134,1.3061688940296565,1.130570661294779
21.745577857652997,1.2804528163775253,1.1806234448701127
21.70607463435902,1.285250754464864,1.1432758972260455
21.618411918532622,1.305274329737369,1.1564348351531653
21.97598629948977,1.234012813133479,1.0776585830454148
21.547422658934806,1.3152257905203628,1.125280357744353
21.924934977790073,1.249259129887345,1.161464302532916
21.833165074435506,1.263494391826864,1.0646646115178358
21.778132456111344,1.2750837658252065,1.1630014885123894
21.926188175313335,1.2498658862723246,1.1510436013724923
21.596544718493245,1.3040871127892653,1.136356745472895
21.963888107494114,1.2400547086673823,1.1179234711962445
21.40535314542977,1.3413188752116978,1.1623739964136466
21.172653905015533,1.385061966668737,1.1884686779503255
22.046089178783536,1.227212250612591,1.0612239394703329
21.479829190936382,1.3230380549830962,1.2579665568895881
21.886491644863135,1.2562537057864218,1.2167871847574752
21.658412262604074,1.2943903172971682,1.234721688128065
21.956293124878407,1.2413279843566511,1.1919184567739538
21.028865683307128,1.4190752160429978,1.3499332105171673
21.612991622839075,1.2963360537122925,1.1577980426397727
22.166304059458984,1.212663729648967,1.1250928908560272
22.1569458229885,1.2128838197567935,1.1294343171756591
21.45728498613603,1.326997673812699,1.1093939587556216
22.126680766257152,1.219274527964913,1.0451149521346597
22.283016782684342,1.1894621150218865,0.972150945639436
21.545134049993884,1.3110462389300526,1.1771523665989894
22.19586358283319,1.2066926995318608,1.0987734095938926
22.147089127725334,1.2145587489051837,1.1055920026346049
22.01948283790704,1.2334590146494118,1.112225184897656
21.64106266505925,1.2970926171861465,1.13867618275237
22.01148882493451,1.2372869029001405,1.0257596506966178
21.60772985874185,1.3019936008231836,1.098227440033213
21.753015273941635,1.2795650635042455,1.094534410329679
21.756562249712395,1.2793038566551351,1.0900429397465383
21.836724769989452,1.2632094940706444,1.135500083412057
21.404736932369893,1.3451616532234458,1.2410956956372305
21.087613073444718,1.4064544284350644,1.2299871856970377
22.12329151344587,1.210583702898926,1.1289348688759595
21.524934758324505,1.3231467224320577,1.161203626415329
21.988520431048215,1.2365062264382338,1.0895253723189804
21.767473223938758,1.2741431659904565,1.16796404602744
22.336847037485025,1.1838368677477507,1.0108887549907288
21.642042219482263,1.291604155324305,1.1393602260191993
21.824103805056463,1.2673698839892218,1.1284972276275123
21.187250251137105,1.3832036138790904,1.1777451358455366
22.27154507468057,1.189243810876546,1.0942057858235796
21.167205703599816,1.386297590260828,1.2042120898690434
21.594566645329728,1.306665296084428,1.1483106851993443
21.182513969281786,1.3918152387389509,1.1869844094391135
21.41637365358465,1.3390247844310577,1.2599565213996764
21.418581310723255,1.337796657377468,1.259182400335577
21.55944996576533,1.315046671240479,1.1761176640651212
21.586636977362204,1.298817347064795,1.159698846620615
21.96931911841936,1.2448181897894126,1.0826486037779084
21.8711516724561,1.2607856836711195,1.122075912933748
22.126656360710417,1.2154649246531666,1.0766712268179295
21.51868642898674,1.3194748596719232,1.1447448509866058
22.166701206389604,1.208706716296774,1.088716011590359
21.975746643214407,1.236370695888448,1.0940968022141582
21.49374925828689,1.3282092473224887,1.176456599821211
21.67304593388215,1.2937204687332626,1.1620064322639336
22.247560309289582,1.1976995248191247,1.0375052298721323
21.997498490325405,1.2325041659119071,1.1285494590818366
21.29948616736788,1.362577251395729,1.173976582100213
21.72276698891558,1.2868808343516966,1.154148041035734
21.452385531508433,1.3342866010991283,1.1932761259789482
21.53464066986474,1.3206740564302653,1.2187414387853188
21.497994410222272,1.3251004865889895,1.1596210247978813
21.756532656515414,1.2793599077405797,1.1067804728230182
21.92461369301048,1.241502276076309,1.0783245715929217
21.970407353590446,1.2474026880302889,1.0231109136922392
21.232372143492555,1.3690023176253672,1.258440030377835
21.82284572640037,1.2669583899931427,1.137603567981166
21.900741558091845,1.2539141023946052,1.125903064915398
21.427357620979578,1.335836201591816,1.1878132722723151
22.011946396123534,1.2321861059456167,1.0706831716556002
21.59090018421048,1.3051046512014746,1.1949612655598478
21.853174339457613,1.2591307261094598,1.104236998825924
22.168621626790493,1.2042716676092402,1.0465094096650134
22.033961497482707,1.226914784917364,1.0752796057184706
22.122178266250636,1.2242946848666407,1.1090863623280671
22.026429336999154,1.2332608343166753,1.1325993511677996
21.565984811901895,1.3118297534968792,1.1155514739247212
21.626504698876154,1.300237822523768,1.2056233473306546
21.846322607742813,1.2627993882155943,1.135900786355709
21.978967484321373,1.2403211522326347,1.0838819060055644
21.702740884023434,1.2882797432614477,1.0586344226234066
22.086806064028256,1.217060572908178,1.016347107573435
21.97351462948135,1.2469466505693634,1.1336998284115172
21.45418318052443,1.325675673084967,1.1275586496739858
22.029183085840675,1.2347762135709868,1.0937553125561918
21.98114590398423,1.2381616654550036,1.1435517423997452
22.009276681170423,1.2371569855796634,1.0957972804080658
22.30068747154336,1.1892848282095998,1.0603316620915701
22.15007987599823,1.2119596207257362,1.0711232905541674
22.334152649216755,1.1827731367565733,1.018021959008713
22.10166864128245,1.221377613397964,1.0868796539165104
21.595402833076996,1.3037313210352781,1.1556249615114056
21.62149613929543,1.3049705154435165,1.1599801746981797
21.736805058871056,1.2797777264804182,1.1090768597701204
21.80888551489842,1.2671774604719939,1.1296721614234202
21.916317630184913,1.2523850651927668,1.017749175425823
21.809808793994826,1.2729332038112011,1.019268222897234
21.814711628199866,1.2716462301036193,1.0182691858928958
21.96477791881539,1.235069532408187,1.0423766407049542
22.075551804400526,1.2268338779154981,1.018751496738606
21.665483796796636,1.3012533782008242,1.0710934154101936
21.75602393324142,1.2720179041874522,1.0434808696150741
21.659233255503032,1.2906577298349469,1.106403886526251
22.18481288963213,1.1981471534167891,1.0517027135818038
21.352430930839677,1.3456761517507927,1.1664294390231413
21.93144506687727,1.2529642326141073,1.0847281959348138
21.769351290414477,1.2732187165618738,1.0906501900899848
21.857100043581426,1.2604078111146244,1.1308790090282255
21.92553723994346,1.2494740669559186,1.1312497362399214
21.6543675778641,1.294949328868609,1.1648898931906455
21.721462386592645,1.2862245178437575,1.0388201906293302
21.331804013476045,1.3543129150435627,1.116761122475488
21.5227800865032,1.3189696866354272,1.1235362143418057
21.40677907529507,1.342710016825097,1.1067456236362445
21.22752332285375,1.3750806988353526,1.1411637664504886
21.016834160445875,1.4194584996439676,1.1488523662289665
22.333667317708127,1.1782919338544386,1.0089005921790455
21.409064245891088,1.344412940158396,1.2330905185260517
21.645243553821018,1.3000804838010416,1.2318570925648513
21.442422889899476,1.3340279808434587,1.2222608478488417
21.746668057128854,1.2757773482848829,1.1043455072116297
22.11024923586674,1.2164737149888616,1.0909963665257236
21.548256428089594,1.3136608293659369,1.1564127761781635
21.67882056474267,1.290893467951611,1.1238925491442906
21.818037081745842,1.2656109813469927,1.1409881898605192
21.72503086783854,1.2809677124121992,1.1252081688654574
22.22558546114646,1.1967939031978467,1.0888892324494435
21.10220754905894,1.3992467055108047,1.234277899347755
21.265116804504746,1.3683565870391872,1.2858551785382166
21.215512786322428,1.3807582328115369,1.325907749173291
21.186805267354494,1.379756232118027,1.3264000909521396
21.086638349992562,1.4015255929808084,1.3602764479993819
21.24379616232916,1.3761907588155924,1.321592022906414
21.93463318655089,1.2418188042029428,1.1599700570802352
20.703184042694296,1.48569958978815,1.3190481895835586
22.063901432482297,1.220365152549521,1.0863436831355284
21.592968384457755,1.3030948973576684,1.1264729441782553
22.142017269427438,1.2130161354176432,1.142775356940815
22.20441845529278,1.208964621823952,1.0449805964839147
21.69874009257362,1.2832749426101528,1.2260839399776011
21.710874808913943,1.2872003738963318,1.1702389879387538
21.24447047804908,1.3741075672376943,1.1328862876554457
22.284175887707722,1.1913270588706704,1.03957662135224
21.992237151575527,1.235716741011238,1.1732878447689519
21.794428823127916,1.2778853215595476,1.1039628441905966
21.722909974403574,1.285978325757367,1.173329494179855
21.5109030674089,1.3174603578557225,1.2005612644904624
21.36098146579866,1.3491710927114196,1.259459434119388
21.01070884193901,1.4163725523412973,1.2895075467799468
20.9252216438721,1.4335494285997568,1.2931270951669138
21.328237725669865,1.3553028550485,1.2076114268818152
21.86515492690819,1.2590565396470916,1.152049930678254
21.881321108445825,1.256135593581107,1.1515942189965294
21.68746745598886,1.2905023641125957,1.095017177161282
21.857931788881004,1.2585214096264716,1.105726019475486
21.84128631917907,1.2648320937613566,1.1699465326089722
21.590363814117346,1.3050218549514376,1.2996439895068033
21.594441499877753,1.3040895866308355,1.2993020479967212
21.57268536638298,1.3085855269891182,1.3046641738907858
21.57268536638298,1.3085855269891182,1.3046641738907858
21.52793127803365,1.316781930836058,1.3090350660494658
21.531131826333365,1.3160995520510115,1.307902529374248
21.535443686870117,1.315219967984485,1.3067315165757676
21.309417279722616,1.3568388741391018,1.3364587940066373
21.60428436176876,1.3054926523393797,1.2596396886254855
21.541245387184517,1.314007130206514,1.2665233822653315
21.9370898723833,1.2452932297368275,1.1022314723208366
21.795970811636447,1.2694491707970332,1.1399382056885479
21.485799846170636,1.3267378910312178,1.1734251084553993
21.715699164242828,1.280488443243788,1.1137674078892186
21.763261479213355,1.2725677870898777,1.11614446030242
22.016400888896932,1.230435354782125,1.1066673899722816
21.788253021932434,1.2713167989583403,1.1640612612191419
21.40351424324784,1.339932608438241,1.1802747877458544
21.964328841485553,1.24318918618315,1.0856581636135045
21.675805311788334,1.2894695832037943,1.1168834408247603
21.859685584798026,1.2577296926312458,1.1525863278335209
21.71364712547036,1.2825313210300575,1.1037722645556685
22.260029846727182,1.1937973254679206,1.0879043735975682
21.800631074947233,1.2681117750147413,1.1067458833854211
21.610003411294834,1.3017985663910157,1.1270133763701344
21.553799341547766,1.3120212953778083,1.2178064240930724
21.741522925650443,1.2827974883460782,1.1628886069971736
21.923628139896685,1.242063825604172,1.1212915588665158
21.392799565113975,1.3477130939772564,1.2301292716782108
21.760179207135018,1.2766319556815167,1.1376433683274962
21.73405313963149,1.2828912229909284,1.1328558143873513
21.156561489018557,1.3872300758892673,1.2092501680514163
21.193784657093488,1.3814201195166935,1.2290595865962537
21.33670094607477,1.3547221619233953,1.2177325836245305
21.323883887439713,1.3554337323112617,1.2611317514461022
21.53635196312024,1.317574467619192,1.2116684969851774
22.143907560081757,1.212409011137646,1.1218309266230602
21.40458435286559,1.3412313722709153,1.2260477414528261
21.759236920902403,1.277769590194474,1.182026467361906
21.784462282054307,1.2717030236749631,1.1528535986461335
21.828050435298636,1.2665817387506586,1.1203368306838168
21.721877819909402,1.2847798349330093,1.1208390666193275
21.711496197444355,1.287065118673632,1.1226699304830094
21.72791144362507,1.2860064871773096,1.1761652812880854
21.784514952206692,1.272929042905906,1.0797312560046257
22.251936048358488,1.195604849613806,1.0776951668379118
21.501492706121965,1.3239109376901967,1.1894364450434844
22.100619941102636,1.2183596213962635,1.0465584748171557
21.608040273434252,1.3036592144609755,1.201089412368229
21.47483878486266,1.3298297674313684,1.2231259804318713
21.665403057467707,1.292639014497196,1.2326995963637604
21.637306982052166,1.299736867619878,1.2194190532976648
21.896963941581753,1.2486853231078308,1.1648114845609887
21.732584000912556,1.28500038929129,1.2255687170567173
21.736127059385524,1.2780014308981347,1.2252271796636434
21.795146841140678,1.2769663208946367,1.1867861076475146
20.988910151499738,1.4201411258766856,1.3845945077745223
21.315824439703935,1.3566919833733733,1.303398423706371
21.662187006541366,1.290318435769188,1.2748313707624173
21.605995059940632,1.3033474997293861,1.2571308693012038
21.534075891297682,1.3173888610655125,1.277863537747581
21.749597785947845,1.2780052779321447,1.2390804456871032
20.94804949333592,1.4289535477518542,1.3529837139851257
21.82171936138773,1.2646091001129387,1.1946203224893657
21.680156969389508,1.2916679477461934,1.21076065957649
21.92116272744241,1.2487125218612203,1.154357263038355
22.03395409397349,1.225665391986129,1.1372111580252486
21.7272159785242,1.2865014759532714,1.1930608672980088
22.157295348428406,1.2128517214043937,1.135140958041723
22.05932048217466,1.231656920688916,1.1629277631122372
21.889575973257024,1.260364116028374,1.1941011767254903
21.183464512036608,1.3850386532827828,1.2555065234982572
21.048615431738718,1.4094889757915114,1.2565761844061072
21.40040602075293,1.344821454159351,1.2151151046971589
21.757338104459098,1.2764356599275999,1.1419730815618552
21.856651568851703,1.2598967835757435,1.1182887638072256
21.680178648382455,1.290244923084933,1.1441263771726249
21.648402734193414,1.292273730054734,1.1555687902635536
21.471876840312632,1.3276439601279038,1.1664131840317893
21.25988875076324,1.3653167079191966,1.2128254582974891
22.070584502432844,1.225232976530669,1.0902603205389578
21.44385996367374,1.3291141079551219,1.1062376914184893
21.45835079662635,1.3275601091863336,1.103896366055213
22.144828650063108,1.2141110350640638,1.0306699351770754
21.29704897893547,1.3587640706147406,1.2622340045619171
21.76247039393241,1.2779727083311494,1.1442608662603644
22.015350271470854,1.2313633559170827,1.1097173937744091
21.95555950914277,1.244468152106984,1.1404358489675284
21.679926303404603,1.291385856986828,1.122124394752721
21.85928361452813,1.263730498225767,1.0433700636218741
21.94144055597073,1.240408829515351,1.0586290463521841
22.14553356859044,1.2100706730926116,1.0481533165370687
21.454532276575605,1.3320636814666333,1.1833152695062714
21.487647543074818,1.3333786218259145,1.156124014057952
21.067350822570006,1.414935581003084,1.2050302091122012
21.198874786324936,1.3839094718887743,1.2172333545664156
22.140292055757037,1.2129970534041807,1.091881839461727
21.707845045967694,1.2858210112214177,1.139699156830735
21.996701484394123,1.2347492268027473,1.142014250761681
21.973492681085148,1.2404409169199464,1.1474659919949215
21.478581359351494,1.3260842526605938,1.1350605436651944
21.38683515225238,1.343584010392058,1.2247495465074698
21.269271044381263,1.3693493499618414,1.178303851711994
21.600084932604794,1.3028585889043551,1.2260461530170927
21.94131145768811,1.2464275513113372,1.0544886174502923
21.5589679412057,1.3131545490645837,1.2189682666742891
21.9231666412185,1.247006453564559,1.0874635318275452
21.958754238672128,1.2446261119794957,1.1182274035681914
21.284188002089824,1.3606423811500266,1.2019687084062267
21.816765952831226,1.2661170668197768,1.1204793299575506
21.897259170087164,1.2513389582308292,1.1364851585939353
22.04496244117141,1.2296275524225393,1.0747254369396453
21.660799716797282,1.292114740083136,1.1514694347426055
21.718464411590254,1.284106602790989,1.1201774239593538
21.820723939014698,1.2664738625066416,1.0876604873876659
22.087385811389503,1.219755904866379,1.1070958514763174
21.83028059114303,1.265930964739207,1.1723668728968213
21.532753716561103,1.3163759183019035,1.1986559740172404
21.960983999768843,1.2415063451205701,1.0976464603943508
21.70418407926806,1.2863705856932246,1.1035279921665073
21.54530791668372,1.3170877027299537,1.172486297292449
21.72628995950622,1.2797418385896313,1.1768979660670584
21.54028010915564,1.3166540473711583,1.1861343645467537
21.74135130688057,1.2791907271230347,1.1789912287839095
21.766620313652812,1.2764843746153272,1.138771945196914
21.07227213572135,1.4079102823298921,1.2630554143021322
21.823991478282036,1.2699066181424237,1.073440860014443
21.935547911790522,1.2430557793477113,1.0668516503210315
21.79683168818533,1.2748496144115504,1.1730568801569203
21.80409374388166,1.26717771162924,1.1182740464467777
21.919590784813746,1.2530375770519222,1.109667805107668
21.523846950695933,1.3176840802855743,1.18215506566269
21.474181386930553,1.331251250206812,1.1898836106605415
21.688652176526922,1.2937564141059072,1.1446147896636443
21.912051736615147,1.249237292034254,1.1359008985504095
21.925550143818874,1.2480710965611115,1.1506342443831539
21.787362092636542,1.280490388365249,1.134850472733481
21.835857440685007,1.2651263884738917,1.0842927242671423
21.506812134626117,1.3228975499076467,1.1993910360146975
22.116211001631576,1.2158436723215154,1.079125346802119
21.383638063091748,1.345170630023639,1.2295053527105513
22.573547493186283,1.1424987068109007,1.0350577134991756
21.418540395384234,1.33672206316456,1.181874295686618
22.025015794229645,1.2348458773447082,1.1211539839729305
22.01602441513163,1.2366150803035656,1.1100098948432344
21.48826802917938,1.3223066582893463,1.170251150635735
22.005129490085846,1.2374991222671359,1.1438229336136483
21.73822223188121,1.278416108911424,1.0879726765910585
22.3538241911998,1.1757243823716497,1.0362759623290192
21.172972459839038,1.386969958536649,1.284200713948921
22.174571711381382,1.2051950985479802,1.0296013867086704
21.89493569957248,1.2508615758223494,1.0443484358645891
21.578923565821608,1.3107922101754623,1.1112628972330696
21.82722730373966,1.265631016025751,1.067146425454181
22.024165585608966,1.23663644080382,1.0595363447512853
21.554899542255143,1.3122541246422703,1.0851064781537207
21.58860469535867,1.3023191140979193,1.0937905267448957
21.498244081981948,1.32300067284332,1.0938932308694802
21.39436536861781,1.3422560726555168,1.0978205821367866
21.410453244497475,1.3416994831441034,1.0832283711965713
21.137478282112376,1.3923047667069905,1.1827300729922676
21.387609897908806,1.346451982803891,1.2377283732560458
21.439069686339096,1.3385662971745127,1.1952797392438483
21.884390996537306,1.252820426900979,1.1733078557031467
21.72134307312507,1.2837515074281638,1.1507854276042024
21.156712214812313,1.3886407565263548,1.1942367772151838
22.180475952602457,1.2077504889013766,1.0711057718201213
21.494696335693412,1.3261788554392973,1.1980264193057883
21.647576782929846,1.299407175129442,1.1880994936335179
21.743738695079173,1.2824656676315613,1.1688212113766583
21.719582370272597,1.2808615655130202,1.128980562825719
21.40785194182397,1.3458413342335178,1.1599126750494744
21.64980172449293,1.3013129434856605,1.1270419051302805
22.06345009237304,1.2292965414882764,1.0490451554445552
21.335197176393194,1.3497641241548826,1.1944945240920208
21.799473297372657,1.2709426639877526,1.104431769691822
21.88747835343044,1.253531569029166,1.144515561274945
21.522762868588146,1.3220646951510115,1.209993504602235
21.639766471760908,1.298627483851477,1.2376649112228324
21.892236945488705,1.2531241682963248,1.1420053887719914
21.595830862616282,1.3059252738302976,1.1365803415551983
21.807690405844255,1.267777347363997,1.1242710718496518
21.552367380084064,1.3120476612942036,1.1555420302934833
21.78524986021985,1.2696108593967885,1.120515164799203
22.12232758972425,1.212480977321928,1.0611361389320122
22.24568528060333,1.200011486480034,1.0805785758188864
21.77441891736097,1.2749828624610877,1.1592218955547042
21.79125036050818,1.269447396794411,1.0976380148201006
21.644710560456144,1.2908253518067758,1.1041674933463168
21.728200946026565,1.2800179619099614,1.2326419207425818
21.03053740649662,1.4116989085280187,1.3393477863062795
21.742757530321676,1.2760258943052767,1.2106459955335085
21.735274293495955,1.2779693927040696,1.2115681091420876
21.734185413744754,1.2785179291837516,1.2144242680389898
20.76186359990745,1.4675744429552824,1.36962601225367
21.58238839282238,1.304887749753361,1.097377918729687
21.709829156222423,1.2829204654313655,1.0708870786839717
21.34185709672321,1.3527561522734721,1.2606701487077177
21.258423887560046,1.367975361432335,1.2150930592299476
21.208076344464775,1.3765410962403033,1.2397500083653503
22.07832752637003,1.2203742041730457,1.0891163340960037
21.12183980652577,1.3980235642230292,1.2323001365751736
21.562705103509032,1.3112449457723516,1.1580230531177664
21.7457352513945,1.2802451448550434,1.0963970261261613
21.71155593901589,1.287700802712895,1.1661569603908997
21.648989864039635,1.297318025007501,1.186219206919358
21.787248135399395,1.2688458985928222,1.1293930902961689
22.217301101787076,1.197064534973723,1.128070740951507
21.8055244595633,1.273002053802852,1.1310315314838886
21.80167688880463,1.2732168234687553,1.1460590205788836
21.775344887467238,1.2729341863463832,1.0934258857310857
22.346405180124716,1.1789377410731778,0.9974872191421473
21.64057557754004,1.298781631554453,1.1821168776456592
20.882798405582943,1.4422143304721686,1.2420508290008248
21.18257769793489,1.3839689159811794,1.320814780749644
21.83651326425325,1.2663463065135263,1.1740513043324974
22.111232337954938,1.2216814001191245,1.084912171244915
21.7986788243036,1.274963619900153,1.1582296787173034
21.908242331638625,1.248091404130592,1.1156445391697962
21.58004411778099,1.3085451036572704,1.16004877972482
22.05484638319011,1.2253636708066205,1.1045279303336395
21.894648736835418,1.2553304468766604,1.178413461905136
21.82233173099231,1.2667722865798712,1.2117174331473946
21.604142903839527,1.3007081727971883,1.2438971997504107
21.83593873724433,1.2637830764948461,1.115321981472972
21.502579890009862,1.323459762727385,1.2217523896081908
21.669127877227016,1.2912172951574326,1.1479120817152428
22.031540015733093,1.2270896740502806,1.0966164290426261
21.88424688384569,1.2531097020618063,1.1032022895764089
21.354614779483555,1.353207224631968,1.2284532761821154
22.05967267870821,1.221000535349491,1.0664674171375697
21.246181664424522,1.3727103167957115,1.2328127929266368
22.24598718573408,1.1982273103797245,1.0491724327275591
22.095002552455078,1.2253342311506052,1.0731898480813642
21.51564294613467,1.3141513899804043,1.2572703353217043
21.629048121192774,1.2964060746073347,1.2168684832743006
21.582150471369395,1.3058814198848423,1.2104762863144236
21.95529336581722,1.2444526948603867,1.1043159869700427
22.020497237746227,1.2308103280775968,1.103349489341472
21.803356265707038,1.2727445945501068,1.1126483481091256
21.636099386983005,1.2959496900400862,1.1746629800363204
21.923236463834524,1.2456290019465757,1.0903454996275403
21.527373000218844,1.3182171763164314,1.187968454714979
21.329073163383065,1.3611963379322651,1.164433269429614
21.546789052563103,1.310737660818165,1.1946751361947114
21.180709064119476,1.387943297339606,1.1988346323326657
21.049346370384917,1.4055727492711922,1.2625968670451049
21.720359507914583,1.2852803708899063,1.126984042268866
21.6809332823922,1.292213754288289,1.1573711361663226
21.725624860672447,1.2864668061627158,1.1035063044749371
21.328328924184447,1.356831611565271,1.2802454104545513
21.97525994633925,1.2369242472544228,1.0269199098429491
21.975365134040644,1.2371072430634198,1.0267179996957847
21.75947432396511,1.2759218619688686,1.107043118446793
21.6854330236413,1.2909164381087634,1.1014275579080928
21.94147353360139,1.241498094452454,1.087766469986621
21.645866532651745,1.2990970629151308,1.1657098108310193
21.220530220193602,1.370609681247137,1.2389188757802874
21.751945894605342,1.2845126713623218,1.1197459057948858
21.82363074715836,1.2646422636999812,1.105834087850396
21.89586791778295,1.2520513347459499,1.0780942150833897
21.797328457386172,1.268642817809562,1.0867370282407274
22.04336652550961,1.2283923385151387,1.0919297512937833
21.566760946231643,1.308623467452796,1.1618295918935293
21.993476713791985,1.2376691782133806,1.080831831995292
21.77544209238088,1.2722538329888162,1.1214905998449765
21.895868856164412,1.2515503994773483,1.096419218393259
22.089004270311957,1.2222649254737492,1.0612269559016503
21.447806392620393,1.3301898571452653,1.234015607882872
21.93515959405887,1.2476088071686957,1.074482550049983
21.401155377571445,1.3421871355505153,1.225070769807846
21.78193353650372,1.2778050170525326,1.102569683349508
21.826924805485586,1.2612990566122193,1.1155932185859387
21.992612697948836,1.239115253372254,1.1152117007185118
21.903893426736715,1.255535721635912,1.0904646869029118
21.86444978003135,1.256415076065035,1.0954895052490192
21.5118095480356,1.324539365506712,1.2261822052718077
22.05185528025793,1.2255192239222759,1.116404554426306
21.771421698244083,1.2731673266088255,1.1578075445472724
21.84421730410319,1.262141069060131,1.1164281724550027
21.420460838388482,1.3375088480487085,1.1597492916928274
21.763345547491994,1.2719223427416753,1.1241096434845255
21.31066855712171,1.3657805295221537,1.2157499209139435
21.272079487273388,1.3627696288464537,1.2114386163536066
21.33965870428326,1.3496654577981275,1.2063185062540271
21.857072719096198,1.2565047699203546,1.0844172131080905
21.651846581408854,1.3017262305394286,1.0654836934572351
21.696543365207972,1.2873758345697515,1.0560778810347098
21.7592266590381,1.279099578561322,1.1046520798793322
21.794016189669208,1.266473622559491,1.075771689043775
21.809912089117987,1.2747879080217732,1.2082770262096116
22.128756482119094,1.2090463267363014,1.2003568538154101
21.006868963327825,1.4123358136940303,1.2910040605609927
22.766972059407664,1.1134372574996898,1.073698289249465
21.601374006553733,1.300849797180393,1.2519291208774384
21.517545956510425,1.3266305599227255,1.138648136844906
21.513558116570863,1.3279938476544313,1.1153719266456212
21.06690016945015,1.4126894816821958,1.2274452091196286
21.16189719103005,1.3908908830947218,1.2118005371671188
21.75064977633228,1.273014056912438,1.1324860088559956
22.035641716726467,1.2266951563667376,1.1602900032796213
21.48844405717322,1.3285465207471425,1.1245698833082947
22.27851605949215,1.1850143965943538,1.1094922842507176
22.045484211608077,1.223197382516038,1.091735159915455
21.407006118005647,1.3454894913079116,1.226037209997354
21.408696269299583,1.3464612210526086,1.2411361165917856
21.892144561621834,1.2471933093002603,1.179809520642906
21.916866018935984,1.2531478589976432,1.1483983912734232
21.27539412418018,1.365685542312732,1.3022056717208594
21.861218513691632,1.259358948388625,1.2307285445367366
21.89403476128099,1.2551887610380466,1.211077907585109
21.69140399015373,1.2866685659868742,1.1116554467583102
22.04216803975669,1.2296085479458312,1.0241273251151655
22.523536620922194,1.1534509242408695,1.045086923414678
21.480982889789765,1.3246002861509494,1.1414015249649632
22.645804093552766,1.131893668788496,0.964695984346395
21.476707392694212,1.3321028291792623,1.1643966852367618
21.366255704543974,1.3506679669536632,1.17374859391319
21.667824291141272,1.2924594046951634,1.153262608385044
21.9313409327033,1.2458307724748374,1.0854043890250982
21.57709352785416,1.3121102025724756,1.2554063438226148
21.79852675363436,1.2725462326217745,1.065589336538173
21.594334018404947,1.3062501547718237,1.1909564263085706
21.67677074428611,1.2877872348840287,1.1887686372307236
21.636974698958173,1.3031629078264,1.0999481903232575
21.706864053264475,1.280953588636097,1.1812722486500573
21.754262356723913,1.2753304684359974,1.166759543091353
21.71744628024322,1.284890169427172,1.111340649753906
21.584734467755197,1.3047061917907796,1.1455871852128459
22.09723720500279,1.2235936981103566,1.1093397455322116
22.562042874284984,1.147739045591838,0.9786455611892405
21.791558479791938,1.2687936831169975,1.2042737595235715
21.493087638931733,1.3281269593473068,1.2187008845370206
21.68198804593621,1.2879026789680195,1.1165026469788089
21.524183433348597,1.3186064891616929,1.1520239677941058
21.06501881322349,1.4088872492489886,1.206016975480273
22.277650301281952,1.1879012030105616,1.0020102929491603
21.805555851065904,1.2712978446589593,1.0300373642405307
21.544869813050724,1.3125319952465986,1.274464784937949
21.286593231813676,1.3654883236691027,1.183006821839009
21.41389194747564,1.339655777665223,1.1946719778806631
21.044607173101664,1.411984906090213,1.1867236829391596
21.153606312866014,1.3902777138495714,1.198905613942253
22.3405672051421,1.1771897619645748,1.0371805353980255
21.176317606269535,1.3868884560357093,1.1701371478248541
21.734388943570163,1.2820431794330982,1.1340148870389584
21.573089461311504,1.3108064175745933,1.1869335305084256
21.737056629377488,1.2811502858596535,1.1150087924582495
22.039575770022715,1.2289136182700844,1.1564007778904268
21.92837646483675,1.249250889252226,1.158078117875274
21.66208606391421,1.297415796928304,1.2083156865274491
22.142529447114036,1.2100199356904113,0.9530929823058969
20.990713499381066,1.424242158244535,1.1879514478708684
22.02309184719902,1.2308491355436757,1.0758420407453144
21.48947098794417,1.3344289781003902,1.2095770355548434
22.555084896683393,1.1491029112002913,0.987570809760042
22.06801072881857,1.2277929532567278,1.0727662360816161
22.581297826299064,1.1439625039106347,0.9579868693675646
21.881284864190633,1.2548738514263396,1.0483209137340626
21.945862088656366,1.2430721090639907,1.0778400574270879
21.99980063673556,1.2329553468240184,1.0791110280060616
21.9380023874686,1.2459797831100534,1.1410862764473113
21.8111155283947,1.2688830989648918,1.1221833969055632
21.505434089161888,1.3219377396507244,1.195864826150633
21.818191268880142,1.2700499752822065,1.085170009606764
21.704661210721373,1.282499952894542,1.1766713377581905
21.832101223014796,1.2614673774035665,1.1187762595663941
21.750824677735377,1.2773762290151742,1.131826897073028
21.93341650276117,1.2476199422584455,1.0607711322372668
22.23243480368581,1.2027982128421835,1.045691015249958
21.608054724903763,1.30209644419032,1.1336929616794198
22.376462642785157,1.1773295592686785,1.0693537456361086
22.19697350859409,1.207483040138306,1.033144153528493
21.685316225125405,1.2871773008439047,1.1047723098924915
21.591334648689653,1.3048854660047613,1.1067985624688548
21.974054244258426,1.2412773739060723,1.125194164974459
21.098066040926494,1.3995513992879662,1.2738161593656456
21.130530827125813,1.3911076750647604,1.2612387978443145
21.203184205986705,1.377690611995205,1.2106775502586353
21.48067050504968,1.3308242739447522,1.1347591334193208
21.3967064958967,1.33815825096939,1.1650838230054754
21.805864747118484,1.2695274636967477,1.1317264766532344
21.61589601255052,1.2966943289649624,1.1381809628114652
22.063135319189783,1.22330698615887,1.1036467032697903
21.65739194275979,1.2952404013688619,1.1114640807333998
21.21651766609596,1.3795182850551893,1.185129274308394
21.82549382219059,1.2636594537298023,1.1445909203593043
21.551037877792755,1.3165853455843144,1.127239468956999
21.816824456461557,1.267675077729775,1.1520819628082897
21.937253029703296,1.2456531384243978,1.0836776588143961
22.060717162097824,1.2227512255376436,1.122005484002183
22.020476112603774,1.2294619462020817,1.0944757738961033
22.187440846311816,1.2071395528807585,1.0546811807588914
21.720884140110915,1.2838049113974144,1.1585548893539914
22.18478827244408,1.2063020518519663,1.0566436938427801
22.31813839929334,1.1848831317118826,1.0313329040732142
21.34209607054555,1.351523957148583,1.1309867141388334
22.322756882913446,1.185504873795017,0.9344642138776229
21.196666653224778,1.381011401310182,1.161807029776798
22.42611834142778,1.165540836812226,1.0196564767235623
22.266951777598457,1.1918409519974738,1.0594886138605908
21.47876768415216,1.3286933726714778,1.109145734054175
21.496847925404182,1.3221238506155648,1.225681743770518
21.789486095643085,1.2728956060679557,1.0685325476928629
21.838435217033414,1.2599444137143343,1.0870442578794468
21.42712128758164,1.3345185378089623,1.1424652189660303
21.867229519331097,1.2589757829525776,1.1404666324940351
21.696795788245048,1.2848980996334936,1.1767835463791037
21.368327953479906,1.3491351664045423,1.1829749851559392
21.602234502716726,1.301587852605237,1.117571689403165
21.771959572385217,1.276086155193354,1.1188989790099098
21.930104150410276,1.2473651345771688,1.1155104935886708
21.767911362910887,1.2788790233091285,1.187473399078304
21.675254660691785,1.287147699505519,1.1547302160647293
21.240151783423634,1.3694089093571202,1.1874860874081685
21.91066270332115,1.2500178925546168,1.113187685079958
21.772103913995362,1.2734970637681724,1.1581049051338899
21.713033108330496,1.2865604950175875,1.1355437032575022
21.79715302448669,1.268018235181011,1.1312750710597013
21.52925859390996,1.3166299980731246,1.1733917344580829
21.332962464643423,1.3543839763886385,1.2702449627997354
21.24685020877273,1.3729903723239758,1.2790566046345728
22.025186860370024,1.2309693291646495,1.0571271883462279
21.72715685989131,1.2800807995067214,1.1045103037540567
21.999823160911518,1.2377617784397217,1.1181825784729593
21.76824275967969,1.2740309913463583,1.1953370188959673
21.58673610951172,1.3086012158739437,1.1320692394101461
21.800507564388653,1.272737061746565,1.1411486601640415
21.375806325759317,1.349636751442639,1.2007173060634257
22.575304694793935,1.1422250722724108,1.0111455513003405
22.038323332691842,1.230639943392115,1.0542124227764793
21.53897178428102,1.3165802054359765,1.2108399924597322
21.47930732573948,1.3266240490941221,1.1399001232160662
22.05682718665573,1.2274507398651462,1.1317199968115392
21.799119299246513,1.2698943314885878,1.187556163043171
21.68894298929328,1.2923695564950013,1.1098539494800184
21.658758240636416,1.2976090623498149,1.1161007642174585
21.763771049256707,1.2785973995488475,1.1496923145751738
21.42742063969122,1.334996523547393,1.1235153689651243
21.787954495467165,1.2734372291395957,1.2070283715236974
22.241912530534226,1.1931509912282015,1.0413079672265306
21.49508362942949,1.3268884911736651,1.1673131929681555
22.052202417552834,1.2268285779277182,1.072889086949382
21.209510117597887,1.375777049966823,1.1507107961539134
22.430186889947052,1.1650130473376412,0.9724496035004603
21.525749513845746,1.3201213176800348,1.116536883134105
21.9309964491143,1.2466260562558538,1.1560686903001693
21.721095856255637,1.2821500400515917,1.086170700193049
20.97033734640999,1.4274761865021872,1.3270891935062827
21.492928087649986,1.3252093953998565,1.2639214326815937
21.421812993946013,1.3391275282963966,1.123429510086777
21.191907581845904,1.3796051954704256,1.1592157410305863
21.864148190473635,1.256652663048855,1.1492545223193038
21.928279437667555,1.252813071598045,1.1281805556200308
21.998881826508974,1.238095148815418,1.1001996973320296
21.866367260073275,1.2547081962084998,1.0968735243328733
21.347201679416017,1.3515238125368645,1.2031282803158834
21.784789331101205,1.2680628431420815,1.1741878809339088
21.301921982166167,1.358408328556957,1.2149546032877474
22.23437778603903,1.194230458058581,1.0749806223214924
21.55771781528902,1.3155159947108135,1.0886350633795954
21.46322454324588,1.3311168248078347,1.1755562098209595
21.078570211975276,1.4063801391553072,1.144854512560543
21.454159007197468,1.3326628369458693,1.2176658318694111
21.78689537612287,1.2712679675611904,1.1197725079671652
21.63287994784248,1.2982230705693123,1.1624405425439388
21.47665711840259,1.329161011944868,1.1397670099453263
22.200644468665562,1.2012191240655374,1.0302392959621351
21.962797969473634,1.2431945509151257,1.121107308943841
21.982284419986527,1.2371928399670122,1.1391737791035128
21.46360854495366,1.3318714562394696,1.1648359348060104
21.757657270264435,1.2754521789880389,1.1252628404847043
21.466578396487854,1.3310327199621115,1.1961637479037852
21.541497546069944,1.315561942159771,1.17428373575909
21.050578335518047,1.4101910446914028,1.23291419154397
21.89851343265292,1.2476901677182255,1.135558774815247
21.81304175468108,1.263511049670394,1.1148506192363505
21.664258585743916,1.2953043947415404,1.1737564039377733
21.993682230902493,1.2338961821282624,1.0894398605523774
21.560626746779267,1.3150200259960598,1.1589538026789998
22.00580378082428,1.2344673999908162,1.0791194547974234
22.085758199221313,1.2212921159465993,1.0377672709217185
21.96630919739949,1.2439053324694036,1.070505576451705
21.541202507758243,1.3148635323068356,1.2174644290244676
21.494522028271895,1.3261391047333315,1.1774336123556501
22.023101580930792,1.2376202408495374,1.0404745502755564
21.535310611767073,1.3137815265778376,1.1861969260220255
21.32167602079771,1.3573890360565015,1.2273273570665513
21.420529474718748,1.3427068667789266,1.1942052300945551
21.600545853887326,1.3038709479099697,1.1442560074784636
21.84290950683001,1.256120482777197,1.0898110141971982
21.47888160285436,1.3337686982144434,1.2012539918558267
21.534416833372482,1.3110619095228824,1.1021413372147868
21.803270581179802,1.2644936413022774,1.0852761211144428
21.49748239837547,1.3319993449534857,1.1160901036766955
22.301190270106776,1.1914963037158057,0.9916153210896271
21.18652770150162,1.3837104450294033,1.1806618929989634
22.131857695499164,1.2153282114791826,1.0389488377999188
22.263526154592782,1.1937533035023224,0.9893261896050023
21.839717621563498,1.2599437988963125,1.1801793290077731
22.449552413648103,1.1580904594989534,1.0977858691412292
22.019548964369243,1.2307498545643087,1.0697109143437182
21.861933997710096,1.2603105433679813,1.1130481480480139
21.672318919895346,1.2928780620462024,1.1768658157689529
21.624746939480662,1.300061595254817,1.1225307274582554
21.651997947120826,1.2942143910824706,1.1305208301768799
21.86613836775224,1.2602695183201358,1.119587401004812
22.000197895393136,1.236364541351878,1.1200488409090577
21.26539588881952,1.3717126586491895,1.219183112764691
21.507607260257842,1.321857743040176,1.2252388862704637
21.731976349007425,1.2851980834322467,1.1177020663310633
21.79362980096125,1.2715623427027047,1.1473684714490915
22.51010414581092,1.1519407846462912,0.9450072634363811
21.54146624446566,1.3178866041282498,1.2060372605267435
21.478363723466693,1.3300349933103879,1.1836659421395206
21.979339363006634,1.2357503378819281,1.1207585069649246
21.218133518542086,1.372149029192392,1.1512012650177397
21.673244826540824,1.2957780831397767,1.1840055769188182
21.09230509267283,1.398590816377676,1.2108053156746783
20.99074427900653,1.4249788470914189,1.2376487272604517
20.94757373941519,1.4267542189378326,1.200099107658883
21.928880204910293,1.2476940528228242,1.1032217428694888
21.731697546257497,1.2812944345954773,1.1522304259369451
22.070933572230675,1.2290446774622763,1.0652376270496768
21.469209283559056,1.3232046203268417,1.2016465023222267
22.476398587215677,1.1611141905745526,1.0170048348360443
21.78473055541957,1.2673689354197755,1.145897030659788
21.938144861740767,1.2512111031208637,1.1150349941091042
21.97442436254955,1.2373141629066433,1.076363424232122
21.480640696680183,1.3272907550453867,1.1966908433560484
21.929030967074393,1.24662862348348,1.1308291654336518
22.05389204382757,1.2260820442800326,1.1228148685414414
22.109994309134848,1.2168429920495223,1.1210712381361427
21.499446925619452,1.320460491729919,1.1208263943743026
21.4481325425026,1.3352649285371359,1.1368809851938972
21.560977990009967,1.314934382253129,1.1125158993965736
21.71465593737217,1.2847755126123523,1.0650718396120549
21.814580771300335,1.2697269786253222,1.085484767490392
21.826438207576484,1.262802063338563,1.1000343673626252
21.942785065052192,1.2424743955908044,1.085318504651215
21.428078281906288,1.335465007626116,1.1254016087277092
21.81264780752319,1.270374331552199,1.098729925868507
21.621972733489052,1.2964780395196305,1.1897837192005642
21.531825117887873,1.3202712681470135,1.2143843417863311
22.132752726727023,1.2165088465836258,1.1480079815629611
21.79264653311222,1.2726661768892193,1.1488556551700038
21.784038193853174,1.2716005275233802,1.0749994385300845
21.776360844281964,1.2734926947615985,1.176118640103437
21.48138164069176,1.326114532759989,1.1196723334523997
21.77903037732429,1.2701328374660208,1.088981036915562
21.94018475876033,1.2491689298347026,1.1483196501496356
21.528555662804248,1.3231826446862829,1.1967030437258797
22.5046812873353,1.1501864457382296,1.0636614348687754
21.745338810972356,1.2833656166757983,1.1399042578969918
21.784329594760372,1.2698785018579277,1.2607766409906915
21.884620946221027,1.258031354496801,1.225378200531394
22.62279445082461,1.1326940720170922,1.0533088640468153
21.3507133566101,1.3586715378805563,1.2158874785000768
22.297538713351173,1.1864588479451568,1.0625172095281021
21.481239682896245,1.3262769899581486,1.1601950928852762
22.17618298002224,1.2102109436495578,1.079651581539281
21.512903592854002,1.3206334054424416,1.2076884170232034
21.738547628158067,1.2789915022211795,1.217254912039325
22.080660235980236,1.2238353451454453,1.1432449478419286
22.13900323917128,1.2130399411092,1.1300557972093777
21.466078512703888,1.3294411895580653,1.1679934437448913
21.483128404523843,1.3268322000811854,1.1191253881644905
22.110902404488535,1.2126008374186816,1.0825789932582648
22.401980897188707,1.1682486601865625,1.0693676325546333
22.050733813381896,1.226240454232276,1.0637980821454307
21.527528384279307,1.319953897968285,1.2341484009313408
21.466741102525724,1.3307040054258705,1.2439455426475305
21.583991044632885,1.3061151180729296,1.1287254015762385
22.01259137790785,1.2283945585078035,1.1220491477818042
21.238784384425863,1.3782678338226089,1.1828148367181808
21.536905499007975,1.3219187480065149,1.1539881750932914
21.79129756444622,1.2719045220007,1.138646454115566
21.73476571831175,1.2811103928679155,1.0990077498728503
21.88522308504838,1.2568287760659382,1.0905910845689892
21.55466885446695,1.315828198524876,1.119217862568651
21.953985536371945,1.24187754878823,1.048708210228158
22.013946725059178,1.2334364293706612,1.0431337571265251
21.706719151054,1.2927275836560757,1.1550291928549221
22.149745500374987,1.206089629458947,1.0139787111676122
21.191209812941842,1.3864876817269582,1.3155648386854635
21.44970021436942,1.3304127404783819,1.0999773462674123
21.89599296169493,1.2515810026858702,1.0410669742416134
21.417351833492972,1.3413446988068183,1.2921726929910151
21.19504744072264,1.382881532967979,1.3089016837909757
22.400285877622878,1.1715909558617688,1.0870382165547694
21.87319768627392,1.2608842699205207,1.1754843304226437
21.773755953765345,1.271210536021676,1.1846885179386322
21.67008075413557,1.2891143628562312,1.2090133476853206
21.45549461283965,1.3338360214576732,1.126118792988713
21.827331314701027,1.260159441796928,1.0651644124765627
21.942412722759908,1.2514097428545758,1.1498012833889002
21.64422156252841,1.29155016540251,1.1477722610350423
21.51862724133271,1.3209930930734162,1.1250316429184812
21.709396240105683,1.2849652768037372,1.135687221893691
21.586158113496165,1.3021705110406077,1.171621591351363
21.771128568830015,1.2667303150570346,1.147086958214004
21.505919617103924,1.3235448842169317,1.1671636226211732
21.235689435616905,1.3720679743220687,1.1778523798861658
21.818806458311762,1.267937448975216,1.089187653255561
21.554977657423677,1.313925631029994,1.1109748822367669
22.02986768751641,1.2310426728588375,1.089432942766304
21.455443297335503,1.3335926115437147,1.142547158734744
21.97516709307657,1.2395179567244106,1.1219118687629723
21.990453636271734,1.2351684197836053,1.1276760416722795
21.369877760344593,1.350815457161051,1.1641100147705523
21.746896541567985,1.281694031028873,1.1350742324775362
21.767154137928728,1.2752758981301164,1.1252382369410348
21.809897511998038,1.2725407393844932,1.0813992661091794
21.493578125248835,1.3289853851761015,1.1472465287222495
21.57376540144104,1.3157861462494735,1.1158019502582095
21.708400323243197,1.2884993423064721,1.1208792690441922
21.868978764646577,1.2560496599924817,1.099670326960023
21.942913202225753,1.2434385703994844,1.0875576067283383
21.949808728918974,1.2412101640019524,1.1281052675580145
21.223125338455503,1.3771588403805508,1.2690522884580837
21.157742135947025,1.389870392024339,1.2654706234602697
21.240771008865735,1.3704804823338803,1.2154449683134112
21.386769485995675,1.3469813794738819,1.1680684137844937
21.390271340942988,1.34373464508114,1.1537066517011494
21.73053098780014,1.2820836690996094,1.1767146275693658
21.43217655026599,1.3377940543073559,1.2168970112309117
22.124494079255804,1.2113705727100004,1.0474299207459281
21.643354834138805,1.3005660372176329,1.1817362832934246
21.973865639892455,1.2387217448115648,1.1437356629485522
22.034918809062784,1.2270161197623803,1.049852935149953
22.013417321100036,1.2349677850713425,1.087636830463501
21.600807281741755,1.303481440545886,1.1236718735507445
22.334464266841866,1.1813981002377647,0.999907600342904
21.89989723758621,1.250180438142667,1.038021838307932
22.24384561501406,1.1983218910603564,1.128548166384314
22.080929212082985,1.2226099356408482,1.203451847934145
22.117124000254176,1.2186338018268692,1.1975936569416357
21.513963253712177,1.318755354397457,1.2186973202482867
21.420842618038783,1.3444722224630585,1.160948587219274
21.80619525278663,1.2699425772399884,1.1024138271722324
21.69394648897883,1.2893693594303925,1.12270179644627
21.909381767953278,1.2564740312904903,1.0215380792539024
21.89208184986733,1.2530806642332912,1.052151936880959
21.4704494543979,1.3288271207435833,1.083430691198152
22.048405874628028,1.2278164929907893,1.0184795944299414
21.65438757121555,1.2962699730005014,1.0845979691680607
21.677103311757996,1.292492816813962,1.0787862946400586
21.71698273853836,1.283371224796736,1.0835805749206349
21.531633336329122,1.3175927871234938,1.1810781900527523
21.684078170164284,1.287920651028922,1.1023907789149576
21.684637015483148,1.2854345830299783,1.075291086143336
21.722092430759325,1.2820929415910944,1.0870411462245317
21.720541926532654,1.2809219749769898,1.1167372901589503
21.692921144947135,1.2870139790662831,1.0291519031777954
21.932064086535032,1.2481632531497122,1.1089571435657413
21.67876746187603,1.2898606771198746,1.171315281024455
22.084636145851356,1.2218490672225952,1.0222676672398272
21.5528431556172,1.314296153587819,1.0768136197303777
21.959368788679456,1.240531687477446,1.0975014247356467
21.818115303626325,1.2681478332705791,1.125605211162001
21.48158117864557,1.3264868314351115,1.1065680535295286
21.72184991177098,1.2866481520591837,1.188261789498943
22.076947717702833,1.2219150626151882,1.0613248988644959
22.00726053720562,1.2331829999744532,1.0745454646752826
22.07535509783169,1.2266406971419967,1.0745048317792543
22.063647133879996,1.2259098017545598,1.1043065264398464
21.45788125347677,1.3371133572111704,1.2203785339517972
21.906136390123827,1.253038202731906,1.189842045709511
21.977249649961394,1.2399314332598999,1.1108889823183625
21.24482334587413,1.3670882635512391,1.210751605131307
21.404878085694406,1.344413747426127,1.206371432986982
22.00454682214075,1.2367969332994364,1.129904831473962
21.787329053654716,1.269214440027835,1.0925603189064628
21.889654399268075,1.2488005623532734,1.0945844448305415
21.55878755190244,1.3142861993021437,1.1609549462277715
21.8931357819961,1.2514426866844115,1.1055818635766537
21.78989983377118,1.2748529641123625,1.1026685033862835
20.964220561709944,1.4250532646536185,1.2756695171480443
22.549465307955323,1.1434006192296426,1.027331034505503
21.74897824995618,1.2798508566929903,1.1359137718704682
21.518282463831753,1.316046800201938,1.1185090132763185
21.98841034116127,1.2362128807924242,1.0346180901922448
21.773045970853104,1.2773046496507736,1.140686245427177
21.943629936790515,1.245266143751112,1.0803982212242225
21.789540356627946,1.2742196913518322,1.063372434792249
21.93016098589714,1.2473009093887273,1.1303923101426558
21.291107847141205,1.3590877022601806,1.1983463873624804
22.313850479384165,1.182731751721251,1.016965474997125
21.905785218515167,1.2488792605062116,1.1374696005608
21.457403837465673,1.3271116469450694,1.1338826398674176
21.731338194738477,1.2775255372094982,1.0802115135721948
21.176955069922737,1.3856141827258088,1.181549200054174
21.908586295495457,1.248508043028374,1.1224836120853372
21.69926101986836,1.2812629321888276,1.126113521005462
21.650587415578215,1.2967824983416985,1.153299266351831
21.689000748212266,1.28814680555847,1.138008229062973
21.38095141267061,1.345299608526245,1.2480974222514796
21.249837653196224,1.369584941616811,1.2064355149561528
21.815943933272273,1.265179015715081,1.1348529674426888
21.63401566499207,1.2996545996142201,1.1438369719011252
21.476721734783457,1.3269736587021146,1.2085407085141104
21.832881684197766,1.2631970643577894,1.102948425240678
21.68191337611475,1.2888186620489561,1.2604845883298692
21.32276662440629,1.353763607491951,1.305410455357736
21.381775882217454,1.3437458192682574,1.2808400360590675
21.599444333387517,1.3049163503522008,1.2639186692675868
21.690869484035773,1.2882898647709966,1.2477151083142615
22.117285290541297,1.216911894117189,1.1639913440351821
21.39274351045745,1.3381927349165783,1.2621404251381754
22.361249298990053,1.1783728602511756,1.167479126218593
21.694964459747247,1.2868009182256142,1.1127023696694094
21.670641175878366,1.293517544585978,1.1388652345633747
21.64141999887984,1.2979801817240484,1.177958644902907
21.400972170153615,1.3410561516927804,1.186913790099998
21.106837601418142,1.401361154635873,1.2222790052861505
21.25909584676723,1.3736583905055515,1.2498611671971245
21.988383033850035,1.2335811576646756,1.1164441882996428
21.884125203751058,1.2542807832220038,1.1638675085570154
21.93974696383745,1.2527184354410792,1.0984670152362705
21.58763712373139,1.3072769826657173,1.2360190104397022
21.59716819714716,1.306723284422275,1.216500557944223
22.051126915909133,1.227708268357222,1.0539714897243224
22.150199754191476,1.21082730668649,1.0709036162514807
21.553989124403202,1.3064079036201137,1.1735463603416532
22.21476935118761,1.2017284204391674,1.110108146208947
21.63546553883314,1.2973741155128788,1.1259860823795993
21.83954230207209,1.2660846764695963,1.1648401434300815
21.16087610470887,1.387188610502272,1.1483547846357376
21.31146573569393,1.3583258316174454,1.1567347974856372
22.013247932661553,1.2361941734100519,1.085949662273672
21.618210644052915,1.296742790639806,1.1167359254539835
21.805574609172346,1.2634496686183387,1.1217878523958333
21.939264010977205,1.2493109357817032,1.1321474842910046
21.881138192028274,1.2616628439481394,1.1758595590020462
21.530132695684898,1.314294090854435,1.168443306746253
22.10885129904669,1.2221946214833737,1.1619543008049131
21.469209133931507,1.324768945972041,1.2279383906381025
22.01798398228794,1.2335363949080473,1.0835197280375906
21.940576260357552,1.2494755927797472,1.1228008282251987
22.422627044214224,1.1703002262070894,1.019760517590858
21.708313754915125,1.2835373511911636,1.1389063642317323
21.823057856697464,1.2681890118848997,1.0594969711528412
21.64982924837991,1.296814347157692,1.1596731330088645
21.482042827557517,1.3300246345515967,1.2032082255238634
21.489329088318453,1.3253040707473462,1.2268859376875592
21.529313225537933,1.3179887716553427,1.174902208294918
21.277769530094886,1.3645757763874222,1.180144297644589
21.483663387743917,1.3282454450823147,1.1663335940410064
21.951000364003296,1.2445558949284825,1.0963640992761854
21.840780088637487,1.2562168267171092,1.1194301266559337
22.485715974632782,1.1544512733333643,1.0480816366976133
22.337556851581095,1.1792361016153698,1.0421214963018826
21.526739244013935,1.3189346952748238,1.165719474200464
22.31079573053787,1.1834838315900744,1.0965457697767897
21.639168408800607,1.2983865058148054,1.1244690252101384
22.02837171905987,1.23074042788,1.1443601680231428
21.906150429828536,1.251198898092904,1.0974640563442346
21.504209523714422,1.3232982262843305,1.1270910446356552
21.994954151135616,1.2356269807432276,1.0603217743669768
21.46840530456113,1.3310132945980893,1.2231892711410421
21.121579644993005,1.3951355729333685,1.2662661700215263
21.74310876108555,1.275354419988782,1.2306533474803458
21.953501400421516,1.2362868099484323,1.0688222286718518
21.914607394248648,1.2456500446776044,1.1506657127374686
21.779292597453587,1.2773917369702885,1.105582761317553
21.532058962349065,1.3118221460786972,1.1989239752441034
22.13379421136092,1.2171241927367573,1.0832263203194055
21.808556088278095,1.2789822969395697,1.1632798211424566
21.832981740798267,1.255227438006786,1.233382864378373
21.431822494927054,1.3287947694596145,1.2657370004190454
21.180466885629485,1.3861874507545937,1.339583947423984
21.7069042647377,1.2844492197299608,1.1303384686792008
21.293674178483936,1.365190653702768,1.124922108793796
21.86336968305208,1.2575693005570188,1.0350506992175073
21.676559171351656,1.2894530880218835,1.0660707435920624
22.153679519500333,1.2124209371469536,0.9559257420159359
21.44268958133058,1.3307327507563618,1.2246045764429825
21.72715151243669,1.276850393114506,1.1702586413638745
20.98777865976651,1.426265421040404,1.2583390179190999
21.25552910435391,1.373035288417274,1.2440365465837422
21.1356649197993,1.3957599915418462,1.2672847359209392
22.10632374847534,1.2161806536703206,1.0431011312263871
21.64628649494457,1.305917146087617,1.0675467113271646
21.651952135554538,1.287256488923377,1.0442733473118755
21.589795066011646,1.3009708600780205,1.0828501795234786
21.880493918269245,1.2565176205103994,1.03523005536454
21.6703362713126,1.2965036183564898,1.1458556569810145
22.055033563323377,1.230756166216293,1.153675543100976
21.697971323869552,1.2828376507205685,1.0470273039901294
21.982301490403508,1.2440719159519928,1.1113980606971845
21.928103569318388,1.252664868117926,1.1036421717862999
21.289971611375854,1.3652642411401754,1.263904026010358
22.15016246341534,1.206178799350091,1.0497916339295061
21.263526848617573,1.3701230098649657,1.2341801801512446
21.369380496101822,1.347563388958444,1.170149721361246
21.39612751355847,1.3467386003588726,1.196747058901973
21.76304902448694,1.2724968260879306,1.1544176954359735
21.939751759479478,1.2463361164672189,1.1393752474741554
22.21407473859818,1.1980116000887158,1.1335680731658622
21.207591868998474,1.379465423269588,1.1076726059752493
22.05908998608807,1.220125939074652,1.1757865337926818
21.238473964818464,1.3772371652678692,1.1236176328343026
21.781967830572135,1.2695285615876206,1.1641004975459595
21.81551274825808,1.2689551689717138,1.1815533775118698
21.79741168453558,1.2657839831253932,1.158730017722708
21.83990031323546,1.261857974794946,1.170227368729222
21.425384942921795,1.3368780687850637,1.2322053405641462
21.582925209068843,1.307500328213802,1.1534972440161226
21.919881458274205,1.247513781233348,1.123623584525553
22.049224087856746,1.2286836582771292,1.1794722665672626
22.050820982024852,1.2236669325956298,1.247842604650029
21.847592335814788,1.264890150154474,1.2302558796911154
21.47206277696031,1.3369016494696904,1.259685937295825
21.544047929279508,1.3199502714978506,1.258612653806757
21.530244885967377,1.3228535669521297,1.2585353593186202
21.114464930117403,1.3995295072367298,1.1647803426207564
21.063822791511264,1.4031894797072848,1.1565684466394726
21.560298489787684,1.3149652510426248,1.1258581370129017
21.210452905755005,1.3775987117193937,1.1590409116558136
22.08378151881383,1.2164128256423417,1.1385554646322626
21.237564460707915,1.372575228391997,1.1714282088242913
21.31851223371939,1.3554629353076535,1.1640662333025946
21.492452106678584,1.318909563252956,1.2191516443824684
21.896875003545333,1.2562043420925555,1.0915973602708324
21.65468834282749,1.2932646241783234,1.191061027375534
21.917808357114275,1.2539052855669897,1.097404231088014
21.25705777320557,1.3721809144598176,1.168382805025682
22.0693184792464,1.2198506802894493,1.1483129108187364
21.60805384551626,1.3065311704432203,1.1137876987672206
22.564373332658427,1.1467563595406471,1.034896166353609
22.541391322761193,1.14951189194937,1.0392505226568265
22.63345615677837,1.1349472537513343,1.0400812524823007
22.6844646409571,1.1263012049480647,0.9818159736158941
22.778279808792078,1.1093309341712045,0.97368242014545
22.635881368605823,1.1333210128261801,0.9758250203047046
21.82920923076696,1.2612554760855195,1.1577998288894915
21.60774758688511,1.3034363881722613,1.1348802776061317
21.813798713383612,1.2693036340057866,1.1304590966147163
21.901483873481517,1.2546404042529786,1.0796434042159098
21.306877934893457,1.3573226755153354,1.2889951783658833
21.297791406692554,1.3599718256299849,1.198435431593392
21.672211769492588,1.2973591863390457,1.123217767191068
21.85951187605039,1.2542542713486748,1.1323547677350438
21.659205310055576,1.2965496075260772,1.0787292494192966
21.80340164636045,1.266845333727429,1.184261661611485
21.853373093151877,1.261427617039158,1.0722774533225974
21.46482748206082,1.3296588397602382,1.171032217747943
22.116119347759405,1.213745540532807,1.0942407118531678
21.188605564431203,1.3840891702250473,1.1945794764512034
22.132302232876885,1.2132677068706632,1.1383079806977525
21.375366742055135,1.3516568871130163,1.14897901982896
21.462295842597808,1.3311717853922103,1.1352703164044122
22.373889294692532,1.173421753975221,1.0939270662324052
21.353177033904895,1.351684511229913,1.1913007233039687
21.153933286670238,1.3901228712258178,1.233242504965356
21.433606803116337,1.3397833698647852,1.2381169543581088
22.169538578612727,1.205006351459887,1.0010603737157513
22.19085238795239,1.2063113096191915,1.1405766499909693
21.69589457147714,1.2915210521581089,1.1896772392657091
21.693916684460113,1.282916403905447,1.096773771839346
21.86742151209633,1.2579100024800463,1.0636147068941477
22.02414114677986,1.2301106822526486,1.1439292917459674
21.369734116519822,1.3522924436596124,1.2647186631481055
21.87704332154197,1.2516650875775044,1.103105712010826
21.97381351892022,1.2401955918203085,1.1321492477638047
21.848436124389977,1.2604241567882235,1.1743761913057091
21.86047142796673,1.2600988135064295,1.1666242019152966
21.063928854016332,1.406360832443627,1.280711347493978
21.280859574812936,1.3677604212576575,1.2724964614859136
22.20692326914468,1.196989542938841,1.0197825819841366
20.996823684646778,1.4255871974036889,1.337402495781081
20.984297955128508,1.4283730837972834,1.3074570857006893
21.910089792842864,1.2487906662847763,1.0539841951761526
21.609206761426197,1.303794986544835,1.1377487890087994
21.82147518684762,1.2681650076800834,1.1562311752246703
21.77552277576349,1.271351528624635,1.17085712384721
21.73259857383586,1.2789082011738944,1.1033920612767922
21.741748438056888,1.2812778457233414,1.1092006263336687
22.16623889054049,1.2058896115078126,1.1227174461057303
22.18256410638329,1.2038696128707862,1.0444059197710578
21.950587421219538,1.2424058254080406,1.085662539512769
21.53512988303612,1.3156169545067153,1.0952055328871693
21.802245806343784,1.2701475931921284,1.0953019248573244
21.544867088815366,1.3153988346670005,1.1877365090413912
21.91714890653472,1.246072240177085,1.100296068989631
20.719667281470976,1.475176448986067,1.34018559820296
21.618768092422005,1.303554622127885,1.2889757433555444
21.5691170705106,1.3051444069183842,1.117550526593985
21.84683870666572,1.2653996945583315,1.2245646415955416
21.865832161992692,1.258312891853271,1.1692290120766207
21.812908674327367,1.2674550363588386,1.1272091124037842
22.14268315382631,1.2110076737826416,1.0588783139141646
21.470479359711547,1.3292474059982178,1.1592798862943732
22.080657525014164,1.2241508035255746,1.1058354104937678
21.630052200452685,1.2945928127760586,1.1532575257261146
21.535473723063884,1.3203795283643507,1.1495445534553923
21.711692638122692,1.2862590364990276,1.1290228398567175
21.686084212629567,1.2926997998190293,1.1271027255475032
21.79634018878936,1.275523415074577,1.177930478810631
21.765376234312157,1.2724990017432447,1.0747207751739156
22.032264714872994,1.2291802615740126,1.0315111476431928
21.911050284727324,1.2538401902922667,1.0658966981924651
21.70316118995931,1.2906797400258851,1.1212635552379577
21.554948063126602,1.3217014961135614,1.1885363303242409
21.607737081867107,1.3051630621122845,1.128515207541502
21.985651980112486,1.235995196433482,1.0937622961535323
22.50027693586778,1.152364342574135,0.9980088307021754
21.850625516660955,1.2590322297572047,1.0698702387829568
22.028521115878565,1.2286281140050457,1.139785178068747
21.774684538965786,1.2726990886314211,1.1768441240066367
21.60535691211756,1.3013940499659498,1.1984587127206905
21.51757819083335,1.3261242225519,1.1746480140907214
22.023633967392566,1.2341871816500194,1.135566619519357
21.66112449609892,1.2910606784540977,1.0860739206297472
22.074001077399917,1.2223189537718409,1.1295870087416384
22.300357061146183,1.1842639032728268,1.1039063753851148
22.254405962832838,1.1930725627862775,1.0835396402081563
21.739912083842402,1.2802895910433043,1.0700192912429736
21.713587989578677,1.2790824359735218,1.055697596651557
22.01508921924123,1.2329789427207578,1.1250366702253582
21.740728374426233,1.28161725800935,1.2053544126151041
21.532181377340397,1.3169938401102403,1.1303850028466278
21.623393237314332,1.302426453833487,1.121509989679062
21.931150323124676,1.2494560173842881,1.1686114959065619
21.967430791121686,1.244060499441515,1.1457022726282307
21.460428239183308,1.3307920970657794,1.1551114677914545
22.139969103541535,1.2137437712033934,1.1069945070979261
21.90275798560305,1.2516196367666514,1.124824894414662
21.377204227965823,1.3478664185123734,1.152547967693534
22.279673999345487,1.1887517860466295,1.0792394859934142
21.901076978457702,1.248671549660727,1.163713158789459
21.478248256991304,1.3212432786133197,1.207887678352519
21.68319620677254,1.296629799234196,1.0957923598135404
21.80516034552315,1.2741380742710775,1.057877205991142
21.640165200502196,1.2989383069658547,1.1754030560004012
21.49913954813903,1.3244137065835626,1.1706024043827028
21.905589765602073,1.2457491182844358,1.1101712016703869
21.456484943378968,1.3345723091638255,1.1328623551228378
21.526295319571844,1.322615219640592,1.1560162756568686
21.742173326241478,1.2772889076891205,1.1461828605814328
21.2791446384549,1.3580610634530093,1.2230681864418826
22.30052189920225,1.1921625567233916,1.0806504421958536
21.315390821723053,1.3547782499019112,1.1689289308638606
21.320762660957797,1.353141380154211,1.1838576953840194
22.533301967123087,1.1514683986674936,1.0918093676231453
22.10429714570033,1.213491035983899,1.0172095806191228
21.85246212651232,1.2661004051121039,1.201028166580617
21.634110760374377,1.3015158837537057,1.2147422997931574
21.996068769425705,1.2367946504448135,1.18011778515682
21.440141904429822,1.3335904131859593,1.1803894193780569
21.640361869637342,1.2985666031740761,1.115820300491224
21.7773048384037,1.2749479885326962,1.0989039922603574
21.916822873692553,1.2484490501053085,1.0598630243631837
22.16219784965412,1.20718173200261,1.021917977516471
21.32497018240325,1.3554210095375148,1.266288736564244
22.084804243337746,1.2211331472786913,1.1492519338245968
21.26676117401115,1.3688799381725232,1.1770682763249876
21.89627811452604,1.2576449691240006,1.1456027967268114
21.77635965916467,1.2706686285650655,1.0849630689664624
21.884304861138375,1.2552841397325947,1.074764124773923
22.04042683645114,1.2246897535874002,1.0458985687866864
21.503168215110577,1.3268846430392045,1.1770804505559251
21.326182847521387,1.35807690631842,1.2090722698833725
21.463932193798026,1.3284390689900794,1.2274340244009794
22.067291530058732,1.224713654108793,1.1089447584311032
21.92740113926604,1.2530582384039894,1.1435231185877606
21.504263099478983,1.3220674333993752,1.1328490304701793
22.072420157546624,1.2241303056425008,1.1333393756251446
21.864347799654375,1.2589354209327737,1.1697431811243069
21.843365911719403,1.2628039685844372,1.211339126622632
21.91935468651616,1.2486718456592052,1.1921903199543584
21.24879369299789,1.3776692741124317,1.3317351205575925
21.243077662481078,1.3781954284828948,1.3314086743516351
21.3538088809278,1.3530778377893036,1.304516002880713
22.28008171223643,1.1854591480734937,1.0836506815272162
21.271542865496716,1.3695576657416262,1.170450647121204
22.03706215643875,1.2242233300784677,1.098007737857442
22.107979657773694,1.221139198306722,1.0753292295204318
22.307606634962625,1.1849495775149352,1.0580236792644042
22.096193763445694,1.2186513408234652,1.0426344103641267
22.05289119042694,1.2273102198351735,1.0307181058661432
21.861763442266955,1.2573380223197606,1.0528290565233478
21.202697889005428,1.3796698483680194,1.266229456698167
21.74557411489456,1.2739792792050462,1.1795173437369535
21.661960077113594,1.2985824146845337,1.1174819213262557
21.73882287041457,1.280563493243582,1.1298876717319088
21.7861227732443,1.2723210942480625,1.127935674005037
21.780470531463628,1.269783772198188,1.11062402054687
21.5884305151883,1.3127264187337269,1.239610798573003
22.151288553943957,1.2173829134739644,1.1508106292799616
22.091622955158265,1.2197631758909533,1.129296346427115
22.057538547282856,1.2264718171151479,1.1165328155247767
21.537678424789426,1.3119013010144087,1.1894233323203771
21.8546882717499,1.2569821957944725,1.1277560680676706
21.482195793020942,1.3256877072804119,1.2087445118844786
21.649087413400178,1.2986805450227772,1.087425582119749
21.69699244921346,1.290520582377441,1.084963743186225
21.734451198485843,1.2838446599457514,1.0761051900051313
21.702325279076206,1.2885995817710483,1.1077363027857077
21.385652967401356,1.3500341077998605,1.1676941107160785
21.867589835743836,1.2586170320949657,1.084526447558062
22.29022034628695,1.1923527941639323,1.104803629070816
22.329033102446473,1.1844929124951866,1.0585273654533358
22.230493877374272,1.1956908789926715,1.1556575041224977
21.683585385885976,1.2919416569340034,1.069731245970998
21.231711047586337,1.378161329133057,1.141097113052183
22.40561691566274,1.1641755201133361,0.9934304438957924
21.517849181439647,1.326115950130108,1.1830672151863912
22.066993867751464,1.221472554896552,1.1318432843842021
21.42492718820418,1.344762433183008,1.0995258854717422
21.765773287748246,1.2818062073135223,1.0517787348261085
22.20852856919891,1.1981414913384745,1.0855302283962558
22.070485323409102,1.2226760572261455,1.1100113668245482
22.38373647597779,1.1731790340680597,0.9868959226016452
22.477336007991646,1.1609166844870802,0.9512058771839308
22.25655289401477,1.1925377720259123,0.9931458911461223
22.246767049136537,1.1992620748366496,1.0393549947709062
22.20381895577016,1.2061964665210214,1.0447084072580877
21.29559670403087,1.3570534396921303,1.2209724461599656
22.277791119899412,1.1925909235000898,1.0499763038743155
21.861401962885978,1.2627478918899795,1.1073280420293632
21.62617612899851,1.2964461470089192,1.2189563437636717
22.132306250938587,1.2141286337037778,1.044809068495425
21.903232494969735,1.2496644063994418,1.095484250873191
21.41794182721732,1.3356787642207057,1.2094848192151317
22.056733400282056,1.2285961636728044,1.0828908067791385
21.414243795766268,1.3346222383063373,1.1997105223478517
22.348807527674804,1.179768157110189,0.9899075701914035
21.878276913432487,1.2538977912846494,1.148724190571546
21.715105860712576,1.2869345435323416,1.0708623845917837
21.70948496333662,1.2816042277577486,1.1230725212735468
21.50912102792023,1.3225629551495215,1.1901197938114034
21.239899592962495,1.3769073050736862,1.284851724846315
21.087858951631137,1.404466772321753,1.297896954761875
22.00909413789907,1.232802718199078,1.1750278874737632
21.782299276700535,1.2704819363145292,1.2384845594105918
21.719879050010896,1.2827384599646063,1.2612517664479708
22.335212930713862,1.1793077062467752,1.1565470824126367
22.03154865573047,1.2275804388765925,1.1616338376198603
21.917664482356372,1.2509130740302687,1.1645465509761337
22.04126839658989,1.2304592544199116,1.1572315738689463
21.22197028737296,1.3753205705032936,1.2056335511237224
21.42892456973655,1.337087811216391,1.1862383930538498
21.446459811866582,1.3318553871799002,1.1851131822520067
21.623396396709204,1.3031046259304184,1.1471202302022185
21.175148240676585,1.3839431753335645,1.2575092520131566
21.33386598306829,1.3515314482029142,1.254916108035139
21.706847416572373,1.280214797415454,1.1254961824599992
21.652215927345726,1.288074321104152,1.114544372166734
21.41230714385661,1.3371936457294626,1.2024388094668446
22.200574169945977,1.2018137621279739,0.9840425874274501
21.893929079826663,1.256311075136737,1.1209124758143816
22.496784780967,1.1563997952661245,0.993099846039349
22.261436127292768,1.1911761660646167,1.098564296549227
22.065898400165274,1.2217235268559696,1.0799803504608847
21.993376497266958,1.2452610943108544,1.0896638589375636
21.951695064330387,1.2478810433740022,1.1366932836155872
22.12258530448117,1.219518794319532,1.047241495102181
21.59841282020524,1.2977123192048268,1.146572759560537
21.70682091925297,1.2801517230750306,1.144920877885216
21.87520128982353,1.2639611547986027,1.0729377139614025
22.107717608005878,1.2154539721088222,1.0981422289694656
21.361119146037872,1.3509793140337603,1.1820427549237387
21.903999674074736,1.2444574039615353,1.1169804291430394
21.599092198680523,1.3131397357994465,1.1205413151912333
21.64347781543408,1.3014048910224978,1.155735389158655
21.56450682162864,1.3193090394953628,1.1414610448046298
21.720698166790974,1.2804961502400942,1.1399745356420823
21.835349375613546,1.2624048717658998,1.1693209759832304
21.341261087735134,1.3529228749165803,1.1658793657965976
21.35968105710303,1.3476626245188947,1.1552522813341999
21.95467718281357,1.243371960699686,1.1561514668705142
22.032749049006508,1.2319712073297622,1.1165844079659013
21.766455535350737,1.2777173913848683,1.2133631976586712
22.104946205783705,1.2167176765840846,1.070519361667297
21.236044224275275,1.3751741499656511,1.2710463864020674
22.16322392986681,1.208610001211045,1.0678403916442782
21.699097091424527,1.2866819793724407,1.0999312052891421
21.74175271569495,1.2812888987336684,1.2520443633145104
21.82559985288316,1.2619620180719564,1.1788337520936714
21.781705373525913,1.2705902256836752,1.151302717027178
21.693603468822257,1.2920935439437446,1.1743206285431507
21.812733165710423,1.2635770231806984,1.0878352113041914
21.37973814840823,1.343129313309472,1.1609039200286886
21.735893172452737,1.2786170878857264,1.1238420266978826
21.644356560073142,1.2952621884187812,1.1008582548547365
21.56228853638843,1.3174736924646226,1.1105500784263782
21.49148817130555,1.32941408465493,1.1740569940795997
22.142188539760664,1.2083295330144022,1.1038491346616484
21.70599596692182,1.2856795352985246,1.1181897112441217
21.797126023719123,1.2753776943706927,1.1727199442856542
22.096946064144824,1.2166626064651895,1.0909697870182442
22.35131514009839,1.1753672067060237,1.0394667218243812
22.345953622832603,1.17719047033148,0.9895279736295464
21.735306519643924,1.2763626529158307,1.2228426171387907
21.99130801582839,1.2416958593908836,1.0402560567829227
21.74175681381629,1.2866152000427928,1.1127722498553037
22.35565297206584,1.1699392173491654,1.0523643819491209
21.851741419571557,1.2635512730955498,1.1244844723178098
21.909153774683737,1.249536962887844,1.1190850111570647
21.612838760910233,1.3071471217081259,1.1745740202785293
21.615510456598333,1.3052973266642525,1.1907840818890687
21.351424161459533,1.350958491472416,1.1484492494852643
21.96303153121468,1.2430287659437695,1.1028756360148921
22.11841315139591,1.2125619409718806,1.1081546806789708
22.035688745779066,1.2345408079113258,1.0434933373287987
21.972632746483843,1.2430884028477787,1.1156984204393685
22.052250613833035,1.230471595820397,1.0966154864440942
21.64029231653929,1.2951264429772886,1.173867475979607
21.284966571342594,1.3651035618337544,1.1840462485693852
21.456272945885914,1.3310341313494802,1.2187322059412022
21.72008700440018,1.2860537544947577,1.1033242706294772
21.996913167754805,1.2353105832514633,1.1219982174038716
21.453790730696863,1.3347085524218048,1.1604114125183158
21.70969933807102,1.2851509212006518,1.1590848992394642
21.723975275416834,1.2841888616752772,1.1102798786520405
21.805806395983197,1.2689228341766856,1.1207808714201704
21.80799495981724,1.2664200678251463,1.1107556379953407
21.888563399458302,1.2557160211741132,1.0352662207415153
21.724412793571652,1.2837233344306258,1.2198319601853114
21.96549674864808,1.2416545200016385,1.1633815236257745
22.134392963857515,1.21258809439982,1.1305371870513965
22.14987429671057,1.2107737559388438,1.1167223265476776
22.06854077539704,1.231914617135982,1.071617852610542
21.473049514539778,1.321236544566344,1.1811422603119923
22.018282898323093,1.237053286863521,1.0839440743579627
21.051617001420578,1.40963923207086,1.2747476547650163
22.345730830878367,1.1777768337811267,1.0500178953634258
21.420283946770983,1.337552485019418,1.1881100364971677
22.03672431738842,1.2305804423044198,1.110920098030584
22.373798324982285,1.1721413145662074,1.0392873722273248
22.09498610007183,1.2170361413410207,1.133480935241804
21.51903765862867,1.3227101401486985,1.1275512803398726
22.00170741115799,1.2373357685083757,1.12698739266873
21.994264131479426,1.2381150907548089,1.124027147096488
22.38896443361386,1.1714170792877054,1.0280350870698745
22.22533025076524,1.1957669051551287,1.078661999808526
22.485201565659537,1.1612614891538169,1.0870923314415006
21.675514357288392,1.2879515758141906,1.1800764941920698
21.34480183769415,1.354046391030111,1.2123993847015686
21.935019071492196,1.243968379648134,1.1060847607537572
21.55524347935266,1.3083442895278392,1.1781238319125693
21.948957278767644,1.251645059207561,1.1339207859390115
21.47162152538352,1.3201688914075755,1.104590078991154
22.05480108611445,1.2329572997746454,1.052442919320892
22.10596713926527,1.2115258075654163,1.0819322946557055
21.44515419057683,1.337727707943183,1.1758578193701008
21.50133840158327,1.3253852578484586,1.190382293255539
21.622944378900456,1.296686152950426,1.1938659195943777
21.897735724853035,1.2547162278895123,1.0494843724500924
21.715865420165073,1.2834304217274684,1.205867831807799
22.114244882897463,1.2132060863784777,1.0900945039629941
21.193412309840596,1.3837852570924651,1.2345028290656583
21.602924977718942,1.308780939537081,1.151753431361238
22.12603387636244,1.2080392301160212,1.099027456205836
21.980528213000063,1.2390872195777818,1.0926971036457245
22.02535733952955,1.2276903488218232,1.1082644026675492
21.4553286151767,1.3343907419951808,1.138746007629953
22.098840008692225,1.2194367838627136,1.071690705811266
21.55996567418982,1.3106781914057364,1.1860496244442789
22.016531611930453,1.2347722405504689,1.057860179786625
20.950429720899816,1.4269307320571656,1.2987092394745667
21.259634245229194,1.3694972838566242,1.1716245869380901
21.417964333302308,1.3451667383536157,1.1608476766848808
21.94915527813008,1.2406315908669592,1.0643673405929368
21.52094877289906,1.3177415801376164,1.234375672952525
20.963539469906294,1.4263346584789423,1.3201186712089974
22.15661178449119,1.2087466167948477,1.0435226480214685
21.215388623188055,1.3776413490363226,1.14978336517652
21.18031997988269,1.3829785378464525,1.1617409977817839
22.40420173891771,1.1716991317999794,0.951875913610333
21.752076486427356,1.2768566201618945,1.0849744633038942
21.98403110987596,1.2332522491104676,1.03611832903517
22.08504177695867,1.2176664711891196,1.0186495399150657
22.048253302998063,1.2266995380392383,1.0302269519668799
21.289716874116124,1.3653435215195167,1.2848168950545258
21.54970001710322,1.3145858150289123,1.2375399987372304
21.833863400350637,1.2614975755104292,1.222747459426712
21.347711338212907,1.352805198939723,1.2910486439769042
22.177896966555885,1.2072804124960856,1.053508104672869
22.071970100917568,1.2236020493465019,1.0858792843453382
21.588364256148164,1.3084135335215656,1.2246841179248973
21.535595112949533,1.3166509020663888,1.1940624723524418
22.042644039942978,1.224780167603828,1.0849670752166412
22.083174999220297,1.2176226567218285,1.1012521870402225
22.04815470562436,1.2232463995505152,1.137057892265205
21.909153549717047,1.255637707497829,1.0691554438703816
20.997262679669753,1.4203378033888332,1.2650431617129325
21.41639335608841,1.3388802366756856,1.1914504026434642
21.879023114190854,1.257569964669276,1.0654370041507688
21.664302387782683,1.2923125609398922,1.1185116237765516
21.7346622016399,1.280128811872263,1.1104813695883882
22.239229347914993,1.195810775186234,1.0706480273519339
22.332229143059045,1.1802577182163558,1.0446975620554144
22.296717735747407,1.1860091422341938,1.0912744519570792
21.658113065457616,1.2936520973635628,1.1234199679635568
22.462770447542972,1.1597045599148452,1.0011817785968116
22.23850257195214,1.194959098442963,1.0307715077255812
22.107071892422717,1.2197037927348269,1.0233191846533614
22.162809443648705,1.2051524247344583,1.103119421004134
21.72758764358774,1.2848308581824912,1.1849966007097843
21.830393976331706,1.2585301519548562,1.1399716717166202
22.026531814880837,1.2371607301431802,1.102207893899115
21.56590970845582,1.3095990184060857,1.20477219432922
22.070790904156848,1.2244133178637682,1.0565589272741929
21.960045561400158,1.2421355917871921,1.0743022187300606
22.06788109438678,1.2260630141527058,1.0643929102565877
21.387130103265097,1.3399461226386058,1.1898880290352394
21.979223838147263,1.2365124049688356,1.0878822697908928
22.19010728923109,1.2005294593364917,0.9966655917764364
21.820207399288186,1.2609868395640402,1.0469270504793278
21.851354752029412,1.267159327565707,1.07329272894145
21.523911406947885,1.3135689829134827,1.2233568976308002
21.49782167854611,1.31950992810121,1.2351426834199513
21.796789499803445,1.267804416879843,1.2234037604125878
21.743554380073064,1.283052501946602,1.056932086415365
21.78740427621164,1.2690183222812363,1.1097393821485468
21.815536913237516,1.2698883752327326,1.1029882176452732
22.68373681991442,1.1278591093964807,0.9989942023342023
21.88861592248322,1.2541769507361775,1.137359356020815
22.22245480575997,1.1983873251158725,1.0458360447905433
22.264413603391368,1.1932117088713796,1.02964408385594
21.332481279134974,1.3523410538903164,1.2604594069744528
21.32260571254186,1.3541371041893226,1.2083253635759328
21.52983352242633,1.31177787827288,1.1206600260887876
21.62065314868643,1.2997949035278846,1.0735152855010475
22.451742229329497,1.166797032668699,1.097694195632712
22.264948801903117,1.1945451931897866,1.0477007420359246
21.941560727957977,1.2479496118052742,1.1273097488842792
21.881847083902677,1.2543935085273015,1.0957169948360772
22.066902037478545,1.227041828150341,1.0851708649908218
21.5444244831616,1.313597853840372,1.1427509911727134
21.94187438149987,1.2469602785156837,1.1436750272125296
21.92888885857894,1.2466472082455875,1.1036404319372735
21.473998394997487,1.329921704680487,1.2886164367374344
21.54043185880265,1.316862199231852,1.284609396161335
21.68187109607365,1.2891830965214337,1.2094827203158651
22.153875801652333,1.2115139370442196,1.1010418941274547
21.849819985883475,1.2647102859837138,1.0949547264060564
21.78971881068015,1.2690081837338998,1.0396778857451088
21.912101703874427,1.244663164130141,0.9949599601383895
21.297407936803857,1.3610895251664241,1.1545489024178222
21.998001807984743,1.2346664527399653,1.072420828218688
21.690947780325132,1.2883518419296833,1.1024683617341704
22.18872294218272,1.2082065785627185,1.0738720346334953
22.18123583129227,1.2079722753014204,1.0760594165241586
21.65688207549585,1.3000486344763313,1.210880271723791
22.081250628019983,1.2222365204613563,1.121781506642457
21.390047134840955,1.34354976425672,1.0918169366727497
21.6668236123531,1.2903286307524184,1.050068855221951
21.70921557405806,1.2830603929334374,1.052626762700725
21.772208424278766,1.276714701486486,1.192846700112716
21.633570268936896,1.2978298047800052,1.1228672370899018
21.533385222057053,1.3128281685913077,1.1486872459037565
21.895766717200853,1.2592225481343755,1.12242770579636
22.152957022009502,1.2143842265673028,1.0655609313755918
21.9737130853986,1.238613862648534,1.1547677020814198
21.86917539088369,1.259606351740441,1.113463704331501
21.910062348523088,1.2474472327214225,1.0782166102682003
21.483224414452003,1.3302892181833663,1.1108961550275986
22.029497910495802,1.2344271304064978,1.014100986479399
21.790932774969924,1.2675462125257246,1.0682446470688016
21.768637449055035,1.276203703007441,1.1608880421010337
21.52435924283806,1.3163691765652499,1.114111989866804
21.728651781005464,1.284461337805163,1.1879200567090973
21.527869366955578,1.319676167685088,1.1978513076584067
22.017563601681243,1.2324811058793181,1.1703638823892275
21.371075822605384,1.347006059792644,1.1240810749258832
22.186568227828086,1.2014582663290947,0.9724212613234323
21.49542010615252,1.3249668476370626,1.127270846240588
22.0399441946318,1.22873019956612,1.0111851788457873
21.9337105069651,1.2458346183879796,1.0981070679378377
21.90251191637328,1.250437574664428,1.1366025312297412
21.65478809295184,1.2913320251487428,1.114587582719691
21.65387995790665,1.2896070955158452,1.1097967024450457
21.956127051556287,1.2491871979223832,1.1467780959614977
21.808933124084138,1.2731670644066118,1.1777575158288003
21.66772522140778,1.29682907063148,1.1439142798873032
21.803099505355675,1.2732100243636721,1.1547418065463868
21.701005028480026,1.2827103534624917,1.2453822160277748
21.955409035749675,1.2381636541359937,1.1576161210278104
22.645573125543326,1.1357577524129452,1.077011574825791
21.101857709708447,1.3947109195823575,1.1833619671710063
22.576644428475507,1.144617404620522,0.9505856071972507
22.050116589593273,1.2322267950696426,1.0402273889923612
22.050256866893506,1.2330154768103057,1.0439561231232157
21.976813387483688,1.2343795305846814,1.1273474989226435
21.904486289532997,1.2580080036815808,1.1018795397052883
21.96040653159531,1.2467145007957636,1.0835766593219018
21.689201828113436,1.2872881964015577,1.1835616922832346
21.82145756092866,1.2661973657773833,1.0877590938928308
21.59974483107137,1.3033970036549798,1.1821349975149371
22.01898302519831,1.2322113994388557,1.078907776371686
22.111671894790717,1.216582740686098,1.0629634750496941
21.311498732668234,1.3575976459386159,1.2797008932755602
21.447663986780036,1.3332973500265433,1.2555649600854804
21.62840372755906,1.3024510666853306,1.1791396742545956
21.89493982403451,1.2510326252217137,1.167529293017791
21.820167346625077,1.2677600532481619,1.0862383001022442
22.117487385993876,1.2173854583718726,1.0424025525889746
21.98659714403956,1.2373850800608708,1.0333823884079374
22.207305534869356,1.2019255180247164,0.985586357693973
21.507195546458597,1.3202257142148126,1.1542316767769047
22.014505110542558,1.2281789601169602,1.0587398864083317
21.852835774808483,1.2627551667105799,1.1684768661583962
21.349028835129168,1.3488921788221988,1.1669370782950832
21.205864844096624,1.3770862791625096,1.191544350366177
21.410224221139174,1.337569916718033,1.2284255710200602
21.933028794578874,1.24768390803466,1.0636056576689814
22.41490789030493,1.1657777318298235,1.0080781937995846
22.30171450231675,1.1830465034093627,1.012794258289413
22.427701097479044,1.1704303780630243,0.9892204693911183
21.297078004439477,1.3567109971088056,1.1722309506711621
21.821983016645568,1.2632409432525693,1.129430429616955
22.049364121540542,1.220593809500706,1.0923021879890358
22.077397728663897,1.217191536519148,1.0714777977388912
21.69425357909921,1.2932396101325552,1.0916348965955736
22.28667894244653,1.1874421837973177,1.0599256342624108
22.10577284965697,1.219871276919167,1.0846147418997942
21.320048748084567,1.3599502944704156,1.1563166919050225
22.612579195780704,1.136174567474851,1.035808961300989
21.257215332686172,1.3708976685207919,1.174343197553338
22.10750703604183,1.2203300480151367,1.0073542623251563
21.456955313801668,1.3259125800659817,1.2088192930996533
21.709705411159113,1.283772172016289,1.1205474509076387
20.952141453186144,1.4230460896936576,1.3095345384318353
22.25310537050766,1.192901909819291,1.0743663972426378
21.41432321998029,1.3378099133759798,1.172038364905951
21.7046873774354,1.2858276438389886,1.1717400965121438
21.697262048199427,1.287447140046124,1.1674459047614267
21.79929163188512,1.2666661071331295,1.1415476625847751
22.45181387111079,1.1636418539278832,1.020746980810754
21.831783841541576,1.2627543650301052,1.1035711697464117
22.397266604317224,1.1672514779385492,1.043776821120388
21.40703960780619,1.337073219322061,1.2512614904152475
22.221314759730777,1.201353359856938,1.1209331497644652
21.81669197845447,1.2667657089438076,1.160108281824558
21.717267937779994,1.2826891521947477,1.1124437135464538
22.133664738417163,1.2106587250412109,1.0600620231200248
21.298678508112083,1.3580190925341409,1.177569988598881
21.7871534138513,1.27430559987126,1.177092163743153
22.115879535345734,1.2172781843647364,1.0987731314094988
21.751341134084278,1.2770013533554547,1.1410226574716458
21.51759466194668,1.3170197364424339,1.1339087990187728
22.0005717941224,1.2365313869882595,1.1009969738498693
21.932372499761733,1.2485881614666374,1.1122710715526964
22.14454967068295,1.2083668535157421,1.0978178057374803
21.546943451563056,1.3197147434199474,1.192311078726363
21.506060495558316,1.3263787564093812,1.2098209276901595
21.45922456919527,1.335241092180673,1.110116801000805
21.389888591392793,1.3435792114589429,1.1442974627472497
21.841412616733123,1.265560913452408,1.1211521286506174
22.04895997218651,1.228880365820651,1.112798826008563
21.401347481473344,1.3422510824009641,1.1835285436794294
21.38483059244502,1.3431037034493283,1.215073198154142
22.11042583219226,1.2166051483205609,1.1761914636910822
21.42453912828323,1.3355218230171924,1.2746440281375735
21.647432928272316,1.2959138340359493,1.2045345707022672
21.95946268152345,1.243369607970848,1.1069725196872784
21.29290154068618,1.359903774769988,1.1673587147229874
21.757349539866055,1.2792843121663489,1.1352414418029033
22.22696243961852,1.196415814695225,1.0670494425874102
22.102766766370816,1.2176384223891024,1.101046694543221
21.379443822115,1.342351806296033,1.2336849421416478
21.923668052725635,1.2535340290615933,1.1912948494739832
22.205474821869384,1.1995242502079622,1.0780944516533126
21.809725973447154,1.267770415316018,1.1705307740175885
21.80836302763633,1.2689018324305237,1.0946516444227676
22.245846140281703,1.1983622432054921,1.050333443243937
22.561667512063913,1.142324164032534,1.0109416418515982
21.289773190056273,1.3652198695056736,1.2279167312734915
22.209671640135447,1.1997443014469602,1.0615264908941002
21.982214754580994,1.2401410085143045,1.0911593221115057
22.03967500579507,1.227987841976996,1.1324360100493556
21.888680666692377,1.2558957016616292,1.1250227665661998
22.088988361376725,1.221225077708285,1.0842411147279867
21.854897829334902,1.2631003926458066,1.1365342946116326
21.976976378885766,1.2416623127604967,1.1424146634202645
21.86967008741297,1.257531346136935,1.0946758577329188
22.013423201198165,1.2320193515449456,1.0951250145597782
21.309358295308634,1.3599606902820174,1.2033860955596916
22.254712181144452,1.191254007007521,1.095096893390517
21.16475020879971,1.389655046350526,1.218751165450693
21.16248048636465,1.3892466168900321,1.2224150571016863
21.24595929012729,1.3768312587847813,1.1919535407535515
21.776507501385478,1.2656524792606227,1.121341796355964
22.167162817431993,1.2038665410277365,1.0200937910163743
21.06593410059947,1.4118307982831422,1.267398070512793
21.652917857030427,1.3006746553644013,1.132657252032995
22.038442476601308,1.2273381514733077,1.1368637119098404
21.74972619855674,1.2804493794685377,1.0837974145465592
21.601020161105374,1.3045813809076245,1.2006011875106606
21.85114788612946,1.2605538457249155,1.1110844878282728
21.658138891243716,1.2925733008739322,1.1296004663810286
22.14869412956583,1.209883735796304,1.041300672366206
21.565007558060785,1.3147567082532787,1.1929768350918977
22.405585829376903,1.1687799943128798,1.0188925351683924
21.37305853445497,1.347194396183315,1.2141237574159303
22.502587621371987,1.1545386263099007,0.9698759601861868
22.353687281412522,1.1759859678949862,1.0504927742969865
22.552497601278613,1.1441472775102937,1.082711196552009
22.271634259742243,1.191068835416296,1.0438667820581702
22.00405877095782,1.236970984083349,1.1189609270472698
21.68905900947251,1.2914653133960179,1.1269143712018013
21.988572309581336,1.241469490416404,1.0166401198358714
22.059482747732048,1.228523986429654,1.0433584353050307
21.823446234361498,1.267247311225087,1.0479701154071637
21.93384622380776,1.2444812118165616,1.0169454601886536
21.454486919262514,1.3292595380246925,1.2649716697581412
21.609924653157236,1.308301263093425,1.1605279211908754
21.500304862185025,1.319561410042013,1.1669692765442945
21.761368132981247,1.2765490831694808,1.0856787443839706
21.911248048597127,1.2466006670388596,1.0371646321630414
21.848803286271313,1.2572456916104346,1.0569489538933545
22.087966901704554,1.218373896065238,1.04680689264783
21.319700851585594,1.3554673891828424,1.171637435547949
21.213054841965175,1.3793209144406142,1.2770668599709272
21.02708970896252,1.4181801876640214,1.3277724409357252
21.989934227604365,1.2309949169157284,1.0206348169179584
21.373603807619475,1.3496423340338666,1.1633004362904311
22.34387904502467,1.1761155395326512,1.003058780255956
21.15017946149149,1.3892166785140068,1.2859147817834777
21.488556886147187,1.3259239394259157,1.2171133423174412
21.959671102633592,1.242578547904131,1.0716266494110116
21.904064142050643,1.251656576275009,1.085186835498384
21.9052462573197,1.251894380405947,1.0822844347566836
22.049213871314304,1.2293724217139452,1.0001136381467925
21.585719167672437,1.3062760596374894,1.138679617876099
21.779837402340625,1.2706621775481812,1.1187997844990811
21.662932947523476,1.2917933667557258,1.1328785814609996
21.79534355133773,1.2715182624212187,1.0749664285710447
21.82027190509516,1.268382120944273,1.0830876609725362
22.799410337600403,1.106521849614084,0.9558928410405656
21.57767873819855,1.3100165356490518,1.2026430488446098
22.008154238995495,1.2326011068024387,1.0747858081524158
21.866635785952646,1.253413584028913,1.1052188924137805
22.114679329144714,1.2183270431038193,1.1241841437590627
22.306619415652143,1.184263289021935,1.0155448163919785
21.687371576400178,1.291268679232982,1.1625950565372263
21.696721786050915,1.2919947208197036,1.0921513792118498
22.114543600396974,1.211305011184468,1.116061115118352
21.72339229310726,1.2880990253263256,1.159629768497276
22.02683848359353,1.2270583186918427,1.1096238903646132
21.240913956726725,1.3688423070761926,1.1998030209807802
21.020208473014783,1.4144673663344483,1.2265074101736966
22.52240215140412,1.1509783284302757,1.0621297451087415
21.897665467715413,1.2506224916136635,1.0979989110488837
22.076221764414164,1.2201983577484778,1.0719595486981603
22.474914523658118,1.1570207597092836,1.0364823653656825
20.932835813813238,1.4368245212214896,1.2436724849222538
21.69922087239514,1.285656493969636,1.1142950831264022
21.664744875117375,1.293475945391625,1.1231441860071534
22.172596922538755,1.2101457138749327,1.078512765659107
22.124479650590686,1.2163425193870394,1.0811845918115455
22.20465916702352,1.2021476696570372,1.0654951671174642
22.134128767485354,1.2140251795598556,1.097441489259942
21.854773206880452,1.2556334552221589,1.1174798265312194
21.276338195739484,1.3653326426444052,1.2034872581516747
21.230528368549393,1.3746213777083158,1.1910095509116183
21.116671121678884,1.3981462975048051,1.2104374055164504
22.14333958678064,1.2090590791764289,1.1083592688246355
22.111225163503732,1.2139303481041552,1.128704359371991
21.579050647687467,1.3118330961168385,1.1220792433276197
21.42138863727252,1.3407375066603886,1.1712572080224448
22.070121615968116,1.2210090690368294,1.1000391250455812
21.707152477584224,1.2889493283749325,1.1297401773574642
21.535501914311254,1.319296770801162,1.2170860473039689
21.675762133445378,1.2957234485460678,1.175473912396254
21.82405315433384,1.264699035612783,1.1040440585909868
21.74596875025449,1.2822087455391065,1.1679699237378278
21.763318207301705,1.2799531791574341,1.142564680630168
21.758048370315016,1.2810266629456462,1.1428323736401946
21.92312386056834,1.2426689193948246,1.079350973096032
21.42441922707654,1.3332378440675219,1.1441249687877169
21.740764647193636,1.2784966667522142,1.1078391389638007
21.2691760243679,1.365614939609585,1.1379126483652968
21.978882994426364,1.2424913782376938,1.2006144331956725
21.15688603872539,1.387060743055061,1.176681292824416
21.78253604342673,1.2766800293650995,1.1055617016639665
21.716245757176438,1.280037870961729,1.03129705173092
21.544675301177378,1.3134519634862942,1.106186176744745
21.731764883081887,1.2843989367177215,1.1040771456232736
21.931142881330985,1.2437506729998076,1.0728792023412081
21.697852263099946,1.2894467197680215,1.1995854422303038
21.76119943925955,1.2767439413903112,1.118853374483176
21.6976977234105,1.2868655768608128,1.1808649803967275
21.918113600781478,1.2487323755701305,1.2094110057423526
21.67956188556496,1.291747036115372,1.1016178166913106
21.398491090826703,1.3432454190919785,1.2382065911507867
21.457646368286753,1.3318230848866655,1.2107227729825518
21.89146110121888,1.250523822717012,1.1283101827843307
21.790816342297383,1.2775875628646418,1.1353766569210553
20.93241493253562,1.4337960385572128,1.292400579573166
21.7641183656621,1.2737085957280816,1.0993176830395037
21.571760384742298,1.3076473325458915,1.213848308771953
21.91581819114056,1.2451959451313561,1.0881230233162633
22.062726957772075,1.2260874369678791,1.087943487774568
22.067161625293334,1.2233351597247342,1.0380354007604917
21.737199939101522,1.2853046334154596,1.059495894650074
21.703973275140896,1.2954726679626043,1.0890210917528258
21.79107499124175,1.276959260301975,1.068996916643867
22.347712414870443,1.172355735907264,1.0271326709815372
21.71581924206045,1.2911130857121187,1.1086290908926453
21.898816033183806,1.2473993360281685,1.1413976947594948
21.626762157941727,1.3096184565465057,1.1203412074173875
21.24825637431095,1.3688001359659199,1.308487197398739
21.36389130158737,1.343559908441677,1.3098036202199372
21.986236279752674,1.237915865187233,1.1073607596753623
21.866233385179733,1.2532138061595905,1.1145398369541948
21.68835851734758,1.2921332289435274,1.158498855994875
21.603763629060573,1.2987444072637637,1.1373418112170097
21.849501936414,1.263767723472351,1.1205989304870791
21.332979708470138,1.3570204715526966,1.181587652577795
21.382359016031486,1.3482668534458195,1.1635908840990856
21.36385863154615,1.3462391327390404,1.248900151236238
21.947496079980688,1.247510606220234,1.146728433263875
21.3248044905111,1.3560216713136695,1.2921931610069213
21.817866923503736,1.2657945226168368,1.1792076293412102
21.73530041714382,1.2834494496344466,1.172512779363303
21.852127581780884,1.266394819994734,1.1405417647227893
21.641393347789347,1.295039736423978,1.1941424949329194
21.775321065540574,1.2712647495991258,1.150971397442031
21.87330108250515,1.2585419627015066,1.1294210286543043
22.068583100842524,1.2247613830806259,1.0910521949625371
22.09617093086249,1.2186875638696844,1.0932456458366082
22.305073966259965,1.185893719271443,1.0430600977404796
21.030449260230093,1.410429747200666,1.3208300184319888
21.18575830455265,1.3818175864042885,1.3137327628022604
21.809849760365907,1.2669717847794846,1.0906180043602713
21.98480769653145,1.2393374567783166,1.1013699106261183
21.56686059597402,1.3104363703548851,1.143530968979032
21.724919040038337,1.2793475704299349,1.11391480029526
22.151805794517763,1.2103070281904071,1.036430513353733
21.512905237150413,1.315187120776116,1.1776408304308599
21.35789738303344,1.344100867957186,1.1720197346903718
22.076157785622023,1.2179530348917333,1.0568339495340255
21.75762033543549,1.2784202312803588,1.0793480704067608
21.466357153578592,1.3280638122942465,1.161217450303376
21.92657012122381,1.251458285451699,1.122914775689181
21.585694970607243,1.3091517641397108,1.1593693811382322
22.057117093784715,1.227216113296483,1.08642058980744
21.837563490715816,1.2617655083035033,1.1391025153684913
21.179955417147646,1.3879615009228032,1.2243491792554024
21.4474164801615,1.329858212570088,1.1755697056646408
21.107849324678977,1.394738579438045,1.2292271450525711
21.34791829025585,1.3574049866474083,1.1785430336122973
21.59418237338408,1.3101817514454532,1.1510048287980283
22.021205938529476,1.2363814088663323,1.0656588212758535
22.092837219124824,1.22096765856917,1.1381043144978231
21.91395399760289,1.2509544162941375,1.1307713946328717
21.6975350556583,1.2877505615017195,1.1365142670557458
22.138682126442127,1.2099848298379228,1.1003195147662297
21.940158664464022,1.2503783082368114,1.1237654983653287
21.92073184562023,1.2482253173684619,1.110961882285399
21.682151056135424,1.288890020457974,1.1316302034230548
21.769313502125616,1.2743649373141932,1.0677424145802297
21.84318596770394,1.2594662658353817,1.1146687543902556
21.102755141749782,1.3994260068906597,1.2341479136974014
22.51834221876468,1.1535570183733523,1.0407982951085626
21.587084126320157,1.3095488430756455,1.1730936169851187
21.780731176144727,1.2714044490403842,1.1319387982336127
21.78368318530211,1.2750657862593877,1.1698690893143868
21.82824993961487,1.2683845500320257,1.1535634663425172
21.486446555259345,1.328678053824305,1.15868157204896
21.41882315674087,1.3429240676636502,1.2028749764021476
21.716723545467584,1.2880391242455766,1.133741497070619
22.244911907642987,1.1949346561275187,1.0151925407202258
21.546991468857158,1.3144681983222954,1.1782397473023183
21.9979770396983,1.2375003877869457,1.0789395746707022
21.68934644554305,1.2902905562909242,1.1193375594171227
21.982623958047306,1.2370426724322805,1.1189475738271772
21.184149818886674,1.380228063953778,1.22292995079333
21.591235416225253,1.305982910270653,1.1633889530084862
21.690950735346004,1.2855282432845896,1.1174007891704147
22.020727208824006,1.2269936906127727,1.0741691239832831
21.28721069648866,1.3683136947258916,1.201614041701567
22.07515905312861,1.2251631780688519,1.1439764792231313
21.5297828163552,1.3171969980535287,1.1103653928390331
21.67400581083872,1.2905163669313078,1.2076433853434962
21.961002121488562,1.243512744559801,1.0708728838127184
22.14566671758947,1.2148353916952088,1.0804040424137376
21.61861000462212,1.3011536997346789,1.1228787613350428
21.530680217561784,1.3163580058943893,1.102710399371348
21.98310629052019,1.240888487018473,1.1306705532539025
21.34060466391299,1.3511883723638594,1.1308566343336648
22.12204477132676,1.2145713620745013,1.0666151133122508
21.23845752574776,1.3716684000915773,1.2332460120564823
22.032421811082575,1.2297599041668945,1.0798479896725706
22.705485151632978,1.1219598545397085,0.9863860717704288
22.06667030819258,1.226957071360816,1.1121526377476383
22.185665849455773,1.2041115118782046,1.0610261881850735
22.142950248938675,1.211846247001525,1.0682464233930817
22.127672336979952,1.213472232476728,1.0930931893650362
21.789015146522345,1.2729072875764353,1.1431329016914682
22.037330366340328,1.2271593899830395,1.1525212898899642
21.872924045837827,1.263586963857762,1.1175672557901044
21.932308648989384,1.251270710817813,1.12137858686055
21.309386460631266,1.3560451432165848,1.3182740161286102
21.671065127403494,1.289743058787829,1.207583966111823
21.91661198075259,1.252444593437067,1.0315538540807845
21.761400549717102,1.2739461009411859,1.0935675055003735
21.849659937628488,1.2586178030858621,1.1172475105609105
21.738202257580983,1.2824605426709863,1.1647660613840833
22.05683401480731,1.2263625451464797,1.0568005096928943
21.395027138667764,1.3392857547985153,1.2265536632826621
21.893471723709723,1.2567194709881055,1.1095606839724508
21.457087414178396,1.328123665728774,1.1405606039925922
22.217091216785818,1.202451699805866,1.1023401125566388
21.696741547395654,1.284666747506257,1.1309358072109812
21.92732741155828,1.2494264439975067,1.0954373235188166
21.820242479557656,1.2656715923838369,1.140830275959731
21.552049677648707,1.3202262286889264,1.098242220761049
22.178044725658236,1.2094265304981684,1.1199857631925665
21.429535680504976,1.3398723356836657,1.1459169187374347
21.599437076000626,1.30860280009717,1.1152209105183832
21.34192217216311,1.348733726272127,1.172415126287596
22.339047084657395,1.1822049125334966,1.0365180407908632
21.557291410016376,1.3092403517919404,1.1937118036697556
21.612378161059134,1.30568775840905,1.1498567377269362
21.023439462895407,1.4162537304524887,1.2471154289068274
21.082100427078885,1.4006201722043805,1.1818021922324795
21.934189345360238,1.250114203764991,1.1078271671862494
22.254559071359154,1.19562299922815,1.0541842912149781
21.764522096649053,1.2774862023591036,1.1322382656177958
22.260874046658127,1.1891227769565924,1.030368157092913
21.7154439043166,1.2789106791714,1.2085898027382143
21.707923112059373,1.2886355903798554,1.0928491611218303
21.340469890093303,1.3508270462946301,1.2699035068807434
21.836300346801128,1.2604191154861994,1.2307659673758522
21.233797091299127,1.37161888876094,1.1646280241637432
21.690862618299228,1.287279743073911,1.1345538796453924
21.94719818982341,1.2452494620193824,1.143923743100958
21.947972739124957,1.246827611387322,1.1405196520757448
21.52646442585347,1.319808870682341,1.1964713291789888
21.855963235063918,1.2549831939368081,1.1385066720951178
21.378051034615133,1.3532877793358147,1.1629861432459445
21.597182825204463,1.3036933053108586,1.1890171274241104
21.965248232801475,1.2422578416531826,1.0070810720975136
21.76695014951816,1.2773724449933217,1.1718477899208755
21.743099423169525,1.2747549822054984,1.1587420712479914
21.933425426617994,1.241737165591291,1.1282086774312188
21.71850151556429,1.2878826386863973,1.1536348266307164
21.90068668097477,1.2492573697350375,1.0611902881842883
22.060318451486914,1.2206139085487182,1.043131054246129
21.88011905090028,1.2579379086112434,1.046852940602937
20.91128149867219,1.4355713551791627,1.2121802783273126
21.11390065078269,1.3959543196694886,1.193274651094733
22.345818252839553,1.1813649118642149,1.0805294902101048
21.526915695390375,1.3170704659200596,1.18750782696068
21.653972385431636,1.2938184503072316,1.1629737862443579
21.97067614623311,1.2415949543566045,1.1100699997259347
22.188437543389487,1.2045694860513945,1.0772444444596747
22.02536876282808,1.2300962652040706,1.1548064497989765
22.18112141360962,1.2034560511502828,1.133922324517894
21.982698732201634,1.2365326896968754,1.1212626396393475
22.010945387697426,1.2324355072578073,1.1258800380891931
21.5108149559006,1.3224736871943898,1.175579963818742
21.94038156836778,1.245109617266817,1.1526934112933314
21.955353227135227,1.244979593993244,1.1464705347757613
21.535212245731728,1.3143795461578285,1.1730596197189347
21.855929253588783,1.2611171091207616,1.1294774888888457
21.815114069352177,1.2654203643531963,1.1255913859807845
21.832577075440717,1.2622764098883723,1.1176555205699432
21.79520701018882,1.2722653011587386,1.0950491883978377
21.598464012760303,1.3058893387443995,1.1441023268883395
22.190587633545924,1.2021198884755702,1.0342774124848633
20.96174665698809,1.4302699775471648,1.2432935980499167
22.112053611772872,1.2143605381624127,1.1225912345730373
21.69296396203096,1.2855438093517921,1.1099925621670488
21.94594036885288,1.2458513281901782,1.1250347652849035
21.86423266739213,1.2571097499569226,1.1117796059560432
21.664910214039708,1.2933944051093298,1.1303326071304873
21.555452742942656,1.3136311053633984,1.1837254963015151
21.760648709147333,1.273457447439954,1.0876935633972595
21.978560784355327,1.242181988030183,1.1235604814596178
22.503738304438514,1.1513453110088794,1.0447361035454685
22.48540173796727,1.1540212358566426,1.0404938744212697
21.63104302096893,1.304045311104208,1.15077518938295
21.559609954511537,1.3116360942638126,1.1339360311942195
22.380539213594624,1.1738484981743185,1.0318766451987051
21.296981992116052,1.3638507936321245,1.262400924319527
22.18784853835532,1.2036287280632871,1.072144301248245
21.725820576209575,1.2850468313165189,1.1839930939643668
21.753731766223602,1.2785371055547294,1.1518656848353852
21.85814121416233,1.2600144970766434,1.1392386429010575
21.556881080806455,1.3133256416168584,1.1962278643523767
22.23130532066675,1.1939291462540023,1.1079750183886592
21.317003822726342,1.3616854757559789,1.1581280381495693
21.41012744795475,1.342210075381558,1.1578611410806452
21.729688204835988,1.2819743437199906,1.1315908547620626
21.607193901866808,1.3040596587285178,1.1489428873876115
22.688400868967374,1.1241502536336132,0.9719535606482596
21.64880906706259,1.2988060226148768,1.1638101597059247
21.738806659477348,1.2824047034818218,1.183815936191727
21.76344102311645,1.2771833911159567,1.1947402421973299
21.92935111447096,1.2473727465253381,1.0257399145228618
21.560579714735987,1.3091605280252794,1.0486825685549561
21.414371848507095,1.3428365274830873,1.0509236118162373
21.43151539610213,1.3387123417493063,1.299518327347418
21.647188955783314,1.3050814670862865,1.2407141395735046
21.551546456023654,1.3049144342692118,1.0955670719781998
21.460708940976357,1.3240471299405743,1.0625607013784268
22.04554825151677,1.2237347844053286,1.1581412223521126
21.255035777163254,1.3739027001187698,1.1324138497873801
21.4093015143744,1.3393311648922264,1.2202882346801045
21.996914584295162,1.2366666026212985,1.1265329953231484
21.335664550045703,1.3528725189647808,1.217025205963302
21.854719933335858,1.2565759496326012,1.0152877565273979
21.67977661202555,1.2951714698072134,1.1259318316991713
21.643264085712993,1.3018890168454353,1.1315620241245095
21.99413235222868,1.2326304615338772,1.0196709095835785
21.76483972183918,1.281832513624459,1.1145013463076614
21.769878410009877,1.269271941053507,1.1117797867510801
21.881857716096334,1.2562828709625975,1.0957335559284518
22.045057665975218,1.2257242061277924,1.1208404451273641
21.27919124976363,1.3667177836104483,1.2178595872544062
21.833005040818705,1.265576264377478,1.1331711846889931
21.164673937408686,1.3884055700596796,1.2162542971607682
21.522056643670453,1.3218369983041027,1.1605942436983159
21.433999989496833,1.338615135422755,1.1870690028417341
21.673763615091957,1.2893589833091936,1.1157001806443252
22.03006486918994,1.2295504734931126,1.0948804820961486
21.454034288192837,1.3347960521728945,1.0572998684422155
21.993660304384242,1.2398536466830155,1.0566145833255414
21.956155339414277,1.245286222441038,1.105068894619892
22.729090132327592,1.1159928898383416,1.019562271965464
21.133297569013003,1.3963739132161375,1.1983323750349615
22.50190267522378,1.1500939596094533,1.0244835591403376
22.432724062690504,1.1668858263723547,0.9842840457026534
22.457641434388396,1.1606019679914181,0.9672250071102846
22.694621249859377,1.1267792131995844,0.9563368028934716
22.110581338631402,1.2196819302177804,1.029060063790161
22.129208611918123,1.215235904507012,1.041634544576667
22.3508234483153,1.1778301190472962,1.008325210184561
21.77132324781209,1.2783292322233317,1.1103595505306978
21.632472142962108,1.2966587284930793,1.1859738142041307
21.902947743385283,1.2547358094626726,1.0604264882280718
21.189610459127692,1.3848238870084923,1.254134390060716
21.681126682424885,1.292269316879071,1.0905392564887337
21.38951324809515,1.346876792029014,1.153805993011892
21.8342983776927,1.2626791061615943,1.1334566450383865
21.930175920750834,1.2494912633440227,1.1926757195957283
21.79631111176112,1.2678487925698942,1.2209251236829062
21.997428416098586,1.2355829460648489,1.176224556055164
21.633483501370563,1.3005669470571677,1.2469345011448723
21.63251783002918,1.2955814464347042,1.230441396933253
21.723500923523705,1.2863380338609998,1.1198609017645853
21.86267955313543,1.257131447518169,1.1670175191790835
21.96472623496914,1.2409316285359435,1.1612584965418964
21.91675785683072,1.250213641245418,1.162500459985132
21.816373493883276,1.2645231420583425,1.1077553790900143
21.646989254635482,1.2962927639443043,1.2187598445353829
21.652671631824727,1.295889179284545,1.1144352621105642
22.048095769232386,1.2252828143341565,1.1384881882569031
21.593179939436816,1.3039705932941366,1.1207687729325855
22.414718707701773,1.1611104282908669,1.0243411132079427
21.48495709726805,1.3223773830195422,1.1594939220109337
21.987269762913343,1.2371412854862787,1.1545742277729336
21.385067391893152,1.3440133149042497,1.1621171078385202
22.05323015607896,1.226511824810267,1.0890030121697643
21.22269517650248,1.3743386783093408,1.2615793326194447
21.844907090939277,1.263345850995099,1.0638706376375022
21.72464170507058,1.2837165964225772,1.0990063301014334
21.266584759244903,1.3716042124884893,1.2826307813716822
21.359000679188636,1.3492228741695187,1.2710120549534678
21.591396711170276,1.308531034310601,1.1276841421604018
21.9383089284911,1.2452387335261117,1.081941875094128
21.935894037836484,1.2456872716000058,1.0819011278429504
21.96100943398817,1.240077891416955,1.0716883571183342
21.73357160467902,1.281149728813528,1.121811391307237
21.855064759313674,1.2566715158464739,1.1434101529383367
21.920086281360152,1.2441943197771332,1.11731330731212
22.01502113402991,1.2327987388661132,1.09162423630108
21.153568121391636,1.3908244990463934,1.2238112664179734
21.757633554603533,1.2783651578244355,1.126222670110419
21.675977910768864,1.290684169507222,1.1478927787525173
22.01285647626105,1.2318887460199472,1.048526821472269
22.01872881083516,1.2345449976286318,1.034472519416195
21.225869027493133,1.3719092923164955,1.1392338907740918
21.340709513410545,1.355005872071318,1.1113136206748253
21.39609270297084,1.341024237226674,1.154195700011584
21.37865043220588,1.3429050582032867,1.17946380382693
21.197853809475454,1.3759932932472445,1.1922784363138712
21.41181338526072,1.3421788413876703,1.1762654048126042
21.642907616020786,1.2962341374811126,1.1166016449422633
21.628670915288577,1.3015552480825825,1.1492760189778117
21.947773197277627,1.2478258501859942,1.0436855974576262
21.659490361357058,1.292159917795029,1.2140932079476119
21.757108160376752,1.2747437054416357,1.156750531974449
22.489145030154326,1.1519717722411373,1.063787595048368
21.44580250168935,1.337345501226309,1.1655570614175352
21.914099411695332,1.248665471490853,1.1431721850444578
22.1378502575501,1.215768926251848,1.0844702585231212
22.16396344742983,1.2071429417146655,1.0979153179506616
22.27625312300924,1.1907672511080583,1.0451169402412712
22.270406159227164,1.1918024288145124,1.0376865008912117
22.109650597424242,1.2176215252301132,1.07875113232621
22.304345811312643,1.181944562700126,1.0482182230970043
21.252730432972292,1.37099101025579,1.2317133522977857
21.31285626808194,1.3599197431220382,1.2191651311232996
21.53876824308465,1.3182314195208578,1.1675994663271996
21.95585708908039,1.2429103693793424,1.1079159574433275
21.966395016590873,1.2455276052916269,1.1512039700696464
21.464048015849265,1.3267785476292275,1.080448818884178
21.61929598546652,1.296907948049458,1.0899888551222978
21.37352018396393,1.3415004812661586,1.137261780062021
21.943341583648568,1.247235310705232,1.0655212540327623
21.720098540233955,1.2853819350234705,1.1484858722414057
21.63396980193661,1.300713287333572,1.1868567743613987
21.70229203599574,1.289188598551983,1.1690450234019152
21.61303917833963,1.3018914468207194,1.155997553685307
21.598560674038346,1.3026597642681992,1.1763528963554073
21.72654670265814,1.2829912911076409,1.1569398605080283
21.70539642735882,1.284374297588264,1.1102764860317893
21.699175844676546,1.2892456080365147,1.1098370670414581
21.650349718524165,1.2934459703785341,1.0807929622669976
21.533581269081143,1.3209607768566896,1.2116010117921472
21.674152696717208,1.2946528275324114,1.1749354082425292
21.422266367600105,1.3403669512915066,1.1799512429564967
21.34450482699854,1.3573216205246423,1.1574732771755158
21.899063585712668,1.247342003636006,1.1400356337224689
21.65118553935229,1.2974497040560264,1.1583394820057116
21.364981083354515,1.3548386636532836,1.2156189260019983
21.822575422809464,1.2661248990254406,1.1130382414033269
21.729510015370607,1.2834072745757774,1.1044843570377971
22.095059388504513,1.2228201791398041,1.0947767706820923
21.71135053305403,1.2858571976712434,1.1507314387298198
22.426718629744883,1.1653117382117288,1.0666607604370097
21.805992819642448,1.2689913814669385,1.08441902854422
21.685818237780055,1.292133911311262,1.1317657111419857
21.884857729599524,1.2568147792337891,1.0629134192813376
22.029794352924796,1.2299974729922585,1.0627380581509225
21.833836607906505,1.264288303579677,1.1221490223446589
22.32456229596785,1.181722148492706,1.0595021095927153
22.29644585326843,1.1870722818164932,1.0812725660340994
22.463772143665174,1.1583290025233068,1.0947546105442574
21.524478430126337,1.3214313807841114,1.1727362259220286
22.273684553267596,1.1881798176494203,1.032961365107561
22.14534529935195,1.2090204147910548,1.1089559387686192
22.221336648016386,1.19522235078259,1.065558556789696
21.50501567984059,1.319223196977563,1.1833442499203237
22.050650202187114,1.2233778055334714,1.1167301369288294
21.422071850439025,1.3412894823399424,1.1890891217005433
21.813512650195968,1.2618048131277024,1.125358854823666
21.45972815680892,1.3294351759697725,1.0693552359433154
21.629466032254392,1.2984025240946555,1.2702685941721092
21.940458846344363,1.2408912637528924,1.2276768617635403
21.45600447179038,1.3361041173195547,1.280924458896557
21.408504456510546,1.3435224108118728,1.2808138861915466
21.93569689950579,1.2440968858668655,1.0885500498908165
21.722527252255624,1.2883264213940897,1.1466599801623598
22.349488639472675,1.1752668461441529,1.0281278360704467
22.377252608006664,1.1699816508735574,1.0133159685179964
22.237530059960687,1.1950556901184837,1.0353334811168482
21.422587818579828,1.3399580819059436,1.2557495263495142
22.343718260427778,1.1753224639353754,1.0110011571688144
21.3730440138673,1.3513174669631494,1.2624655237142939
21.83771185413009,1.2605172190379,1.1726293822368934
21.397156885245572,1.3418676858277083,1.2597351948127447
21.430255675172248,1.3408162491802438,1.2507533095290673
21.379887774827317,1.3504363752958777,1.2614710853188584
22.242575454312693,1.193080550769039,1.0034384402881462
22.299209854160374,1.185616316158867,0.9982593664503656
21.925377469597812,1.2516775869250731,1.0816254005000858
22.06206352145772,1.219661095056139,1.054515680665068
21.2770663549165,1.369575147489217,1.1978108053281085
22.144165385923493,1.2101718343579853,1.0687551999493883
21.575838364577947,1.3182456500527724,1.160777353759855
22.01046027175008,1.2270451031463097,1.1192496550790287
21.659210822941986,1.2928699800873436,1.160280362022462
21.552395216930865,1.3132825297846518,1.2192975946312141
22.017643652512554,1.233307340827529,1.120673026305543
21.649692756216858,1.2959240974913315,1.157739501056238
21.595030242801663,1.305210827885137,1.2220162587573515
21.734347433358423,1.2829244717199724,1.0952195511392881
21.773948956874047,1.2794789346812556,1.082273531401829
22.015185159973562,1.2311485778875124,1.093002743470404
21.21059657089056,1.3855637893124462,1.266681631577498
21.434866614046534,1.3388946112102524,1.2057957797932164
22.37072445316304,1.1720463051777226,1.0095211719209032
21.465950150032953,1.3373800829332356,1.1861544423704806
21.570930298272152,1.318820607452959,1.1773341765114804
21.980077611188918,1.2407788742719488,1.1126959897867748
21.664652569453082,1.2949034094325516,1.1626985385744841
21.311391727989474,1.3561953454057107,1.1761318555976876
21.889163758613982,1.254107995561194,1.1058448858730954
21.729412196679686,1.283014189831746,1.198026108998448
21.77064677451255,1.2737188201251468,1.1748039321771229
21.67625002530766,1.291125017881763,1.2059191754320548
21.597052938592128,1.3069175594446931,1.1335225809489766
21.960186271318705,1.2425677233016763,1.1302349311403397
21.50603519446109,1.3219129455584273,1.1572683482385226
22.00893421189593,1.235574095776718,1.0898184468201466
21.802005063432496,1.2692222958188655,1.1140405902664194
21.684228627025607,1.2898345144875356,1.138401967025077
21.368674423494554,1.3496323267867665,1.2291148650323087
21.5730562914015,1.314632966894782,1.138535351559629
22.011568843142275,1.2322171998545006,1.0731978440530563
21.96205551802135,1.2405159833216093,1.0715938815740622
22.065465690137138,1.2253475790235573,1.0605284848344247
21.684418030642824,1.2884067005825677,1.1184814345725715
21.82727063137416,1.2636429014058597,1.1422016330920388
21.709759835113093,1.2881498774963733,1.140534102431733
21.731194471777552,1.2793055935847684,1.1518689861608817
22.25413235378155,1.198254153781032,1.0504478823738135
22.19341262286632,1.2035515364538059,1.0385459020896057
21.97984589395818,1.2409425244958834,1.0981195193706559
21.90833946239043,1.2488247219416129,1.1204753291704832
21.694837964535562,1.2887028771455087,1.1448548009245365
22.112357064391777,1.2154872791540636,1.07641574404053
22.194108109742164,1.2041315794225131,1.0755720866377634
22.18530418063985,1.2077411636372097,1.0190003183317837
22.21023981071054,1.2008886316884888,1.0472233812912843
21.514651550232813,1.321212765232275,1.1558389667937954
22.073229219255108,1.2244026573263098,1.1128945537812922
21.392036297422887,1.3425921771143257,1.1703355753423645
21.45393262342961,1.3342690232695082,1.1761943662314343
21.926626609563645,1.2460241783935322,1.0289849415064212
21.305076416532145,1.3579755777895348,1.1792855327253373
22.23348312727387,1.1964042252004883,1.0468797008559905
21.75477782913238,1.2757669617441485,1.1321330579767006
21.847910320640658,1.2595254556288344,1.1134887911712452
21.601694340167228,1.3056224493892057,1.136914602583142
22.19293648427674,1.2044119035843281,1.0623698991201818
22.442864231696312,1.160349181041344,1.0287262853718833
22.219916825493804,1.1975901702021434,1.097850510142901
21.69169177706185,1.290132192502262,1.1532710944910154
21.846355981260725,1.260144732926003,1.1381354838232722
21.841736719674973,1.2613367939229125,1.155925556543668
21.73657896279459,1.2826294047328575,1.1391921136863696
21.90252974234389,1.2499807304997421,1.1913354083705445
21.882897493344693,1.2548676896711473,1.1578033407486652
21.499323294023277,1.3260257694768967,1.2800134594503345
21.546328721575456,1.3174907353417322,1.2697440671901825
22.0196076786685,1.2285796381380714,1.1577461094974402
22.081036896410172,1.2151387606281423,1.170061429424372
21.457675669491362,1.333392260676204,1.0784120143553038
21.321786259995623,1.3519823985862212,1.1215488961982962
22.151735101866564,1.2054551103956368,1.0294097536085336
22.134992365167093,1.2071454939778528,1.0242391654267786
22.151881131036255,1.2036142422935323,1.0229304926568183
21.871386292977398,1.254263841908303,1.0497572330448939
21.603679700804967,1.3024709443598157,1.1688485924832712
21.352313279625935,1.3513521534068869,1.2010080175937385
21.638805979457928,1.3010469451184152,1.1630978932739306
21.876738798779375,1.2536304172105488,1.1070756641886668
21.913484099505222,1.248257427163563,1.1092367120799191
21.9443228957659,1.2445632420186548,1.1018399069668119
21.466572682075665,1.3307228365835726,1.1502242048798257
21.763664174207875,1.2734662083719348,1.1412661368402635
21.505990160548222,1.3245096432233034,1.127634346325413
21.52286633417178,1.3167067521034772,1.1835954041878687
21.943312259527097,1.2468429963108265,1.0928826820974442
21.694242791608374,1.289072363753608,1.1111218899604873
22.08133469879742,1.2236757868438055,1.0546024067939868
21.785101577260534,1.2750831574047152,1.1286368814307162
21.42646565576396,1.3369641968343646,1.203906873885267
21.86333854022381,1.254976736872473,1.1529947697301193
21.74402348489298,1.2838991534515911,1.1118969056187769
21.667952275435653,1.2941375059801312,1.1878542924184892
21.524681142196386,1.3184246607741656,1.17798329343726
21.475853953992672,1.3276802276183408,1.2132951286075173
22.354718696614217,1.1731215395494423,1.0608009577163653
22.174751847490214,1.203320913349261,1.0622381903266187
21.66947602781771,1.2936091369874363,1.1298932709040235
21.248632147123605,1.3698167677759918,1.1689746456367636
21.202685651892146,1.3776563497954988,1.2036253979325533
21.180270605226475,1.3821569153840192,1.1852801343881152
21.791407900249133,1.2716542546088117,1.0973383181471905
21.879442128230714,1.2556177949737486,1.049792844846231
21.393084090547088,1.3447483391768147,1.0968583359224147
21.453220727833347,1.3334715456717607,1.0960948221393836
21.52805473295797,1.3215007726852213,1.0972726741657204
22.212636280851612,1.2003509285756306,1.0435635982389737
22.122026960195612,1.216595178664431,1.0729672105168762
22.026935611420697,1.2334783177663937,1.0864082297429785
21.623534213910265,1.3003089831893186,1.1807019281568336
21.98611449271634,1.2354887617749868,1.1683102079984455
22.168585504428304,1.2050129130357405,1.0975016520645713
21.40498113164732,1.3382790291848141,1.2292309885623918
22.19365046371892,1.2071147832534257,1.0176123577652871
21.618562364279647,1.3015365936517942,1.1625837362793656
21.374687393390353,1.3468304219781164,1.2531773419055716
21.83185357621529,1.264805423121265,1.0932021927520243
21.455347676844447,1.335524063049676,1.1851522540569048
21.91491317236049,1.2464524384812639,1.040264700159442
22.193682880692954,1.2075946354439107,1.0270829860500257
22.17098211158553,1.2079530399531728,1.0306692796553576
22.117533107625633,1.2107115585569561,1.065535058597757
21.998388024208566,1.2328529241266126,1.1200547907964145
21.597708078798817,1.306671875918293,1.2104977639318553
22.331545764598395,1.1817511620659993,1.0197844668546936
22.362807505187558,1.1764794285956583,1.015212072133727
22.684235648620746,1.1264364828791067,1.006645429110074
21.256140749105313,1.3633415436291456,1.2166509528273655
21.974464571692018,1.2385156586943995,1.0776515412049055
21.814316773468832,1.2654865731055034,1.0906032718171972
21.515224782980283,1.3208863576143604,1.13374324471943
21.744818984175033,1.2806532880662762,1.1625233793754761
21.33770126481513,1.3535806808605146,1.1241664350661142
21.97997115095618,1.2369904188828587,1.1703154912000238
22.20765141264901,1.2032550235417594,1.024637514240801
22.33168431762035,1.1832409849131915,1.0524642186118465
21.745808120054292,1.2840176594614345,1.0912111026861764
21.683643549335937,1.2848272235334692,1.1406170745450877
22.1078820127462,1.220985205745713,1.0681731831217438
21.639680609492913,1.2941189285150214,1.1634697104319502
21.564958352628206,1.3129930744319607,1.1259192848671113
22.263970973132214,1.1904349007438273,1.056643867360106
21.371940085444557,1.3485190416324582,1.2066834995132913
21.83140212102662,1.2642859377356073,1.1391678687860887
21.303578578548994,1.361461808388994,1.194785646109658
21.657266886144537,1.2972568594426663,1.1375723794666404
21.413309845592856,1.3385156109666771,1.159447668275487
21.594786813175773,1.3092781057762974,1.0798927707391943
21.760105969866878,1.2720703789488097,1.0887617831672396
22.22306424689441,1.2001553407042078,1.1069398394849057
22.061862014944868,1.2299468443767105,1.1592541954171978
21.947403977835183,1.242359014712759,1.179187021272362
21.79340401855317,1.2739285225325143,1.1997052476294394
21.871732716034533,1.2565532710915661,1.1649431934663355
21.714861355011728,1.2838675198389449,1.0973746835601075
21.934568102376765,1.2438224358754186,1.1069718391988146
21.469504868928844,1.3324670959806735,1.262071169397327
21.406076755796136,1.3465784428964045,1.2830094351629495
21.262097308696177,1.365963733337324,1.1439319763034745
21.030043760959963,1.4113847318887274,1.267436450310596
21.428668684508906,1.3372172948730268,1.2090910870040354
21.41067722553158,1.341782077709245,1.1948532350150947
21.751934972956,1.278080628320692,1.1545039677582247
22.177775550070685,1.2065837982042316,1.072673341917986
21.96829242212543,1.2397323721064566,1.0613231243547956
22.006248096050427,1.2317546008438556,1.0772400486474494
21.66397425169962,1.2895558579198099,1.138195212339665
21.84787073477936,1.260684757583639,1.1592022575206575
21.83264475250596,1.268491551632164,1.1181595540392761
21.847006517569596,1.2660080100689866,1.1169523553516238
21.696553836685304,1.2833721183759135,1.11084274671922
21.618182768572925,1.3049907468341821,1.1329963604914977
21.801217260129512,1.2691097677124077,1.1267130159672136
21.60567566189936,1.302628295601187,1.1759045984235792
21.23273109215056,1.3734617271787337,1.1843409533711136
22.300130363758328,1.1869779600762365,1.0887449706025916
22.652791923284774,1.1301286855820867,0.9355589083899419
21.273939837640253,1.3640582414511577,1.2862520310767678
22.418663394500363,1.1649573838687046,1.079848783692125
21.55595269333406,1.308368734867491,1.158907245753673
22.565426702259607,1.146469009729897,1.0044384554913544
21.778368336870386,1.2715402690320114,1.1151304116039245
21.422587819953193,1.3381072010012642,1.200505113122547
21.419625632029756,1.3433496883262077,1.204754022006791
21.343246979369738,1.3580118520376725,1.2038965575995015
21.05805399360019,1.4055102585300376,1.2830867378929438
22.48662354301043,1.1546153365668865,0.9879405904669457
21.991920852076078,1.2422292977554035,1.0325895450731473
21.55043386361133,1.3112032389158335,1.2166489360972623
21.62745485193525,1.3012403345127255,1.0719605114654973
21.554726560608454,1.31384504800058,1.1921888829223284
21.87425143861713,1.257288689247396,1.1416522564193516
21.924033168755997,1.2479991044112242,1.134343725372149
21.67563274959691,1.29307526663831,1.1535313113268826
22.02549787496199,1.2322791232860582,1.1136447605393833
22.38073778371224,1.173204190390558,1.060826818299272
21.75077536129583,1.2759532256821633,1.1682903595778247
21.646342185500046,1.2999193443114168,1.1528576445689005
21.49687076100181,1.3249431217547913,1.1872691986553747
22.068800694513413,1.2224450443018389,1.105964299286391
21.4624526609728,1.3350118584780486,1.1189295134810633
21.82745791818551,1.2616644006103563,1.116644554007964
22.283315837211656,1.1896883986899511,1.0584732547415232
21.265433796759844,1.371005652118328,1.0901979940147641
21.692849633509766,1.288234327253125,1.0728712208211593
22.018584998425162,1.2330069738329197,0.9929147893791965
21.705096208908436,1.2858386842207736,1.1021969054175336
22.19962264543627,1.2028552665247325,0.9852897341042925
22.26315041811599,1.1933528953555874,1.0007149979006589
21.98339174239785,1.2346196855923974,1.037697932420673
22.20394213415994,1.2072855567212408,1.0018110926136097
21.593252280404798,1.3091738593704711,1.1779375124443197
21.992694566759415,1.2345533904017383,1.1514303680530897
21.87251855595863,1.2545444657958542,1.1541119619878106
21.865600536676858,1.2588538966531984,1.0838723512558701
22.403632243850637,1.1710695687271648,0.9870251624943852
22.335068334032606,1.1783690600485919,1.0260956338902683
21.309353741649975,1.3602638572286767,1.1714871571398549
21.646728341692416,1.3002062093100641,1.145489795638294
22.16959419139065,1.2064074329038086,1.0515525548937315
21.515777690938812,1.3242100435149489,1.2097686555690066
21.865543673114445,1.2535324561421775,1.0806701897577995
21.646256921130004,1.2952361070030598,1.0848245169864752
21.100869307985384,1.3982097501919766,1.1864335039551814
21.40718958742216,1.3449283456573213,1.132150567846228
21.276596081295423,1.363417870600564,1.1949357122849698
22.12043512135042,1.2138419074610791,1.0336269498399344
21.623293144793188,1.300156632726975,1.1522943679210658
21.509632362176674,1.3233214925256713,1.1951445117645685
22.020765402633614,1.2313721192286893,1.0262323503234811
21.914834079071127,1.2536987192624716,1.0411207246833887
21.8254944194432,1.2620490168720386,1.0849613440509613
21.99843592667054,1.2373815416707497,1.0808125203959948
21.625948919864488,1.2991793034585628,1.1522060846241944
21.87071820620067,1.2560328227475992,1.1202264181446542
21.990931321040463,1.2382817655053022,1.094620613779154
21.329138603866404,1.3595401539105887,1.1995905145788894
21.81519290976214,1.2603932959912652,1.1044432928581274
21.569702321635276,1.3039846737093552,1.1420207621305045
21.758380077051875,1.2754439500082984,1.1044687154182986
22.058811207394747,1.2231693005055864,1.0851170182075363
21.80718664376913,1.268755344016795,1.0873093604800979
21.675714562155644,1.2903307575145881,1.1418132499693878
22.406855159883893,1.1680560355747251,1.0334089903508055
20.963421939338858,1.4274843843213667,1.2672518620217355
21.07885866962762,1.4027779740936237,1.2628533416154797
21.125007713135115,1.3923995608308566,1.2072473259520304
21.775884735465056,1.276314582448601,1.1346630107533782
21.74549436651185,1.28371501907795,1.1256147949190605
21.639930011332588,1.2960334891955498,1.173526473986627
21.927516745403473,1.2524481023777803,1.0864125178890502
21.90845203550684,1.248994216470973,1.063913927914902
21.564234884534237,1.3105648830728298,1.1501247235277625
21.882599954204082,1.25678968804038,1.0885628553352307
21.849683238009433,1.2557617339604559,1.127500136315263
21.707581935432444,1.2916602089247178,1.1325217443851585
21.88619528713586,1.2586406822273792,1.1534638640409627
21.534368628822037,1.3221410625954102,1.2489224213030414
21.246080208558816,1.3660042972987982,1.1356402378938104
21.078493671783836,1.4018738352619384,1.149573712548518
21.926742777904224,1.2481839567252229,1.020027948658225
21.96985475124744,1.2420076435033078,1.037721734374657
21.96820604267177,1.2425041295231671,0.988131674924406
21.952810431420225,1.2436180326195385,1.1294653165992268
21.242502860484542,1.3708095171094596,1.2096313407057835
21.862693187295775,1.2587924342725916,1.1204065213552512
21.77591392565212,1.2719576085482733,1.1523889932260203
21.828173328758325,1.2660014162452768,1.08938283959463
21.94321492606302,1.2397438501580562,1.0988025475232182
21.48520316296713,1.3302497530593385,1.196827934905002
21.525765647719176,1.3179703458693575,1.1319705703136687
21.79192939778502,1.2717851636910409,1.0626465330127532
21.81693737978574,1.2662055127441985,1.179682367727283
21.501375275070686,1.3221426408804913,1.1238374092092984
21.728017856880946,1.2826144722312345,1.0833507638688347
21.443520600390272,1.332787084187568,1.1482288343050522
21.54780159931814,1.3157840166205361,1.2010511475145509
21.837938307524023,1.2602126795992519,1.1048952425389151
21.57055997635905,1.3065880152143463,1.0961170155317004
22.31380833455984,1.1882311951277993,1.0233405138435996
22.123194575772196,1.2149630174241743,1.0844346628509478
22.398455446367116,1.170814400056159,1.0954127271135057
22.201808825682082,1.2016841498096344,1.0802517916181213
22.336803282001412,1.1854963135625958,0.9978275686046155
22.293652342921675,1.194188681157223,0.9924482382138885
22.185616764204486,1.2117029285396996,1.0148172182782846
21.748373870630076,1.2720490236582291,1.1714084347665628
21.623914008463103,1.2940527920373843,1.2122631260424117
21.632567388698334,1.2914780488535271,1.1594502563090265
22.055665953815527,1.2321860471666406,1.0674853625043037
21.540643945933592,1.311216520408191,1.2610600851782234
21.800820948166212,1.2756428779804556,1.0786752640335329
21.626996675604573,1.3051390456263818,1.1141238076394084
21.506903914272684,1.3247650251289558,1.1420246956500097
21.755777492266212,1.278851675272331,1.1490716333728452
21.802913001336325,1.2703442844703288,1.1362708786144524
22.33839197712757,1.182853958423066,1.0382055887920392
21.588674204674277,1.304882510018001,1.1740815091592536
21.88769814228162,1.2498470655892853,1.111011531838853
21.596551931260997,1.3039509523362485,1.1553081726360006
21.091646449363004,1.4073702209060535,1.1995179731932266
21.88492111155734,1.2484794699773978,1.0750253030869592
21.36350126979366,1.352982484406487,1.1672985753069993
21.72969785570067,1.2767586575253058,1.1459000358846283
21.916816959679455,1.2436131659050522,1.1022606978435527
21.709378977598565,1.2921200239699628,1.1404354918693913
21.749539610648156,1.2759499281878863,1.0856415643389539
22.111953530863943,1.2248428553515838,0.9999964085573588
21.96752627102623,1.237310477938834,1.0407739959057427
21.946238035593765,1.2414997573274202,1.0367192541610422
22.27649119226882,1.1913026312362125,0.9839748234452693
22.19691673248718,1.2055028501532834,1.0355831497423156
21.142567893347895,1.3936130990874616,1.2278986559821703
21.888310467219156,1.256171407667857,1.1273521234691606
21.250716945149513,1.3654246057761563,1.2423594475691675
21.13203807147704,1.388250925478183,1.2676042969561454
21.61173349217615,1.302344135806437,1.2062563312222194
21.739164825048483,1.2787322745459553,1.1495622302599064
21.51450970417745,1.3167563384580476,1.2500495668001141
21.856725315374042,1.2651820622888337,1.1679918499018203
21.283649376848714,1.3603631199181845,1.2605537235795956
20.991624735056163,1.4263301856609354,1.2732578419413956
21.528023093543485,1.3194286923344651,1.1681740363991118
21.689103056443262,1.2902322213827124,1.1798678864166094
22.322543561051877,1.185396774870674,1.0312564349413473
21.625872628127055,1.2979456231797668,1.2038761535217095
21.33068291033593,1.3549973807172073,1.1991091660161275
21.265264955417337,1.3671493583098038,1.2255288090112026
21.999527301097594,1.2395110771025128,1.0811782225716704
22.47371177390323,1.1578158420896434,1.0150759605305497
22.04830689256952,1.2315897950606751,1.1216906418451296
21.831551725815267,1.2648217380372775,1.070796022534608
22.16442966510835,1.2069002346436892,1.0291471736580473
22.40736834764056,1.1654145831250413,1.0148687347834051
22.469360119543182,1.1597588160711136,1.0640774004867901
21.878348936126486,1.2525429275200317,1.065279576387656
22.0831725072366,1.221957650049058,1.1311942448887975
21.4873335796588,1.318113401123271,1.1327069943122605
22.0995998895379,1.2237617105172751,1.0457973543017969
22.327536860449776,1.1806353625420694,1.062568946489932
22.250780908774658,1.1943943545267601,1.0574477004947131
22.096405082468056,1.2166660272101293,1.0681428866803253
21.61569147528118,1.300788648193236,1.134232447838615
21.298538893643506,1.3606282742697233,1.2143745751039576
21.90087583035638,1.2505280343932257,1.0766974420185833
21.464239679560293,1.3321145750705154,1.1374482030254955
21.73977959617936,1.2814048538589247,1.0905854254805543
21.1955288634444,1.3815532261258425,1.2259181048197048
21.584477468987956,1.3099247741083688,1.1985005272249556
21.49323030102232,1.3258478886769465,1.1600623120900273
21.58158474207923,1.310247364017058,1.1433160297672096
21.853530891247505,1.257159415862687,1.1375786168831188
21.55981922652936,1.3088852234257382,1.1625643824696905
21.52331234805917,1.318000260180179,1.1580966393080017
21.821742016568138,1.2693309079367008,1.1083337085951315
21.98928413923835,1.232425851437002,1.1104412387150315
21.711330789177968,1.2885532939282638,1.1255076610741668
21.667426072860714,1.2915567899584308,1.144344551387678
21.751734845257786,1.278516973914361,1.1608254229143946
21.727615902763134,1.2876513031403876,1.1218558216852312
21.650225886333565,1.2991447169605264,1.1109315866521143
21.97248308078541,1.239531104214014,1.0641802907038718
21.257608443650774,1.367685290294129,1.2308624027198183
21.78406726207999,1.2726820962370782,1.1275708066351076
21.79964913660477,1.2705123239604115,1.1628612647041658
21.10651468277195,1.4015168149929844,1.2036656720824312
22.031466409411287,1.22711981337842,1.1253182556622696
21.494716581706392,1.325165140246892,1.2069636870264495
21.15878777612143,1.3937717310118911,1.2033703936772142
21.47528009332833,1.330311959871546,1.1417129848328627
21.16347503194303,1.3857467902952614,1.2792498533516667
21.159967929164992,1.391064345566515,1.2287007595240034
21.27081573584632,1.367176608375371,1.204880237948747
21.26470417734857,1.3686502040624193,1.1950541122249378
22.163998785799905,1.2071879023348895,1.090630657929669
21.759886762364587,1.2778879544509454,1.0969624130791418
21.687820596196314,1.2882659363455338,1.1805988845168278
21.610207058202374,1.3003523551893599,1.2089418885396972
21.906726335137538,1.250302702788303,1.159927793971427
21.466376494212895,1.3287210708582657,1.2763559269127978
21.463074324762168,1.3325192801501804,1.2439064482346947
22.137800176528764,1.2160357238201722,1.1192150863538834
21.832495169139182,1.264238510589789,1.1547361207643767
21.73883634329917,1.2811626552140234,1.1648360772174553
22.123172303833353,1.2179881313089742,1.0912425696716068
21.383330232865077,1.345645129638665,1.1136303446984692
22.06914074746627,1.2236103774677967,1.1209005331505402
21.40186877781875,1.3404052087467977,1.172056682043206
21.90976549379118,1.2525414636588241,1.1382736071159512
22.004043254950766,1.2366563389233836,1.1450427262461622
21.99725755179583,1.2379818866682533,1.147150979909772
22.17955668200789,1.2033989140520576,1.0582235302467407
21.701399692608597,1.2906311778615112,1.1593956614697771
20.81534165309305,1.4550355460913664,1.329900707206548
21.620567058381248,1.3064707320051425,1.125979691552932
22.139589981255437,1.2079446972344836,1.1025459433681841
21.88401970308965,1.2482903641151437,1.1425449727199923
22.402143376121465,1.1685914159384652,1.0843423334508875
22.490826829948624,1.1544000106143755,1.0714902314439845
22.704326658786588,1.12360437034411,1.015262465956434
22.17052714445238,1.2089050503571295,1.069727684394027
21.35730622970965,1.3485616008098038,1.210152157594165
22.058495771311286,1.228890138007586,1.0621720452117263
21.907149970617667,1.2461544589343083,1.0599506252525983
21.66514535585069,1.2916386044519224,1.1585186841869586
21.49573469987762,1.325746674533582,1.1761320485723956
21.540624398570223,1.3155787253638553,1.1612037533708697
21.25226633658071,1.37126372400775,1.2877043414754619
22.230010897986254,1.1976460088376293,1.0740149971484327
22.057037724466483,1.227262756349877,1.0707437641633213
22.204160881056673,1.2050827060842704,1.0944011747829614
21.50576117185812,1.3266986855571483,1.2165423208943844
21.642597054932054,1.2901706050320922,1.1522054984820205
21.656789795701837,1.3011710757893382,1.1870998558066441
21.64462619318932,1.295236864840125,1.138246604561807
21.043336406451857,1.408954404120798,1.2159574102076571
21.353930704075747,1.3546774157627761,1.2228575168484939
21.85276128323379,1.2570272351089624,1.0753535994247931
21.404396319135984,1.34410563797911,1.193151084056514
21.619258966556217,1.2988058730079959,1.1720434671685667
21.66796862165019,1.2898125179562088,1.1446449710160005
22.007164665790715,1.236367280890779,1.1138132881563907
21.92424658543478,1.2484752693372678,1.1400449018669965
21.78311167533927,1.2747962953543066,1.151597031096789
22.32600996460883,1.181083947171015,1.1116732487093142
21.490064422703895,1.325706169469893,1.2304523952371953
21.938199286203982,1.2443451064188107,1.0454476009170341
21.776118907690915,1.2735649442092603,1.1227771313356585
21.735880347006628,1.2807738921049754,1.1311656957353093
21.82129044965872,1.2663187081939375,1.14144983598204
21.740097053044693,1.2827636162057785,1.1061521765561317
21.726029225288656,1.279762356149919,1.1925257406953087
21.91171563179484,1.253104694938392,1.0570944605355839
21.592265097505035,1.3051453915434785,1.112745290723146
21.8606833286848,1.2574485309080214,1.0695581253689292
21.659954392518266,1.2928263984478674,1.1356613138724028
21.04907142271153,1.4105396169149742,1.2720463985133335
21.562052881910745,1.3175963318811184,1.2142817807086645
21.404355212564045,1.343735026500807,1.1411971624622124
21.82770871839939,1.2620736766070733,1.154486601887911
21.415682187128553,1.3410507249088086,1.1958086334621911
21.586669097613644,1.3050393363747468,1.1848662447322873
20.944854474773887,1.4297805321249673,1.389688289461437
21.757360426415403,1.2794250174933168,1.2387122732741327
21.564911992528465,1.30745170184248,1.2400650101295891
21.975897070853414,1.241574217094154,1.080505059541756
21.858119693672585,1.2540880726743504,1.1518281223872702
21.835508103595018,1.2621266422551989,1.1605565295924491
21.462176896363694,1.3284999072456747,1.2519363690699414
21.64220189938044,1.2995277219785635,1.103233634147571
22.303762780933585,1.1850083324785359,1.0134269097079414
22.27152380426969,1.189800289004189,1.0232306096329749
22.30743178224822,1.1868922035795808,1.04488497057584
22.025412090892747,1.2335212764157406,1.1450342169765775
22.00004542112525,1.2327647456754725,1.1411941954661406
21.39941500919406,1.3425358100245404,1.1833294751885188
21.893806597511507,1.2536865516906068,1.109536512442532
21.737139408999518,1.2803885748876125,1.116369677509073
22.16887433747483,1.2071946538264824,1.0236057757637076
21.931767041755627,1.244579384843794,1.0600777774801484
21.774983178621113,1.2774655482819497,1.1612300035356817
22.09659756332036,1.2181368943931545,1.0985666448169946
22.96516629479141,1.0842953286906694,0.972348885860103
21.6713600897234,1.293222606647445,1.1969568029637707
22.362080538790813,1.174299257665724,1.0299986345602976
22.14748522268969,1.211651966744607,1.0695874699763759
22.11565017571158,1.2188721582769098,1.08590805736605
21.692218058892607,1.2835143840063283,1.13947250661756
21.522689212951224,1.3132395218996724,1.1908050746213528
21.74301631518599,1.2850283745607636,1.2014856574084951
21.29884044208861,1.3525250564953657,1.2303988215552284
21.109267406322232,1.3895004540965072,1.2885342674194427
21.830284316652566,1.2662379459872672,1.1828424558394603
22.034070991408246,1.22981038210029,1.0934062984068038
20.75492689891388,1.4696440654621097,1.337575258535229
21.32043386021622,1.3626229927219622,1.2706075791418363
21.87949964728825,1.2577081809632433,1.1152134210307125
21.579621970908143,1.3105665690103838,1.1564843780033998
21.95483850375893,1.2382640994457597,1.1605286761130398
21.85894727707835,1.2593383217882042,1.1669769146436504
21.624252134426442,1.3006235854436894,1.1573515583742133
21.833131013417287,1.2660449710327426,1.0853142231713808
22.380455056933872,1.174566765234212,1.0686673740853676
21.69752622077394,1.287779712615342,1.166122587638112
21.73840193917009,1.280709946835963,1.1404403333725734
21.72591148351055,1.2847171562527109,1.17710704914415
22.102806373189495,1.219128911115676,1.1371629540018406
21.73580529683599,1.2814632455332065,1.113435240589372
21.85261700693364,1.2600624103235287,1.114066441619517
21.40774864605018,1.3409619512054214,1.222728986605751
21.373904158369548,1.3476658770180283,1.2300437678194562
21.985535737512144,1.2400933317904306,1.0484710517544138
21.631047626468387,1.2970853002331095,1.1834693212136767
21.230084957762486,1.3742513210204232,1.2232734071432212
21.298615454996487,1.364644517366095,1.2504081621904537
21.7336247325815,1.2832113060934764,1.1713420212022587
22.0416961077735,1.2251058844153393,1.1550204137366333
22.16939264905009,1.211188089584806,1.1594554901542011
21.91812627911409,1.2497141399694067,1.1738633320442307
21.67065438041253,1.2938929165399429,1.2241649340735132
21.83327462126118,1.2605226275534893,1.0669383639618983
21.627033709119573,1.2984951114710237,1.1158250607270177
21.652634576034053,1.2984829931513722,1.0930679469576345
21.704265191672263,1.2850207019623536,1.1605670376708943
21.75764790828711,1.2790828328716837,1.1406898211647296
21.875717797777533,1.2574384303436585,1.1286431399656403
21.658955129566607,1.2969128186785988,1.1469482888593525
21.69484615658194,1.2901765185495846,1.171659717540806
21.838999646812674,1.266917395870646,1.0648770037191486
21.380628927647756,1.3444961201441958,1.1959610939480698
21.3955979823023,1.3405776891195824,1.1972066681471578
21.361551575051756,1.3489151524539817,1.164544036588306
22.016031853013928,1.2339443759188582,1.1328974840603372
21.983210370602073,1.238812495237707,1.1395686829869691
21.79215352743146,1.2785886475364339,1.1564918314349826
21.645270403187777,1.2944059261254566,1.1260431266995847
21.505234798588294,1.3186121486594324,1.1352430999207315
21.79185843956047,1.2757646408108974,1.1366653632441317
21.752446859769343,1.278334444833614,1.0787994894457902
21.43415802079521,1.3348863717035062,1.1966494819563298
21.75704361631632,1.278456294618956,1.1174952381337258
21.875580696769475,1.25497696383548,1.1237979286822335
21.791545021687302,1.2743851098647343,1.1326174274039662
22.04696451540144,1.2292741185014437,1.0688852413226715
21.71622111427409,1.2811094199592967,1.1101343955468814
21.624055498643216,1.2975937099354675,1.1688492823524252
21.92667571161934,1.2442730075090631,1.1605734074619125
22.11465485336106,1.2104143905697617,1.1275296356726912
22.108120725667032,1.2129055537655455,1.1480398014251332
21.4167914072941,1.3349532190344982,1.1919541281712853
21.56181602992022,1.309655909809276,1.215457574536887
22.08601288162352,1.2189895829423938,1.0695606944481244
22.241551234674677,1.1965008595048896,1.0312265492330943
21.610189686288546,1.3032291776034948,1.1387723762391828
21.6674006838416,1.2917168002876502,1.1743646736210023
21.435518583917283,1.3324847669036393,1.2000757892894043
21.913844822054223,1.2462017903549947,1.113253891642213
21.864627578585317,1.2634918937238102,1.1336268071197857
21.820525447026107,1.2695077642120045,1.102611956800347
21.311600725480133,1.356759495460757,1.2266495829728024
21.909134406161016,1.2511681388280402,1.0906625182381107
22.35437646648881,1.1783041739426041,1.0150695681521569
22.43529203054152,1.1658188629749653,1.0088198749344728
22.326105548650318,1.1826762579774037,1.1053888410406763
22.414967101389365,1.1681351667789939,1.0345836090707958
21.30489446448867,1.3611604827014525,1.1841374604171524
22.010083455252,1.2304548939912077,1.1148181625235518
21.99386743503522,1.2337406817659284,1.113766404289878
22.246772154236055,1.1918266717330028,1.0692327407178879
22.181310942101398,1.1982354645619626,1.1213717301654738
21.986206414021073,1.2350075837466878,1.110138218346152
21.423594742051435,1.3389847845978116,1.2936614530995332
21.46684143512967,1.3280331292454248,1.2694398748766054
21.297103304741867,1.3584671016484775,1.296316072100904
21.96242975103,1.2460038364995378,1.1787007127169755
22.712615931504143,1.1176710012326345,1.1091047765420297
22.436276996869445,1.1663025019311017,1.1041527927441832
21.34484405922979,1.351112754920804,1.3174077733588874
22.14694951305533,1.2124061606603938,1.1175563888659223
21.594980491809757,1.306318679407472,1.115972038746154
22.228061139890283,1.1972588683621999,1.1315165687534363
22.216231848378705,1.2034035538602366,1.0859363251702452
22.283209567880387,1.1871621499975606,0.9793399015105654
22.05742200015442,1.2241868172562331,0.9992911358437027
21.187190912317746,1.3835344177564526,1.1631628366148665
21.085290807161453,1.4038207749845404,1.1771134898583955
21.40536800511049,1.3413650687122898,1.0896156194431184
21.6990664663356,1.2835039697329789,1.0743966598966297
21.86225958900846,1.257061649029958,1.027044003066301
21.4375098472415,1.3324432040374123,1.1375754650493621
21.938156701530808,1.2488282914254913,1.1195325820959827
21.731865481375024,1.2843589424391058,1.1191430010463472
21.60662364958151,1.2978743608805399,1.1758670637926218
21.774155361249235,1.2745947174852639,1.1033945535312604
21.710474894459452,1.282195513561026,1.0961370749533992
22.034924002226038,1.230329300497942,1.075789087805156
21.69255237294515,1.284193372417642,1.198920316571826
21.935581100202178,1.2491144650107195,1.14709305810754
22.169574563613914,1.210271683100958,1.1015145167298246
22.380192908486098,1.1767504305260683,1.031961697415935
22.234559835640553,1.1943386620016838,1.121490612031362
22.294904018854268,1.1849229333023195,1.095918347895306
21.311468312130053,1.3602624378883459,1.1316364783226318
21.59113529185344,1.307387738673788,1.084863863957886
21.414332572482763,1.3386936276654473,1.1137838225371057
21.45459553875318,1.3304536312377337,1.111524254743643
21.95505459563596,1.2435315486033987,1.0584684822910666
21.953489973831147,1.2434848007847974,1.0573401235987898
21.707674767382564,1.2861552423668292,1.205432896350099
21.765040034841086,1.2755930810027587,1.2141821797746057
21.744475785967516,1.279801600409509,1.1980447399040457
21.284435931093128,1.3679280889964942,1.3172371275753556
21.863392816275763,1.2569645418116684,1.1968048323416765
21.61965136521068,1.3002761199470572,1.1446508943910594
21.806946058401692,1.2672523091750554,1.0888670022913927
21.294795330751796,1.3618905332936624,1.2316688992153126
22.099924103659173,1.2206890657513698,1.119856687000874
21.70188765105222,1.287937746601086,1.16583108806958
21.74451795956547,1.2759897536463523,1.108781087528936
21.441632731746925,1.3398165495758971,1.208087320435318
21.812769995519417,1.2699854978716687,1.1327577476356767
21.92955624219093,1.2458532284095891,1.1240412746775497
21.23549652941885,1.3761553050697723,1.2092000001349728
21.753919396463985,1.2802513424661497,1.1198831424337259
21.87066181408113,1.261062405342524,1.1572638331442968
22.17939136459055,1.203010580604729,1.053742024144643
21.617059730030675,1.306792917842554,1.1203148171831747
21.535513343536003,1.3141564781438835,1.1877153774839666
21.821789730874944,1.2615246358681513,1.1349674007256778
21.606585887894276,1.3065690683283198,1.16529484830355
22.24072992481088,1.1929553265030006,1.0459492943407123
21.480946538917735,1.32879756306236,1.2016854029853532
21.36219496635013,1.3539176551178953,1.196414559883972
21.786084463465897,1.2737435175239007,1.1127667173698588
22.257738992418005,1.1939094957617937,1.0572524265448628
22.202060251527314,1.2049756129648703,1.0614283431271636
21.727863781361194,1.2789628973788272,1.146424379888432
21.714360959772755,1.2841507263647947,1.1305199049094896
22.235392310857605,1.199579563603454,1.0748249798096567
21.55365805642026,1.308470415471254,1.1883783519891575
21.24066561281212,1.3667250243970175,1.2364375577674172
22.528075183624473,1.1516776521617724,0.9958426090950583
21.177603852876494,1.3816582282565915,1.274909567673774
21.782979133814493,1.2740004072760858,1.166297963265222
21.580457894505493,1.3100154574523661,1.1421317545476795
21.70481187126196,1.2901953023596837,1.1700911157501908
21.72552757268801,1.2795005934408947,1.1243644344085055
22.11462646258785,1.2141180909391458,1.1068334924931098
22.16298995525661,1.207200374137941,1.0225369054278493
21.980940475423267,1.2383010267043884,1.045445321885854
21.718593587567163,1.2852116947003263,1.1019075568907926
21.66371269820703,1.2988589802669512,1.1724804593251137
21.72180166847148,1.281010430086552,1.2006266661292662
21.714575196962947,1.2832692399387897,1.1512237860436805
21.743542142818477,1.2782858419889154,1.181195857414652
21.51219325354366,1.3220719025409717,1.1775644018742573
21.09329503788789,1.4080222490499483,1.2452428957191481
21.453833914749158,1.3367761250539363,1.1906332348324091
21.862232286918115,1.2555033037423509,1.134400131361919
21.45658369142133,1.3323958853866722,1.219120280173722
21.493802214764838,1.3243695379807126,1.2700319217637626
21.7712759716573,1.273849878787907,1.2099084038117889
20.97819415988426,1.4218373012620156,1.2927424411353436
21.93892098887015,1.2448685512345397,1.0647273309925822
21.93648872894132,1.2482911817014815,1.0450233270162201
21.50463999225304,1.3200145424826208,1.1109189707826537
21.42122730186785,1.3430488647512022,1.150643045938435
21.324681323864418,1.352518936409825,1.220049625519523
21.29415697202171,1.3585525144770274,1.2186589479393728
21.05364440361098,1.405979476526653,1.2920457810358803
21.891910278002022,1.2592861537824618,1.0685695597544451
22.2547541502044,1.1951470609982209,1.0806102067627448
22.018795234493368,1.236306319995995,1.1116703274967263
22.481867789779137,1.1591023029091667,1.0342267932905091
21.345195118579426,1.3510763985144856,1.2232494815132815
21.93021819328564,1.2489704206825252,1.0713445648748212
22.09976105978836,1.21584511399942,1.1272936335103763
21.775632083561995,1.2730696236124128,1.1462333497108321
21.970259784719428,1.2435202563615524,1.0893735146693355
21.711186003245494,1.284832868054096,1.1192323686541452
21.89721927702702,1.2562173701808799,1.0619509311454733
21.660499676841077,1.2889414089638793,1.257677062145445
21.656015583189742,1.2924789328869064,1.2372555068512943
21.903450898766536,1.2496616029871959,1.0890194339789212
21.86962203100292,1.2599365053847364,1.0936132423034461
21.707886909895663,1.2923171005187652,1.170549223497771
22.19786874861608,1.1968738177101355,1.041171730608687
21.73816748766822,1.287446777871981,1.1412734906239494
21.364662616807546,1.3474432566926737,1.219072444434778
21.266903302805687,1.3657686695344706,1.244288242769037
21.411827491292136,1.3427368169497558,1.2464619702442283
21.487086867846337,1.3300337418207377,1.1737271745788695
21.523299536722973,1.3162327166297192,1.207974402410719
22.187957927796397,1.2062845806733233,1.0333072332343556
21.75285444563135,1.278551829888506,1.1751232827288773
21.571109956519265,1.3090641456768952,1.15036666045523
21.996721726699658,1.2328763559013447,1.0464183706545325
21.88239360965429,1.2599796232308398,1.1642659053534987
21.715034549194066,1.277675672895739,1.1280436551317878
21.51719450363976,1.3198041269071832,1.1698308139499178
21.42756656885154,1.3375839397102183,1.26033720833472
21.514225753189173,1.3224100548344542,1.2677792243125818
21.24099165631467,1.3753516077631995,1.3243787110647245
21.42175738831433,1.3419380389298101,1.2920843941843754
21.406311752414076,1.3433868495673293,1.2972225406261253
21.581549820763563,1.3109513482093202,1.181658604470873
21.691631569404557,1.2883452258433885,1.1977726170440484
21.803456561069055,1.2688013199140116,1.193351346777061
21.659021016014876,1.2903393905139404,1.2437478785162859
21.84123148333497,1.2605439593582672,1.2239692030674758
21.886443777294943,1.2550276887287868,1.1963481505242726
21.87724870257363,1.259293022777687,1.2322527846093063
22.033793384172363,1.2340850590009007,1.1983426869824938
21.434980449022554,1.3289465602381827,1.308956107420864
21.68069127932128,1.2977804774389194,1.2297298601274806
21.66702030757598,1.2876485710795487,1.2190670098299279
21.74701565604061,1.278201514643459,1.0790519996336463
21.83696266821027,1.2687609779810347,1.127836781364734
21.663527609032894,1.2913510575204892,1.0622902812149349
22.010079970809727,1.2316959741933533,1.001393221812099
21.630092181578576,1.3015855179118532,1.1272581211571389
21.893387934302936,1.2578611359161018,1.0893884100881843
21.509078922818723,1.3265973550405599,1.166790886590945
22.00277382135827,1.2315988539665472,1.0852900727318722
22.21456656987806,1.1961726280546257,1.029807768992344
22.06544933696856,1.2274286182264005,1.027363676819584
21.448821139906777,1.3251415045184378,1.1053433360491496
22.228553156048683,1.2034847571176366,1.031657033643524
22.477279642910876,1.155086747197188,1.0851909474941488
22.427897689840027,1.1677492095311235,1.0531176442949324
22.17671607468162,1.2071562217509495,1.127120653054885
22.20576426445283,1.1999422223173692,1.121225952017543
22.19404486749414,1.202251535343876,1.112485153083487
22.096989832223525,1.2200622350076427,1.074638696538357
21.547304586144833,1.313186022372259,1.1630922943100142
21.627185825614525,1.3049148202795273,1.1851775962227458
22.1396511185225,1.2143746199347831,1.086261633967177
22.04104572749766,1.2253518546276112,1.0738302121218
21.93121027505719,1.245482454246607,1.0807963735223027
21.625234508978203,1.3004840827672624,1.1990887083131356
21.682272984143548,1.2847668171565088,1.1633834192671724
21.528979397295675,1.3242830789391236,1.1779324433309282
21.994165984255137,1.2383859568889162,1.1344956645707192
21.79399367630412,1.2689807159299904,1.0521935699826934
21.86906525021662,1.2523417345988246,1.1595210404841334
21.874277376707695,1.2589660181624474,1.030710688557457
22.106511515061268,1.2195493938020685,1.0512771300516315
21.75725689097375,1.2763116723559027,1.0812469689872104
21.732920501802475,1.2782698538109547,1.1537783245832995
21.96775140023713,1.2445257758079824,1.032454267992791
21.70581217175104,1.2875644875654386,1.1610551792878638
21.76304521152146,1.275996852189873,1.1375518124525832
21.701967909071602,1.286135568711775,1.1420831006317647
22.219914584425855,1.2008210658064264,1.114037029082493
22.19553013667653,1.2035059666144685,1.111765967479228
21.478574262266832,1.3270899717570257,1.1703604841498922
21.40686878312143,1.3384278638157132,1.1297409523053825
22.115139954822496,1.2173534758673665,1.1251342074490647
21.440307457757747,1.332061923352382,1.1095942350181627
21.730133148726097,1.27853356695595,1.0638387827245805
21.590732098943697,1.305790868841523,1.1075153372396416
22.238407356275278,1.1946107612101837,1.039820058005713
21.338442139451484,1.3536498139937851,1.2403379727230814
21.888050432795424,1.2521163757160145,1.0951635304315557
21.80622385673521,1.2617817015644113,1.1390494846302708
21.71640032610648,1.2919838406447852,1.1347399436139525
22.078017798049352,1.2196854571606248,1.1134215387741204
22.128884160919704,1.2183815169477052,1.0414713081989868
21.192304142011913,1.3816105152154925,1.1578778242011047
22.4185059781848,1.1660042455945518,0.9836862572796379
22.409597349689648,1.1677355104187221,1.0279889974895542
21.735420151145355,1.2808540499348409,1.1381240092925888
21.80752933071735,1.2700557812542297,1.0856824734845627
22.19727617232723,1.2086925640378179,1.0500092031835533
21.684645993141448,1.289560560477191,1.1225540394426492
21.992481257939353,1.238178925043197,1.1038486293062182
21.57696941703075,1.3105744899476621,1.1507825839187724
21.78924976137569,1.2723116188468722,1.0626719647188492
21.698646088547967,1.2884717180722034,1.1694608739557935
21.750464088143413,1.2830987717955133,1.1881879539109916
22.228951348858555,1.2013833489647834,1.1328647426969316
21.934844209857793,1.2506070568110481,1.1747192070405639
21.736038784915685,1.2836526439286748,1.2056285900924546
21.501439123454034,1.3209571594656897,1.146115352483932
22.253688904199475,1.1926212646150125,1.1221933797968908
22.550906340820763,1.1480869743112672,1.1223950326166379
23.143798798887524,1.0568189338073164,1.026056440611895
22.66846948745102,1.1306524700748453,1.0968774021936132
21.835008263811403,1.2605055732962123,1.2412115823781933
21.515246001508693,1.3236844702305486,1.253110516371884
22.016499602364856,1.2321050510310427,1.1846455059394958
21.877415121707454,1.2534131281717094,1.225880962982656
21.757890098323276,1.2800759827100636,1.172919488148767
21.836001110441075,1.2641625551399582,1.1873986881665128
21.495738709289654,1.3244119128554495,1.15663231571811
22.02765320332274,1.2289392839389357,1.0896882984781175
21.31099297275336,1.3629550513391278,1.2113503006400483
21.927366697065153,1.2453446479726058,1.1038085164109417
21.82914887237667,1.263720466262134,1.1626752387144204
21.860466018420937,1.2641576090236246,1.1086449035895547
21.872547213640637,1.2622004272867438,1.0687980804475292
22.0887765185199,1.2240683820356508,1.0885693629373931
20.939085431995835,1.4293099289639735,1.2034741893339453
21.326305697672716,1.357412199296389,1.1265031386153923
22.12787973302073,1.2120552030135894,1.0484774893630848
21.610770420297104,1.3047905139135698,1.1434897086406322
21.648031095248307,1.299740637802218,1.1422124013520973
21.660997065672568,1.2937105585796655,1.1135222540984535
21.84910800061074,1.2624453709701993,1.1585842196297933
22.052707305750154,1.230261264022896,1.1210074416933302
21.570844022359513,1.3078576819644003,1.1974230661674796
21.92969388962726,1.2504753891394091,1.123581384934528
21.52912777063203,1.312681791794551,1.1966472843125544
21.879034486595593,1.253779519713175,1.0906638616569682
21.029354211341445,1.4186599386574452,1.2250206179187972
21.779133835316777,1.2674612641189746,1.055502184459455
22.2202949813734,1.2019775778287427,1.086288996132954
21.71541086294089,1.2844024775429077,1.1570584590635729
21.996408051670272,1.2365136135831598,1.0947052905115777
21.599543787949273,1.308976590474694,1.1646525519648803
21.518901889712215,1.3149678737081414,1.1237895883696425
22.143869654763186,1.2121825049320256,1.12092437118584
21.7618762520558,1.2772737794145796,1.0909582870644159
22.01204266001235,1.2369670367007217,1.095725214852024
21.918084130698134,1.2458080598481316,1.1009135062408735
21.964774339011257,1.2464346192206444,1.1369353334053822
22.010628369578228,1.2385841922709382,1.1183611278116328
22.045184280481404,1.2292560959058259,1.1373910242093321
21.71175208353884,1.2841087496242067,1.1359267881379962
22.668819369229748,1.1274173972109156,0.9593321214223793
21.964628041520662,1.242591957696217,1.0773528112811879
21.498803070468707,1.3203364031251328,1.2263621145251644
21.964626192645575,1.2439195551292748,1.0757072878550764
21.908805446086006,1.2519937408530137,1.0715258109077601
21.164965514577474,1.386335579910086,1.2328329233654973
22.126222929126207,1.2138106374725823,1.0758622014485921
21.37590977693573,1.3443996652072996,1.1824896118869876
21.930825575517698,1.2478788355651382,1.1121945067935655
21.445820138651662,1.3309216061021225,1.1805899400687119
21.42104734228039,1.3410432149895557,1.1904478808409955
21.45023753622224,1.3331309203229675,1.2065976987473697
21.795335380514004,1.2683975495882311,1.0981272057142886
22.230846193398705,1.1992711252053638,1.068503430986178
22.691580830253688,1.1270588287644647,0.9653719134639183
22.47600303397647,1.1617213391229826,0.9902075026290978
22.426086882240856,1.168500837101302,1.0198850546688303
22.274878677312657,1.192891503342214,1.034461738251107
20.988186248896824,1.4214323518461431,1.2239373083126144
22.435369828760145,1.1640522048268918,1.0270227162187227
21.366356573536972,1.349303696616711,1.2253283629505858
21.731959427072447,1.2797156921058863,1.182500224432511
21.595262870884582,1.3047105504217598,1.1257323748575636
21.105410722156368,1.3957602446603123,1.3188785267183285
21.678788897860308,1.2884326987987529,1.1168498517599612
21.977096487809977,1.241735763753081,1.1608168625572501
21.704589560974775,1.2842039324338905,1.1906020495401917
22.158511855939153,1.2074867129016833,1.0514901659463165
21.40603322739198,1.3423721186901918,1.2264370994722356
21.778382842144232,1.2780372325219835,1.1299315129735203
21.369668381228315,1.344435652617401,1.2371117915360685
21.638169328247173,1.2959026715205515,1.1781461991394706
21.580588523548194,1.3075565007025733,1.1391294183550564
21.51842874014093,1.3211220665458374,1.147786763847773
21.473600312471344,1.3260851360232508,1.0998298613217186
22.112704246055795,1.2145126610438277,1.1667486858918856
21.736882393212497,1.281551179030158,1.1350671227662548
22.28473462366933,1.1896222921353785,1.0927187888247023
22.414492103963507,1.1663735490378193,1.0689350638919777
21.842921702297673,1.2683190846172343,1.0611121649238404
21.931690257931535,1.2514275823296677,1.0339133104322016
21.753043738393743,1.274186675255442,1.0849362432741922
21.829635210445556,1.2596629783336812,1.0973850471797486
21.308839771745447,1.3650712220931462,1.186041978434525
21.505073493387236,1.327215386710715,1.1480363234155708
21.58404838568738,1.3082387279510457,1.170047664945955
21.786772113518992,1.2786446994586844,1.1321598518357934
21.590561744704488,1.3007538132720848,1.1680676690000373
21.588961555127185,1.3055054784435833,1.2054451079786073
21.695083061852444,1.2885434667546756,1.1096911009351245
21.637890951661205,1.301055863958077,1.114698906974703
22.13050277176879,1.2176438892247985,1.0404274045139994
21.48282229230389,1.3311216794835103,1.1755848296688092
21.411752734686875,1.3411911355124422,1.1394647554906014
21.40659856811789,1.3418658890340154,1.142401724303136
21.693158943021167,1.2909969758468502,1.158917306482071
21.316321393973443,1.3569577076579988,1.10498228990576
21.812175841773502,1.267304447612081,1.1285618693202797
21.9298893577184,1.2464683246304813,1.1617581783996733
21.79456668006469,1.2702890769307862,1.1016001047268336
21.557073994337628,1.3102867122140927,1.2055412407801671
22.064045319445764,1.2261918722810972,1.1486712393672847
22.347043650745547,1.1822285022945584,1.0936762057949907
22.30131734469761,1.1896613483281915,1.0996834864921023
22.440077818786587,1.1637345073594016,1.1048217675628025
21.64894906143516,1.2891382723183498,1.188101761709078
22.135889932635234,1.2179818359950723,1.1073464399287978
21.56819902880838,1.3094743098460122,1.1170928975006436
21.587228929564713,1.3037650518820707,1.12789546509807
21.930818759253363,1.2466287340573525,1.1041200207639703
21.73318523753217,1.278100715946665,1.1254613342196274
21.673667512482325,1.2926904960696792,1.1077396098253383
21.56778742502561,1.309737225147542,1.1756164358447467
22.317045322683903,1.1835571768722197,1.0578083361674446
21.47579525574968,1.3242252670825578,1.1528786709730425
21.376813036579776,1.346490764359143,1.2094659660422191
21.224366607599528,1.376586493682087,1.234965897166362
21.1117872141475,1.4003242736674133,1.2149696745780902
21.10967857464533,1.4019113819095697,1.185868231745551
21.302872635325375,1.3656524987633623,1.1736805683107363
21.369744217696756,1.3522216410237526,1.148733169773069
22.152569152237586,1.2062085946496428,1.0490777493153347
21.290326989327625,1.368780866640061,1.1283027955869005
21.272916890250123,1.3737222849932045,1.1253473811495767
21.396735833424632,1.34438661741908,1.2519597925835815
21.25722719070557,1.3687366022600822,1.2078930492188789
21.34545406662173,1.3509528725451054,1.185849668069904
21.834853912812484,1.267002648271324,1.14382568867336
21.731761950453958,1.2826893649230617,1.1185674120441464
22.060867474873525,1.2191506590545962,1.0841432926452375
21.964094445241834,1.2365156653676603,1.1210931433416984
22.15215595624045,1.2063663236308102,1.1065269789427208
21.681971247942812,1.2898634999567187,1.1276699588384402
22.102715059264067,1.2172837028315728,1.0927643289803268
21.32606176261163,1.3548124507492714,1.216290850368457
21.270696266113227,1.3667297115686374,1.2159116900899187
21.697605649817277,1.2875604122103617,1.1289188828546128
21.778083564560053,1.270491581430389,1.122003331822488
22.35208182336204,1.1802887650506937,1.0816903846034758
21.309099046432735,1.3564478812304357,1.1061339306669455
21.416808547195636,1.3372874448599015,1.0967555063374594
22.103888206988337,1.2164555791290494,1.1422955400532415
21.447151871625415,1.33293259616427,1.1093919821643103
21.699321988433383,1.2884458762746864,1.2106998770211952
21.506112531230748,1.318977134200296,1.2039724417755462
21.40668661141091,1.3409761866455183,1.2473136839870658
21.127677986733907,1.3946682720766728,1.312430792506534
21.152995305667872,1.3878646051087098,1.2294246261229698
21.20833004495399,1.3873250359595533,1.1727110175355955
21.243595950738992,1.3675242492377468,1.1461867085938406
21.915772962961913,1.2514278201480653,1.1121106948615846
21.430405272680446,1.3338175353250736,1.17969308665218
22.201574941761606,1.2027957146375097,1.077848129190627
22.37027650561663,1.1760334848067182,1.0564725677093039
21.7840063248875,1.2705030992343,1.1595475628890113
21.695827307992303,1.2838413331843612,1.2077535129213133
21.50994164527971,1.3195426853185148,1.2346780937465525
21.461023017352755,1.3331212784209345,1.1608827240565107
21.675913170703268,1.2887789897858435,1.1221350889320796
21.740652637438913,1.2792355578659982,1.127149658519392
21.766431306933377,1.2777146386715146,1.0827998200635358
21.741029922752624,1.2832082126741202,1.1024912437995178
22.056408510485134,1.231035695766952,0.9933236773375762
22.195119712150337,1.1974046004019074,1.1102695408694307
21.377189233113533,1.3512139427073293,1.130595086176716
21.6766662206869,1.2916430868279678,1.0749449939853275
22.033127993810663,1.228779523478869,1.1420437967941284
21.85364370834422,1.259903833946289,1.1455672154426044
22.130530764201367,1.2118916093826884,1.097506532646347
21.71709166286078,1.2885293743556014,1.1633757784435943
21.654117666560165,1.2926695691902559,1.2141049545959444
21.067989701070417,1.4037280470041396,1.2870201961201344
22.346158795675734,1.1817677735834144,1.0720693007363562
21.555511143721084,1.3127655742163131,1.1259614465037362
21.77672096516641,1.2719182838094156,1.061088402333239
21.510533957671782,1.3223343668610694,1.1728999630022334
21.017261955101922,1.417454623727369,1.3030181395175575
21.198467069564185,1.3775041965775512,1.1823334209720697
20.75799024057686,1.476619008844191,1.2738741996365988
20.774314027817184,1.4737543969292146,1.2743326340795058
20.923598641984697,1.4378500327091892,1.2475177152084962
22.23684328712647,1.1955038216719525,1.0188936351973514
21.346318593241282,1.3529738903932795,1.107887703943603
22.03860312356332,1.2335180965208667,1.000764263065701
21.51634717804231,1.3208987207315133,1.1467438236453804
22.041008296645074,1.2310168442346017,1.0597428376437121
21.182457942076503,1.3768369179929472,1.271999271424819
21.982146235574902,1.2431714224444121,1.0370406333505675
21.3292238933469,1.3586247837979386,1.1101655785832927
21.370489850263084,1.3480136596934325,1.112869875538164
21.911374223886266,1.2515072630666413,1.0830582422726502
21.87683617231074,1.2562237414364879,1.1176730363396488
21.798214608269006,1.2689103960488843,1.1381783358305149
21.63079541434754,1.298417812893427,1.1795736437009317
21.311095368489127,1.3592342178508678,1.2220117208537067
22.069170179719066,1.2263335504433974,1.102230003824254
21.219824122776934,1.3742569431942513,1.1920167647923061
22.318906344888166,1.1857609928831816,1.0983397924269367
21.686268123319934,1.286509282079497,1.178659779471806
21.769581984623027,1.2754610632525625,1.2109067881151379
21.30599751283509,1.366037544564933,1.2446986697871423
21.51683047704053,1.3273638576927558,1.1970266498646878
21.583294255706853,1.3063458617009291,1.167495722594789
22.132945954250562,1.2175270292299625,1.0958715324315271
22.34070004327666,1.1805463784432846,1.0399886534241656
22.237433587711603,1.193227426670076,1.0756183837344853
21.594578195986607,1.3059313399988886,1.169386798504128
22.123264452491945,1.2105649615578304,1.120208964189711
21.9589224624427,1.240987362789007,1.1287620059425596
21.798219963818905,1.2723153552880921,1.0724370582204015
21.765220348994674,1.276189956279477,1.03224733826872
21.780570745971282,1.2743423238482503,1.0447082413153332
21.86491918777821,1.257585678337787,1.1069492699861865
21.715459798404638,1.2849337273598578,1.1779603214690595
21.52309429832354,1.3178012080034258,1.2391471472388498
21.409007257898146,1.3446299079002986,1.2356922974318496
22.28969604780494,1.1859369475940154,1.0704392694218399
22.287740315167056,1.188188550489506,1.0554163773358347
21.47936332600421,1.3268918493536643,1.2313174463696344
21.689096874162022,1.2939774872134835,1.183994296711277
21.878799497167247,1.258908382560208,1.1680829228781384
21.4921584100649,1.3248467413686777,1.1272048722904158
21.317362890561554,1.3563247080905056,1.1750964327268738
21.63292953804141,1.297861297559541,1.1819221127726363
21.805211479672703,1.2682699163376814,1.1268531807592144
21.722812280551345,1.2795651475532228,1.171299026960392
21.688998972205255,1.2874387811489687,1.129408789210133
22.304711493727822,1.1892544008960668,1.0156927010071386
22.16129488164804,1.2133745348873148,1.1089852740436412
22.16846285271906,1.2124056567572803,1.1104778134002276
22.18354473136417,1.209543031819418,1.1020259220299073
22.213091640220515,1.2032810438612949,1.0210021844664499
21.76096863758848,1.2766607907993546,1.1200494208452727
22.017563680471152,1.23287984194159,1.0895760865115056
21.719343469247928,1.2835379663132511,1.1835988394773271
21.64477676414083,1.2959399752133163,1.1359970880366006
21.978544691620336,1.2339478466083744,1.1293278223778318
21.775157007375036,1.2717050461122437,1.1550784343927685
21.590483266190265,1.3037235875661652,1.2546357731075357
21.5722591667271,1.3067554296826167,1.2308139047885014
21.880916248634584,1.2525631749037827,1.1834058210290512
21.919754435737897,1.25283940471182,1.1256435529814741
21.576529644077443,1.3057723547421156,1.2131783287798994
21.889891991458995,1.2571223711706674,1.1542928070663594
21.91693173088974,1.2522916135321434,1.1466203823935428
22.01194594593356,1.2323963232732875,1.0702553229401726
21.890029172159043,1.251541554324689,1.199104218691283
21.63746726224526,1.3017624353430708,1.1842694330790768
21.220005231040297,1.3788009045802008,1.2602291360288067
21.503976239857717,1.323175064664717,1.1983094898314528
21.804038849952775,1.271291993889819,1.1083464685014446
21.522321559824405,1.3146569220319533,1.1204145364028981
21.433162894905152,1.3376913289235117,1.0793529042161696
21.553230996246043,1.3167372746394903,1.0505654313915633
21.418279114721898,1.3420347276033064,1.0824900217336528
21.62362397268752,1.3057023388312068,1.0704770539042223
21.940484334015053,1.2437513993749014,1.1760940083170497
22.28380129241264,1.1903488614789752,1.0357415235801746
21.705130068698793,1.2891862960709362,1.1029808229139813
21.538251820071203,1.3176847654910187,1.1579347791672168
21.80490066457628,1.2654546459298457,1.1000327317076009
21.48678833965863,1.3202315450640274,1.126487214018758
21.703955965476982,1.2953090611800544,1.184790367585148
21.385081717793973,1.3522437940941978,1.2101785332023607
21.776250993016127,1.279848177397405,1.1616683036624436
22.250110049758625,1.1915138227642474,1.1110709702088635
22.15471266952244,1.2112048218240035,1.145853195219587
21.79638407208096,1.2690373111437772,1.182562916015633
21.80499180579052,1.2646834575314172,1.1499985070270573
21.72042065395629,1.2876753653225839,1.1455200012617608
21.82761523170837,1.2667796582821698,1.1093820669030028
21.68290323339788,1.2868310224918884,1.1516999238879873
22.20588017727428,1.2050550157962234,1.049200557898305
21.853688708798963,1.2603657685719876,1.0683106337811574
22.01637985438733,1.23231515321408,1.1108261710158835
21.453616258426486,1.3330141223152239,1.1917458212130143
21.65137880887302,1.2986626025951336,1.1798864276501295
21.266871781144555,1.3690169258118787,1.2210147101875377
22.08703014039005,1.2188656771783788,1.0742810612853886
21.224388675180432,1.379775552017417,1.252426871334297
21.266672150155195,1.3673073929304311,1.2555697061179865
21.447337256677915,1.337225529980426,1.181381335377702
21.2136780355588,1.3832371270288732,1.2557448540908602
21.38627239234647,1.343497489548428,1.1896319189084885
21.453408937218313,1.332395201739045,1.1855610371969498
22.183088990503173,1.2040957882798602,1.0918902349235453
21.777043044901376,1.2733942277813597,1.1522809453007048
21.920807402261413,1.2500379033034374,1.098248670298466
21.33759798517077,1.3535538753642704,1.2026288897311515
21.601630820712273,1.3087129419631436,1.172019772219178
22.105407200586896,1.2159353022273467,1.0719890934420853
21.64117438165954,1.298936670330956,1.159047544330447
21.370705078564647,1.3439674824992478,1.2350143961090356
22.114313310154166,1.2150851378556595,1.0950352468734272
21.66940711842979,1.2921188694121484,1.1708341553181816
21.584804934182372,1.3090894402233477,1.1447010579673842
22.410316500070962,1.1640445714737895,1.0503976964661612
22.026519432203898,1.234097592780336,1.1447274370819263
21.894127978312966,1.2551631156651408,1.1254678085263023
21.896629110549178,1.2493597223209223,1.165191238351945
21.556621737793094,1.3112954753359516,1.1685328001703414
21.75961147207243,1.276596527664176,1.1068871031712748
21.517432210810746,1.3212905051938049,1.1768342344036924
21.939598721248295,1.2462273350648903,1.1536009648492167
21.595860461466124,1.306049416791404,1.20239314078901
21.538947828661158,1.3140302479120827,1.2219776766792485
21.094748372355745,1.4053927355424596,1.309669087575623
21.112924229479553,1.395272997157428,1.2928223089392716
20.807685310510568,1.4641580848254565,1.2757748999540526
21.563490761038857,1.3089609688044943,1.149559515376438
22.080076415932023,1.2240452107264852,1.0580381465786366
22.015414165871825,1.2345928245250015,1.0692797446137818
22.318280249550174,1.1808588640768447,1.0414268186464826
22.180353764170277,1.208609687288624,1.0793152843331388
22.39387373209971,1.1665401400390554,1.0576484948113904
22.26006561211916,1.190446710088694,1.0717983033851133
22.52173730248239,1.1526957238134303,1.0623014545945593
21.39349393632639,1.3418559673722597,1.2297456382412577
22.37627011404037,1.17285566701109,0.9756953041465511
22.350897449835948,1.1744416555236967,1.0093320904819751
22.164385689526988,1.2062788178912405,1.02572320148804
21.622327019985704,1.3050519965404745,1.19362601027481
21.890185123597817,1.2556878527166342,1.0780687647244966
21.87162821549769,1.2600284853660593,1.0744774998091888
21.75362896612362,1.278013108902318,1.1190381935507157
21.73826554081223,1.2752539894994077,1.1401049775353618
21.824330623640506,1.26812920883815,1.1247282742043188
21.7422346088741,1.280357314884162,1.1462491499505059
21.769933424545954,1.2734002224951606,1.109918639105849
21.781572163538236,1.2720927868605778,1.1473364883408648
22.31158497760527,1.1818582370617483,0.9850449290718584
21.62647684473808,1.303022517258828,1.1042249112438534
22.156087927269617,1.2087670901323635,0.9903182753618206
21.866373857870904,1.259581737869698,1.0836514434886741
21.76748743184105,1.2747891880461375,1.1083775078370715
22.216054355968126,1.1994146178541794,1.0788498997913114
21.85738812285198,1.261000666153466,1.0581685145746964
21.633070821897924,1.2999998646652948,1.077269292228718
21.759189841231883,1.273919354390562,1.111202352703586
22.39459238249296,1.1687832037991959,1.0424105220745727
21.409758399949034,1.3431599733757067,1.184864109954326
21.623480554508717,1.3022686465424222,1.1563876317989776
21.89302110673554,1.2514373106062724,1.0970726089165108
21.220543847030598,1.3816857165266916,1.2246910344573751
21.527710569477883,1.3204734343656384,1.1167561169103086
22.094071441667296,1.2180433072350836,1.0433051523545043
22.142893380057245,1.2139261446664624,1.105229429998552
21.69034936633892,1.2873533835670492,1.1748340195022617
22.02663804057931,1.2273077838265025,1.13259391709725
21.893416393138025,1.2496013999465772,1.1581751532300681
21.83495242220217,1.2610106746964613,1.1734153359511357
21.793245495593496,1.2721780044141493,1.2350244140320012
21.61645628175041,1.3022113594507356,1.2590175880318144
21.10591970856944,1.3951312882679738,1.3142025231735066
22.26918366130169,1.1935710898607392,1.14954037215937
21.8150457255461,1.269097609339977,1.1874842398648315
21.18915532404889,1.3855100051766893,1.302006904568596
21.537409616511326,1.3128159039690321,1.1092174469881182
21.63462933603717,1.302752998768607,1.1247492904204823
21.4076502323042,1.3462192255626908,1.1371296896337286
21.732246889804653,1.2806884830846197,1.0812029351638495
21.988307354134662,1.2385339402371243,1.0107665590852721
21.260531462170512,1.3668695784568958,1.2321525479070454
21.962776276524274,1.2404751203878315,1.1027306674542907
21.860985654215035,1.2588746449278057,1.0838445038618287
20.861443216783584,1.448712554818933,1.2200727980750263
21.98576668250233,1.236190931271058,1.135670212036913
21.105265211214732,1.3947383101270483,1.3134808011012125
22.030542391289636,1.2354337267654552,1.023197516433511
22.141460157368513,1.2124903244749574,1.0190591497738108
21.915639057057618,1.2424957935017114,1.0836295200053805
22.130302390716988,1.2193328565691732,1.0335133659735096
22.319287151076516,1.182010277527877,1.0331983708132597
22.320997069003713,1.1809610625777696,1.071385273449677
22.212067856969103,1.1991496619133848,1.090422506578534
22.301016693398772,1.1873759137296216,1.097692754765505
21.72335947962021,1.2848226077449312,1.1471143631388756
22.339792218204252,1.1778289708759135,1.0242054130184752
21.76737736667128,1.2756036442967795,1.0860321520251812
21.898150295987335,1.251908297012442,1.0779845222823792
21.95274396392036,1.2431363482582474,1.0647931386401126
21.863336070471632,1.2592241008464735,1.128635719193149
21.843764124507327,1.264489062331284,1.1030217736471144
21.537095938266397,1.3176026772528584,1.11568651140198
21.545198966890048,1.3135049063055253,1.2212965813793448
22.14160819162651,1.2174034771108388,0.9793091568902172
22.11749113194325,1.2155666701768912,1.0049978187839756
21.943208448699178,1.2439105460907736,1.029388480691346
21.847877451225706,1.2646052020223038,1.0554039070557222
21.90173260527905,1.2532835974633856,1.0531103977169414
21.80700394369826,1.2705447089741668,1.1552325276362305
21.86274284608335,1.2599402713666177,1.1547667606882528
22.04756142071947,1.230419296361354,1.1504495366441634
21.50040379313267,1.3292417271183266,1.2012412150079441
21.88834556416649,1.2569980556378935,1.1572004115059893
22.053997857066197,1.2252086246646061,1.0204050440174686
21.651433284865103,1.2972889261262026,1.1718408241804226
21.275571319538294,1.3652458064290829,1.2045993063143579
21.82989716326972,1.2629692027114063,1.1230188441679279
21.435214142185437,1.3334785759354872,1.2273100632131904
21.617921547905553,1.3020073937471397,1.1600299347193395
22.184392414960723,1.2046528460127734,1.056633417121611
22.387052925816214,1.1723191119014977,1.0523414100510764
22.25896714499789,1.192345063909393,1.1043334398592033
22.563283496074373,1.1483571321538901,1.0449983646404124
22.56348211690499,1.1481894240817507,1.0432277986660505
21.60158791641719,1.2988641469004567,1.127635547386327
21.74046750087327,1.2813489758039507,1.1547012018429812
22.245962103115794,1.1988628134899715,1.0811089961038862
21.27942958193468,1.359002358237535,1.1998667847499442
22.293676260418746,1.1903614982406634,1.038815149403088
21.164450570062527,1.3873521316712596,1.2413554748960989
21.898236956500696,1.2539949403068447,1.1323386342259723
22.26547364646224,1.1869924179835345,1.076928580876925
21.80214767988646,1.273346385431497,1.1151699551578753
21.03835790699275,1.408831955044685,1.2075727659292488
21.355041435978876,1.3582359727588351,1.2917325519044145
21.996731373839808,1.228580114933656,1.0715121107390315
21.46443605419816,1.3375286705824214,1.1833204572892921
21.663358317144812,1.3001709717449494,1.1325398447283157
21.936023023696592,1.2514227454429316,1.0801279233875691
21.53318044808551,1.3164494681807197,1.157329055380473
21.58704504875432,1.308460315027701,1.155957044433921
21.3558669683801,1.3494663711640271,1.154915146432449
21.56285451832215,1.3120092304618485,1.115072075247183
21.760678228956966,1.2740504723220623,1.1861677735047347
21.195635801304512,1.387550958613177,1.2373778166766942
21.48471530582304,1.3254849259156218,1.1419000795320866
22.115998167356857,1.2156667582026077,1.0452331829979018
21.82520335822416,1.2662708302995105,1.0752851472531524
22.33621622319251,1.1805886900453424,0.9975760921934917
21.984671545600094,1.2403841139126985,1.055003656411826
22.207717573344834,1.2061200722093903,1.0283871198932961
22.24158704142396,1.2007876596706928,1.044754965615323
22.23627411602813,1.2016025319632504,1.0449811468681338
21.807922431250418,1.2683113275275517,1.0989718024862465
21.096730650806315,1.4014703759584664,1.2711806596405684
21.645583672190085,1.2946440547052054,1.1576389217615923
21.330981478739698,1.3596564459697376,1.232158753531083
21.453003380253804,1.3285304183396434,1.128811472678266
21.519198694192298,1.317635827018718,1.107062780629958
21.62126319477225,1.3004627833281013,1.1189282403737026
21.593755529687034,1.302898128193239,1.0970343177719233
21.801538169517702,1.2664286433516325,1.0149262267241594
21.837260287091695,1.26125443884411,1.0275765858780614
21.361868389127025,1.347091266628815,1.0940330383415588
21.559260758312824,1.3142125736337174,1.1520293561067132
21.75688274987202,1.275238247536918,1.1368481371986878
22.03548894006417,1.2280265280855625,1.0706081305720596
21.87484772881473,1.2575542524280572,1.0845119653933066
21.54549871455974,1.315714673387305,1.1443736268617544
21.6590359199639,1.2955478001905534,1.1526055454442314
21.551273190764547,1.3159156793929423,1.1537951624385885
22.516740438286092,1.1508629712484733,1.0331616741168914
22.1551744274729,1.2098166737231089,1.0199017067037133
22.142898531796124,1.2179500725735903,1.1071727958253503
21.72506966204098,1.2894558816884572,1.1171786615283898
21.433978651917737,1.3371518065753287,1.219284792633784
22.000005804211163,1.2324066110702059,1.0796927977690007
21.947996226445134,1.2436267463046642,1.0544784954557067
22.340677787150273,1.178088611494704,1.0384601112571352
21.567797633154107,1.3109290494972061,1.1429298798679641
21.48682433345532,1.3249688277162626,1.1916555423651496
21.836797608054194,1.2632943062588595,1.1768853199331968
21.707126661715726,1.2851604648178276,1.1220045531690443
21.46586651150045,1.3287855736836804,1.2584203592864174
21.52133021048997,1.322100914057637,1.260502197547106
21.408338459820904,1.337224598280425,1.1977833491585925
22.341984557128995,1.1742010805139553,1.0347978045469406
21.12634951698586,1.4017975546616506,1.240746891186491
21.03872689623109,1.4106104631288132,1.2244197101704506
21.448394270925483,1.331993614867896,1.2327974982939154
22.16885027245072,1.207491162009865,1.036569648166345
21.535394725962874,1.3136514842382214,1.2316048509200397
21.755899360000758,1.2779432118024008,1.1314985066993042
21.790651388497274,1.2726213157075752,1.107020732184217
21.6253322534308,1.297224275502677,1.175540671512711
21.32681389014111,1.3573078019385365,1.2152004449527478
22.034434030296865,1.226698172986675,1.1492279380414634
21.01495655924768,1.419196981451546,1.2302077236410045
21.450458985928236,1.3286030235134718,1.2217871099296211
21.831056488057754,1.2692989662843916,1.052887005134568
22.260662777960317,1.188692539127053,1.0439520889614355
21.244278883727265,1.3730494005683258,1.1628933437179072
21.663489836760306,1.2936605774824055,1.2097146438035313
22.100852343474102,1.2194732276921285,1.0471930476508315
21.17901156766446,1.3818923166469788,1.1902892979479023
22.1269282487341,1.2148926795526371,0.9894541749751737
21.52223746424358,1.3161534902166334,1.0487456673512874
21.631177597165532,1.3001623021542799,1.088864595833161
21.902484169328023,1.2541579651647528,1.0589597464347424
21.469909263471735,1.3273480184527393,1.2019929353357208
21.51212450912658,1.3238036900055623,1.0898355825607005
21.6637295829431,1.2950260915263028,1.164672317991152
21.802531834788425,1.2693545910633572,1.131975421180507
21.594675922296258,1.3056171210261738,1.1744750534350596
22.198051009585075,1.2053769237693837,1.0357465117576288
22.003193165195217,1.2376396517420865,1.0595967805521942
21.526373267559315,1.3143309152988216,1.1273903349035392
22.08761778823558,1.223899204717423,1.0697099852359442
22.078254098608546,1.2232472518773347,1.0216698371087212
21.671768626958873,1.2921674686596316,1.1909317110876843
21.94788264110232,1.2429370795458246,1.1232027668678533
22.191027304901255,1.2034131947322675,1.0393869561246327
22.17188900485538,1.2052822679813817,1.022981055273069
21.9935220954233,1.2395024222358453,1.1393075525397587
22.19007177695321,1.2062793136518533,1.1137611770902898
21.34001012021332,1.352133845054026,1.1710248256044542
21.82311514368597,1.264526064720205,1.1209350893901882
21.641613414237874,1.296301059274214,1.1294182172244975
21.078829221684185,1.405295139875245,1.2278476606072712
21.70642326016458,1.281625105324402,1.1348377856796779
21.785881191457577,1.2735853988055126,1.1302980675888397
21.961916809598627,1.2446760624671995,1.0726675104637626
21.56594027671904,1.3127520890003146,1.1995515230533402
21.138644402845138,1.3961645937014018,1.1981593441402416
21.008347149466083,1.419016009429771,1.1700419334546912
21.331507341365683,1.3615963142087855,1.1102721963970867
21.60207943697636,1.3042085107375931,1.0723103707715835
22.010100140613766,1.233236923628477,1.0380412047514005
21.543841424611834,1.318676891987662,1.160195572027289
21.47058910807094,1.3337818127494723,1.16438225839484
21.816592729551118,1.2654384395941578,1.1709151969108338
22.011224865606692,1.2366947532857857,1.1581067525712152
21.62861916765847,1.2965036374425891,1.1126368853062103
21.915898797535643,1.2505365352473023,1.1505788581397847
21.548469650836637,1.315513830555622,1.1095867827493915
22.058068307110286,1.2299526010753963,1.096319540365438
22.147194822434688,1.2163713903340292,1.0562444922177336
22.007985643849672,1.23865947104919,1.080087535929661
21.56815528639044,1.311675255868364,1.1296581044934646
21.298294953567954,1.3595998614399487,1.2171888351622488
21.964379983740347,1.2431357917628312,1.0896239152457996
21.957409180820118,1.2414580674369156,1.120556156176135
21.79771710670098,1.271733250955495,1.050026914809501
21.573065295417024,1.3185805735322438,1.125419013289776
21.941889235429528,1.2360605493161632,1.0973942045712222
21.095875440872952,1.4105905602491462,1.247892734723635
22.02739127715038,1.2317622833735304,1.0380261109511708
21.427827894639623,1.3389417186626886,1.139331731405254
22.003940058172105,1.2399374411655362,1.0636503914944335
21.692915851045257,1.2848981265713821,1.1675957122208485
21.84210753495941,1.262984595612727,1.0915236594785935
21.194169208101876,1.3843081872854068,1.2595109628460672
21.812429724382046,1.2676893104048839,1.1340864610676564
21.90633821406073,1.254237552297037,1.1570093949787563
21.920730782845688,1.2512988139117678,1.146886267820661
21.6627859356903,1.297392195691556,1.1153779244249167
21.616131840967526,1.3055393820206977,1.12127366041592
21.805676403238323,1.2705532570493114,1.1042950404170506
21.886639746991406,1.255198757218591,1.177258114827656
21.687684386534137,1.2893399894434507,1.1484361922760127
22.177258960610803,1.207106248113003,1.1438716834490852
22.096600036744025,1.2240881145843805,1.035150982273431
21.673376880717008,1.2924602656700785,1.2260033985936518
22.310166913174736,1.1874968785969287,1.0511391889979405
22.24720200928115,1.1974695476912336,1.068625528215003
21.90271503849811,1.2529560336789032,1.118839772840392
21.628457968414473,1.298564476026603,1.1582841246776063
21.799927159736356,1.269047334274584,1.138917159357253
22.073783638301748,1.2237163997171745,1.0888701828301104
21.682617431757404,1.288227280888783,1.1919234832483911
21.770208995680484,1.2805594953058834,1.083065179289568
21.1907472203009,1.3820401966260536,1.1879470459954584
22.372613173829023,1.1727644881745687,1.0153562467770683
21.100000963162493,1.40148502426672,1.257546383867547
21.953712101018972,1.2429085246383933,1.156282348444759
21.608263480780632,1.297015210954053,1.169689948002584
21.592211572863402,1.3129270168615854,1.1474399043943881
21.592120924307302,1.3043263005609573,1.1058168705182836
21.849983234279694,1.2647850870624922,1.174998693835133
21.541125902161546,1.3147127820034912,1.127297435403478
21.947188757242404,1.2460203475567284,1.0778372095120394
21.41830932969338,1.339920135025939,1.1757154675596189
21.89905498477004,1.2553744524976542,1.1018223730217898
21.697639990811577,1.290796174124424,1.1705701731496658
21.463494223455065,1.3293211158282652,1.1555223860150021
21.617384961808753,1.300559345195701,1.0976823893250736
21.536600526883007,1.316665395154295,1.117375745358197
21.811235699616045,1.270599726489407,1.1873672751745419
21.877058482644788,1.2550858427521212,1.1712338896901744
21.37578694496552,1.347903843521074,1.2232800094223815
22.168989689016072,1.2050024586094745,1.0628623387824958
20.84731376013019,1.4535375397410635,1.2876570386871071
21.58262322013787,1.3073919165523298,1.199185747005989
21.73328794722007,1.2846851789401843,1.145206096476919
21.439508097532993,1.3304053429206553,1.1353624096100092
22.158650746576697,1.2090201677508474,1.0122478922982463
21.511724245734335,1.3203421354050664,1.0807376927476742
22.072776438693793,1.2261867576601126,0.9901873926053186
20.87671163288633,1.44892900910324,1.213120075840398
22.352136957043477,1.1798152186841189,0.9577050495744278
22.21700810256017,1.2006049156558216,0.9724312635249359
21.510765742892094,1.3136055635293273,1.2563334775524149
22.20807443663605,1.2026302118856464,1.0814350881011177
21.8616022801694,1.2581006487693747,1.118313146784395
21.576744287346028,1.3090082981442923,1.1286194552175006
21.834631093525324,1.2656980184588116,1.0713458081385758
22.267170492030605,1.1901351509477116,1.1071034085897975
22.341382355121336,1.1800525094861072,0.9863860628202189
22.4218403678368,1.1660601033181095,0.9513566937353661
22.062212775495194,1.2285671268245177,0.9934290441926417
21.642337255985066,1.2921205947228735,1.0814173090806323
21.571959798669248,1.309594199615672,1.0899493371800306
21.6939765880035,1.279703605926687,1.1312514306177994
21.897438727235887,1.258686190207233,1.093035291850339
22.006798371119597,1.2384683056840367,1.0575476777467379
21.670639532865376,1.2930482090688333,1.1380949494501569
21.646852636373513,1.2962293150651167,1.0800678987771777
21.761144054610384,1.2780630797047492,1.0391637258735913
21.581121720398485,1.311950792179575,1.053569976265286
21.800037651853426,1.2690281020453174,1.0803000628419108
21.930727897950725,1.2499154074423418,1.0619970186133934
21.951074839112152,1.2446004215290347,1.0769636990576215
21.867105801705378,1.2613053029345322,1.0473490583218008
21.36396746821744,1.3483513155822595,1.1940961552318843
21.870837622215532,1.2634255077260281,1.135639479034311
21.756704356185494,1.2817004291489633,1.1609881482580429
21.543623666303326,1.3190851050298829,1.183438750169341
21.469131957642986,1.3285420514920678,1.18123688898636
22.053108411470717,1.2273227200198649,1.119224939869666
21.591612404975262,1.3039104814789648,1.1588529847099416
21.89679356200221,1.2546469760760397,1.08641807461157
22.102144217650284,1.215663686578808,1.0931061287421846
21.967229149532994,1.2428619212857643,1.1035089463796628
22.023420324926843,1.2299758151970877,1.1049752467182468
22.21436277227219,1.200209905989427,1.0613893112202208
22.012151278216553,1.2338373446379907,1.0922163042289963
22.27142812038534,1.1900970628537308,1.0495058239263195
22.32798834904423,1.1791955935696403,1.0397498328489938
22.293095502856815,1.1855528571777878,1.0743500161682806
21.238547540106925,1.3713541269887384,1.1713191390495394
21.22261274224462,1.375721262271267,1.2672800858824653
21.070009311586013,1.4039139853863178,1.2304990872173587
21.811996925300893,1.2669774509228462,1.138235827230794
21.603161319171477,1.302451780418493,1.1448428457909219
21.99171440297506,1.2386216907921719,1.1608402297271196
21.71871928406638,1.2830222673447214,1.11050032734364
21.721232219548668,1.2839863380828405,1.1689022540379521
21.513978359560745,1.3195773761461325,1.1752706298996987
22.514300950491318,1.1544031768615948,1.0898940738935083
21.827190624702055,1.265741306372474,1.1207894119032373
21.829143276883343,1.2634681243990264,1.0952202784309313
21.91300958388294,1.2551497022890736,1.1380656467991883
21.410528147003706,1.3350342937849757,1.1280903055603826
21.631508773069683,1.3057045082865109,1.1668377169549689
21.298257223597624,1.3623542148438086,1.1923998834849336
21.4354336709192,1.3402262425635971,1.1558349899100044
22.16668343033018,1.2050715122842195,0.9939692975343887
21.265799878647485,1.3683210968429798,1.2672611861903926
21.957069640696133,1.2443605425960067,1.064465459365139
21.531240769739263,1.3163043399480132,1.210420722949435
21.916795879884695,1.2487114022931438,1.1369948527250813
21.693275140774624,1.291099740808606,1.09992709871132
21.75928568082446,1.2778553617580592,1.0724001444603726
21.712291563379452,1.2866723141698246,1.1056117375139651
21.792961620382982,1.2666902158815951,1.2195746045843479
21.753461183944133,1.2791361260312748,1.1661276150399553
21.799476100770462,1.2692653650241634,1.1680959755086535
21.045360608373848,1.4077771292432255,1.224986404630715
22.326496969968264,1.1839245301365762,1.0070164688877639
20.96230515433262,1.4262902920413787,1.296153110208098
21.46257003909674,1.333456622332732,1.187577139542095
21.73139114860748,1.2846443135623187,1.1591180872374436
21.49811970887851,1.323863441642889,1.1710748043217063
21.9260839339688,1.2473389919251052,1.0561021260824894
21.711060933492995,1.2838037123143466,1.1232118846910355
21.649848641657293,1.2945174578823913,1.0823291776141788
21.640219754779533,1.2958888285658792,1.0693846586350415
21.628726982537813,1.2995583821837287,1.0738239746428093
21.810400599624863,1.2674325045224832,1.200724652375858
21.829778078897565,1.2637296384882204,1.0749313454622098
21.747687274722175,1.2796471421147015,1.092572800929513
22.057818136322787,1.2256693571903976,1.0387204008968283
21.057794897696866,1.4118119509721954,1.1715785407021482
21.0575927170541,1.4120524307011706,1.1834207852408802
21.425728990164263,1.3397073970306899,1.1827466646637084
21.716564759518857,1.2845811809394287,1.1532553419544502
21.96260557129788,1.2452251045850447,1.0744137453554725
21.588888940546937,1.3073903188711489,1.1913063534188129
21.831993050117724,1.2668284443404012,1.1515567915807834
21.64709683171643,1.294423260425276,1.1100306693297841
21.666911275863548,1.2935045824307698,1.1297327066176703
21.63690157927786,1.2973002510279443,1.1907497019895223
21.611575710661537,1.301832163418062,1.1985011276539441
21.904217086021127,1.251680504126085,1.0744044517531333
21.97749835981599,1.2398119246520918,1.1479898610014412
21.57959210181629,1.3159205381136765,1.119530477151622
21.65671061653758,1.299529600919587,1.1136861486244443
21.77540207778517,1.2711107795323004,1.0869239202585643
21.44189663810733,1.3356726225961757,1.262916396634913
21.354050558493952,1.3490982512170673,1.208089734727563
21.56546413136207,1.3107414400350823,1.203166363522013
21.786644290715202,1.2712085038179124,1.1858876551048911
22.131327082638613,1.213236191086719,1.0383014723186794
21.79688771237605,1.2689708139400526,1.123062170351763
21.622229258147286,1.3004002795977643,1.1463830215915682
21.22998052018805,1.3755589931287688,1.204845009539068
21.94864810010189,1.2447208241670362,1.115850234005059
21.704187112628723,1.2831850193010528,1.1427000722738316
21.671626905211617,1.292719622245208,1.1011712124049178
22.084327805608673,1.220016684467074,1.1197379257814735
21.8249775706101,1.2623148916863498,1.1395847693789172
22.07198046320704,1.2271203925091994,1.1094436614378687
21.341592170807345,1.350261642376054,1.192745793334735
21.39944133521934,1.3393169898998882,1.1974351289189524
21.30756832782113,1.3607629328956303,1.2225023155159134
21.596851633602864,1.3023936608257551,1.1145189262331905
21.63284825097675,1.3012707477862202,1.1041700778577082
21.367098909160816,1.34814559491559,1.2356982951777233
21.59645582041901,1.3060373424704717,1.1700008520895917
21.727751908854813,1.2833776652373416,1.1241847624326404
21.361142843305934,1.3500035344654313,1.173670679929792
21.967132381201196,1.2409358501877112,1.1418551367918208
22.071484351708825,1.2228400710559275,1.113110561331662
21.177484928097833,1.3851771993466397,1.1803526645773306
21.77208830672334,1.2755242505618316,1.1706756767444528
21.960464101107227,1.2421734686058559,1.109340512060901
21.945801341002454,1.2472047329925229,1.1214052524483837
21.029423339337654,1.410008290962652,1.2845440381434798
22.143000976422314,1.21030891858734,1.0481214674393762
21.46379154379806,1.3274614954413364,1.2217463648099385
21.924697612648906,1.249064641722985,1.1041378298174833
21.81800857660219,1.2655695439612216,1.1162994397245414
21.81790476785714,1.2667061895451006,1.1594183276058265
22.238603280562025,1.1951747912091226,1.0797993434188078
21.877645026217984,1.2594023170027153,1.1324344952258207
21.135943016885143,1.3924619149941242,1.2409615225954365
21.75149487813679,1.2800406278005836,1.2061945500184423
21.698971115857532,1.289065783993266,1.223097469863906
21.87267605611563,1.2574355437362474,1.061289394625624
21.83973500289669,1.2637119113311495,1.0617378803152238
21.646614786769426,1.2998227049947866,1.194838489309615
22.092041263411083,1.2180517764332832,1.0476167592665324
21.44019164904377,1.3389003183458021,1.1840998508979808
21.160628267712326,1.3885554474491704,1.23606896332987
21.27216919209465,1.3674774274523305,1.236615843111538
21.868211793395886,1.2555533145872202,1.1457698911807965
21.771834832059795,1.2765959003783407,1.1321076436984476
21.882730236836874,1.2533550924575267,1.1077818569860376
21.404589387445682,1.3376377600072828,1.2616554387863583
22.37034320060827,1.17555261631661,1.0911123567058514
22.14348265035118,1.2101962820181404,1.1679006131194465
21.821732722598178,1.265178777801836,1.1622820607221485
22.14914177898611,1.2103155975481408,1.1447230912100514
22.036743621612665,1.2284804926019657,1.1616094780085542
21.320374502241457,1.360927684275665,1.3172633314930393
21.69671022660721,1.2887500990733034,1.233576092828377
21.90076079803828,1.2526683667803749,1.1535539974622695
21.74393699536328,1.2823551843727363,1.0753429536412429
22.053886516496085,1.2263737388181477,1.152384463560608
22.004737118755287,1.2350707133361805,1.0398116681693637
22.495808844808842,1.1589122895459711,1.0807064228936771
22.355573358613185,1.1795981873935997,0.9989767153237457
21.69383101329997,1.2888433526885201,1.1683398625158303
21.7527610527289,1.2768973929715344,1.1688509492293744
21.38862969073633,1.3459204377511351,1.1803763641310934
21.797927820090486,1.2667815504980218,1.1275607213051821
21.735990758770285,1.2761377300901409,1.1441337895400752
21.896205482775304,1.2492763211510263,1.133050664114911
22.29070022614568,1.1914364492623082,1.0876061829480013
22.113565888922082,1.2138993491135874,1.1098127220911962
22.01680548024255,1.2293320088576882,1.1219644128534085
21.445963128655016,1.3295021694175386,1.2108792905521448
22.29916654976434,1.1856566126059975,1.0458731409636939
21.240306572025105,1.3691560603636015,1.2133458649306714
22.4191367914985,1.1672841209106664,1.0522743226344475
21.55446289120578,1.314179114371109,1.174699721976527
21.973105158427632,1.2405386318881007,1.0673777760806396
21.68654838103268,1.2908732877773343,1.1052550530802216
22.03901489501935,1.230181459588522,1.1067844513517913
21.91184885706356,1.2512591937445057,1.1056781798821305
21.5590516060284,1.312387358741861,1.202817666589942
21.721877915328733,1.281441885071963,1.1369744614681814
22.318011100744275,1.185412669993894,1.0188036520180692
21.851675650957493,1.2637572969499402,1.1099101788820944
21.807693609578934,1.2645461054613776,1.1401076357870283
21.56160874167486,1.3131526391814268,1.2731684442440725
21.69950108094271,1.285236246954161,1.2634604973895471
21.292929962761058,1.3591311266794228,1.3249480704805636
21.606379547012978,1.3088951416080612,1.1856087419753019
21.884532011599028,1.2551258853787237,1.1450323816289196
21.604092190015265,1.3049066599469914,1.1964650568159914
21.557930578538794,1.309629790163869,1.1698756850283543
21.764961825802253,1.2706608975930382,1.1508477977490577
22.181056553619293,1.2058216110768543,1.0541819532451155
21.598784071914444,1.3065473370619052,1.1422589868188249
22.13127236982407,1.209579898039181,1.0324282471143758
22.119221771678397,1.217700354497089,1.0935564557485278
21.671862965507493,1.2875850524310049,1.0710468931584436
21.799621999419223,1.265049487378385,1.0716068119925266
21.957041329869327,1.2360514955395174,1.034526464999285
21.768253649326006,1.2783106512991462,1.1301206179837973
21.81476927605968,1.2688428491081016,1.1246911129045314
21.602839788848556,1.300484923236697,1.1911663261093803
21.67515480827967,1.2922088090975632,1.1349685461146288
21.726420640118295,1.2860065921802897,1.1793324254551842
22.02880808334978,1.2296333998333577,1.1004385226594207
21.40831790454908,1.3409043267842027,1.2278166169486786
21.908427563855646,1.2553716110774849,1.1950456072068552
21.506783951072094,1.3174758234529877,1.2710908832344465
21.506718210152357,1.3213426596389541,1.2649150385366292
21.583732365707853,1.30093670219311,1.259311777006225
21.932953402310943,1.248588988074338,1.2118225067109822
22.02431782098807,1.230740898064685,1.2154159247835068
21.93826744991589,1.2456118191430268,1.213364555444199
21.567732875841614,1.3059583016249503,1.2518975879682277
21.97936753927347,1.243660332564962,1.123742313653632
21.716816470185016,1.2834900205510096,1.1387447853127397
21.636509787976834,1.2950497156491543,1.1976089249040158
21.883878889260643,1.2575495239942915,1.103735971696136
22.448415641294243,1.1614960476124994,1.054478708984651
21.119881379544353,1.3988920530136606,1.209194924076546
22.102795109447555,1.220425653623892,1.0701603141793192
22.109314234479495,1.2171703579398645,1.0973469057822247
22.04129724254209,1.2300262366693042,1.065702697418624
21.16921537823898,1.3814563836373959,1.2000456731468652
21.294840455264747,1.3611207967108563,1.2036712931339546
22.395411530080754,1.1703301498804801,1.0713003219926849
21.917249521419365,1.2494037072577149,1.0919880449907131
21.625193105308252,1.3011144886730908,1.1939370646586083
21.453273495265297,1.3301856917784816,1.1754077376681151
21.81468865006218,1.2710414933688796,1.1304574311604882
21.395740885886923,1.3402615725653926,1.2272692084127588
21.822305089257142,1.2642840733542526,1.1679065652157645
21.588245508833644,1.3051815215412599,1.169696205755367
22.054809998620925,1.2281287280586943,1.0922363190465414
22.105535812608515,1.217217432779207,1.0942807036449318
21.907598638921822,1.261657002387435,1.067191318955
21.296728953361665,1.3597266743403413,1.2060398628074953
22.21439598037947,1.2005116709325663,1.0489598696501075
21.52499713636974,1.31797690469638,1.201476796742236
21.688747229359116,1.2879133598834016,1.1515367277328712
21.65024601059598,1.2945138209311562,1.152369936505697
21.647364847433487,1.296139143021698,1.1933715215809102
21.721465170469564,1.2819468956190196,1.196554654690875
21.83589869905819,1.2654124163206,1.1377458666052895
22.018808842246365,1.2350181990219855,1.1130911703157265
21.680771267668398,1.291728440270325,1.131380118010664
22.12326529699158,1.2131150356074967,1.0098074711900926
21.046199690337087,1.4120296532996643,1.2539959680658228
21.708188245253236,1.286361034739262,1.1378247317068797
21.78969015930227,1.273505302920368,1.150670824630764
22.057562014466804,1.2235138320019432,1.056477560436291
21.881599251182543,1.2564350052474118,1.0986641095072658
22.02645424007912,1.2316559638189626,1.0737438978003397
21.684332506281734,1.289040974418837,1.1386575625829396
22.162828524432605,1.2079955321794882,1.1128472766361341
21.983336141362667,1.2370545288435486,1.0507409781129815
21.884137682517856,1.2583654567865228,1.1204206370206862
21.586407411793886,1.306770964401467,1.147644767350649
21.295741920380966,1.3604425944403709,1.1881343185544775
22.136179792335625,1.2148855704273034,1.0845650194200105
21.757784579416686,1.2803629582336347,1.1386523317752093
21.85687333387401,1.260450421621546,1.138004466116148
21.76687725896162,1.2714837922558035,1.1399261008858839
21.796505321648862,1.2730637474329392,1.0510732927245283
21.79023930174421,1.2728420722372715,1.0731778233901512
21.679878961644704,1.2876789491409923,1.0427392621698228
21.82954483278675,1.2632439115668193,1.0277716283227973
20.760569050140088,1.4710058286801801,1.237174075561859
21.29710352187137,1.363623052957142,1.116845099877867
21.665740996734876,1.2937329504241386,1.0324282435465193
21.709138566351527,1.2865160867427938,1.0440952844025602
21.626805921354375,1.3004144187986069,1.0627765496706942
22.152645881305876,1.210780212369376,0.9982481167546
21.184733186610178,1.3803197197741297,1.1320775918875037
21.144570743947355,1.3880922056827445,1.1795655931592113
21.51432563759951,1.3213851086326647,1.116187831287172
20.99351893352432,1.4208105873231704,1.3222180012397713
21.371390563946264,1.3499800959987822,1.2173509982942043
22.06900327402166,1.2257829470973414,1.125037066465553
21.843168753714203,1.2659061840497434,1.1276330533710741
21.612650239250886,1.29852267366989,1.0841713362166692
21.914257265124274,1.2462115905151228,1.0485960609997043
21.84557496147128,1.265232061141337,1.0955266861482658
21.59797964711834,1.3012686569907808,1.1721913736499239
21.584596514488446,1.3045960466107898,1.1326395546087222
22.142904273837967,1.2105180886420246,1.0613403588741406
22.185358059934323,1.2043660114062236,0.9857120702439929
21.68295376054288,1.2894525636747862,1.098040786725622
21.321006486541865,1.357443651102052,1.1707386082195113
22.115389405914478,1.2158281892312768,1.0431856880016126
22.00277681555539,1.2314380346585954,1.1039634449765883
21.974146106105955,1.2471588350817846,1.1206001127895706
21.73119037252799,1.2761446507216594,1.144060388232836
21.6958724162887,1.2938533130957566,1.1410641869606784
21.853437896555448,1.2645745746733266,1.1222895474130987
21.872901090081733,1.2619070974848055,1.1260970421858607
21.30139254349701,1.361552176331886,1.2428937969342995
21.44368010879336,1.3329947518607508,1.1045812099493926
21.639930912092808,1.2976808158956865,1.098831682239548
21.33730539851674,1.351503146059017,1.1724500567956144
21.08771239441731,1.4010292608163604,1.1943880978726213
20.949690474146816,1.4288731222365054,1.3215905819772216
20.929988696783873,1.4329577125145534,1.3232182126934262
21.34386893466951,1.3539457543197788,1.2110195463127005
21.375946583464188,1.3471335179989896,1.1744513827906915
22.03585601144056,1.2284572689901627,1.0789523579838542
21.699695838035495,1.2864634876205476,1.1243685728768065
21.420942689401983,1.3405570802151392,1.141517086031342
21.731235318140886,1.2904682408463621,1.0954004839249216
22.24350116282025,1.2023120159580056,1.0310758923347283
22.108190051511894,1.2128200660642445,1.0622423309317774
21.5244150898907,1.3309578140745846,1.1827946961850913
22.387517528135945,1.1684763472514623,1.1247092294467025
22.226464408177684,1.1945387623158543,1.147800799450438
21.1740417664802,1.387027106367747,1.3337363511493452
21.933049095436438,1.2468088981118832,1.2200478871027929
21.5425498191334,1.3163290223806872,1.2484542155348513
21.597441854101035,1.3046704617823368,1.230688980102825
22.04614883388156,1.228810720103655,1.0489515556869933
21.870119957673744,1.2620079903656347,1.1047712539198546
21.84212640091552,1.2626518896074184,1.1038761109044009
21.654662838771586,1.2944695337498964,1.1944652374199203
21.827323584182217,1.2650424893690055,1.0990031501357291
22.117460556591173,1.217823471793518,1.0131937400665123
21.414351199432318,1.3373684066768299,1.1326419588728123
21.859183682845824,1.2565531766436726,1.04304618031844
21.69882566807143,1.2912318962530962,1.0596750385276175
21.49849718692849,1.3277435957206178,1.1215929110695453
22.08127401143047,1.2306473890668532,1.0272397178687087
21.557906503088333,1.3052145234211217,1.0901368321181129
21.592527266006254,1.3019854875014285,1.0880152807673742
21.900996479265707,1.248183255826337,1.0079066392281137
21.606290333871396,1.3007771942802195,1.0470671158854774
21.88560577783052,1.2587130479055975,1.0612049106803498
21.780937646517074,1.2752814089619995,1.071965508488367
22.024032364757343,1.233360850415061,1.0805590599656303
21.96854516617503,1.2422727078100917,1.0868630051425883
21.144753328326836,1.3919632221114542,1.288934408900573
21.194382269077153,1.3806593506387455,1.2626878960193524
21.333733895195287,1.3491968517202306,1.214422007667845
21.29468484186701,1.3586024370168617,1.2401135541805233
20.967350673769552,1.4185994526838854,1.2785378568399721
21.12113275513756,1.3904344643508733,1.2454393459130002
21.58934796392765,1.3076616307608733,1.102739207448735
21.81300313514145,1.2712432188886236,1.0953437760725233
21.725968089890216,1.2809261748330907,1.0766180557073701
21.89813486157275,1.2524130888623233,1.0277427025276575
21.52086712390868,1.3192230924301551,1.0801801967947045
21.68629827882009,1.2838940901908642,1.0811646009854627
21.38986631128828,1.338825986765517,1.135937393257752
21.167794501572804,1.3803887096155822,1.180254368927175
21.393105267774736,1.3453103885463573,1.2341293655222285
21.11844347499233,1.394248988359829,1.2684633062464612
21.351067858262176,1.3490180845671687,1.2414772087182486
20.989245602268362,1.4180001672404494,1.3004151906745067
21.439868461758387,1.3356147595145016,1.2058622101342364
21.81799015106716,1.2673169319331492,1.1064065897140223
21.771622527790463,1.2736694257094805,1.114551263293745
22.062836577677437,1.221408339963003,1.0384107685885722
21.593117463215457,1.3100933717786547,1.1393222822848295
21.865035740461003,1.2563862344435122,1.1159840781515518
22.002190912602366,1.233380268141687,1.0524515002639343
21.705395976530433,1.286994448127243,1.1504881645908789
21.69758170465118,1.2885359011242503,1.1569029086694278
21.440554860412853,1.3393736024033542,1.2122696101129917
21.059948051245478,1.412579287258276,1.2838892287624453
21.058178666176993,1.413729758820918,1.2997832489202177
22.04840937077455,1.2223639113077889,1.1328017842227633
21.441910102224902,1.3355337220022911,1.283936453903877
21.73141370223802,1.2824548587319162,1.2071815191615813
22.314651288053064,1.1825823188339475,1.1558076886538207
22.17185085109845,1.2069261974258116,1.1661579933516797
21.55299787173702,1.3157913681098894,1.2474797200845011
21.33869061851261,1.3508052161936799,1.2365704694944393
22.461755457865046,1.1613988379152185,0.9228666503807971
22.377898039406737,1.1738107676736529,0.9919140919399806
21.791832286484663,1.2717115147347722,1.0804517508362965
21.782106561363427,1.2732589545928505,1.201833278662317
22.066000519891432,1.2222974594157947,1.138465814313398
21.562818863447397,1.3094831452306268,1.1290930816209093
21.499111415054305,1.327348177986312,1.1968315695509624
21.6809733644473,1.2935558255226802,1.136509049772211
21.879229369362506,1.253124581420166,1.0920365660176692
21.747018009410972,1.2796682001964,1.1310444900338412
22.056584821887764,1.2255748082101752,1.0503623858554694
21.456266754149844,1.3277139008263943,1.2091345644980132
21.13191322335095,1.3926811387586389,1.1816695030012256
21.99884671836312,1.2410424949496086,1.1182700508661485
22.045766625048685,1.2250148297924086,1.0792683791024256
21.700627148487847,1.2906614223788813,1.148206367272673
21.821274659284594,1.261568120470188,1.1230115049412022
22.495068901240117,1.15765380955629,0.9842547062738025
21.640432040536425,1.2987955062405323,1.1128264815856643
21.610749083608837,1.3047211577503344,1.1444015622353803
21.285897084986203,1.36279687102495,1.184726254674311
21.825906437775313,1.2669559207871084,1.149244801519729
21.644368799433607,1.301861791984111,1.1310278928229367
22.069950041423525,1.2232835607892374,1.1090559571266942
22.143476128904382,1.2141508043942637,1.0705040336113425
21.992012461004506,1.2348068929101512,1.1198879832653175
21.85222659069216,1.261321846117414,1.1475495014241512
21.68743706317285,1.2923595628854536,1.13995848822971
21.690604465418808,1.2911228416147695,1.1292749846340042
21.663427100656,1.287312133626288,1.1992160908256337
21.861519552057047,1.255523909994576,1.091337978234685
21.983512883490707,1.2369750070901402,1.074298287290302
21.95105362594839,1.244836320895051,1.10728634112399
22.187328895694346,1.2029233353467423,1.1259411663398597
21.935428850881692,1.2446875375438877,1.1618672879575638
21.64221579825102,1.2944614356432123,1.167447294048423
21.459982746279955,1.3236636984863581,1.2228266177639138
21.353680381426138,1.3574309903718873,1.1610035962669931
21.545447020700088,1.3126714747066066,1.163233139533678
21.515878209566587,1.3250852439206378,1.1651567615082432
21.512984404683525,1.3192631835834445,1.1555222261174514
21.864521348313403,1.2619672865093239,1.0595684542737562
21.786717242269717,1.2765622146385593,1.048553176279677
21.64762751150898,1.2924564975974897,1.024994531523236
21.94715002586682,1.2480121705348994,1.0293417753602463
21.97526888718292,1.2439569771580343,1.0568500273674686
21.90542232773035,1.2523369274774379,1.068529867568494
21.686510243601106,1.2872574793710343,1.171819323789855
22.198149979682057,1.204412344142759,1.0807797429779877
21.63001489768817,1.2969931421524903,1.1069372985774595
22.008038457642627,1.2390471545271788,1.0610118987098078
21.62979463301239,1.2947758289005946,1.1825374137375677
21.340861513132833,1.3538248113994045,1.240964133355648
22.045947589470707,1.2277440417576342,1.0589782031046666
21.762114667671327,1.2768607318159717,1.0953241519247083
22.034469140273664,1.2317952780889911,1.1618975692260234
22.051988174002027,1.22979263723286,1.1579676232887925
21.49794327574145,1.3248523673703376,1.20243617808318
22.080488643613347,1.2212024151935994,1.1163478671739717
22.247532988213575,1.1936789828659315,1.080121108977505
22.25273749681358,1.195391472241306,1.071707210469933
21.890182455979136,1.2525701554811606,1.1618022577254068
21.411242151207972,1.34233060149875,1.1951498492528523
22.108801190387062,1.2172824411981913,1.1009541893256742
22.00958065753742,1.234346853463448,1.1361910589512128
21.922130742997595,1.2465098945694668,1.0661166631872288
22.04171094275207,1.2264276110460475,1.0968122152519824
21.97913269383046,1.2341156831407722,1.1194863093686145
21.965237792346258,1.2362814723882722,1.1370938975842062
21.818626602708846,1.2722334186318802,1.0910413298101114
21.91877334452269,1.2547115309578647,1.0817651577848675
21.861084035181126,1.2599639040091692,1.0919072619721506
21.637987839845334,1.2964805097288248,1.2364111414725394
21.551896073902473,1.3108637674100854,1.111067246001861
21.97432800722226,1.2408534080293323,1.1225803704804687
21.209477843436403,1.374831073519046,1.2725671984439586
21.57631538511359,1.311157062785857,1.1159573102629485
21.4256264628316,1.3419149630578873,1.1356096098752073
21.415886571764542,1.3356409151677862,1.2492823876715184
21.89295783593322,1.2591260558563218,1.074005293004109
21.916724169722492,1.2547693751478461,1.081041507563953
21.873089205858406,1.2628701866290302,1.0901560674983446
21.63185981676895,1.2990453148474672,1.1698638715277658
22.008697126672285,1.2373989499551294,1.005778706593628
21.545617848512062,1.311674254562165,1.0667970396978814
22.00552627258278,1.2336718788430718,1.0469108313075786
22.182883891263728,1.2057162877028926,1.0273587803415425
22.45524931131471,1.15984333822657,1.009775465008032
22.07734186475829,1.2279268308464626,1.0809580175902274
21.600673677684313,1.3002179098528663,1.1872219016352559
21.716859733629825,1.2892318701586987,1.1450208613215838
21.750565471530983,1.2771580263549809,1.11002306133491
21.59660457903277,1.3093257836689394,1.1696858231024065
21.27041408165417,1.3730885527933858,1.2122324933839823
21.27391412406449,1.3714586425680904,1.205609818088416
22.07455398832674,1.221854379492272,1.0713384118377198
21.41802235377889,1.338482492699342,1.2473771109488645
21.4284017318678,1.332756997067074,1.2490507338450452
21.38320373432147,1.339306279056185,1.2841319195296939
21.99086649639759,1.2374881282996646,1.1534811571708912
21.615089543628883,1.304692837688994,1.209268724040312
21.817003319337402,1.2657384541917494,1.1155637977129533
21.824165285370206,1.2664177921394477,1.1326708814277668
22.32762286275795,1.1843711541605313,1.0186103925470675
21.55547288271962,1.308762458901947,1.1345233539725674
22.18509396453835,1.2125960905823052,1.0037726977601618
21.769559382758274,1.2766532844623955,1.1713016072319558
21.774857527652912,1.2778621897267128,1.0973993524413221
21.83588193179592,1.2593199665188002,1.1374278911532048
21.93094600996183,1.2451610640714101,1.126005202939944
21.336912568305763,1.36116797804097,1.1410062485083596
21.416695270908697,1.3392197850629215,1.1483028029617968
21.47999368722447,1.3259791990395202,1.1359825477441845
21.77859763730192,1.2752151227034783,1.1333479878982724
21.524864943575054,1.3248260608619782,1.127925937615555
21.704258486942514,1.2847913811288214,1.133776151447524
21.861187246753374,1.2564646385830769,1.1414026277297582
21.313244641089852,1.3592510817276582,1.1912862760979672
21.585253161836178,1.3119525457388057,1.0883082308541017
21.54023819039776,1.3188777803110079,1.1131620537041347
22.05886620842744,1.2217509038381358,1.119852877972647
21.87369134866573,1.2608271922536116,1.0441878659577035
21.856635378209496,1.256960849189456,1.0420137756736723
21.753983665783696,1.2757584196641665,1.11145782317799
21.623111595396594,1.300540041990986,1.1503303891456784
21.595174879471546,1.3100026218716134,1.1049734285627497
21.640913613541777,1.3020461407074622,1.1098239122843894
21.8740184984888,1.2586767939672214,1.0721802207719593
21.77338712639171,1.2715864599406113,1.193150744103336
22.01408397926462,1.231844832639147,1.0883852999272914
22.09502562268056,1.2212902014432079,1.0680890632148965
21.254617364020916,1.3713453537551374,1.2811150089277359
21.748822721920465,1.2791132666023513,1.1078466170693035
21.845430912655555,1.2610167061634496,1.1160779800353882
21.621175456752233,1.302959082946521,1.1170195542673023
21.94780673325433,1.2449106305093942,1.1083299246443665
22.01826433657544,1.2276301166752794,1.1179381681064862
21.661636759716494,1.292423290063315,1.2070620326603265
21.98487134527946,1.240754507341558,1.0505975860214865
21.440486048676096,1.3358219667778686,1.15101981183579
21.97616585669644,1.2391100988407775,1.035771879725679
22.12077464941914,1.2140174263659071,1.0275455960722641
21.788918966732556,1.270727094605574,1.0551769900546688
21.741135194937357,1.2790174499669655,1.1008027623323988
21.717601091267298,1.2845467884630655,1.0968768675929055
21.985395984912454,1.2397142234337053,1.083965046959704
21.376768829018708,1.3461939394009446,1.1972353095515644
21.309911306750774,1.3642452087217078,1.2092737309083312
21.240185474264706,1.3773017195558568,1.2140993578314694
21.44454032769072,1.3318969529452431,1.2236191476378564
21.591764908798392,1.3079050967808254,1.1871300987022362
21.847672728840074,1.2628079075836862,1.1102562194007048
21.85926517481781,1.2616461635196818,1.1097723939428075
21.71771578221237,1.2811823565920168,1.1549159925388364
21.45634129137003,1.3310849161545864,1.2461807647045504
21.655588163793286,1.2953698046017332,1.2280208344354213
21.54911406289316,1.3147725818631841,1.2955167486989176
21.82142504523014,1.2649672942707413,1.2148022841501456
22.07748180219531,1.2227104798768262,1.2049283684444834
21.43680642380403,1.3381255980287103,1.2119275243649308
22.30525056704454,1.1828318928426134,1.0915390469159099
21.515428216392383,1.323730479459554,1.131324194475313
21.293709375826836,1.3653094453782477,1.1432939439061025
21.734719940266082,1.2836284497434043,1.1652610698928338
21.772850456027204,1.2723017023212966,1.1456138219846963
21.79460485358303,1.2736439598851033,1.1152315077683963
21.981042741916283,1.2407554044286153,1.0939078960966717
22.35666242469012,1.1797097164278703,1.0713824023345573
22.316641871818128,1.1856300206092705,1.1008118125297381
22.386366140388894,1.1764343257369985,1.0007789821492372
21.9552423683475,1.2470429895288133,1.0729024533071183
22.143860248940328,1.2099366341444047,1.0925576296927455
21.41631719667783,1.3377834632705567,1.1782072953596012
21.426847976782938,1.3378858716493585,1.1720187379671883
21.3396750236533,1.354101837966361,1.2108335754382868
22.099190987869967,1.219022428988733,1.0679471664424722
21.901924096773122,1.2522007215067374,1.088988732400955
21.467131815941386,1.3304503373993966,1.154752183017889
21.572027585576674,1.311070263569588,1.1375812170429445
21.15791496284164,1.388634109809958,1.1973465012830637
21.08115860989429,1.4030258535426332,1.2198253591472916
22.22233898123221,1.1972506283268012,1.0971855372448878
21.468192855734436,1.3287524204599614,1.1951892140917262
22.32257821010019,1.1804366227345386,1.1397212403427854
22.103474226382517,1.215691042484726,1.0595340866846272
22.025018132569404,1.2338452357059835,1.079415026717462
22.180676520988236,1.2125424667855162,1.0924904721091577
21.288737920468577,1.3591742376735427,1.207677162815099
21.580147318526045,1.3083591153296363,1.1558082666029992
22.04125718470315,1.2286908552926643,1.1516457575201886
21.98802269303596,1.2421327301377374,1.1230289937659004
21.85460540112689,1.2581856945451653,1.125011931343841
21.785704386255336,1.2757490343252655,1.134001459204715
21.63071233453037,1.3020870302795,1.189970216628516
21.762562837701463,1.2757097782387516,1.1228799005597303
21.70329620106446,1.2859564952291629,1.1203944825504182
21.257905543295337,1.37162598019431,1.165335385688672
21.29252981218915,1.3615931627044238,1.176547337045537
21.53394017045153,1.3188391440440999,1.1283551221589132
21.478297547545708,1.3310812980212583,1.1274834409548136
22.35646673832046,1.17321736648549,1.1159909973074056
22.306910728245995,1.1901524446814065,1.1421481665162259
22.294401091176105,1.1896323839892318,1.1360937762763221
21.687634054191363,1.2869281560360883,1.2477453071955864
21.798360888236715,1.273672221342711,1.2117691342972343
21.758042212310478,1.2753305640343189,1.1200515139056684
21.634713285582606,1.3022439660850393,1.16071704407935
21.571572524418375,1.3137831907066586,1.1742411643166677
21.965829930989294,1.2364818196919356,1.0925200067041283
21.776515474634873,1.272799184786561,1.129424982120815
22.130916959303292,1.2122316387034824,1.1076760570220308
22.41352636797989,1.1674478960658534,1.068937537616799
21.323591968722845,1.3577245213404325,1.2612248205022327
21.515522035144606,1.3162890612970006,1.218887117549368
21.71114360861325,1.291554303102436,1.1884212431489656
22.159932815808123,1.2098090040124927,1.039872458432383
22.106559744383024,1.22152772273689,1.0975939064412
21.956025903162743,1.2421251737787227,1.0620016504930478
21.53800724712606,1.315009366299794,1.1166359787110947
22.20685418650897,1.1990026390597992,1.0511920353486528
21.872650634221856,1.2642549110826318,1.1394061220177316
21.626756904396913,1.2946331611414443,1.105460428921205
22.157891200823748,1.2109192335681174,1.0439092826247078
21.530879777176317,1.3198934315227397,1.1457654509340065
21.56318474439912,1.3177546389049102,1.1192777398422615
21.9857237075552,1.2371294591442281,1.0217219298183555
22.02944594552409,1.2301798117919487,1.1248502081279383
21.96658859128749,1.2425439083926317,1.083255776160677
21.668609678462797,1.2960510442500723,1.1735750086716452
21.643324135760718,1.2939150997020363,1.153524124813743
21.47940663784047,1.3252113325381274,1.1741896438094561
22.07335748664948,1.2272652476018497,1.0687795713410952
21.526960541588405,1.3170959897450074,1.1920247084239524
21.900938412114332,1.2490779172647088,1.1669591107732986
22.12323670251873,1.2196884572368711,1.1736395825556207
21.634170901316157,1.2942963908720218,1.1989808677821079
21.828906449548064,1.2629750989428687,1.1910599928574495
21.75223315966683,1.2779930668318378,1.2036709631501745
22.104976874980146,1.2135325261699637,1.0966492881170222
21.906825641165735,1.2490219218196654,1.1276709622021845
22.029956198155322,1.2303964818785151,1.1067395411849172
21.44656304529415,1.3336674095625474,1.1897253892842503
21.595133410137233,1.304303679305114,1.1963234642728362
22.179567081139446,1.2067415134949742,1.0546979432784358
21.95640839636952,1.2438633952212086,1.1003251196040886
21.272450171481516,1.364533220479864,1.199536340637578
22.034146947090786,1.2308841280124785,1.074054087256143
22.00808253374892,1.2360121876173646,1.1274922513127144
22.028290948644,1.2332396844441904,1.1431375164385345
22.11394084614635,1.218919465245014,1.1194196618015497
21.952181526259274,1.244685020501511,1.1278443504213116
21.966137883706274,1.2418999227814889,1.1485816948053422
21.953220423338244,1.238093853466687,1.1542282802345074
21.68927308349872,1.2906951956923856,1.122917357631346
21.29309271776272,1.3662955754556274,1.214913974011948
22.264135177688463,1.18960700821596,1.0076316428370986
21.343684760165353,1.3496092211955308,1.1103234481251893
21.783012043100385,1.2736087480644818,1.0480293402427734
21.936664701266736,1.2462033826782937,1.0651810656812764
21.467939220703148,1.3329201496286454,1.1567207934725063
21.895134456657416,1.2499909463894456,1.0994081923457206
21.857874798372464,1.2580145618219443,1.1254172973418743
21.401564373315633,1.3378984391777928,1.1938025332924624
21.941079265520607,1.2488334767984985,1.1275676108714303
22.093690023292112,1.2230658540177155,1.1060800134981044
22.0202164264274,1.229732962079954,1.1013931546572953
21.67699177299137,1.2938154456687474,1.1245736880381358
21.549210565654036,1.319455057166259,1.163282509987587
22.05593667015539,1.2229109782508545,1.0891308424216002
21.772320487640883,1.27687112770003,1.1399430929068006
21.664522714114085,1.2975627140262602,1.1284441185718386
21.67070221744726,1.2870802150944145,1.179910117365138
21.20210304188869,1.379648018212595,1.2052312350147045
21.3967214695421,1.3398979742163197,1.249400209493411
21.518005100223583,1.3146603408762398,1.2350566378621668
22.122604922969664,1.2162092905291648,1.093524455306766
22.420498591345506,1.1694847626706006,0.9863212941548349
22.32034404427109,1.1831579439423499,0.99477675048911
22.00217379179292,1.2299731768819688,1.0306016475906552
21.475530090469164,1.332343225638349,1.1985036160019797
21.84123113582406,1.260621492884958,1.1804117217103092
21.831076587561807,1.262017696483301,1.1909236229879054
21.54916085766357,1.3108465282848378,1.1659260053820386
22.041633823001874,1.2221818802759505,1.0553543038936055
21.788235628354087,1.2697237293612555,1.0879177385044223
22.054075915795245,1.2271514041071898,1.100768627103161
21.63692559300531,1.298651187138286,1.182374543838324
21.2045936593694,1.3725810008298438,1.2913318632235737
22.27884949889482,1.1934366639941296,1.1857838457877814
22.640041701307577,1.131947334635444,1.1132802684762724
22.697366655010264,1.123691360655709,1.1001955640523309
22.110306900941154,1.2245036714871287,1.1660715798458665
22.184739177166502,1.2057957865683726,1.136837005457854
21.93992570919323,1.2447749007331808,1.1680103143833456
22.378427094127886,1.175127313489989,1.1243971207462027
22.406942637249262,1.1711559742765747,1.1156261283199478
21.795745995300784,1.2698188571215263,1.2691817015953764
21.80273394482232,1.268619979985709,1.2686277611948844
21.76603148110585,1.2745016328828505,1.2656001125956216
21.980904206246898,1.2399057680914474,1.2089054687580814
21.62853207362449,1.3001401001251962,1.2583426618731801
21.72426449983051,1.2799510943289258,1.2716397221827478
21.81126968995948,1.2665620703008138,1.2558694758495825
21.605595802903956,1.3007784903483617,1.271298205909462
22.1999955897606,1.205226005584331,1.1112963570030105
21.643664100500054,1.2938824862684224,1.2494294634858827
21.381611197644496,1.3498400749699346,1.2246880116661818
21.63977881980221,1.3001025688304118,1.2212389338313892
21.284040801715662,1.3615882407179547,1.244216258311438
21.34628121194125,1.3509191855100275,1.2395805388574779
22.23316969502216,1.198445609911188,1.1086907444158527
21.40473408212116,1.3388243877690988,1.1835913294901212
22.017843750819615,1.2360956014570903,1.1360109231027278
21.914812322247936,1.2502813217166397,1.189346969728515
21.811859082980682,1.270559414386589,1.1636205037783045
21.600797065282798,1.3041379588534519,1.2181412314450262
21.86454245913643,1.2553222975346991,1.1009933045659492
21.620942124501827,1.2985148348956883,1.120386999373211
21.740758326862995,1.2798005475759473,1.0914877504218725
22.206845392267006,1.206332100817268,1.1178301989780142
22.259323072420003,1.1978087272158238,1.1098382210070459
22.09902592730002,1.2206359582123654,1.1306074484352404
21.854127325583924,1.2692069001918005,1.153024692239657
21.908050700566257,1.2567040622458943,1.1287445726897216
22.01928990274076,1.2273190116740853,1.066630399321175
21.583127326073644,1.3113113314459552,1.176505143531518
21.798641057422458,1.2745539983650502,1.116339735551984
21.655807946747753,1.2982148118184922,1.1046918959728433
22.038639881899332,1.2302257892217783,1.093202556291697
21.63700643497687,1.298419041313552,1.1842948364133514
21.529723544986346,1.317576455321491,1.1452987337521796
22.201462201224547,1.20201259280439,1.101143115901413
21.37573467716617,1.3462607750605993,1.1426096303551663
21.490536530669097,1.3246718929990589,1.1090156842174657
21.724328301697533,1.276842471379902,1.1660354933439048
21.32280202169805,1.3582743199229597,1.2648300887074195
21.849811234766047,1.2581055820090963,1.0729033650001383
21.77289837599961,1.2786767606977616,1.0795401232246742
22.06767169364398,1.2222351981853719,1.1212747332759463
22.053535118731865,1.2242294657110195,1.1281009077720487
22.098702279284797,1.2177748192958027,1.046201453370031
22.63447259679378,1.1361896534679439,1.0401203198961928
22.65717137007058,1.1335504549159465,1.0470813542043114
22.640735197057175,1.1353672350680137,1.056489155276552
22.268405203892147,1.192719891282945,1.1164211066809502
21.66652956832227,1.291661582747032,1.2106205905228482
22.1133312481872,1.2192319395262243,1.070253944817449
21.406776083410293,1.338151900376304,1.1209857923848197
22.275663621290505,1.1910191283581393,1.0437566289984983
21.35965629302344,1.3504527303307028,1.1404297409680182
21.343690105394117,1.357166329977502,1.1421045432761634
22.074569860166577,1.2195904667851412,1.1265403615875076
21.828593169355734,1.2624408758148313,1.159203409704694
22.093942536731767,1.22431931085127,1.0630281589145225
22.188550137267608,1.210985844500221,1.0754236141996825
22.24389850511025,1.1961107877459418,1.1051377446656416
21.32370269008618,1.3552382510234113,1.158123314460982
22.419678083848808,1.1719019476335149,0.9877526933572333
21.68128895050993,1.2896621105462291,1.1118667560819782
21.549204017535445,1.3130974917146332,1.195530536561522
21.802589401569918,1.2662211560747376,1.1001041971468044
21.81356591883662,1.263858003237961,1.0937506158754795
21.990053991316337,1.2369319358129507,1.0917916983774836
21.970394166554165,1.2372532351345351,1.094320644815093
21.797576986479,1.2723884892067854,1.1196961494944144
22.149504665906267,1.204975563064357,1.0605457729829413
21.301272995766237,1.3626564045177185,1.2466195781943117
21.17547872419454,1.3863750084285202,1.2582686627336663
22.3097868025713,1.1860539683757476,1.0674638166446075
22.399130079886433,1.1723311889497652,1.0502497280595442
21.10561698279874,1.3952163947404992,1.2403834857618865
21.593473273350746,1.305666245369017,1.0900353922324668
21.679729900687512,1.2905850075298302,1.0885701822698746
21.86295741898711,1.2573827100664425,1.0965438939029957
21.446844896551042,1.3382449075793468,1.1615266213056588
21.413984203336696,1.3366000274628698,1.1629184306545848
21.57221537605039,1.3128360899045723,1.1017620751894066
21.737453400395054,1.2782512216835913,1.0767960173019893
22.382260764965665,1.1740215089639825,0.9954868697385855
22.180737627560138,1.2039060214706798,1.032844088059631
22.166889874342612,1.2054095246436285,1.0969240808432201
22.201197772242285,1.1999278898417785,1.087057591834745
21.292358435354128,1.3649712867538217,1.2244087548633766
21.465864640035957,1.3272215884520862,1.2056695935035544
22.2878270058358,1.188373636561615,1.0314967719108303
21.99025999823915,1.2330853454323716,1.116351872130698
21.576504091461874,1.3056115198095926,1.140636573291952
21.873338182314594,1.2546732990467306,1.1496455723418304
21.653565103172816,1.2944389463690325,1.1075189413412114
21.92152265347896,1.2451760228128665,1.0486248456450409
21.231392986422712,1.3748160936168452,1.22224222244283
21.71906554902851,1.2813837501237693,1.143144482085423
22.02124865986651,1.2298323591466698,1.1172137758840675
22.417698202648285,1.1718749160404107,1.109988550714581
22.51168293977162,1.153493388182406,1.053141463455606
21.425645335694433,1.3351566126908876,1.21826316619633
21.95658514984991,1.2431282080108477,1.1445795222288597
21.715309387554996,1.28412131420773,1.1778288994863386
21.62725783869058,1.2945984535458908,1.1641905142702607
21.546442561108673,1.3091407890216227,1.1647528964641047
21.61404614446366,1.3087763585244847,1.167705281945711
21.704670087063143,1.2805385097156823,1.1720393407970895
21.38452636368743,1.3410360793370586,1.2342633088444908
22.301607482411498,1.1811416328541995,1.0966840641753621
21.550147865635218,1.3164638006784095,1.181191915708868
22.066877962351914,1.2239417594777005,1.0497260642641768
21.78527075065862,1.2795179261422127,1.1624182259307654
21.408784880501102,1.3416212514437496,1.2383566671537705
22.004441894371315,1.2360397916851849,1.117793439609456
22.386590029186117,1.172031630228041,1.0558719365701636
21.205230403743343,1.3787029803268809,1.2670729276017965
22.15316783383178,1.2109494262298126,1.0416750361271823
21.26438534138022,1.3641009447377177,1.2870658214228972
22.103236074889296,1.218841253823363,1.0567863872752605
21.44270227842193,1.3316091884325163,1.2248613344973267
22.146799477504196,1.2131197236370153,1.0661165133684247
22.029150506302308,1.2314709684475564,1.052734309602506
21.519989429751394,1.3179742932167762,1.1445368017704802
22.09391944310442,1.2220297485838503,1.061220600170837
21.239159638749086,1.3714607198841935,1.1561282262740613
22.10457460427553,1.2200899677211587,0.9954568851214484
21.9495324368933,1.2460715597958452,0.9975820922486625
21.829591681276128,1.2605846716410556,1.1180665674681298
21.687665340106335,1.2910923314407527,1.1152401896072761
21.563295841853247,1.309779433599381,1.124042483454247
21.337389623928527,1.3559954384938224,1.1164562282562822
22.215006530263906,1.1987294252527423,0.9956637376309287
22.35238422363265,1.17681554184975,0.9600053128253121
22.365323186851608,1.180321980418015,0.9471819092844913
21.83261278584139,1.2618943227236794,1.0785718648926401
21.888346931651043,1.252708428613755,1.0967673007843608
21.82739958984405,1.2653137503825378,1.1214544397234412
22.14552633481388,1.2141724905780935,1.0937894071287375
21.923853800031807,1.2444299944792827,1.1246803571194415
21.754277858556122,1.279013671109084,1.1080712259576861
21.939998648775962,1.2447997369413795,1.1261135829172884
21.877347264059367,1.2576460462825658,1.124307851200212
21.89601208805852,1.2553342145298736,1.0894276165118688
21.607326049357052,1.3106961679096503,1.1589010972841154
22.350349987518033,1.1751495962525798,1.0591809765414548
22.149482313551932,1.2121047906083269,1.0759890162540877
21.330853976321777,1.3553825821102705,1.1838111455377105
21.792340347110034,1.2706145618129518,1.0752783930949799
21.754217004612393,1.2764615906182666,1.170807358164494
22.04657474660213,1.2295220580253632,1.0564070533854466
21.797414226116633,1.2705156220636984,1.1428839699051752
21.943969504645686,1.2464686303509165,1.0518904563125198
21.75008563017304,1.2768573930688034,1.202114638350644
21.27835500927016,1.3635301067879375,1.1439774006578236
21.34199135627278,1.3556075087346593,1.1583102730905512
21.959528096753118,1.2435775730723362,1.1234187405312592
21.472655671053943,1.328123736267801,1.1836496135446073
22.433932088710062,1.1632268723285994,1.0386440980474525
22.21173407415102,1.1962338964831094,1.0775981573944988
21.86552342863783,1.2592051338960584,1.101567083533686
21.412213445185607,1.3431130652097176,1.1751525147936075
21.669935534099842,1.2907592739187645,1.1275879428686069
21.785114474313854,1.2714182545525186,1.1483882083245296
21.834017518140556,1.267995699634278,1.1034329674066197
21.690027404716396,1.2864304679328813,1.1604924321073047
22.337525176911548,1.1809581520441994,1.0474118122701475
22.301537712912083,1.1894686604531708,1.0580205028266128
21.790518730597565,1.269988234560056,1.151540333956576
21.66916635798392,1.2942394369795531,1.1344035630287954
21.788472550871266,1.2757588228518684,1.127426302131338
21.277994337003157,1.3623225134868122,1.1714496766086018
21.718022660777265,1.281898401109369,1.076705240079778
21.234637506155558,1.3714817124840846,1.1393316987176847
21.731703576616244,1.2803385924189126,1.147757981345452
21.54973807506228,1.3131339450821764,1.1752157249544537
21.669835332155174,1.29145767661642,1.1520022086012471
21.416951766191666,1.3343185205743118,1.215614664274022
21.135470551877603,1.3895851036854734,1.243158729367266
21.466187417666426,1.3303811815852393,1.1750214870765219
21.630600485554105,1.2960023010081505,1.2049974601503963
21.57443641646084,1.3092696017413543,1.1674877080749955
21.699459948729793,1.2900467975188634,1.1467526101322916
21.46881499970742,1.3334277962243346,1.2162019408421987
22.12837068008403,1.2129803265966648,0.9879111108946279
21.95945197598214,1.2454615606377963,1.0198299530848867
21.800027077429498,1.2732900773203124,1.0377614440470522
21.908217878844894,1.2547352940730554,1.023484070038311
21.6519698674816,1.2930624365781993,1.06829924382818
21.624395110251697,1.2997229542547653,1.0448689521696866
21.976617817025236,1.2389702840033028,1.066784494866918
21.59401949425041,1.3085077363447237,1.220611928165266
22.057032906075367,1.2254926610220662,1.157703326832583
22.46529185492483,1.1592094062019884,1.0832508152183906
22.355520872353342,1.1780023364260361,1.077250186101586
21.93011817130369,1.2477202430480077,1.186313522727974
21.69728049473089,1.2897554452067743,1.055954696837663
21.595565077567265,1.308774446963836,1.1292543581457177
21.646732074671817,1.294307765030857,1.1604341924242259
21.82986351209493,1.265634482011741,1.003975342531655
21.932973229852962,1.2484453740125667,1.00176400909732
21.774547221508165,1.278269898905733,1.082340084525432
21.576345579238343,1.3104545515670702,1.1495716247811394
21.314287753298412,1.3536560894965612,1.1765513051117087
21.671017035401725,1.2947847232499587,1.0819793057193943
21.01693278761091,1.417304743573162,1.1890666549896647
22.27179981738839,1.1941869219256411,1.0014346888780796
21.75918942983909,1.2765013392809998,1.1585225701390205
22.28537154413679,1.189192131887985,1.0640220934027966
22.29412087232258,1.1853394053250963,1.0947071390479435
21.6250011035991,1.2980484906385152,1.1693063237224315
21.96756565844359,1.2433043247286402,1.1466111167402846
21.98619871813681,1.2412543501765188,1.1294393043244089
22.26280690973873,1.192088115904475,1.0839617521880323
22.048315397772186,1.2266374819763288,1.1125830385692184
21.968483688422737,1.24426704211226,1.1312594504350852
21.676612807435667,1.2846561187966752,1.2223370092314259
21.656053821043763,1.2934744458726077,1.2152063457120899
21.816797532155167,1.2668507505173214,1.098504632097991
21.906164116041158,1.250641076586482,1.091798224304402
21.592937883688684,1.3035020973156317,1.1491719139448633
22.101823622377545,1.2134634518219871,1.0633838245215868
22.0749198548803,1.2179115096682251,1.0743928088409689
21.627698748735718,1.3041719423934999,1.187887415714043
21.76556115950985,1.2752354664696295,1.1285853304778317
22.002950503390604,1.2375653404704188,1.1087633010675364
21.65638738027444,1.2968906349859817,1.1975459617404183
21.633193773556314,1.3016842998815346,1.1809338414392618
21.374597446743447,1.3471251831052538,1.2375380483536076
22.014847209577297,1.2361935484156024,1.0529823173487995
21.82487381051646,1.2650874658250222,1.1408887139275188
21.814764628681814,1.2687358282873393,1.0895796908132904
22.471565748302105,1.1573162096407201,1.0640665388373152
22.415052513251673,1.1682129841231936,1.0717906398831158
22.678781755716635,1.1267844094159465,0.9446309062017751
21.715050335701825,1.2855604264445732,1.1275132910859211
21.787915187898225,1.2706528990477035,1.137650839614043
21.5431350662463,1.3175101896021655,1.1364633151533008
22.052891690096946,1.224600406060034,1.01255319045495
21.733465009030603,1.2786881835624366,1.024466669731053
21.553966908684664,1.311607881229569,1.0533202596625366
21.99836888886961,1.2309728371727675,1.1185292324761664
22.204084010724447,1.1999195322384475,1.0902515291617836
22.09860267412945,1.2226234063609318,1.1509615196176703
22.161645915625314,1.21162065766817,1.1106889312552783
21.944138133863284,1.2464559584180654,1.0882386724984523
22.097647459365554,1.2187709442035193,1.105550295128496
22.13526552803682,1.2147825810970272,1.0787432676731632
22.034523718895525,1.2310162206065687,1.0893736829279423
21.22881686156211,1.3731197693338255,1.2757061878849252
21.515989588903807,1.3158942519111438,1.2862850009327467
22.062156476957977,1.2255994825275018,1.1689539422568624
21.508196231949498,1.3220346525203819,1.2537369035832626
21.806168503445072,1.2719479898558952,1.1988128467679786
21.255249278011,1.3622136928259447,1.2360022953896144
22.054667441423067,1.2260007830515967,1.011151605444392
22.116381890851727,1.2148934014761563,1.005461979730966
21.517346426769286,1.322281079894997,1.171873854436757
22.174862952119245,1.2027465968916116,1.0439637647190927
21.680664713661525,1.294190978448065,1.1879185543691295
22.084518527250736,1.224222973020119,1.1734165745719858
21.888633296211594,1.2513535802125488,1.1802253497692805
21.862508083025965,1.2612089586929487,1.2269600696349627
21.77395946061574,1.2774864166933875,1.2298918635550813
21.964472012103904,1.2445737100860892,1.2076449159603646
21.80778541027903,1.2712637266728917,1.2556638064575523
21.15730329866762,1.3889427529201266,1.3444877438192782
21.132223042835676,1.393762099820297,1.3483198695237941
22.222825289502023,1.1967331676374644,1.1968985527938059
22.179725795032354,1.2030622846046943,1.1865265992945515
21.855467939804864,1.2627924721195531,1.224447770105551
21.491487313897235,1.3293729606363653,1.2595438773033423
21.86373377451287,1.2614959151709717,1.223551222820954
21.193373043734546,1.379365117357431,1.312473691451491
21.911867549625377,1.2546194275092124,1.2255810389264719
21.366451966871104,1.3445501670088418,1.2836008084777353
21.992943836461507,1.2355228145924013,1.2018982554623352
21.758733104359823,1.2764112193139054,1.2053586325736747
22.16821271358762,1.208676543839085,1.1684730939127663
21.819952206102926,1.2652244009033364,1.1547864111142567
21.80474108323213,1.2712866505159093,1.1201805732318009
22.10093051909584,1.2199638576673197,1.0973924718884676
21.410538392503007,1.3361580552428152,1.173448177146911
21.928428624969655,1.2480319092406187,1.032583057266407
20.960863159525218,1.4287130119061096,1.3199938792783628
22.062733372959944,1.222714781051447,1.1089206673500671
21.56412647886288,1.3134094339770155,1.0785925609128246
21.91190926759668,1.255969630469604,1.121578410999228
21.505973564281103,1.3222000148446684,1.1321289699672643
21.892182863072247,1.2495760100946673,1.0877963892124654
21.82078821804502,1.2623685838347138,1.093966999162496
21.595235874578464,1.31318717011972,1.1859209793677694
22.17741964220289,1.2088039347436546,1.0844977611141087
22.194223577617176,1.2051207798927077,1.1148479052037197
22.105111419463014,1.2195620585527784,1.093251269373946
22.080644842236232,1.2224062642024702,1.0695672227831947
21.89343872552852,1.2525704802164763,1.0732844374747559
21.710354586079525,1.2841298939076429,1.1506428597013503
22.095888773104775,1.218404267453037,1.0491520683015003
22.119068085436957,1.2165397098793211,1.1269595000516661
21.740746029064233,1.280110986877172,1.1091731898365682
22.12379639345913,1.2085953904272697,1.1483981197520277
22.263125453462802,1.1878620027588709,1.0901509012931372
21.788581936745263,1.2686600522076055,1.0997975574021308
22.314469550872506,1.1858330008354976,1.0205361059497382
21.588680774426255,1.3067105494957891,1.1944509302014115
21.730142054647793,1.2866847131383246,1.1185269525963784
21.430485427612545,1.3403552263142675,1.183961264995635
21.349352746798676,1.3537254326356516,1.2220617995503296
22.21214092851414,1.1991822850521048,1.0231710752859633
21.396901527892332,1.3414108962034363,1.2008240740540543
21.569614811883177,1.3085722280274201,1.1950169662933425
22.19646109701227,1.205646128046795,1.023671045462797
21.95340587511909,1.2423597620986562,1.118177550455615
22.341217129611408,1.1808048268073916,0.9963871099138341
21.776379497171575,1.275725373589762,1.1760674368920911
22.55577423960879,1.1441536598541837,0.9615649441223055
22.12013293439789,1.2202544366288013,1.1180417648162067
22.159980931779465,1.2098265840149214,1.0015602412474713
21.71586621817928,1.2835543576042063,1.1449540957875681
21.825467826710113,1.2613764092495445,1.075725947474294
21.43906723516157,1.3407553257991385,1.1242372367308497
22.172471934575775,1.2024662087933742,1.0253860174274934
21.150259262142107,1.392038901607181,1.2229141080719996
21.695320317862958,1.2887414059161297,1.1213264788867563
21.795606166598148,1.267405234609651,1.0643852984527076
21.738829146762924,1.278097290629869,1.104329588777095
21.526679486188364,1.3225705971110158,1.214855522407107
22.048260313867544,1.2252436600004866,1.047959238350467
22.065368426329854,1.2252978781954276,1.1165333291940267
21.588123913116966,1.306716261200098,1.1420770067017196
21.68818374286218,1.2844484509849021,1.097786727105884
21.877139580472626,1.2538750470289013,1.120544313065678
21.953276889036275,1.2438974202685262,1.0954677196453453
22.129511654083437,1.2111842944453834,1.0701052811095262
21.441680753199464,1.3407094552464915,1.1853503073835288
21.79710427072468,1.272131960638665,1.1298003480966898
21.62374906902936,1.299697833985232,1.1246064240202087
22.321337248805378,1.1863988482650263,1.0752906172592693
22.20413687885921,1.205114218829156,0.9848309255226387
22.12335101472653,1.2154491597284265,0.9993842287595809
22.248600236851548,1.1971639330293242,0.9839421682204414
22.39775474640948,1.1745320447335292,0.9701528251044876
22.32505091671313,1.1818075259737555,0.9912822170673665
22.338473714275853,1.1804922609145865,1.1160670668478034
21.145401871073737,1.3906781742528171,1.1383734667576122
21.721119369423867,1.2841803479690508,1.2317145804165683
21.772288416812028,1.2732566050702852,1.051039158930294
21.589785949762557,1.3033882361042106,1.112806207026845
22.048019507442078,1.2268099643927148,1.030695835449306
21.700967208290024,1.286917233502452,1.1728601966623915
22.187056691401263,1.20240672383211,1.1051481754029622
21.57860551497793,1.3142989820123585,1.1463216689199878
21.52287540028624,1.3135475922435762,1.1284673773879574
21.798628637506887,1.2692331278602595,1.1195095739277297
21.673295028604684,1.2966026127561567,1.1306249927555134
21.505651152819027,1.3236352200905253,1.1468356185390831
20.959434669480004,1.4240521638857042,1.2859315412236074
21.734093728217175,1.2818367294992639,1.1604700628030142
21.751020721554653,1.275942596903328,1.1219672605388058
21.631306636977655,1.2986438017276902,1.135928184602836
21.855073817143886,1.25750490415887,1.1314942291693062
21.68592890346778,1.2875071590250473,1.1253666139749248
21.459859748613457,1.328770976282275,1.1147066129123884
21.55895092854587,1.3112463477534773,1.111035788230511
21.55536965413702,1.3119317854304364,1.1156716924170986
21.63313731976612,1.2998825868515493,1.163680374578533
21.7054842907469,1.2856734762769642,1.143552109221362
22.30235584386149,1.1872183814446664,1.015586398172717
22.260603095696503,1.1919877074568377,1.0708815161334306
21.49807121158498,1.324988743456183,1.1751374775358296
21.9106188104993,1.2500431715286047,1.055042454648535
21.504271491225378,1.324227255713929,1.1621634215675452
21.214956042423346,1.382089772983688,1.2151948274027622
21.651798425573265,1.2929677570828206,1.120748329976204
22.03447305040897,1.2325967934793836,1.0600715241910912
21.504692200518946,1.3201215840876628,1.122973317607471
21.530422132764496,1.3166122340985977,1.145776479614382
21.80728659548044,1.2698367056074455,1.1169595464408668
22.071997284861027,1.22499040330184,1.0747162632068237
21.93767982735549,1.2486276414114852,1.0868783206136623
21.498439000588323,1.324805706893404,1.1718723898746166
22.010310342842104,1.2355331582211664,1.0456277297351977
21.626298083901837,1.2976036845349816,1.1673471993599356
21.533618080613437,1.316691242318815,1.1955584112299693
21.062942014862124,1.4096568907607845,1.1300211356234784
21.32571024847529,1.360533694258491,1.1159798355171888
21.511159504326088,1.3235063077280473,1.095682864771324
21.940051456974317,1.2440476935543936,1.0228435360760921
21.490774681404876,1.3287675621494348,1.1072195301962013
21.61287393393615,1.3059832022849525,1.068210994336548
21.47478433460971,1.3282795155879117,1.1204457976623092
21.037845477648794,1.4105383440131134,1.2290148848628482
21.963365418881274,1.244322034305478,1.0962892087973504
21.984850933740546,1.2413368071197457,1.1016746605042003
21.99087629507266,1.2394213088798312,1.0994798561327823
21.210607882612244,1.3738561293638192,1.201281419974817
21.8948910917762,1.253502539529936,1.0221187081397303
21.475821852130313,1.3269820279370559,1.1024688713505553
21.690727897198602,1.2854742370867462,1.110372765040954
21.573381760652957,1.3111600593421748,1.1730061712950257
21.625022887286775,1.3049231177778788,1.1549576328351516
21.827872165476816,1.26202982597198,1.123935836113378
22.182864037557593,1.2037972259181116,1.0780209122942102
21.88500995731238,1.2505374952200152,1.0667994134100534
21.42802359380305,1.3416177135029688,1.0943814057840904
21.814308944686363,1.2607804303773662,1.0798657484224248
21.97868034953413,1.2433819964826063,1.0743044396277506
21.921757546973275,1.2510964686110868,1.1452438340356237
21.597555002047102,1.3078907937484967,1.1584765999787492
21.8995512001028,1.2486524902716314,1.1407092995330133
21.684829878403534,1.2880741692216613,1.140815429769341
21.51005739915621,1.3216168824055785,1.1364786940165206
21.769161870533658,1.2764496353279149,1.1039659755398086
22.097554099204288,1.2217488702465347,1.0564572842101736
21.987627288040038,1.237259901023179,1.0920224877985143
21.504450842446435,1.3228815598343544,1.1653547239142599
21.506994970820184,1.3254335559558206,1.1601337972705132
21.91794492075016,1.2517376928353152,1.1395813996842978
21.903359999559385,1.25283792962817,1.0229499157425188
22.131054164423066,1.2151389498256664,0.9978351388953091
21.738493865471362,1.2844953997957687,1.0933216731797675
22.308297396492055,1.1834502169385166,1.0108927069087996
21.816059974666757,1.2640596103264985,1.0983264075578318
21.89619281973203,1.2568052360006667,1.091899779546218
21.450928310142473,1.3338520702706997,1.171409810255201
21.902254312575057,1.2515888749341861,1.1205885233785677
21.927263406648787,1.2486090768933937,1.1236537232610706
22.003306548514885,1.2349151273538903,1.076289194714536
21.657620780037817,1.291222489071917,1.134016856136422
21.6894177262909,1.2858953386804217,1.1151921595694032
21.47532341478584,1.3298773278000908,1.239591131044149
21.989282999092282,1.2372529343599703,1.1368466933399826
21.608088930620703,1.3008478564635468,1.242924143102078
21.694900643782304,1.288463716322413,1.1633075316234265
22.00712384019179,1.2373095765803264,1.0623731508484253
22.013830475334874,1.2347756271887258,1.0550367863245993
22.002849779495595,1.2308454931444484,1.0535069797123682
21.474679649175286,1.3261364715079318,1.2167221414332803
21.406772160528092,1.3389764183046793,1.2273853809286615
21.41362373971625,1.3453692293259782,1.1960623658479559
21.612157635911437,1.2999356930766965,1.1787179750555619
21.31773572538928,1.3549814741294683,1.2182970408431837
22.128806407461624,1.212535616425371,1.0563880672870105
21.758607119217928,1.2776781410229527,1.1443118902017568
21.558252534824312,1.311144451861801,1.180299602807555
21.914249322479414,1.251270830264386,1.039923510371684
22.21194233783237,1.2013850125109076,0.992077297119538
21.72878860461534,1.2720260259811218,1.0946253355103437
22.033626017995637,1.2377898415869228,1.1238979000284264
22.419484796494494,1.1699728571186263,1.03149499914114
21.44630164052482,1.329663036784522,1.1023641881344761
22.077561703069772,1.2259657996051654,1.0812448650423319
22.084846948452515,1.2251198434726414,1.0258121477075233
20.998250459558008,1.423475078605032,1.1918838775076803
21.834803082550295,1.2651573222345545,1.1173808431521313
21.75803254906322,1.2735509749134204,1.1614259015509751
21.861901194824917,1.2586426811886433,1.1059415876418157
22.083347692899352,1.226418353611654,1.0744915311224963
21.59221332499448,1.3038605856918306,1.1474735152113074
22.16412567168947,1.2123402448400649,1.1258954994982548
22.28378659647773,1.1908875420200766,1.0587825558709745
22.195853930069028,1.2038387902988905,1.0663387565528575
22.348092434766702,1.1791565951322867,1.0518378364287693
21.946489174349054,1.2443769012310637,1.1172416562581646
21.838943457014423,1.2626698482812264,1.1420270613810237
21.766688876594372,1.2783259477727824,1.1576181972972288
22.123835801528543,1.216429402375492,1.0661982645928811
21.51809826288541,1.3162725192104083,1.2061953076157912
22.17726545497712,1.2090255479006533,1.0295878703616683
21.32202579591334,1.3550730490015988,1.2447142434580223
21.751300645815967,1.2786003565188242,1.1595916313935843
22.456591461979762,1.1612939642172624,1.048862450406642
21.523705600015482,1.3152427343059918,1.159297480610872
21.97587954777636,1.2366636411604666,1.0466693066276516
22.123793842814113,1.2198984436867715,1.1634363160226342
21.77187595866994,1.2808844390018241,1.1820357310615042
21.705889824709423,1.2815618427899818,1.133719202721531
21.43323908217868,1.3346259305723651,1.131935536988951
21.523614958600962,1.3222368883230908,1.1801395360409621
22.194353721675963,1.2025896198925554,1.092367067422101
22.274725760949078,1.18635141628663,1.0946678931393552
22.326346560723163,1.178103247103337,1.069149971749626
21.48054912695286,1.3290194874194812,1.1944619350071355
21.909229205849797,1.250080399009831,1.132746484400009
21.75087510061882,1.2781965517399603,1.1408815878659473
21.78886430357477,1.2709832724821764,1.1071038126577648
21.990214470570223,1.2366917901068972,1.1498476252754966
21.679682387575923,1.2939697895826694,1.2117397895099455
22.1824316557409,1.198713364086898,1.0285388963095004
21.66032450203,1.296205469889244,1.186735521549389
21.230165845934735,1.372907257759863,1.2622165423009017
22.28580597169963,1.1886992075017953,1.020322675089507
21.210823253861395,1.3780632800485355,1.2024152320713546
21.331919772959388,1.3540545982352812,1.1841383020409986
21.89828528429698,1.2527576944053505,1.1329142005776405
21.62444052883911,1.2966774556381993,1.1502712873361671
21.6964959154367,1.2852036760951389,1.161676703398163
21.941289738988278,1.2451622855228592,1.0926464228734236
22.211826169384594,1.1980305833140483,1.0551135312731725
21.982733235932155,1.2347641746975442,1.076490461710092
21.513488957160575,1.3172999784968908,1.124281843387982
21.847538681686768,1.2587329962304186,1.0792465014456933
22.085006610315602,1.2172073416511926,1.1378531718887968
21.780831539290297,1.2713286041575722,1.1134229912509672
21.929916860247957,1.2454187515172275,1.0611083545946818
21.725505486111466,1.2799029913761273,1.198010389882616
21.784855040893255,1.2736787176654074,1.0625650163878768
21.6235601978467,1.2963944848915672,1.1339316876339773
21.908036751438154,1.252593620652224,1.1205797688870083
21.902317273417914,1.2531365605005464,1.0926181807362032
22.681458049262233,1.1223758958053534,0.9771502104039577
21.871470684173588,1.255034152817288,1.0740286474557195
22.130224358143664,1.214000589726378,1.095624365511382
21.60397488310233,1.3033097920146017,1.183253972281468
21.63265066020758,1.302845503622988,1.154486115311692
21.425213705681273,1.3349395449056323,1.1597218515124559
21.33420295201166,1.3538984958755493,1.1823536597966542
21.918197852907312,1.2486310677849837,1.0932055481274643
21.668064076542116,1.2977815168700102,1.1574800655262163
20.915103274391413,1.4333976439302234,1.2722835120428555
21.644245996373158,1.3004322420283525,1.1253503373089124
21.449288054437538,1.3349303545600084,1.1571654397476994
21.363852181210042,1.3501733917885037,1.159822786303153
21.182676838934142,1.3851285371655297,1.228388658716848
21.39666768172726,1.3466776695181963,1.1532279089705357
21.513970225173907,1.3199364919526326,1.189109833825328
22.019289531143066,1.2313872953377996,1.0720263058203974
21.317942821996418,1.3604918712442944,1.2171420227443885
21.999702289114918,1.2346407175525969,1.0567393271564682
22.424057613180562,1.1654712156740317,1.0393724402241493
21.676200264610692,1.2946206675743177,1.1240194335857914
21.571134688139907,1.3108602631671147,1.1246593537557326
21.679171560489344,1.2901493607530419,1.1755373572279364
20.518043527111526,1.5139926693481096,1.349976056846068
21.786652463750087,1.2706208018992688,1.11480211376479
21.701261785752124,1.290510564856294,1.103315165032691
21.777923267518524,1.2746708954059347,1.1227571199770852
21.801756298778706,1.2670295174539756,1.0792851783270503
21.569502042759474,1.3077389878049646,1.1077068827657526
21.69657856841676,1.2941202691983358,1.1197556770514154
20.997596810447554,1.4147981578616138,1.2742846963665804
22.304664585513542,1.1862181053912817,1.0641016630271514
21.738412116764692,1.2809759375278948,1.147691405721097
21.49542237606461,1.3238943207946976,1.2100589952902592
21.544356142856948,1.3214370707200966,1.1094989171352119
21.427166505252558,1.3411547324490574,1.1336148262342753
21.723142653869026,1.2780461985962495,1.1780550694501275
21.785836625954218,1.2742503203811364,1.1222218278585445
21.732902874594835,1.2868876423619904,1.1402974275223676
22.03676523200114,1.2224101199432518,1.0836264215910958
21.84396271428992,1.2655306337836933,1.1788431737053333
22.100980341570704,1.2193200620822335,1.1435349429055903
21.77633771439158,1.2777287405988056,1.2001934191628203
21.885990916774194,1.258777224773283,1.1674084744221176
21.71835991335951,1.2826312452070987,1.1428613694943657
21.58817871990866,1.3087004125435453,1.1980863061502052
21.448842330079763,1.3300142373055928,1.2077518252274708
21.586229609900144,1.3095625183632864,1.223246016009928
21.435649223388474,1.3328322417434577,1.2852382292004443
21.965550386877574,1.2416737192885443,1.0688621625633046
21.72948900232606,1.2805736523829343,1.182104079699534
21.925852390880664,1.2517772095000461,1.0162003480279465
21.703353628937563,1.2841089744327767,1.14811785535922
21.421459493588017,1.3362319704752916,1.24089598690852
21.427243737516477,1.3343373283234563,1.2373395258440185
21.9955672135144,1.2378392850852364,1.1232606093782729
21.766176556783613,1.2734551263181149,1.1252340032941357
21.655238260602395,1.2949352874269808,1.1252894747894242
22.16069079446102,1.2077781438469337,1.0374691783942869
21.60273089321027,1.3014379445168685,1.1776072714193617
21.98761370972452,1.2354535381628449,1.1342509402607068
21.769727014198637,1.2770461637527768,1.1284502857088183
21.442414215007467,1.32984755768151,1.1782843327601071
21.616638349392026,1.3035873940605944,1.1612345842712084
21.54092498062507,1.3157085114787543,1.1340084307068157
21.498192697006857,1.3245700862671457,1.2232463611464501
21.854299059523726,1.2604403148951429,1.1764775590793093
21.53479141166352,1.3140252684874836,1.0904093879258674
21.06319107539335,1.4047844758507677,1.1910130699956623
20.939112512369036,1.4325427359430631,1.2133958232956312
20.972716082492298,1.429488901466683,1.1586534658876604
21.6826301963871,1.2926306667509069,1.174410608084523
21.285956863768956,1.3620500377285665,1.1967021289059254
21.737862259645212,1.2823553513939872,1.1080150452670745
21.634079840512577,1.2955030505250984,1.1914297253964743
21.972794605219004,1.237663364949002,1.1060285572506434
21.903631358350832,1.2475996538421565,1.1572849625731991
21.9317958217198,1.2432737664892197,1.1378382995120322
21.491968998532826,1.3268336687787023,1.1442440086112666
21.20249334651572,1.3801255748569419,1.264998186924331
22.14461498059733,1.2078288725614235,1.086929532016239
21.330490028657877,1.3600149150029164,1.2262624172423107
21.875266991845542,1.2570375674076326,1.0972738774207311
21.402775339717884,1.3377725528274842,1.1689407497447317
21.680424716193553,1.2934135703126985,1.0450932108797393
21.600251357597713,1.3012072533515406,1.0630783671809714
21.720451409603697,1.2863705652060649,1.0960366495850273
21.827786463256103,1.267421644895402,1.031791365301709
21.604597404571066,1.303432532359623,1.1181333018809068
21.861513552758545,1.2591494095953555,1.1475640136459888
22.161420364729032,1.2080034021639117,1.1040603512407199
21.90899414424667,1.2516342236249365,1.1127053961795392
21.845924748160876,1.264366534640723,1.1748793491894554
21.572599210440217,1.3091928449883377,1.19470528958573
21.642621662371983,1.2971241880066633,1.2118782251029205
21.897823733851922,1.2530129415053133,1.1713340453903187
21.752051546366708,1.2778129231240096,1.192591662192212
22.01948967218891,1.2294975423898566,1.1555197296415207
21.880838990528986,1.2518439649416484,1.1837482510538322
21.807206098922265,1.2720105664088783,1.1249629984422458
22.031998016652388,1.2289418656065478,1.0979181262638629
21.43313888563445,1.3350259945292475,1.1970398339697659
21.725096394038808,1.2846277939728905,1.0774987657982096
22.264823855849002,1.1933302395363845,1.0046215098448554
21.695430444555925,1.2888847219149704,1.1152790207450427
22.085355420212128,1.2214594652829074,1.0698891487087692
21.54503513344779,1.3096056644673044,1.16380391789389
21.349440226633185,1.353198571002269,1.2016036083884507
21.645969635752003,1.2961676184204116,1.1625883336787668
21.879172397011942,1.2594679311283306,1.1638167898518081
21.66985608657062,1.291463258280733,1.1838645963512033
22.035130798467137,1.22966895391446,1.0963145368434775
21.677811211898664,1.2922791525975903,1.1231375926962892
22.035376273848364,1.2293913997471986,1.140103568690183
22.029670982113366,1.2301850598108666,1.1409479103455284
22.02900236251628,1.234943714958294,1.0678342871794753
22.16893903334095,1.2094574337819493,1.1109687148322556
22.07730922496635,1.2263991150882292,1.0720748400059057
21.95594568655591,1.2495574959549838,1.0703875913584404
21.81528040263495,1.2749447935885398,1.0926138592239658
21.254272298848562,1.3704893654619108,1.2270001392075334
22.022728182394708,1.2292873663344641,1.0647390710794011
21.812430846952346,1.2665632369982314,1.1060032771985124
21.690687471317514,1.288366101826122,1.131083032362206
22.477857414375663,1.161716543718583,1.0307809454779249
21.626506546560606,1.299631110681722,1.132401525628492
21.726043948803902,1.2872588160550924,1.1417143055691146
21.518891995521578,1.3199204744517834,1.1742914162806606
21.94619865574873,1.2437366116073898,1.137916244509966
22.260583533232605,1.1933798007615983,1.0087590306628877
21.502980528172245,1.3235152776626633,1.134721046871331
21.62660612704058,1.3033630239118545,1.0991012369356452
22.254330961883028,1.1946658284811098,0.9999680566511064
21.791621416496064,1.2697738439631838,1.1673946593981048
21.833154252572808,1.2622788476208249,1.166529476625404
22.04048743056656,1.228492484288147,1.042057880998415
21.273348189111648,1.3647980082444497,1.1850235785785226
21.559638690476852,1.3152353544871545,1.1174145657568801
21.381046177869607,1.3547111716514748,1.1788349301006753
21.366696495010423,1.3426294794732938,1.2728630321742664
21.67297301502753,1.2894537161247697,1.1879448576716785
21.410876272181508,1.3420154406108042,1.2046304654633528
21.38404636769063,1.3461206926766438,1.1975792141275283
21.950607642167963,1.2426503489718772,1.0613883524418337
21.342806678454195,1.354598446697396,1.3045983384641673
21.649028620243016,1.2983279256070723,1.2445339011666263
21.56594009482373,1.311498669303998,1.2340656070508822
21.711371710437483,1.2851424046377085,1.1961933692231004
21.598921934714042,1.3019096686459029,1.2170483447101432
21.73410224010158,1.2778800584938859,1.1922340584881503
21.693575930669205,1.2868994179950253,1.1835264297165105
21.932573696155664,1.2485267917907337,1.0600152453443112
21.587053830541333,1.3123372159155613,1.1011081275473154
21.94595809533643,1.2442807159034204,1.1013385310028236
21.694981004675295,1.2888534204146387,1.1421509464966373
21.682989062242086,1.284589470845353,1.1415072121947556
22.093278951502203,1.2236845214004892,1.047754849439254
21.821076207247543,1.2687940320934987,1.1362055821801735
21.601427754385536,1.3037128283369321,1.1008099312191968
22.119900498831264,1.2160793370306162,1.1262214006257687
22.29656812468331,1.1866642039016824,1.021685134187181
21.835198117724595,1.2642719547477768,1.1158943745835406
21.660785727821654,1.293538512766843,1.1604597367364273
21.53827109569871,1.317956851319114,1.1173409588811611
22.21350696676127,1.1944383224098818,1.0655682920187948
22.167776341245997,1.203453878414236,1.0693212570290105
21.88113463024286,1.257564889445447,1.1461256914146003
22.27491375604819,1.1881238267557506,1.0861819996572333
21.50872609656701,1.322141325752441,1.1491158187069384
21.719750049772017,1.2866056060023554,1.1282540488577961
21.815809053031302,1.2713848753675012,1.1288441606838135
22.617250432006195,1.136073668799583,1.0209824337269513
21.96430756143775,1.2420240703225098,1.1076870680479982
21.407880119866626,1.3453572479582105,1.1943132799697351
21.920911968414362,1.2507131304835115,1.148899903047273
21.678870959612304,1.2880368896245584,1.0883081464295306
21.69713772085766,1.2814063540219764,1.1058067129188869
22.152763771502144,1.21032474786965,1.1149192746357413
22.338231593593438,1.1823725031687402,1.0809924290735768
21.82834225903509,1.2629260153438995,1.0866741610414261
21.92590627320977,1.2521277169350484,1.0982647576353357
22.05055443363964,1.2322235655725955,1.079274895090642
21.789551456034992,1.2781550996111812,1.1130988037511627
22.07522376991972,1.2215836128506514,1.1301565528793605
21.291383346023885,1.3647054609960985,1.2480630751272
21.810386541608846,1.2658087144819536,1.204493192052519
21.595079594794363,1.3068270247759743,1.1700262679020181
22.043289364064297,1.2276542539735074,1.0134567896278432
21.639720847209013,1.2967309943848833,1.1673343867137822
21.535019582634604,1.3149910102994768,1.161255302719259
21.826042688306014,1.2688457292113942,1.1273335081679166
21.884631166524926,1.2578270985137345,1.1208373123604276
21.118235210568443,1.3980629528758786,1.194399806059472
22.376774890793,1.173219461621575,1.0607990969541456
22.514135278076154,1.152030993428252,1.0542263748528022
22.09013163979746,1.2212837396087053,1.0724561488587596
21.786227559550326,1.2702073124486477,1.1745367274281175
21.217868683811137,1.3796237925953914,1.1748767702439191
22.109702052913594,1.2138125512438624,1.113891829340245
21.976510380928183,1.2420036522078168,1.0815402746706564
22.393082695613124,1.1733537962102962,1.0865069870725277
21.565514243303905,1.3135422912792738,1.1633150188740664
21.65889538999035,1.2932662814606035,1.1350058856711
21.58716851912451,1.309985372669547,1.1943727896197813
22.309892175982185,1.1840555807589739,1.0936594846469403
22.300862871458442,1.1856252021925642,1.1058048135610563
21.813838962879224,1.268091980490214,1.1598974897398846
21.465221196393294,1.3287048054764887,1.1742555547907667
22.05843765381766,1.2316819314196283,1.0801187681332327
21.665785494031887,1.2934901882695757,1.1626774322179636
21.84300955277463,1.2613217405972694,1.118435946202971
21.61610455753555,1.3049325470338498,1.1660792744499853
21.607135485574744,1.3081841802740202,1.1624223687488813
22.03570206908625,1.2294468807871595,1.0819554101232187
21.721276620129608,1.286208339740372,1.1362675629967154
21.57413850179703,1.3129143846520486,1.1624669461088848
21.3826022717947,1.3444228286155373,1.1841290005634382
22.440577201068063,1.166203043104236,1.0907377396882092
22.330536183666833,1.1892152723777805,1.1096786206328626
22.08197363878744,1.222431885950538,1.153555877957955
21.327047624382576,1.354471405394896,1.2422696073660258
22.063943445599133,1.2218912631147723,1.1330228540714686
21.857555843597822,1.264084048574636,1.073314184848336
21.235054553067137,1.3765387688963435,1.2676809337991068
21.556417178971543,1.3141472900854405,1.1344796365050174
21.319821071211287,1.3561094689132431,1.2285289631959053
22.07134159789458,1.2283003062378117,1.0984141764508908
21.2542377807173,1.3648645219582571,1.32633370878064
21.532079221580048,1.3155479286284064,1.2610439889322187
21.51811481759337,1.3218952010331617,1.2469406095467122
21.6176821815164,1.3022975479955579,1.2238235343131398
22.10073696563726,1.2182230213763878,1.1443614907630593
21.449942604914533,1.3306077795886042,1.2794382430138238
22.066446700417558,1.2259537734703323,1.1804786633152484
21.08040827743907,1.3978617786268122,1.352221987777335
22.31941027733749,1.1849122179972695,1.085817421126815
21.29418940518108,1.3607961194561382,1.1681008490779523
21.729767700209514,1.2804699479051478,1.093351059438809
21.626575121499236,1.295909597826486,1.111577282443056
21.663043039541023,1.2884007567969396,1.1282458885642739
21.57991019995425,1.3063015714128696,1.1819417410318156
21.74058359984406,1.2781279824996763,1.150456397767015
22.009073581614476,1.230650471022265,1.148905766273521
21.936500988085868,1.2420153118922708,1.1250131931313743
22.041105358316404,1.226689328501037,1.1052680773494057
21.676827157313014,1.2926145831360625,1.1811250801026467
22.525840777816917,1.1495181427265186,0.9958528165913959
20.92440949843738,1.4394310026868418,1.3166921739452462
20.98110573413777,1.4289222509992767,1.313483990264051
20.984698573927723,1.422856407262597,1.269790084872464
21.50538665597815,1.3221533421774037,1.175470214585143
21.62274040569612,1.3021270621078316,1.1054604418375003
21.680003801589415,1.2901952222748774,1.111639683883617
21.45122078933434,1.3294425669725902,1.207467961762803
22.331115346694972,1.184268104390426,1.0610212890694306
22.11122631048838,1.2228296070704148,1.080923570113237
22.284393459053447,1.1925156766730474,1.0373972428205807
21.83636542199014,1.2616565066554843,1.1329537537407899
21.38409002979124,1.3512686323713083,1.1542058372016029
21.457345092737114,1.3360052977942873,1.1805840565638985
21.461784351832836,1.3360433557630826,1.1825865908436082
21.660489824507785,1.2906411182633994,1.1813554695656354
21.96188792357322,1.2422479410391114,1.0656683816083206
21.324731665054195,1.3556280021311293,1.2447527738500832
21.440380618818995,1.335821618008089,1.1476651233443254
21.497891525862407,1.3230525436093108,1.2197014309542653
21.479843704083855,1.3287207267087815,1.141020755444376
21.32609758772442,1.3540616329538502,1.2714271444940735
21.94506396527714,1.2441501093235336,1.0728828712803957
21.50133352113726,1.3280373757885953,1.2119099107067612
21.14215143661486,1.387714890171428,1.3127713191031494
22.394858591207132,1.174724949040811,0.9878991000305799
21.51535751472492,1.3204574092951293,1.1833251112663472
21.81491511423026,1.2681932593209186,1.0784960404668307
21.621039923825574,1.2950627042355953,1.1382898199570795
21.56370134503073,1.3186298936997072,1.1676250195459796
21.744713243271942,1.2794157497644119,1.1888211915414975
21.317409649204045,1.359005903567798,1.2096499891999413
21.370540907061788,1.349133447762963,1.202619904033246
21.399249606601373,1.3466092065740405,1.2302039507336575
21.244585267549873,1.3685659932538496,1.2460619557993817
22.220659349717394,1.2021439157730833,1.0574833798428869
21.60451771695008,1.3046851100552093,1.1619011368534866
22.19340445603657,1.204726996738902,1.0885052705963973
21.932238997723374,1.2444873101785823,1.1125357862146856
21.98058986052306,1.2361461483819376,1.0997144115606445
22.000655824566067,1.2341720155649094,1.0904677151100581
21.92526569545653,1.250971369405114,1.1304882832703296
22.033747000628168,1.2261802998889546,1.1028762634681466
22.030473185545205,1.2283970880556663,1.1033676498709286
21.65948325162558,1.2983268062386626,1.1632688837581342
21.285896016894895,1.3598520641394176,1.2186844355173059
21.774104117827846,1.2782304141906857,1.1295946043461673
21.721418377978893,1.283027422668962,1.1383525669002315
21.89075712758617,1.2563369112695246,1.1353862163692954
22.02164582406406,1.2362927696532906,1.043136092693916
21.46807737661227,1.3269814130290023,1.1805415052283494
21.616935253396324,1.2959394005805798,1.1903047859901867
22.238372359634212,1.2004385503551362,1.1151196228493703
22.677812914171085,1.1303960055472793,1.0498275502951926
22.332428952960072,1.1846277622827852,0.9884278976631744
22.41479951599643,1.1703824395071516,0.9701008823006821
22.09366771364773,1.2170225420313276,1.0309952816535861
21.53172160571323,1.321268665988538,1.1147784446817295
22.08490494406648,1.2199918987014844,1.0962138160047876
21.622408068270623,1.3018853751517598,1.1163099586907599
21.872673843376283,1.256327459971813,1.0627498575505827
21.649474351322823,1.2959095613984617,1.1524072104870342
21.844012418537464,1.2631494691765404,1.096089344886605
21.75113822224115,1.280496796725794,1.119361727510889
21.79960023100498,1.274617082671951,1.1244005020512726
21.37793638764478,1.3421791094861144,1.1958987318479748
22.251018811803,1.1972033927420895,1.0471893043973344
21.489264015052026,1.329373869717124,1.089409428770128
21.81887292674994,1.2670834717329094,1.1210989056404908
21.92242797113797,1.2447153944485365,1.060257185275205
21.55881411532607,1.3153121327584052,1.111580123482133
21.505110091924422,1.3208417550564004,1.1102093455981465
21.132433457577136,1.3903617009443607,1.1451959123303475
21.477605176710696,1.323397133050755,1.1245972489948173
21.667719051955302,1.2983412863647785,1.1120356159932574
21.697021494202247,1.2858268176683239,1.0996085099554676
22.2088756534766,1.1976453204476416,1.0069895152972133
22.793544105154787,1.1052290523389763,0.9934617997826738
22.308097854926007,1.1865591163533125,1.0416755038263477
22.309768240318462,1.1872528155791593,1.032846616935079
21.821770022451876,1.2675239177352733,1.1465415136616701
21.980130053402007,1.2373770867549578,1.088990907727827
21.440850761662748,1.334185481773949,1.1934031719833227
22.071046150775,1.2258008740585815,1.0824437389046424
22.60620803427617,1.1367586794624467,1.0566660396133565
21.313246970584515,1.3575075243040644,1.2080243596124782
21.76362175778457,1.2713493120940247,1.1234248727104288
21.835417557709114,1.2628718529566962,1.0658163368859213
22.091731473531958,1.2204997955423365,1.1581608327668622
21.48071079269612,1.3263313802936745,1.2517600062904126
21.90537354089239,1.2512805537900804,1.146588626327163
21.617249537738036,1.3014187490350895,1.1401041643893681
22.17978866797668,1.2033617925859041,1.1325371996684663
21.432965780365503,1.3364586842463528,1.1468548451805909
21.503344359909647,1.3224829216687453,1.2155083047094455
21.110818833930033,1.393437380515757,1.3010829345330923
22.325661012741858,1.1836901536203075,1.0531220490494024
21.405766997889124,1.336920375278086,1.267161546957908
21.585279828444282,1.311494136746017,1.1353347394437756
21.410895658908633,1.3406818189750775,1.1883070730185246
21.166200635539745,1.3844031629435616,1.2014646220841243
21.19110107212235,1.3850315581475778,1.2077432538032558
21.311225958234605,1.3576563976688616,1.2040520068403628
21.742917452629715,1.2800568020632281,1.0685619877946664
22.191153988800906,1.203739806441015,1.029864113979385
21.195981571546092,1.3851923605230922,1.2028785554780526
21.469398569699642,1.3351810317095696,1.1392162465733005
22.028771731851133,1.2362152636354575,1.0959768154190346
21.591962152656844,1.3118278537407129,1.151889044335945
21.44452835963302,1.3276838510875475,1.21841052211789
21.904788556990987,1.2564342729067106,1.0717041927443351
21.203101118325748,1.3845125646782677,1.1759103342287547
21.454714796313834,1.334813608971423,1.1735936642337852
21.589105438305467,1.3053307920922743,1.2260776527013664
21.8071316549523,1.2708440832454826,1.0494884002974079
22.250266000947732,1.1921445807143678,1.044417118266685
21.77040791106476,1.2795127174604193,1.1426514616652645
21.83825789169419,1.2627783083604394,1.1421975631143515
21.963159271634808,1.2450652286556467,1.1404581647436713
21.733986902757838,1.2853167895726223,1.1074912698416526
21.57140773351147,1.307722711972935,1.1825544915091084
21.586517864331437,1.308934673974754,1.17025679046308
21.402427416720762,1.3424300309711024,1.201553438324487
21.768751678510007,1.2755677372719578,1.1497390865496306
21.842370015386752,1.2619696584538624,1.1085090612936666
21.5153118912206,1.3215183566895325,1.1486456031131165
21.21848098663348,1.3719695872933075,1.2459173235666792
21.645896560392355,1.2976534792217764,1.1591542771600203
22.122893397334288,1.2117579812876151,1.0781469289010264
22.026717398196215,1.2306328353345215,1.0598224463707568
21.95246111907501,1.2430157606075938,1.059255961751437
21.915390714805323,1.2504470420983358,1.1093390109183618
21.664384887208477,1.2942826307574413,1.1611301392455629
21.490510361457055,1.3218227927686923,1.161729514412319
22.24296128551792,1.194670707162394,1.0727460651421314
21.34585758994148,1.352374557404351,1.18689298799599
22.1224001006424,1.2169341026333582,1.086579984393437
21.40747937333034,1.3351770437304957,1.1845389825460866
21.586681481110567,1.306257701631093,1.2140596198340032
22.265439898952955,1.1914854231236374,1.0553576135287592
21.229804955069767,1.3749729501649377,1.218885939088524
21.7514729530396,1.2767891098956636,1.1318005931674826
21.65202755609891,1.2982796550431366,1.1183708723853705
21.59391179047072,1.3087124035066973,1.1192927385371094
22.131031170406267,1.211946284934379,1.069184172614119
21.84539051124119,1.2678919380986575,1.116848723189676
21.806607350534556,1.26301321915942,1.1515825374752584
21.576704161538782,1.3106510839633634,1.2040843341038538
21.75695120998087,1.2811859419184874,1.146735685281195
22.22214727608521,1.1965324021083463,1.1147979953387845
21.31209704540719,1.3619820076936706,1.189752894017783
21.79787871203088,1.269277553546726,1.1671118677397883
21.749450619461534,1.277012476451624,1.1840205962853458
22.233180231793156,1.1959608448954715,1.0692808759317596
21.23157430928644,1.3737268376022675,1.211318983015863
22.2980166772804,1.1883221831931992,1.0849947842016394
21.497857070487203,1.3242249335945202,1.1111808452808587
21.86219827384902,1.255215549538879,1.1581924033424014
21.928271745586947,1.2495121990842613,1.1041510116626039
21.571330875134585,1.308357039260239,1.1783009873418568
21.23050008947652,1.3797873476914495,1.2542543460461937
21.84518416128706,1.265973904980347,1.1688246240300386
21.21919073842978,1.374423649281947,1.1787232278711015
21.64392544144468,1.2961551855151652,1.1295394553904545
21.80713480162212,1.2693146836436435,1.1226440127572825
21.985294404399852,1.236663355805383,1.0671321445061568
22.008532568109736,1.2334602360018176,1.0604258748577788
21.381202135856697,1.3491184064148778,1.2218202261036906
21.4794753841623,1.3212954783611597,1.1718693944901917
21.83742453127104,1.2728221889555333,1.1107045505880182
21.756196507619062,1.2741673287618998,1.1078215709271626
21.804571561870567,1.269048561015081,1.0935338557726642
22.120067716951716,1.2191492073789554,1.0811333520428743
22.086908820521177,1.227510022989873,1.109443996456314
21.49274773607074,1.3247560509283618,1.1490814948473644
21.959154449702403,1.2400655781830552,1.1197739052186306
21.409489596218688,1.3400065811782265,1.1517443640165905
21.582918892250937,1.3073736407125347,1.12463376225013
21.71473987143954,1.2808649082568087,1.1579276027825052
21.483061421925353,1.3237539861839278,1.1504862171436843
21.525382054765025,1.3183929972860997,1.1281295906517785
21.884873191357613,1.2554281122664646,1.124521892431238
21.73375867038106,1.2786023337646932,1.0923361793675186
21.069924632045087,1.4073788607040452,1.170240611178885
21.0858534380229,1.3984750523064728,1.1963069393757277
21.373797453323988,1.3481636853862913,1.1552847608770571
21.316890732505563,1.3590235636940546,1.191350576510014
21.32461577266151,1.3587261048619783,1.154586001387401
21.039543233366942,1.415658695753815,1.2678775086265532
21.986425232025198,1.2401136432177557,1.1413658071982222
21.569018362230942,1.3117407493224824,1.1923526623438403
21.909388387783366,1.2446872730405183,1.129797906297523
21.749275173643127,1.2717387523082742,1.1422628317410282
21.739182395485425,1.2750075852555895,1.130427767711232
21.81616466358313,1.2703287205859366,1.1559148246370596
21.661403010360594,1.290425146559151,1.1393062604956983
22.311096232499736,1.1838178341265095,1.0863502009216706
21.416453798617077,1.337179926271333,1.1170567055524285
21.874173560380846,1.2601631898903203,1.1454837148510988
21.577833375814954,1.307815289194088,1.1344971303860611
22.069287085031142,1.2270876874474939,1.1462762705513645
22.315573902837226,1.1813745796388038,1.158973235737529
21.35740655421506,1.3529692488795309,1.1030183284080668
20.913023676457623,1.4341325485229897,1.3875572520780137
20.92600048570035,1.4360640580677868,1.3066836033202205
21.72733267173011,1.2830708960947754,1.2597672774226676
21.86792686725355,1.254336367390728,1.2693771479774305
21.707541111223517,1.287951483044757,1.240283574996302
22.29287895796146,1.1869636266618568,1.1073489585771905
21.76625373237999,1.271369787444819,1.2159969152277144
21.80236334483049,1.2752554699945555,1.208616132422037
21.471766225753733,1.327797839124365,1.257993341266046
21.42949435731292,1.336128994683182,1.2725675397366938
22.361544478921186,1.1730814211745515,1.142554112195909
21.354418951110823,1.353180785050602,1.2818987267860524
21.9832881688124,1.2377330640058726,1.172326414925048
21.589057524171846,1.3096943849705212,1.2067303601537076
21.760610352343427,1.2784361331415839,1.189925394844816
21.372987395253105,1.344904670878505,1.1226031608092732
22.182738077668734,1.2070992150131963,0.9947887105490907
21.778509965954537,1.271223947304907,1.1841714192797679
21.14216588893309,1.3969467940214957,1.1837034644235689
21.271158542484223,1.3722970604592413,1.2414193724657139
21.309839351436402,1.3654046294432525,1.1674726905944919
21.88661616532908,1.2490824444258428,1.1517531500542655
21.946957636540517,1.239684119182886,1.1522599732477161
21.61877301524607,1.3082052331731078,1.1131833030427143
21.96715414590225,1.2394907395914008,1.1162786155667503
22.023713826312754,1.231917070154127,1.0735348786075158
21.129925957456074,1.3934549582303573,1.2058164065081203
22.01168405951691,1.2361662719030049,1.1127637615087815
21.51430087148825,1.3240055332639273,1.1732173514062643
21.228934565432258,1.3775860239099487,1.1992387590884808
21.320191981292332,1.3628884013064597,1.1860751969329626
20.979408313930318,1.429365676740947,1.2763903211031629
20.67746670289489,1.4878363527631646,1.2906895193961723
20.86734952145649,1.4555756908796897,1.2882860752027234
20.646812497369915,1.4932404418890035,1.4070017085395452
21.108005147939593,1.4034234200041118,1.312569116257384
21.806041483471574,1.265402860518591,1.1121221798462653
21.594731878641113,1.3036611326037029,1.14024134026632
21.997730046704522,1.2357206166242112,1.1142973286521183
21.85944504770046,1.2677327363049855,1.0950466076329055
22.086666485831717,1.2169999084695486,1.1013334275673001
21.078170359806066,1.406015927462549,1.223194942740661
22.356785061145146,1.1768012192606692,1.0329235653930537
21.193787704816295,1.383862390923966,1.2455328360403677
21.610500190991708,1.3045511337758222,1.1329268397919556
21.74306394624298,1.2784555694052375,1.124203896815125
21.725394731375566,1.2784755233280283,1.215141222759265
21.99382454182237,1.2349415921486184,1.1134334614011019
20.976997553320935,1.426759108141913,1.2558987266854307
21.517537096125853,1.3199961086418084,1.124324428040456
21.4573049979305,1.3338628682477374,1.2683370070967874
21.073357704468155,1.4019109031005959,1.2493508263502706
21.433623793658356,1.3348626228707432,1.2002014618983035
20.985886354646553,1.4220994289332223,1.2384141691730886
21.26449673509444,1.3673217757788378,1.2369805941577179
21.89692147289705,1.252025247012254,1.1256682145564367
21.383275241781103,1.3509253185151548,1.1703600715840892
21.71442615838533,1.2829371652495265,1.152819551261267
21.83921281177123,1.2575588147390915,1.1196355904939825
22.2142979874507,1.205612340240356,1.0716059686177972
21.887678354696284,1.2643490213075204,1.1364953430304703
21.684467684853992,1.2866035932473852,1.1349043325028239
21.92256286314155,1.2494394282422199,1.1311081558312628
21.78827337779946,1.270485030034503,1.111120548091261
22.01112002105659,1.2346725121329074,1.137785860369992
21.244173916914654,1.373621938842371,1.1844710021939011
21.437509772659908,1.3370907052735592,1.217350892171017
21.904257329074294,1.2493885086337169,1.1587845016761606
21.951794681069074,1.2412684463079604,1.1576257675583734
22.21286045355818,1.2015929722184335,1.0873593556888355
22.030065741068928,1.230181703649714,1.145217421246279
21.494840085584457,1.3211833775086685,1.1986156507276338
21.624958157457577,1.2996493757069483,1.2113965065815377
21.621221212167733,1.3035324594715945,1.1118324259724912
21.140262947910337,1.3927087746477147,1.2685303406737225
22.067533672951726,1.225499438993139,1.0637566586738738
21.972895903542287,1.2444177858969918,1.0935644229786272
22.045692295896217,1.2332413502345319,1.0947724340408582
22.18479660970355,1.2117437231727861,1.0970243912263533
22.060804406424236,1.2204288234900493,1.2015020596993735
22.27768904938487,1.1857535511164097,1.135150909929481
21.758884682825567,1.2763226294656906,1.1534673530662098
22.160666199635013,1.2079824948540279,1.1397646666600303
21.978829867419932,1.234727843977131,1.169867455511588
21.602426685130347,1.3080771083627818,1.1590562871379289
22.195944640438583,1.2016390798972805,1.0467098963491044
21.606364316335526,1.3058937843158416,1.116146519699905
22.133282686267663,1.2152474833025473,1.0491678251105179
22.012375145969532,1.2357615772331565,1.0808684237570072
22.127459009784143,1.2135065360299575,1.0824113504346593
22.01207856990463,1.2340360279450395,1.1615231551886527
21.945068651742073,1.2439747034719153,1.146258672572682
21.659199590522043,1.2934131005037641,1.2087400457932533
21.636544682564455,1.3007688237582224,1.1394058107055187
21.844727478455283,1.2553194318003806,1.106789592755294
21.950188986698556,1.240733785518235,1.1187418885940037
21.669398666823724,1.2954714454246203,1.1636479535668025
21.591094193595257,1.3074085742332069,1.1447544576891902
21.192424837967543,1.386499532255381,1.2636206117899156
21.80209755783153,1.271270166432337,1.1050923302989606
21.915107742691404,1.2485258465868854,1.1348567375861933
21.647191190935402,1.2983078063353,1.1408428353163425
21.530184698583206,1.3184006371364538,1.1662335629930212
21.58282207800613,1.3116344514712472,1.163659939372756
21.51416126134138,1.3225904776845072,1.2025167745142427
21.055811699867633,1.4079859217273982,1.2773983611758009
21.43188298425763,1.3377509893687403,1.2233016499696765
21.95428368870379,1.2446576638465707,1.0959862990089548
21.867363950344394,1.259135805632024,1.1584548805535588
21.65711234478512,1.2964004564399945,1.119220770239099
22.159223517127444,1.2096079220334406,1.0611695285712637
22.35345204063617,1.1762180963533864,1.0350770790339392
21.198663116847218,1.3846514245704715,1.2299671784436033
22.069031005084895,1.2190790490720067,1.0809383036431925
21.471996547241467,1.332801197952245,1.1948107676892388
22.40053246966657,1.1694926665816485,1.0333823435515765
21.812111046526084,1.266844908135823,1.0951028477531977
21.945333607909898,1.2475497503181958,1.0638543016811968
21.86071379120397,1.2643812105587242,1.0832212319090535
21.79745096735246,1.2677219676096942,1.0977103082871
20.820462742600405,1.4614393387426297,1.3967562464337329
22.196583386445255,1.1990739912859818,1.1085477374669688
22.409877947338874,1.164246472234577,1.0708849047232287
21.25526929598417,1.3634771956402891,1.2120346410229033
21.950620873367065,1.2405989107863062,1.0566988260828079
21.764003627782934,1.2758742957447553,1.077457954156251
21.859673465284278,1.2622241136983974,1.0797525467354552
21.748461907552567,1.2736505342837974,1.1059150543351994
21.87118450995409,1.2582454524204578,1.0768086101852328
21.93978993113582,1.2462662873808754,1.1195482676815742
21.552610250541477,1.3148683148045024,1.089626012187741
21.520822363984497,1.3171499869137278,1.052949079155643
21.59272836793574,1.3048313922159716,1.0440966561709673
22.042499909611664,1.228540836483733,0.9955900296217831
22.071846687540543,1.2228833013077456,1.1301364440813186
21.880876947285515,1.2563110786678986,1.0604160194184677
21.99322782485421,1.2361087467124783,1.063492980382132
21.321785514986757,1.3541923459540275,1.196069244761257
22.11778319547779,1.2125840351249653,1.1184832694314943
21.851021590703603,1.2555702725321156,1.105211997443768
21.66657643907269,1.2898849600237687,1.1498755010874782
21.93745694850118,1.2451705050640198,1.1492706279652616
21.498667133215896,1.32569054523042,1.1415583075702085
21.8715815686821,1.2526316383615939,1.122642850402453
22.21675222903407,1.2074590056566878,1.03666149100693
21.902395588505108,1.2548994281020107,1.1172351851010718
21.453762035560434,1.3313036892199401,1.1819389026971419
22.017613063351693,1.2273061682440611,1.0248667411350456
21.81686965067161,1.2690964632751622,1.1748076012562798
21.623765821944765,1.3021609803791478,1.1241530976586491
22.035134405702454,1.2294161076865509,1.0534225479857653
22.32366212625422,1.1822485362504551,1.0274223094684096
22.29676637004743,1.1875892435054614,1.0263368731339253
21.307498852876964,1.3615168104762057,1.2462576149497113
21.336737905166718,1.3560514858487445,1.2190496699587876
21.8467796900048,1.2635587440271392,1.0874760261263376
21.686768272391067,1.2895143280522554,1.2243989295828683
21.495220055995944,1.3284389164646166,1.1056319684974694
21.345600931087837,1.3530456629222944,1.2572228302127073
22.02575087248107,1.2299677465825463,1.0778770717514794
21.55634947110808,1.3111320093291485,1.1231430550482369
22.07258829148339,1.2273711243848695,1.0898611111402163
22.38887959662396,1.1703503421641703,1.0811054501656336
22.248191595604553,1.1983419682618102,1.0110987405841414
21.589617112015333,1.30400590329356,1.1799144291620483
22.64393691514104,1.13245104858312,1.039520025056761
22.45733121164284,1.1621354489887294,1.083769610169285
22.11920142826398,1.2177836236268729,1.0949166483049886
21.383116294032973,1.3415918523110237,1.1971943129876963
22.44935211764377,1.1658186460504676,1.018459317747033
21.672945259113988,1.2889664574378596,1.1106774372092334
21.87494095009619,1.2522965552794947,1.1293900122786584
22.04917257211787,1.2330052805289928,1.0783451594891018
22.109665919092112,1.216113955925494,1.0899283200591916
21.85354152285218,1.2589702169160253,1.1261984580301911
21.911368890390058,1.2514516970980525,1.097856869919792
21.443817194665513,1.3289976897835833,1.1990968922521859
21.865579285478503,1.2588685107118391,1.1901439354764554
21.782003271157773,1.2781218898701592,1.1703422871116766
21.649988121643453,1.2948229078760491,1.2459613626013635
21.59882570410356,1.3070628433428881,1.2151646456184202
21.55178681288377,1.3156505630197495,1.2226459179642877
21.560040693424515,1.3118714664205464,1.2630192991561595
21.55654175912859,1.311212616676663,1.2722325802141738
21.99102712442067,1.2339962427614812,1.1914876110053703
21.338370811362957,1.3483859040929451,1.2898847526479358
22.18939916487235,1.2090462487037645,1.1386042446219968
21.98322064628028,1.2435532886311738,1.184440498003397
22.313107404663505,1.1846530432807378,1.0836850087941023
21.698783855061905,1.2875966713659166,1.196443202931295
21.663930222770905,1.28978480302789,1.1449638511251132
22.037695072933644,1.2275389920546644,1.092507860605626
22.29356339639905,1.1834775699301967,1.0696560531197485
21.684700582154424,1.2923669486867835,1.1515830403426035
21.765600630039376,1.2787274689247103,1.1162111756980675
21.698922298054995,1.2874019153197522,1.088478571428696
22.15970415273444,1.2080770098649773,1.1410645904231833
21.89552414534867,1.2525508528484062,1.0070439884582743
21.66829653976466,1.2912734356767432,1.1814062615903915
21.99538910338265,1.2317264988699905,1.0595350354795783
21.926733280648456,1.241035539479981,1.1943362453798612
21.60172802390631,1.308549785030673,1.1607684076731895
21.508702100336485,1.3224913316171722,1.2290538563708169
21.736749999117848,1.2858270415665365,1.17002707216877
22.40170699968995,1.1687052087845227,1.1054512555687919
20.970352414168055,1.4223943088162558,1.3326217152869118
22.407011407952655,1.1692934854430883,1.0778246279405208
22.34885379370703,1.1780037291015208,1.0833484832010074
21.201615729842914,1.3777443198043096,1.2008554680090109
21.55463074216121,1.313703143859301,1.1927240027010901
21.596884794533935,1.3057875795614196,1.183588486700093
21.892306875468606,1.252199184119053,1.1086147532793427
21.765110719523648,1.273861004076815,1.1370162502315664
21.21970464430853,1.3750145221744687,1.1376174730415034
22.483600146017253,1.1559533016515018,1.0893848880853003
21.614445293886153,1.3017267710383285,1.2351377673983719
21.91230313628348,1.246961260969455,1.1056421927552083
21.390674294643993,1.3474490999471767,1.2023005736367416
22.10973160197385,1.2163204948699888,1.0644564713896054
21.590267321009666,1.3097388311480476,1.126144010374753
21.402006930064452,1.337332622106941,1.2101914887182725
22.132611771309115,1.2148332157577257,1.0753649948934922
21.55910164785251,1.3082056681669898,1.1862439354011265
21.567689871581273,1.3086311786860882,1.1382762187338855
22.061392700165527,1.223011397244219,1.1166345882203816
22.032407373129594,1.2326590358999034,1.1559348813272603
21.14032384408266,1.3950780012746307,1.1883410875444054
21.58662611103002,1.3106078629333986,1.0971061545019918
21.890437823798784,1.2545770393833553,1.0872475611589274
22.00901311098137,1.2348495511411484,1.0659973660218944
21.41004852604945,1.341660633777848,1.2335587584803935
22.1888242474038,1.2038395346618345,1.0375822248313993
21.290773046558577,1.3638518850685695,1.2366909981860141
22.28996375524828,1.186615192287929,1.0504495781694037
22.33311482340475,1.1795946725517905,1.0118949797923875
21.514032793979183,1.3212081108646916,1.1743048613779659
21.732545051403395,1.2769168883257118,1.228024145980436
21.388349241612687,1.346596230240691,1.2198791899586194
21.94016333140707,1.2477000104047915,1.163962469207652
21.52910650850618,1.3105433902722614,1.2717829082373524
21.540368052639252,1.3147293144603986,1.2291756222854655
22.120626474041504,1.2181379169231135,1.092707952657476
22.325251750047748,1.1824782582927027,1.092850663404865
21.503536667173822,1.3264037971265863,1.1361595932096489
21.615178860203542,1.3007915347986834,1.1512119670406884
22.230546565069545,1.1986783312614813,1.0107206178468942
22.129784617243164,1.2141192626373007,1.0158797480235617
22.044714323122488,1.2288061055280841,1.0252891388261998
22.267163297168384,1.1880100363196107,1.0737549942350304
21.64312764054313,1.2966778140402249,1.193605878148095
21.4157040025795,1.3449145327106562,1.150048246222865
21.166946335182224,1.3863594072960677,1.2848606113419043
21.182881734177194,1.3842388280225402,1.2855715539129218
22.277423446127788,1.1897760957275576,0.9381933662152737
21.98406428640898,1.239744256599669,0.982828209124585
21.411872959729493,1.3422266590527152,1.1531555689890032
21.924242077276805,1.2521846847319504,1.0274122505006722
21.891210148970693,1.2585075429642332,1.0459590692463538
21.88461037909364,1.2589060247967088,1.0619258837881884
21.400529234578407,1.339305442576614,1.083433151095805
22.389894226130295,1.1723240900215464,0.9480859613913748
21.747041702407063,1.2793989389675033,1.0613211190317065
21.763657649377414,1.2773559568838064,1.0654474132257035
21.859913231159034,1.2650939206754739,1.0332808220986864
21.81957283185606,1.2612883283787923,1.1885009150473145
21.644190960639655,1.2922570603555972,1.217367489537392
21.778196107470755,1.2716683080748843,1.0733610359675176
21.91165491872971,1.2508622673004262,1.128921241048489
21.885429975040623,1.2537720147100095,1.097083142388073
21.332611954160306,1.3548688828371802,1.1806155947816839
21.640885567016262,1.2992299955458744,1.1256378965638822
22.161475950161446,1.2116996159711488,1.0288518042961563
21.435740817054395,1.3346937587130645,1.2576373735441106
21.3382170185536,1.3593723000475715,1.2676876747082904
21.457096543918013,1.3378141761914677,1.2647149446600718
21.526185312467966,1.3241114579032809,1.2495893713829616
22.39132857162884,1.1659615969486208,1.05655858371868
21.880444036726374,1.2585029257053708,1.1428247324167597
21.865201394687084,1.2563931772145525,1.1489089560959893
21.735223972918295,1.280202629724094,1.1974613338718534
21.42898560411183,1.341940300000127,1.1255197969817616
22.04185762305216,1.2297380071164092,1.1039467633960254
21.84173803329581,1.2593421290668592,1.1425683415938777
21.39990658297483,1.3404359568252115,1.167862981161282
21.941607561698202,1.2401095529762525,1.1924415423585435
21.956737580209598,1.2402034966452922,1.1883062596428466
21.67490265523028,1.2884304737216006,1.1815025568937476
21.78005246098505,1.2769087296152069,1.1986084387183213
21.681346556807476,1.2925108931193847,1.194246687823206
21.803509979544987,1.2704747868006592,1.1762936585134447
22.00707260084828,1.2375004654291402,1.1750455638748558
21.950908346567395,1.2452480104352242,1.1784940101932082
21.72501340499456,1.28203593748107,1.1213801739072027
21.627135079831724,1.297607653629252,1.1004792709999505
21.38635577429605,1.3470979906555691,1.1336881112464852
21.976865284133307,1.2438356459437034,1.1027902250167267
22.226368800557637,1.1993161072740168,1.0911217227337238
22.56095835080462,1.1417555707803972,1.043260175202029
22.104659596769913,1.2160053398516988,1.0754806775694639
22.163378352023585,1.205719066475054,1.0385175570024572
21.54403049384024,1.316572542016616,1.1637862132186312
22.096654547550834,1.2255345189674383,1.0904264333856177
21.76060370183821,1.2728215645744612,1.1191791154082638
21.676620787348533,1.2911383346284189,1.1084542454268909
21.605867867731952,1.3004491399330642,1.1599341294440002
22.037689638222602,1.2309555963734955,1.058860842119795
21.453734077080668,1.333773310917861,1.14536573818489
21.015138788145087,1.4147794907441604,1.1977816000037163
20.95511904259762,1.4299346969761335,1.2166795176683793
21.364456621878055,1.3507175643658809,1.179303013828743
21.851496590339174,1.2590521559514025,1.1594908428589368
21.815423819588467,1.2685193401363346,1.177341727070228
21.931702246677048,1.2507697811226575,1.1776491817177541
21.706066266636284,1.2873667024327182,1.2170463693076123
21.262343451373354,1.3673129471545509,1.2581209855246234
21.163652372647206,1.3846307057333584,1.2869768370439965
22.1260124391448,1.214130319500756,1.1683441265412289
21.218731208021552,1.378239924956563,1.2062089418871007
21.844443854648276,1.2606482175829958,1.1416895066220516
21.853908450530074,1.2575878952513986,1.1551191310895583
21.934565022365923,1.2466161742238204,1.1281810499893004
21.110652269742367,1.3976003633861322,1.171801150633636
21.658156429836346,1.295953730741479,1.1732105746744739
21.526632397886246,1.3207611358016396,1.1761760910850028
21.50557625436039,1.3222367733218672,1.136254633066518
21.216837158951797,1.3763938234788895,1.2116979247847204
21.869133380145556,1.2548708751077207,1.1264837356733282
21.75468465899229,1.2747558407410484,1.1263994734887466
22.162202501705256,1.213730247585314,1.095334720036003
22.339653359045666,1.181580346426592,1.0966281481977862
21.561739515176253,1.3082846494889058,1.1861018630960265
21.345802471374036,1.3535003979349085,1.1547593588448097
22.015474763733717,1.232232013725461,1.0244324117156345
21.71863666715281,1.2860234434388282,1.1633771818232672
21.848764862666066,1.2585024689593791,1.0850249805749659
21.69281167403349,1.2896742558919079,1.0770239517983855
21.729070148125647,1.2769345518294863,1.1911405959021886
21.62633441520685,1.2954318767705493,1.1993046017030053
21.605853886812355,1.2980242104619713,1.1830093235229713
21.235916531616787,1.3767166327032023,1.2509773968221134
21.462473746057086,1.3319079655030523,1.1728112060630813
21.63237034253501,1.2939880487993531,1.193928683671306
21.49489626765375,1.3284028155296086,1.1485976141829262
21.6034596654769,1.3034286586244364,1.1511235159742768
22.041360812669026,1.2268814057317794,1.0469387159822703
21.38613770384904,1.347847766537833,1.2234583267665577
21.299791637128358,1.3621924440428792,1.270847651568348
21.266450839614556,1.36951824341078,1.2377721828543653
21.887296077934437,1.2521513518321092,1.1357032021101459
22.056683804510442,1.2269719403918564,1.0947228904051198
21.882875279203596,1.25646858232186,1.1512963945248453
22.017290354098613,1.2345199540119614,1.1311505731115425
21.343303488249987,1.353936789060955,1.1502244751924995
21.31278862747798,1.3583591436922684,1.213609221230661
21.775533170297187,1.2768957680432667,1.140988616247614
21.953944213829562,1.2437139189139226,1.125400533786828
21.983971156065515,1.2388405087645944,1.1157363539390377
21.81020500451759,1.2683888211031498,1.1382889477546083
21.54217210135448,1.3173552096842753,1.1291375412270792
21.704832760308246,1.283183934195012,1.1955001199673796
21.921168372196234,1.2462428542071309,1.1750670650712696
21.651922693747736,1.2941974364915518,1.1958952794102424
21.65062404171382,1.2897071747398976,1.1615627384211964
21.9760496265923,1.2382464335960475,1.1028266379750635
21.032504014774226,1.4116940242165867,1.250691902605678
21.770796405626196,1.2799234667285195,1.1062588623504774
21.391302147539115,1.3461200549749748,1.1726056059905465
21.318337221157314,1.3609815302838317,1.168169007760378
21.30269820826313,1.3605191231807767,1.1538504942438363
22.37271583354771,1.1745408822045285,1.060173364502273
22.373400385822016,1.1742901611188485,1.038208213056762
21.442011238459767,1.3372733455832844,1.1677566892546305
21.97677595666014,1.2387246934729836,1.138538575714981
22.03008390569216,1.2282064394334768,1.1404632249712487
21.631860421282227,1.3035549804094677,1.1125504529454258
21.23991235315775,1.374815733724109,1.2286475205828733
21.24867932570676,1.3719270720774692,1.182956254440089
21.15055188994566,1.3861622655675954,1.1745282740674015
22.05973505356945,1.2190576368047896,1.0654781514623823
21.383572392277394,1.3470453346222218,1.1452949160551615
21.88415169290609,1.2558176443189306,1.146826252336571
21.706002699640365,1.2826407617582893,1.1719247698090092
21.883952157820026,1.250702679805808,1.1728401057830435
22.03567780318904,1.237280021355451,1.0405601370288693
21.944263690603705,1.2419093776394585,1.069399816733948
21.904262505703322,1.2488744382354187,1.137227001187816
22.328427876225035,1.1858299208416387,1.1545701459089535
22.464376874685502,1.1661037237681338,1.0995553977747008
21.697234350816096,1.2844286175486268,1.1169824673751627
21.200391260187587,1.3772700215804092,1.2808799387620313
21.886164929068848,1.2547331458360027,1.1031570496399439
22.03045229681538,1.2294462442552938,1.0869846304852424
21.3778238377575,1.34593662371838,1.1915521502766397
21.87907368383764,1.2568978848446113,1.1148724048375316
21.519547173421774,1.3243269871924068,1.1831263044098965
21.625760391666102,1.3037615947114654,1.1696646624183908
21.941056067857755,1.2413444570264958,1.1068730911055478
21.680114267641926,1.2947460180813588,1.1941810358988385
21.40343954458634,1.336783730665563,1.3211179059670748
21.189514685042973,1.3813133606041694,1.3311127454243765
21.026424239336055,1.4133856801482847,1.3411712996510907
20.976755651645185,1.4225105550400394,1.3345138019668814
20.862084434813717,1.4491529452230685,1.326322967463537
21.41239459592235,1.3374055854126217,1.2798588314661707
21.387570970612487,1.3423936493131616,1.252025475881557
21.13892668526507,1.3943968612808664,1.2423366701017626
21.10460959828539,1.398715330303315,1.2115449948020371
21.027693721768422,1.4164320405164754,1.2518724238298944
21.536499830373618,1.3145645839109419,1.1590332143568465
21.878167652172728,1.2524810894565837,1.1483096500787335
21.56623286245864,1.312231287526531,1.150619390099969
22.573576540859456,1.1386122123981406,1.0691103745756363
20.935500208911215,1.4363487081637347,1.2535732610887829
21.881266222404335,1.2525635035857636,1.1107404779813548
22.162185516670164,1.2083046233323524,1.0769937052547824
22.082139005831745,1.2224354485557565,1.0418304208492994
21.970875273603593,1.2435848684860236,1.0396266144759174
22.07281480080303,1.221240725283197,1.1353770327199628
21.836386400145884,1.2697901605880277,1.1180781738288608
21.593767065369043,1.3090866789723568,1.1709244104983476
21.73994069675141,1.2836096872349392,1.1570450299002037
21.646039136841544,1.2943777052277186,1.1671805755946434
21.927610268869394,1.2515762163316577,1.1191071578085914
22.19665585148564,1.1977832700827777,1.0631689094734196
21.060610659774838,1.4111968817664173,1.1844195661063512
21.305722000169112,1.3638124107972982,1.1309742687295072
21.198688726602818,1.3849881452059547,1.1668480531326144
21.17162213216165,1.3894879658532282,1.1641997879390782
22.07491142898384,1.2194495094786166,1.0184728338769777
21.5460502815566,1.3112713216939462,1.1333466203923432
21.90322086494369,1.2572334477252929,1.129664883652921
21.771936568143694,1.267383266307653,1.0992054518092118
21.83490150787471,1.2705507651291856,1.1312323946980811
21.819984982016706,1.2630049151757614,1.1486118734353887
21.77743039197489,1.270616939281704,1.1536646991357724
22.647973089741555,1.1376224659398873,0.9805671708913772
22.86682665827141,1.1032505183088444,0.9300701866403075
22.236379024953646,1.1945343028795627,1.0516976464158985
22.717070147507048,1.1237291597175565,0.9841289256275427
22.5673754266652,1.149071557304735,1.009309430597607
22.602849601492856,1.142402938664399,1.0138487543405899
22.127704040147528,1.212207825999482,1.0089547821614873
21.480977056279578,1.3290497654959197,1.1527818005460533
21.762117038829956,1.2750882846089822,1.0782907249639735
21.625988504007324,1.2986135306268969,1.0971242797682257
21.211352556674036,1.3758429038185316,1.172247359447221
22.007320040416666,1.234550997100429,1.0812754798567454
21.653117164270206,1.2952547604566131,1.1554030603540277
21.829971382272333,1.266947913570161,1.131085771893595
21.817095409504873,1.2700817471241717,1.1527238516935419
21.369592082772826,1.3429834379627041,1.2698032182881847
21.024883512033508,1.4175325312334088,1.278792448596672
20.96866430292892,1.4252761915104533,1.3133154513408554
21.4034443579557,1.341027662964293,1.2458113264084452
21.57899888638589,1.3112277930930205,1.2204782796306024
21.992357634005987,1.2342758455378886,1.0713315360718532
22.083747434876923,1.219404293795183,1.0602737291768372
21.96145602821386,1.2402296862997324,1.1088442641810783
21.674186567296545,1.297078719167372,1.1588539065787256
21.99190094524384,1.236840388278847,1.1141518635382484
22.067846946186425,1.224538415840065,1.0448804669692262
22.141698959761236,1.2093495594416053,0.9940595511945411
22.299189903747674,1.184675063689109,0.9628571691272999
21.76225209696084,1.275951586484748,1.081081926729018
22.205121169129736,1.2001956565004381,1.0156848853640092
21.65423124519843,1.2995100091047944,1.2011509525331978
21.113503547940773,1.4001367082263707,1.2339533152952415
21.330394146474823,1.3587803255923379,1.18938365392781
21.96235476404275,1.2395982758606963,1.1237568657745147
21.673877337857157,1.2906849437347936,1.168170448045622
21.59024935188912,1.3108122320204658,1.149148259168506
21.431115269380896,1.3366418787193821,1.192696668651661
22.47933699966974,1.1586933071565353,1.0101887817246742
21.35450457206715,1.3535552092045133,1.2045465980605417
22.10487266218073,1.2169090699201053,1.090013967281363
22.063924370620285,1.2286099678642008,1.11585073968424
21.85079223251131,1.2623915806296042,1.1323623163674914
22.04653585205116,1.2325071529096363,1.05299373695139
21.47805367787891,1.3229443828292209,1.2724089491874166
21.51868727308436,1.318652519901533,1.2198250356834832
21.54764586971407,1.3140049603492627,1.209461014948101
21.59969002376156,1.305934845539308,1.1653372500157388
22.136219841015983,1.211908154633589,1.0932971507933313
21.428799217083043,1.3392124838951962,1.18405096165432
21.95480041881629,1.2425768416475034,1.1030831615066912
21.43244331063545,1.3352988933295071,1.1605291123543262
22.16615707525621,1.2078444532373978,1.0722667129426215
22.04732632442854,1.2218762007562374,1.094701551520691
21.69853666280647,1.29164940625516,1.1526170767729356
21.472799245591837,1.3409099815090089,1.1772352953851897
22.03270591131408,1.220072942062107,1.1375695093272329
21.004386302799873,1.4307040035891043,1.2159188529535676
21.216390699279415,1.3775165481955272,1.2704407653623626
21.515383618045238,1.3257312875837308,1.1222325303409224
21.584322031450853,1.3021136126266428,1.1191721074069667
21.942243078281116,1.2450626309449575,1.0641608128643905
21.348733961225804,1.3487511698446766,1.1629422015440913
22.07781536216977,1.2265051766509723,1.1297494369843686
21.432373058463796,1.3326764769465749,1.16435187963337
21.906143718366785,1.2497111593033239,1.1886433589588399
21.478769730349505,1.3291809870292064,1.2075336714340845
21.654995065796705,1.2945516535777986,1.1729255467763555
21.700919115540955,1.2845880821937785,1.2046903649402925
21.981486043115908,1.2360051965594068,1.1328214162605814
21.56878354395574,1.3081374894303082,1.1792002287438474
21.52020795650138,1.3220127069995862,1.1374133223600866
21.791732032916535,1.266842045756499,1.0893183482130249
21.352260184168912,1.3535672083620123,1.2084345498782254
21.519348218239134,1.3146108227461688,1.1602386098743331
21.30758899504668,1.3547518447589741,1.1939619706366518
22.124441462202267,1.2114966924719945,1.0980785560397308
21.44418592550894,1.3357266646359112,1.2270479256191407
21.664395831408974,1.2928859365046292,1.0902175587567247
21.753590210904246,1.2771977798631384,1.145322360576258
21.515337373766943,1.3201753210158438,1.1697188580676685
21.286807601953438,1.3653028176422115,1.2334364903027417
21.807421398872712,1.2654266218055241,1.1099919709045434
21.637368164873834,1.3007840489266638,1.1282875403987114
22.087845581409994,1.2226404118301784,1.0741859768597435
22.002043256229072,1.2368635732730404,1.0830749787583154
21.51466717785786,1.3203691302905165,1.188795194084099
22.350777513231968,1.1787104442550227,1.0581357861493748
21.850843838810782,1.2606458509470095,1.1453656673809722
22.41082793665536,1.168433705984312,1.0853741493015714
22.143488861027784,1.206360823786421,1.0722011504048463
21.704505127325703,1.2934798496916717,1.1425442344025238
21.926394340330607,1.2472199983335377,1.0781552949718871
22.102770968809907,1.215940902113802,1.1029357911605926
21.742716985903005,1.2833029553899706,1.1302800725606355
22.201147368905243,1.1988648997678182,1.102664326958162
21.398240196988702,1.3373128684564892,1.1759886711567962
21.42508527561387,1.3337205653526807,1.1832751367632084
21.780160855091665,1.2748403062043756,1.1665498134988097
21.263461209790172,1.3689099337855075,1.2947476699917082
21.193177028822536,1.3827712726899006,1.3032094065245097
21.205303208956884,1.381878169882261,1.242463761460435
22.139036905799504,1.2094907142612064,1.0934219731695034
21.57028809098911,1.3101852019172122,1.2122231507643713
21.712734301866384,1.2857337184402877,1.155630207886353
21.719650011375776,1.2844211099307865,1.1801952049197397
21.526046433424206,1.3177820378428073,1.0631685286665453
21.364618901949214,1.3443095808799368,1.0939264890646303
22.103428592959784,1.2193046370035479,1.0312676305273354
21.894272067787703,1.2557897688565758,1.0527193457255342
21.979944620013406,1.239795896348146,1.03009169439549
21.838918646645986,1.263458361086624,1.134283472475007
21.477793319737973,1.3290259987144235,1.1148581970997173
21.6344134482774,1.3012637393751747,1.1045427427532974
21.65093817845286,1.2899671845390108,1.1230329475183278
21.826885494587643,1.2684144102649737,1.1459369759828153
21.72740594223074,1.27931025952191,1.1372982320310308
21.859558422757544,1.2540899161299026,1.1520391931444705
21.70819913692501,1.2929014099555594,1.1077739034742384
22.190651436571557,1.2050550445660055,1.1042711085700385
21.9631377077747,1.242467303093757,1.1201441284750673
21.839388029386775,1.264237531725379,1.1377827969220826
21.66566961851828,1.2964887548085147,1.159821695088169
21.884723223221584,1.2510369663289174,1.1183709002749684
22.30156834209553,1.1838674831275169,1.0888089517985688
21.406307543173305,1.3394096975899272,1.2182201260310614
22.055866409381647,1.2228378384311773,1.0905150157347328
21.61162209700658,1.304392770916872,1.153512878136983
21.874757746259718,1.2583416181833706,1.0959699425223934
21.61812523094637,1.3039324872690319,1.1428094568245477
22.079485722067325,1.2248398569137058,1.0870821504189934
21.664028703132047,1.2915986768880177,1.1749550037162368
21.816404884563312,1.2658061924287611,1.1006293251471988
21.63159270219844,1.2975681790768765,1.1269162230084273
21.406264061627283,1.3456773422609487,1.214884219331426
21.831657720299113,1.2592342342500804,1.1016201452379786
22.184644272898645,1.2070445466664361,1.1008162558474044
22.300296361321863,1.183080249421407,1.077782270468985
21.588332235432656,1.3068585588561166,1.1592972033069806
22.28341952834507,1.1851121665678432,1.0679759454098525
21.97575928139525,1.2356738587573726,1.1006028296820773
22.034064781105556,1.230615696619239,1.0787529509719636
22.405072835962635,1.1693362957175693,1.0853059603453716
22.03291450903962,1.2291583932111076,1.0788746357958714
21.673683105723306,1.2922268679776179,1.140904937827032
22.06297066212324,1.2219064330206235,1.0930266505359802
22.1584065621348,1.2113472044690674,1.0968849392329956
21.699781437510218,1.287303730314533,1.1669759218885474
21.673755464770135,1.290255596368839,1.138899717476339
21.959760419561047,1.2415858629071868,1.1347411870459576
21.471753126055454,1.3289089676730579,1.166132390008701
21.388607253689617,1.342398670546142,1.1807683535632219
21.729085082937207,1.2818862120794379,1.1282595717864654
21.85099174147137,1.2625942933888539,1.13184892143339
21.784468925592442,1.2693612645740697,1.1095582606323788
21.692994312217312,1.288008305050114,1.1711205219658338
21.82269912965328,1.2687752653103779,1.192055786124805
22.056407059155326,1.2287069029618438,1.085432340604278
22.337058496215395,1.1824814988308594,1.0805954831098972
21.63555849238653,1.2980362356302495,1.1861351019814725
21.656281403338454,1.2932741599934443,1.1937663550531075
21.87036216055317,1.2597063641688389,1.1272108805081813
21.7570595762037,1.271737390314947,1.1438539580393385
21.841610019472334,1.2609739045283044,1.06577667033485
21.87114929897031,1.2529390643066685,1.0828084069258181
20.930403711377657,1.4338464902453572,1.252674565115749
21.40410636008758,1.344803698377359,1.1684836687668223
21.911781410235715,1.2449947321719013,1.1420086002006617
21.737094061091796,1.2769171940603696,1.1490724076967145
21.87446776601206,1.2594685025773273,1.0872680885830617
21.811539951992128,1.2712991514338672,1.1862925785979213
21.509888158045435,1.3180473725655013,1.238093961338031
21.80499314154277,1.2699339596457406,1.123822479810733
21.590205319871842,1.3058474499055073,1.1685455189141911
22.2231234194061,1.197910212197333,1.0432223632167243
21.634329296409554,1.2995472921574567,1.2768679160140022
21.86330576943118,1.2556934756208906,1.1269618886623856
21.829556628136444,1.2624532756074582,1.1407128059546237
21.38303011396,1.3485104533939174,1.1819669491663412
21.983539674726593,1.2404270628037697,1.1412491169898358
22.18851425691274,1.2026941238739095,1.0946121448498274
22.449914404653995,1.1662445082545587,1.1017328725197753
22.411167086564888,1.1687230060769696,1.075762107515529
21.93520864459144,1.2445742384492444,1.131007798889178
21.356229576026443,1.3504380560733709,1.2058172951628991
21.91741878568545,1.248176910602993,1.1486385042846898
21.560718349862103,1.3061956954550524,1.1083449477876184
21.758197555579276,1.280568230558253,1.1439260327042635
21.342171142363544,1.3530488051490266,1.1864949171742343
21.249389402789433,1.3693562979467673,1.2124913950230278
21.15727467939471,1.3910176282284776,1.2620075098758505
21.750050406393083,1.2826309332923862,1.1237378405264413
21.629052824118972,1.304058615027647,1.1464841112218864
21.721460221199187,1.284894629533664,1.0972197853637988
22.184566369069653,1.2060038690322874,1.1059444936526959
21.053441694506358,1.4035850206978442,1.2317065703167738
21.027811835300852,1.4168647734453355,1.2484712675679281
20.797241423282983,1.4622541441374188,1.196243826661734
20.95103136584857,1.4340392129996293,1.1490274000407186
20.98111820977006,1.4322992133450763,1.196721463937508
21.57064717441724,1.310894562048182,1.153524959407204
21.40284800197243,1.339640515966243,1.139338462523679
21.88174181341823,1.2562927289392558,1.1592912757212788
21.482853446138897,1.3269996949430525,1.1486854610862238
22.325656889648172,1.1842301938631514,1.049414885908159
21.37251124250854,1.3452006622445918,1.0711947112231595
21.43978548236066,1.3324918256513745,1.102803562172947
21.89195163865628,1.2535909194577022,1.028895891324395
21.80024765596127,1.2709245537427534,1.0588353761932878
21.71633690511109,1.2830537452911919,1.0886082084444966
21.79496947496216,1.2686853659311184,1.0628472404849267
21.48544642822219,1.3269359741657136,1.1396094105211936
21.697913900782723,1.2870111251434202,1.1183427398359265
21.65204341016733,1.2941557469241654,1.0520326199278762
21.710729896303153,1.2921247365246276,1.0815887820054093
21.46172033637818,1.3282702169829164,1.1483697972361977
21.510535188115064,1.3203149711748694,1.1258132097320184
22.328692817199517,1.1850355059624116,1.034080332858474
21.09293722722042,1.3996275322564635,1.2206841808874382
22.238856012188204,1.1915554596974733,1.076162049441709
21.563110136286518,1.3070322410905628,1.160296200668498
22.255008218133238,1.1950988174644055,1.092336267337409
21.653636916155182,1.2915396599598044,1.0766035622627983
21.979625836689586,1.2381910099741071,1.0482553453710544
21.745663634220016,1.2817755244025641,1.0668020273156387
21.772519293560784,1.2754272548015881,1.0003761394893882
22.121929223330074,1.216005263979194,1.0422586489239598
21.673282934216772,1.2933234364502517,1.1068442474665947
21.8600102663123,1.2541990150916646,1.1512437947132952
21.655633181662274,1.2919041626319316,1.1620716538843234
22.051194417544536,1.2288532320259657,1.0666428917599398
22.008886525112445,1.2334003411297154,1.092990451297401
21.699810107288776,1.2872064603535787,1.1374968554904168
21.71329221594793,1.2875583229373182,1.1211399575523315
21.659297661494875,1.2928991077293723,1.156519634142017
22.12890829070922,1.2086116893203966,1.0948734905456183
22.634461022837613,1.1378596215865056,1.0049436308271085
22.601980649258678,1.1394480850060515,1.018020676812578
21.628911280519453,1.304287671732843,1.1014175690416859
21.438254135436605,1.3293696195068205,1.189148406213791
22.3967368469837,1.1704272865460392,0.9903998046080773
21.230215966382428,1.3740980903572029,1.2713858962328324
21.326143522160773,1.362362552981642,1.2448937560633793
21.630378314609786,1.2986059429423273,1.1483469327826952
22.070962629305292,1.2203068511216233,1.0206829780839632
22.131425023644503,1.211909931126748,1.0087469444345372
21.7778587575145,1.2733346190781314,1.0753291281683284
21.537738993815356,1.3164786656857,1.1243952148485326
21.79935650071174,1.2711535749565785,1.0759681682823103
21.610334103044472,1.3002886226608996,1.1696597740293868
22.045584790917594,1.231534506029762,1.0520537377613932
21.394820317775228,1.3379983096920596,1.187439471689305
21.664824997563755,1.290725121875921,1.1444261980753885
21.544741977507435,1.3176268806486897,1.223167561011492
22.033436550303225,1.2287813842357336,1.1304235753693368
21.218885847057535,1.378199622316521,1.1816452123534393
21.930101821925227,1.245537902301904,1.0546417734355038
22.053856467421923,1.2263618241943113,1.050886019633149
21.378326651722404,1.3464812022390873,1.0958310280210117
21.9820936996205,1.2368065088377418,1.008006900231807
21.983548479228883,1.2372623583576914,1.0296496049915191
21.742046820051268,1.2799384848602344,1.075965731532223
21.825836202435454,1.26457973111,1.093759700881117
21.982968342478614,1.2369096096597139,1.0885622924648886
21.707878816839987,1.2841142444482645,1.0552299927103332
21.754147829747446,1.2763943015669157,1.0450944285099681
21.668216872864875,1.2943860327290229,1.0567838779891714
21.890941074538553,1.2515337528902417,1.0393102065782198
21.450350280998858,1.331405829275869,1.076169528242254
21.705252525927463,1.2868158650010988,1.0968261942005257
20.99658830799657,1.416506361578629,1.1807158744456836
21.31108262017944,1.358918907896761,1.1624758516420373
21.761816716407957,1.282172098097555,1.1680518077409514
21.504954770671404,1.3222894827743725,1.138042890044487
22.045576529894984,1.224410866502987,1.083390219827782
22.063665933500943,1.2223663480776545,1.082163462277593
21.662382795863365,1.298240488279869,1.2411103103055667
22.401251264173506,1.1729300824533766,1.1054636826802373
21.60815232897101,1.304823116673063,1.2684802346213777
21.606598002129743,1.3079121480552633,1.244867476279671
22.355104045017228,1.1789631165266492,1.1152000404325393
22.02464708118862,1.233349426256431,1.16926709869168
22.010619603093627,1.232393477786303,1.1043900777876998
21.624093232503075,1.2995990669500992,1.1525003163001784
22.38031510741172,1.1737193397491794,1.0443258280865164
21.810343527939818,1.2691839290918998,1.1535820035374593
21.89319038366341,1.2516673022512577,1.1499019966674775
21.33893894787311,1.3493153573841539,1.194704982507377
21.04845106061698,1.401399029479277,1.2986454666183787
21.411817058948216,1.3431273947018416,1.1791335946107946
21.47819882418946,1.3298016236102521,1.1456081887229994
21.6494284829598,1.2954758346758737,1.146003947973666
21.3619054157184,1.3446565129242152,1.1374866705426911
21.71256600903648,1.2805688860226467,1.099635486813105
22.048980942483595,1.2274711931344235,1.0173327206092468
21.612946723441055,1.3016327068021187,1.2437016540155175
21.651462580022656,1.2943374291490874,1.1069826377169727
21.386370559885243,1.3424079417426429,1.215007455110033
21.648412667992602,1.291596579691361,1.2375367430282433
21.24083435367311,1.3769941814674442,1.1156413330815962
21.284158963654264,1.3677709671726852,1.1025722551781545
21.57386817956614,1.3093430515201165,1.128349073706982
21.84536743848939,1.2605399963935418,1.1148770663394958
21.377383150528196,1.3423972217672908,1.2012441876582622
21.882898231272478,1.2520019923873538,1.1713891898094941
21.674277031676596,1.293437450730914,1.1646622457551812
21.519823996019788,1.318497659925944,1.1652147862632043
21.68630987325513,1.289669588947261,1.128747653313543
22.125001391635482,1.2112227553703767,1.0793894345334771
21.401034708891252,1.341237846080063,1.2024563099503254
21.402261802313163,1.3421091420800668,1.2038940544287986
21.881046137088337,1.2584588811504471,1.1019483170208915
21.34099870894146,1.3490090764775517,1.1600209984870777
21.922570849855287,1.249119567779765,1.122208217930027
21.53207957308181,1.314675740692354,1.1705159791167177
21.679088807768508,1.2900010240474975,1.119522182032611
21.637443759167247,1.3003779839037395,1.2405429455103314
21.884953580475837,1.2540361175895265,1.037014434906832
21.537273643551664,1.3122821717600666,1.1005501151640233
22.163176439120637,1.2095663387125628,1.0419338779518579
21.815232843170158,1.264601765412693,1.1302931202151634
21.288687374474513,1.3608355111006123,1.208438798316497
21.879025837836124,1.2564435476052886,1.1012206583154946
21.91164194179276,1.2540562055079474,1.17656799399932
22.177746888975477,1.2045328124488863,0.9876879704050618
22.046107462632406,1.2262130199010608,1.0421091634253354
21.764527829664097,1.2737953326601557,1.1294038187682287
21.52128798152476,1.3173331829341648,1.1708633255621501
22.25329863571126,1.1922267387671455,1.0474236396779424
22.488709989163716,1.157487906101949,0.9712829306463979
22.482359152698393,1.1578283957003168,0.9688025944037414
21.583881188120667,1.309086099486518,1.1910568818306282
21.677778050089984,1.29139903233174,1.1460082885671712
21.578087996181264,1.3079808328384857,1.1836875632502812
22.076518855585206,1.2262282888192557,1.1145612648136
21.63613008067184,1.298433199199093,1.1574947622836587
22.17514152155893,1.2065373356616795,1.0947932685506108
21.75449701186441,1.2761616369009288,1.1524268404219082
21.651664690683525,1.2973752972721309,1.1462961483516374
21.795180963941334,1.2706927515274948,1.0790682314365707
21.840043772377083,1.2632748797988977,1.11511383132567
21.540606948503317,1.3162760610053743,1.1827295630859735
21.89642125414616,1.2568394546323924,1.1542556776911563
21.409925480539933,1.340417236163025,1.2293605352994414
22.05769884921069,1.2291304422147493,1.1142987037018413
21.574766956004556,1.3062710622000693,1.1218123762013006
22.373194788823575,1.174984700357509,1.0519512986814026
22.29617810807308,1.1859727696441655,1.04294506593192
22.200794971245028,1.2044764854616161,1.0335529203223706
21.74309549452726,1.2848238439993729,1.0979980329330292
22.09520442217712,1.2187346413696436,1.1257408562084663
21.857449617877897,1.2624169691337483,1.2207134798635588
21.96652186002094,1.2419510133312726,1.20446137315093
22.097041097453364,1.221939601207239,1.165432515933365
22.179498139140964,1.2057280763110318,1.1209226037114752
21.027470592524416,1.4133364922247567,1.277878326615237
21.208536689466243,1.385186250056153,1.2978731468468954
21.74080561151768,1.2757773158304082,1.1552708215987684
22.03767137718128,1.2262307661347245,1.112482866196407
21.27672925536174,1.3679943122783886,1.2221912078261399
21.994036177760115,1.2342416981607307,1.0803009379943638
21.997795637396546,1.2339153583012903,1.082142778027052
21.554117590159432,1.3173364449027434,1.1646624967284174
21.71278170556368,1.2863684769784909,1.1282764244478942
22.209806005254663,1.1998398592251893,1.0793512929684677
22.10712524823209,1.222514357305904,1.0506445970786604
21.348289975563006,1.3481309425044516,1.2231977073320053
21.8128901089355,1.2664927772608625,1.1470127530355458
21.849480049577412,1.2608214325182605,1.0958426480454482
21.679457575268803,1.290974194001236,1.1828644406482045
21.839011116443597,1.263320712035365,1.1137060727752108
21.770269335757543,1.2777758900095209,1.128089925472829
21.894915916420967,1.2533374167965725,1.1276567633060262
21.642319477728563,1.299158504466845,1.1932389273720463
21.42312784486345,1.335174250233118,1.1649264800066241
22.013179369696097,1.2347725176368884,1.1476853817537611
21.673714865431656,1.2919102205139545,1.0423662445869057
22.157863414073812,1.212947664376493,0.9869193977549358
22.18837957964577,1.2064585405860593,0.9875070466430405
21.051452080601052,1.4065269858582012,1.1402363435547578
21.466010175967618,1.3283947734184747,1.0823031663630598
21.13627607203912,1.3955989718512687,1.1382320400280046
21.23812438469127,1.3706627576653636,1.1271214328999988
21.72867358073342,1.281342681635543,1.0702001211237593
21.47755893086675,1.3262666862759893,1.1400802734286701
21.867244172962582,1.2596584865926799,1.01433736401673
21.887080856035965,1.2565363812555357,1.072734513885691
21.696973524418105,1.28550625122756,1.130946916792895
21.718484311623072,1.2858807204609528,1.1596857740227846
21.97352039163202,1.2426839782552161,1.0867771729279192
21.605771374840213,1.3081470122945,1.1571087886374778
21.51468162134804,1.3190272150737201,1.1632259311341195
21.5538996879571,1.3168203498699578,1.1812460706918881
21.60470946905464,1.3088659903669135,1.1497775019781145
21.872113438293717,1.2520543599869423,1.0305251680173853
22.160855808319194,1.2070063347115703,0.9929238214760555
21.815318067427672,1.263401632343926,1.0654375647357
21.388792049992134,1.3467739996893504,1.1508376842160903
21.34781386379465,1.3552342876849925,1.175988416048253
21.42809294853265,1.340727301600946,1.1590506559056921
21.886086818911423,1.2528000342938612,1.0207679598146262
21.770402468588916,1.271852516983766,1.1051414096759435
22.094736829157846,1.2171984582698498,1.0558332697647401
21.46682443379907,1.3318602465801865,1.1785790292523226
22.01215984758105,1.232727132842071,1.0924513883304334
21.332320136112934,1.3542158412503138,1.2192637535001558
21.450506277606607,1.3316308600763915,1.2098675343995702
21.49097793593652,1.3271833800705923,1.1406919856451059
21.66870711625058,1.2892563103239902,1.1495570122882077
21.883781092114642,1.259864625443145,1.1071116365898268
21.91294735865171,1.2545092084557956,1.1111271271281593
21.46721028248676,1.3306423220166854,1.1701766767308543
21.778346762722208,1.276909420166155,1.1349331943775993
21.561399763110874,1.307969259016762,1.1592030894336538
22.12011876705315,1.2218082938113066,1.0539793031262512
21.92893004799874,1.249745072408202,1.0928231319339559
21.777882261897204,1.2721106487400649,1.1248985371379605
21.93261323809302,1.2484692717838872,1.1112928022323676
21.786646289813753,1.2709166421837819,1.1625112782476188
21.37001943146248,1.3549404604517017,1.1617413740383518
22.024866616161184,1.233720593795479,1.0428703970309199
22.014208387944112,1.2341905321166624,1.0396587670156798
22.286974119833154,1.1854411162720475,0.9852102728701193
21.701910101996347,1.2859042119739743,1.0770161716165088
21.895562879529777,1.2512449107956285,1.0422829896323695
21.717827789699164,1.2842894926048247,1.0634816262087223
21.67880607548659,1.2949961184494103,1.0593383751008352
21.901483145506646,1.2484420922370938,1.1617584837075308
21.97878333014315,1.2381837918432053,1.1605214276057574
21.739434069101762,1.2873011146521687,1.1524381522642984
21.490815143657024,1.330559217523907,1.1952225748586234
21.79600269060166,1.269562678394392,1.1302925667566674
21.916719051482346,1.2495718790528638,1.17610100077591
21.46403002245944,1.3258824389960806,1.1436297380320146
21.542260756910707,1.3217214642946826,1.185686650349984
21.556565050418108,1.3115384382781823,1.1142132360873933
21.622914942804073,1.2997280939306286,1.099549213076248
21.903084531106806,1.2535709871033818,1.0096571910594703
22.04866015376863,1.2346268991151985,0.9939441424026076
22.126233682552222,1.2207036039053536,0.986715714927592
21.738422595322447,1.2809385111703475,1.0594088266086878
21.746047702688063,1.2798880932177221,1.0871783490392342
22.001125843998253,1.2380751134329262,1.053478650007748
21.696080831668787,1.2963248859112186,1.16780175340617
21.514942364264133,1.31897268227456,1.2119998504179046
21.858392125072864,1.2629608432391652,1.0864340267075612
22.228796972380472,1.1960768436330924,1.0712540491894043
21.634635600404305,1.299287167310958,1.1544059381315623
22.035522122757246,1.2296303586609223,1.100937118538083
21.814655794587583,1.2668432942412229,1.1339718448066016
21.589683535913515,1.3062375367524006,1.1907680241136898
21.95410839320405,1.245251621294632,1.0894223391161602
22.0710724747426,1.223978807734287,1.0808928991259679
21.774986224866158,1.273950721552569,1.1207077681179953
21.3017701512149,1.3563923729628402,1.1843627442587374
21.76922474946108,1.2757787239558445,1.1845207833274316
21.995962663543438,1.232215834461599,1.1245151800871733
22.217025340128423,1.1980703572132865,1.0964999236750554
21.37847199967988,1.3519676446899214,1.1535664693850256
21.18456155686473,1.3882224475178748,1.2091085104099397
22.021603682637057,1.2274390359041276,1.0696533042393321
21.46749375859001,1.3296330001998784,1.1749362665016472
21.921432436041385,1.2420431483176535,1.0966901377024918
21.665073080102047,1.295020827088192,1.1606936868843123
22.076557914813087,1.2207957055976197,1.1121274379175476
21.43589788306366,1.3357474821232638,1.175944856164205
21.45778973356387,1.3311460054707493,1.1891037895560166
22.1456168542533,1.210345477145515,0.996028927587461
21.641943659679754,1.2990932754649949,1.1494926195674229
21.69805623321362,1.2872249652571426,1.1296721856603564
22.14136281354734,1.2171699914276006,1.0900821283370379
21.251132011110066,1.370188583457593,1.230284931422223
21.609936424393524,1.296420360025567,1.2070608794324817
21.345492490691587,1.3544286606126124,1.2322157356666033
21.917265950812514,1.2539605244801901,1.1462955998940547
21.698342960637362,1.2862127905656873,1.1079486162338301
21.689662578868035,1.2895897528529985,1.1271992656869936
21.684751309378505,1.2865254940185151,1.1625016748300878
21.996460015551886,1.236690643710374,1.1389275125671743
21.688624479364478,1.2853564793828312,1.1997887303936503
21.9341037525228,1.2493117954454172,1.0710048440870483
22.551929995307038,1.144387937512924,1.067255359498514
21.205975735335166,1.3874562755268594,1.1998726723096662
21.874031394807492,1.2574258246513297,1.109759593291907
21.966714997565866,1.2442438590683058,1.0847347969720895
21.528976773860443,1.3135128992227918,1.1675186144284548
22.015363422062713,1.233385866526924,1.1075952580935509
21.40938098179133,1.3413827423745452,1.2652487161104542
21.508676671766185,1.3209241484992935,1.2456433174214194
21.582148587028954,1.310011358606721,1.2213009798694228
22.101664618544135,1.2174119035706055,1.0449600329774933
21.727548911149846,1.2791527305526513,1.1095839161156724
22.0445041921871,1.2275811643390868,1.0489242424822778
21.558100313606516,1.314195853672146,1.1085907007678928
21.615088502989593,1.3032503496295704,1.0611549633412483
21.504895996585947,1.3241168838007495,1.1238348478903644
21.503038754726838,1.3197624722692685,1.1192449382660858
21.25865651471229,1.3674103061042377,1.1601374361406789
21.265343294804794,1.3680584146122914,1.1712713315135326
22.022699782135568,1.230922301581283,1.0868102999446019
21.416526181743095,1.3381535844810564,1.1465116103080617
21.07228141416661,1.4021272021961932,1.1878881550507492
21.429246883522946,1.3349845551029733,1.1349946319129147
21.105088157693693,1.4001596562968883,1.158107400518824
21.485448088570585,1.320008629772533,1.0638736217171005
21.930720237032908,1.249454551960906,0.9700328917452308
22.01781542917154,1.236739031702493,0.9852236221816966
21.291802746650724,1.3614245482599343,1.1386422097861821
22.353363497503118,1.1800614837125727,1.011199805199221
21.94118281181732,1.2477631745972062,1.072912731391155
21.964920607628024,1.2410909745041447,1.0570905084062128
21.886589386830952,1.2543744361111482,1.0586389665068228
21.58153992121382,1.3104333575436655,1.1852420723186758
22.3138227341112,1.1785111960534926,1.0443823975038247
21.288426612325722,1.3666961762744796,1.2318352519492557
21.270069182831485,1.3733706724001098,1.2210206373172685
21.588634103583253,1.304287460977001,1.0909102793955374
21.42123265263392,1.3404563236199953,1.1382938076695517
22.114452506039203,1.2154638052625673,1.103062371929485
21.285221893909878,1.3666341975172611,1.1410164659871982
21.6869749315099,1.2953645182378162,1.0860213217315846
21.532238483162345,1.316169518409509,1.1706659336612906
21.288621341897326,1.3601909177262064,1.1999682271930066
21.137863469615276,1.3870396064663593,1.2243919832405696
21.046687035621332,1.4068536826984168,1.2753861313381236
21.945386582533885,1.24534191473837,1.1019741414721862
21.935554734363016,1.249319992421462,1.1299575935583173
21.349113623903637,1.3490810946838077,1.170016059406889
21.681899355678553,1.287742780292323,1.1376701715931128
21.61560326318147,1.2962979378314508,1.191716686553189
21.580243247844663,1.3038187086738255,1.2090275905551267
21.619686064335504,1.294704523961342,1.1773571804294818
21.639921171440157,1.2994649890277612,1.1627808098411894
21.684207423783153,1.2906335937945077,1.0859579866051725
21.714418864908424,1.286888139730617,1.0651041565202453
21.633291518998135,1.2952953978247643,1.1459734656655332
22.04092613215082,1.2345885729126673,1.1037860676094953
21.690829907073848,1.291508378843267,1.1327849178305711
21.00642540862457,1.4199054442092556,1.2760202184609748
21.38246177960867,1.3489974330176147,1.2199506514910508
21.518246377618397,1.3226087896056664,1.1963134576679875
21.588162403573083,1.3055906839119649,1.2271781218307698
21.515294776791606,1.3212062653583978,1.1410468019222626
22.005416534501723,1.2326273093724995,1.111824404432809
21.582355917580358,1.3087088896398933,1.1279349509135963
22.196097953366316,1.2038770630026685,1.1408337472698866
22.207081708199393,1.202021675411813,1.1400006111943317
22.107272794660346,1.2205274968595774,1.0593768121127836
21.674852514732233,1.2919367865839875,1.1574099041231303
22.24709686930866,1.1981479846122083,1.0408389453562354
22.52183873098322,1.154598172759973,1.0095542110750837
22.097302149284992,1.217589870429975,1.0884329855798058
21.491385987677706,1.3253786856183958,1.1016105535457439
21.317381591635304,1.3633897691029426,1.106251282215761
22.083173685729697,1.2185001495986116,1.0902430007549475
22.549460907925393,1.1454194362189636,0.9866397278767682
22.31594142222066,1.186845925120276,1.0331191075189463
21.339371596303153,1.3534888754119199,1.2256134961661231
21.333460708177164,1.3516413125008282,1.2156622885598924
21.29261382016731,1.365565769435366,1.2016025294706745
21.96874378508526,1.2377756389951649,1.0997299388950994
21.309111919817255,1.358308892447381,1.2753870727056718
21.53135916236861,1.3209715613242554,1.2541198020059872
21.792414583850054,1.2741723997956202,1.215791967263864
22.026601046209215,1.2293838743829888,1.159502773797147
21.523608547391728,1.319615696042874,1.1478845786922403
21.843003331283423,1.262479021036375,1.0999064981760622
21.88971670719304,1.255508204218622,1.0572195229742407
21.815018970780535,1.2683163814507836,1.1502219474147586
21.862310574703393,1.2589183601844642,1.2066791079035577
21.90194724151297,1.2533315160701117,1.013818091839766
21.566064375258367,1.308417078359862,1.2438159892060325
21.919908224603283,1.2499584210758916,1.1544053207872222
21.99118731585117,1.2367346231595469,1.156828828508419
21.97539620868692,1.2391275374743715,1.1564073264764234
21.35866107046158,1.3507781602909499,1.2252931299232341
22.309618152586605,1.1805376065054054,1.130676381574892
21.285068360454993,1.3624914225360247,1.2175649772825
22.195691662785592,1.2023523660984103,1.0711442156934075
21.628065870775885,1.2973643201645504,1.1678454459049523
21.876755680701756,1.2501534115913666,1.131606912976686
22.17636692779862,1.2112256467279519,1.0999572416843446
21.855470501163232,1.2579449314291986,1.1420000699193666
21.71814212765835,1.2869601505195776,1.125996470686177
22.118051051361654,1.2149353428727554,1.084781479092808
21.108469453118154,1.402544407870915,1.2360624329171341
21.732773388877817,1.283269940500695,1.1308176821596556
21.40626853131478,1.3462463772934536,1.155473261482429
21.78664338758388,1.2640636384135493,1.0970447859409802
21.53694939762441,1.3221787321643117,1.194844680723131
22.177237107698144,1.2035411741619204,1.077704304311567
21.360111385895344,1.3477292985230185,1.2415092670965633
21.29526206442423,1.358259102884051,1.2557483198908108
22.326105071111996,1.1793896210815449,1.0778296809099954
21.265668120075496,1.3632710747486263,1.2821568869504245
21.584036467665918,1.3032914514333716,1.2599529803612892
21.64878513216486,1.296311415749846,1.2408683602377908
21.568516394755427,1.3101012581009146,1.3028268761090678
21.56103917693917,1.313831709866405,1.2752749902370981
21.47881798179847,1.3320470216336975,1.2968393514042131
21.922743962643295,1.2446096667287532,1.1214477467624293
21.67141780224839,1.2971114782865811,1.194960341570302
21.436154200747108,1.3361802253785275,1.2538237528206364
22.00086364620952,1.2328682383682301,1.040431105265784
22.2589159935055,1.1897028795616493,0.9924529755877536
21.643658205273482,1.2985566305404521,1.2295563997995136
21.668230532092277,1.2884324395189446,1.1186831480672643
21.930451835071366,1.2505851206514362,1.1111990063083306
21.87436613528621,1.254905657470315,1.1149166683900842
22.394976531939307,1.1722909064467584,1.032549482319208
22.477474437100504,1.158817165952688,1.015261457360387
22.54815397947348,1.146186040617011,1.0314289815831676
21.36609764123751,1.3459549657940393,1.1363972763383714
22.073457329932403,1.2247504015789845,1.124486457704041
21.53572583516693,1.3136148381491417,1.2281291521654532
22.274447362267136,1.1900913006195877,1.1155619676768898
21.656798149924963,1.2918984649699525,1.2075069232622453
21.848260176814485,1.2644220587011599,1.0867388563957703
21.799222674950645,1.2692006383513355,1.107762976661582
21.65561264869399,1.2971218752192801,1.176968717357569
22.121359855911425,1.218061677344788,1.0731930311192768
21.553954825737872,1.3105830415609105,1.1339123029376337
21.64392752396253,1.2948308297713846,1.1330965445854262
21.878432035906116,1.2559137779348752,1.1426900972901057
21.67223637971638,1.2919347179226082,1.1909923061762906
21.24627587520741,1.3730425117772642,1.2588156965884765
21.603772367458827,1.305863114563935,1.2086106618658472
21.685746668444846,1.2921571348844438,1.138218216631171
21.96712003753727,1.2478989243330736,1.1157322422202776
21.7905041857979,1.2680116558845071,1.1278381685347985
21.63644709772381,1.2962806836055025,1.1829597971779506
22.238101781051956,1.1986840416137625,1.0551265457147023
22.45133858546079,1.1653195521351345,1.0205948346248155
21.969457303886486,1.246679784063989,1.0539466276334615
22.415296121053856,1.172011249172393,1.0582929457966572
22.1486550981977,1.2127920086961148,1.0924589910585127
22.153315724990644,1.2109498313967055,1.0873455435351207
22.449323841530198,1.1597442233450042,1.0655288256192126
21.84868746491894,1.2640865325233777,1.1228746725907586
22.04027291075228,1.231827191686652,1.1006165647365838
21.80366873204311,1.270690413153791,1.1219359771589246
21.641775095817707,1.295139611537273,1.1602290360441458
22.022525279420734,1.2291598744764851,1.0777157138673972
21.938491984673593,1.2418766846234148,1.1143311443912518
22.104485255859416,1.2180357570574032,1.1168504789563034
22.106919412915026,1.2189972992392746,1.1042091293705618
21.893949626014326,1.2542324526831468,1.1205517145075814
21.706225602135813,1.2836303463749534,1.1487740796202748
21.854668428348,1.2650386739524464,1.0931671933560683
21.85955141592993,1.262872990379829,1.1309506209584532
21.19983943500072,1.3789707594423462,1.19240554437743
22.29033528254021,1.1830221114500394,1.0233957644383844
21.73976986531225,1.2745690350167331,1.1147612680105854
22.44349463534215,1.1644907081479288,1.0802204603022554
21.866997697321963,1.2557893229688295,1.1691753297174352
22.085535274703936,1.2246852657047942,1.0738845737743796
22.036262736476438,1.2338053927795178,1.1393127673037833
22.193646385964172,1.2093462328025186,1.1145254400469489
22.0954634773394,1.2226054076451467,1.1389371741305292
21.891439803290943,1.2532730743898401,1.194401134359215
22.07134621845794,1.2229118247843425,1.1822612115245317
21.54729312183551,1.3149922819911628,1.1325261679671599
21.362152614829352,1.345020921884824,1.141920797294474
21.828977169274452,1.2717795188221794,1.095802151968256
21.75645003527451,1.271085351616658,1.1220317021959318
21.669681872235113,1.2870571880709833,1.0967845540160144
21.41701367657287,1.3351325217711183,1.1117249121924324
21.744138955415913,1.2782744903057974,1.0729948756570091
21.62018953098343,1.3021432123138776,1.2402958414900076
22.041028349587876,1.2284632680675462,1.1823900333714097
22.308678779336294,1.188141495795906,1.0981497504679285
21.362103941965245,1.3462541614473844,1.1463250187042953
21.766384286393965,1.2725968876930691,1.0854067255089137
21.808790606823628,1.2658661155373632,1.0710588145996218
21.32546901084006,1.3558547497735474,1.2104621731533665
22.340558824770753,1.180777002895029,1.006354542337717
22.27270412872796,1.1914688385793708,1.0532471486209714
22.02458076125617,1.2359490089354728,1.04350721685909
21.735951113127904,1.283696307297431,1.107749121605339
22.249047952919213,1.1936344030641928,1.0610033702250687
22.55608700761406,1.1452883695102616,1.0660720756354698
22.085047638207463,1.218392904868358,1.0448297338133923
21.77653428722829,1.273536686183129,1.0729038455260462
21.470030468189492,1.3278953824944182,1.2114544339871982
21.967759315714606,1.2372370014849565,1.1595278475287072
21.861017292993914,1.259048245677779,1.1092043339179987
22.051920392043847,1.227164363465203,1.092657736823777
22.015073282609908,1.2372682139409776,1.0846383872764633
21.482312393076334,1.3246651406794074,1.188297886384925
21.897283272619372,1.2550699806754724,1.1020411287866962
22.675035912937417,1.1279321249416638,0.9986383573732397
22.40541879383072,1.1697543507504813,1.0685944410592763
22.418183908460506,1.166840660918053,1.0682351116855453
22.483051163285786,1.1554918954638735,1.0762799952437785
22.4621895475921,1.1587621569926647,1.080354582171386
22.882108900172707,1.0981393453143333,0.9449840093376309
23.007028092694018,1.0778908563243648,0.9424051178589036
23.040716634014107,1.0778812498506278,0.9866934689852005
22.179910076749255,1.2039072523978007,1.0659862518600844
21.593342373221123,1.3035724927942616,1.2674959500437408
21.7702552848006,1.272567946822727,1.2060015897973344
21.66198326070873,1.296135266177485,1.229410046486059
21.65733326838064,1.2922179291148306,1.1402570050117795
21.915893852397666,1.2467544043184313,1.1273684787156244
21.94038245353776,1.2428922983721524,1.1319281445612095
21.540188123900595,1.313767251006697,1.1331381773662117
22.002894006770155,1.2345869653454105,1.072749434624942
21.717806871221587,1.2893310487282867,1.1430439713941698
21.582474424486144,1.311537200753749,1.1348588698557514
21.9373631776824,1.2456691227656618,1.0901059832298776
21.879764880628706,1.2545254361006284,1.1368013528690024
22.232358405211052,1.193560406388732,1.0690075840319713
21.43627381011614,1.3359244442671157,1.1725833947247852
21.394057229124968,1.3431298858115126,1.1924143330330454
21.326237127532227,1.3546265247817884,1.2164198470437522
21.83669264847064,1.2635249727024578,1.128945072624412
22.427301940539966,1.1651829906262612,1.0435531366453392
21.55846275074606,1.3134154131473919,1.137863403853998
22.175201276351615,1.2060675369778655,1.1010009176918567
21.67990989963714,1.2916532779433016,1.164989918827663
21.965503436517707,1.2418743316097784,1.0925488730382704
21.4950913887657,1.321712099951453,1.1711930512301243
21.9652157255356,1.2383097476744547,1.128914707737295
21.96848766215711,1.238016721252644,1.1571856499045414
21.367602473542828,1.3484715956569386,1.1137739072341482
21.149802801977835,1.395514510523816,1.2170306247423497
21.699161320854493,1.2842390016864462,1.1136019090271279
20.84027201954777,1.4527656217467277,1.2301745279414036
22.304534402390033,1.1829126881208565,1.0029576005232839
20.901102381336642,1.4412787345325533,1.1970801800551327
21.931111535234564,1.2427803164855817,1.0377668501855317
21.35099562085789,1.3578459054858556,1.2374187484689219
21.911324402999284,1.2497984172369736,1.0861810852274805
21.934121297689924,1.2469750378053812,1.0957350546300615
21.776816045558654,1.275665129060643,1.136066476001158
21.48443148369929,1.323630816031394,1.1910726561076546
22.058112449766163,1.2241666221311092,1.1116892825720748
21.47045898188282,1.3299294077968502,1.1774870342026102
21.784405756138725,1.2764129754716957,1.1573264572990163
21.35954997941683,1.3444744329704648,1.1659520367159883
21.8835949116014,1.2618323643718532,1.028468456208324
22.461046327641178,1.1645170479163045,0.9622459493562545
22.04074035875039,1.2289314351961313,1.0405904257771557
22.33489125724367,1.1768707667006841,0.9816390529512214
22.16600250474019,1.211961925792704,1.0470166565044468
21.61503285984486,1.2993799271950959,1.1259739481026045
21.648784330157333,1.2991530015810544,1.146763302659913
21.52338993614509,1.3214322193283026,1.136065711652261
21.273483137257827,1.369868641233414,1.2491539819796582
21.543408071900913,1.3140775874861312,1.2127024011173684
21.754092275987006,1.2776129352215144,1.1369810720081175
21.42473817561102,1.3352153925649126,1.198672655981102
21.62357309970531,1.300300135229424,1.1862242042360465
21.929382848734218,1.2488106030204245,1.071087812249229
21.780222696080642,1.2685319760599016,1.1330082389256428
21.22871732904386,1.372567482356051,1.2783468581169
22.156315785946262,1.2113580253118639,1.1129660348987644
21.921535484641595,1.254484636304655,1.093816667238957
22.291797051661167,1.1890789183894703,1.0196360821607204
22.04750004495834,1.2248974418087897,1.1430474480031974
21.347448704813928,1.352945573689324,1.2529952757083227
21.94481058637153,1.2389814719003145,1.1355090106705235
22.254190117941437,1.1959199918956074,1.1055832924057274
21.47623205425041,1.3257159701188657,1.1636498285912662
21.664097149807898,1.291136040954111,1.0696332942075462
21.491748363791665,1.3259160860432082,1.073665741821711
21.726147469455718,1.2810907356475487,1.1495765971616176
21.915145308701415,1.248837087346856,1.1298593610162087
21.6648922346766,1.2936129517322112,1.172128840313771
21.053049404284423,1.4054951858115496,1.3153066083312497
21.53385539618344,1.3183189135672164,1.22327292238776
21.86513212422399,1.2571408439790908,1.081482868778637
22.0902458342554,1.221110187766661,1.1211033649498097
22.003807891358885,1.2373749731806296,1.091884751140138
22.072944766983557,1.2249226862913178,1.065035294946742
21.655321757958767,1.295968184791972,1.189136235087897
21.936593903064566,1.2453596519433592,1.0536601359568802
21.698735050142446,1.2862185046711005,1.1027379738796352
21.531917532680353,1.3163622933477797,1.1481630182244256
21.60091957281359,1.3028233328985122,1.1681627620690096
21.846257694347216,1.2634971524378598,1.1291176893630333
22.025874579645595,1.2305637171563661,1.0884097489139037
21.45295833493597,1.3311929974061705,1.2045181007590893
22.106579548882138,1.220196917695914,1.0670008450089863
21.703409919840983,1.2856459269651344,1.1791604619200289
21.80082374663874,1.2726499105114866,1.1091082970431785
21.3568633586638,1.3530262899520598,1.1914180902289098
22.243081438998495,1.1970460514511747,1.037464271087649
22.100857507540724,1.2208646645947097,1.0580216581687767
21.642175993136508,1.2996036752300015,1.1028314912211743
21.776888310408985,1.2729368563683991,1.0962941569446305
21.576724463783435,1.3078797262073392,1.1354786807670638
21.62721631865626,1.299097575355553,1.1629721299347517
21.78134319393947,1.2720396927981166,1.130538975631477
21.80956531570138,1.2686751180066673,1.1193170833935446
21.915630027478233,1.2468016742672554,1.1628863611965454
21.385329179618633,1.3481398760024372,1.23974241544984
22.008875197323682,1.2372143738367585,1.1184909769398768
21.544565709927202,1.3160437305147343,1.1603629443271921
22.032752304967847,1.2312062066974496,1.1041867972000095
22.418956440521605,1.1708412169945572,1.026821333970894
21.749778467734863,1.2807880068448008,1.0942925375986274
21.586865336546865,1.3108014105885688,1.1491018337203278
21.839116765283183,1.26222992764699,1.1217948714777242
21.995744574670784,1.2357708203842028,1.0900628249122901
21.834535745545683,1.2632835995703982,1.1892647664015135
21.82298163019033,1.2678083165579568,1.1175308312083447
22.15385760095433,1.2111159329339847,1.1085922688098369
21.555626295056726,1.308827227458589,1.1366705046260404
21.76080604335572,1.27849237220357,1.1423728172199035
21.61485330153198,1.2987088496727703,1.1430143803237414
21.383272052254547,1.3529230167970616,1.2577904073944894
21.769258301684857,1.272077313400274,1.069129832764493
21.720092694100664,1.2852539958155538,1.0820832172366488
21.453996718987383,1.3337535753012189,1.1157216229853373
21.87397213474218,1.2558719228767825,1.1675880058746386
21.83373635351757,1.2602027191566603,1.1365602496852465
21.85506313860981,1.2558831180537953,1.107912824560664
21.63144218807422,1.2964086233381877,1.2006429095372453
21.435626501593898,1.3386537336699191,1.1880958702601867
21.881103034442575,1.2543545293794676,1.1136366211962336
22.015539539392766,1.2318747257015743,1.096125730141691
21.60417638033728,1.303988868344818,1.2265466978344781
21.174167883998123,1.3848722747976623,1.2747790847160663
20.986109721703567,1.424973088093232,1.2369554479033185
20.90737713630241,1.4381929745346356,1.2733777220070448
22.017899394726257,1.2358090102630683,1.1093058415586614
21.615177582502668,1.301253627113338,1.1333561222750015
21.835290790665418,1.2605399685985301,1.1968362233957985
21.639187475353665,1.3001177362621705,1.2326367650398802
21.75693451828124,1.2745611854876062,1.1034287505006775
22.259594542930362,1.1930109655907433,1.0878637348731215
22.058981298477843,1.2217937868063111,1.1584774577339305
21.695161389062434,1.2861747349828285,1.2072402707543395
21.473848288063998,1.3256869211419111,1.1493189937215416
21.975492190622504,1.2417442431682455,1.1161050386544167
21.716312628015352,1.2785028257340247,1.1265968288695345
21.71859359031839,1.2839793559770387,1.1225335281384794
21.860078244855742,1.259275394762961,1.1234060753685733
21.828929174797757,1.2675652859262025,1.1188194058831904
21.48450927359196,1.3239324218377724,1.1250852625362344
21.989266743967278,1.2340139863065118,1.176795655759194
21.528008343882178,1.322189554292766,1.2259684540512397
21.767888898678798,1.2747765774520388,1.1149679283534155
22.03986601544251,1.23164221830519,1.1187922032276556
21.760212304407645,1.2812034978432099,1.2139570625255183
21.530457547834665,1.313791146375987,1.2665911547181643
21.750267698362563,1.2746596281114293,1.2265718412290527
21.759181300039547,1.2787051522599766,1.2382094814164555
22.07613908963415,1.222621436970735,1.203333895997234
22.11240324421024,1.2161721331291115,1.1982559456475366
22.233892598065296,1.194949568381334,1.1798398315855696
22.14208177667585,1.2116777926589803,1.1628909873811402
22.14208177667585,1.2116777926589803,1.1628909873811402
22.705155965651723,1.126557604281451,1.1376943595399505
22.189135332248984,1.2048486784724446,1.1342019029692885
22.507508530391327,1.151680634266171,1.1296691583705525
22.58317515701646,1.143410327744336,1.1327588078561002
21.569404483147014,1.3071958164016089,1.2409386590827078
22.69703823214519,1.128955973413086,0.936253913111716
22.547387909526314,1.1429382800659038,0.9632652894469057
21.661205032696394,1.2952554248870287,1.224371062574087
21.83854555105372,1.262307085075676,1.1895530999964121
21.970328191332225,1.2416797733949863,1.1591600566588067
22.142379361923172,1.215193639466555,1.1076712607494015
21.821542507058307,1.267651965925632,1.1840934927873874
21.71453016543498,1.2821474397706505,1.0841358357869952
21.615048891048353,1.306558145232817,1.2055222428917578
21.848888919774758,1.257455527069094,1.0556479857882854
21.62629018092023,1.3012577232855687,1.1564765300300248
21.397260774574395,1.3431807777340843,1.1861527159208527
22.29121039318514,1.1869911555688382,1.0157219967118172
21.78499415066619,1.2717203999822233,1.1269675629789295
21.759428472308358,1.2779328662628477,1.1857349826739874
21.66688138818082,1.2966269615121853,1.1279258883523777
21.389003932486744,1.349656366094178,1.1814721270431696
22.056213788318587,1.2273407788331667,1.0604350754555512
21.87700083202713,1.2552679284136956,1.112765982158751
21.3032938614658,1.3603621920817863,1.2958860481127878
21.659420853514824,1.296137664876891,1.2553089235184673
21.731156452082352,1.278193295565753,1.2655363639368589
21.935908088201863,1.251191266119664,1.193955045649036
21.4658907210837,1.3285993917488343,1.270622420109087
21.852169063801664,1.259218948821948,1.2145200101003577
21.243843997787966,1.3720166669893865,1.3109206952601902
21.708271572271986,1.2871572799047006,1.2405916163541497
21.977342485719447,1.2409589687915172,1.1841197116746007
21.881961168100418,1.2540457695248275,1.2030755503327741
21.384433566333325,1.340261663509711,1.2854056678653791
22.036171500027468,1.2324235176255507,1.0910952421128646
22.210044009573174,1.2046767069587392,1.0745320086769243
21.509435033992638,1.3189718518015456,1.1290054277455952
21.54473041181898,1.3174187383666955,1.1496976664989824
22.240599819635456,1.1965469329056655,0.9941109517130363
22.048543341506175,1.2303930656375852,1.0074739434751292
22.088942264015493,1.2213391757614929,1.0109265672820782
21.338420001389373,1.3595939040794869,1.2059910768053383
22.038891200535303,1.2317625029579382,1.1478905700502646
21.9012226789357,1.2530791683192357,1.1688336786917248
21.380601770593096,1.3465482445578114,1.2251114067020243
21.283489979411456,1.3664738501283697,1.2637174381766854
22.181586512898143,1.2029608774897806,1.0992192114213124
22.024247038015925,1.2300126278978765,1.1095429540155926
22.068044406140654,1.2225807910280642,1.114806669515008
21.60885990208854,1.302230374918577,1.1702860456911752
21.495514803769424,1.3245944727582246,1.1848677901028946
21.95965345435178,1.2400781502918208,1.0988359042344211
21.98629865372977,1.2378886640002904,1.013954344593828
22.088465207355103,1.2225988324343566,1.0639360223716778
21.552490315209084,1.3103009911188774,1.0755967167056497
21.8252669402821,1.2619115484579404,1.0351217679449065
21.95077099315686,1.2409860954853824,1.0429608968360624
21.525999239726136,1.3141115896484585,1.2541806593112257
21.971098154485375,1.2380366839144428,1.0531291912183263
21.96143278468587,1.240874209928898,1.1172891117086525
22.12765849086476,1.209607154725393,1.0834375363187432
22.043834060358243,1.2237618374505947,1.1203046836066148
21.61006189979262,1.3020912644016336,1.1888263176355456
21.424973762482107,1.3303680039399346,1.25214865582122
21.88034659106311,1.2610847559557452,1.038663482700833
22.59956362353463,1.1396624362765233,1.0251460726354558
22.35632848336797,1.1759860128596826,1.1019872468989595
22.13416836326472,1.211511365027872,1.020809695039844
21.532015163891597,1.3149590898974164,1.207904545383092
21.481887467023817,1.3325453571801462,1.1816957615450143
21.771814683770415,1.2733319356236694,1.1540583447940003
21.8600654229895,1.2568405087752985,1.1181324052482307
21.801407003481458,1.2668942842756121,1.1075773492609247
21.936534379167014,1.2433486605572126,1.1435942073057328
21.36241008819532,1.3477858960988016,1.1587978199360869
21.815747175734998,1.2661803369458289,1.165453488501549
21.483918868973596,1.3277793673452192,1.1927585114069497
21.498929369635967,1.3251659156574438,1.048048785399994
21.826679086299734,1.2647434445721262,1.0024814328755258
22.637201469457036,1.1341506259799052,0.9840595604839004
22.12816839305826,1.2164295185635456,1.0472180087082814
22.230794990470603,1.1949934634294834,1.040964492011422
21.64482864515822,1.2925983219062012,1.118645997550737
22.03341291091556,1.2253346156492444,1.0228766476803095
21.54703009634798,1.3188649603873577,1.068427957371344
21.62859407729139,1.3015203583286843,1.0958150876511892
21.888089133243234,1.2548658585762895,1.0391777313763875
22.043063748845853,1.2264297608976553,1.0410895169135537
21.972865515759807,1.2393997938597932,1.0183553874255908
21.37537188450468,1.3450654376572209,1.1563304761450888
20.96194407172993,1.4251161862946522,1.2325970916683433
21.954083174183598,1.2437351746423289,1.1431138098490838
21.69497760340102,1.2837074531504704,1.1236642138571273
21.57338577026455,1.3118373884388141,1.1129904230779273
21.430930153911312,1.3309942974123548,1.1822877337055466
21.931402460718203,1.2513592037922752,1.1583593390056834
21.110675242731027,1.3920469829752364,1.2362727843860766
22.095678744806495,1.226232278985697,1.07148692188724
21.60010495180167,1.303482653056033,1.1346126962953025
21.936006101031936,1.248527506947641,1.0228473938588944
21.819551631743202,1.2646086233387919,1.0896811161597846
22.181732233557064,1.2063514335900163,1.06135442377311
21.362117622084778,1.3501317292546189,1.2392303414036503
21.52961924163933,1.3176294329523603,1.195086196417789
22.136697797737945,1.2105272957925974,1.0382262208529383
21.411163827463277,1.3378959082240125,1.1061506736033555
21.72264152871418,1.2792230348206832,1.0450114388415916
21.88313123101002,1.252641889404895,1.0503685469953852
22.102420865272478,1.2167781885921596,0.9907540599850577
21.703066298202817,1.287839317747535,1.0289658143324203
21.684982988141492,1.291358573880784,1.0280631514638858
21.616021779595066,1.29920502624426,1.0915846076421853
21.957326794771557,1.241557854914009,1.0915726971188864
21.90972933226647,1.251382900345629,1.0829714784488735
21.734859752217325,1.2827562384994737,1.1044073644609422
21.764091065416462,1.2775964552122556,1.0535575933488706
21.796769608236595,1.270799716040995,1.054256356865159
21.86159691487899,1.2536550698805506,1.17160000835032
21.983829980462257,1.24440087177815,1.1020037189063845
21.685885669204932,1.2891541388860843,1.1178813916463395
21.866500404535937,1.2568875840774556,1.1372571025179241
21.634951334377867,1.296360312469085,1.1106400947152903
21.94224408101495,1.2433676539112237,1.082813118785534
20.95418911365831,1.4260211972692627,1.3321047773229626
21.89828344147952,1.2511854805204863,1.1654112653170607
21.792952474131173,1.2724631959292054,1.193325870278114
21.30521638931556,1.3554209278813674,1.1737996707096616
21.69738552715938,1.2837170469754913,1.1670103465323682
22.051525853718093,1.219699673219716,1.0976186106719343
22.317047966365855,1.1755938747597359,1.0564333696537178
21.647596485641277,1.2965482317557087,1.1358282976107232
21.878340365363655,1.2547511510495089,1.0700836946955588
21.709519399838968,1.2848500117977555,1.1118886319262564
22.17807963368515,1.2091379827538358,1.1141476250883109
22.118289195975553,1.216861669498874,1.1785300429638104
21.975126862838287,1.2403181301021617,1.1995924938873639
22.831428529863473,1.1034768918139708,1.0190120829776064
22.238299378673652,1.1997133108655273,1.0589682125704347
21.50188557086514,1.3226330685536323,1.2116431358158324
22.486646616758243,1.156404849918696,1.0528487599568335
22.699815732434885,1.1230203925412647,0.9874445661261313
21.41954064582083,1.3385793507419539,1.2186660931838236
22.73071642429295,1.1176541896838241,1.0154758566202458
21.744194497273217,1.2786005567017642,1.0884275252856195
21.70864157103906,1.2851296716578067,1.1984036300348402
21.551672453837064,1.3140240831652006,1.1145082908515285
21.480687004183967,1.3270649311152263,1.1226341602879502
21.473740733380453,1.3295795814129023,1.158145229122808
21.78746128699173,1.270728045014718,1.132601199906305
21.269844535866095,1.3638151084091679,1.1962857860442786
21.63941873930642,1.2998191231961105,1.1160654668084213
21.338046046347262,1.3518148842610822,1.1897813897210092
21.652587757631753,1.2945871892874607,1.1467685639527903
21.501087037359802,1.3244614619544643,1.1862014967153414
21.755357319406563,1.2741792162876748,1.155907771796466
21.86201604873402,1.2564696099632353,1.1153647605093255
21.65089037021204,1.2991833211028079,1.1515646583496884
21.51217830863864,1.3218767006988654,1.1400299443874902
22.27462674138314,1.1883529417074807,1.0321010803896682
21.992655724118986,1.2379729828220758,1.1349123827821765
22.325134793268997,1.1842625658833126,1.0148403117928215
21.371590006128145,1.3472168522922139,1.2577079192164762
22.01101498989351,1.230933656830348,1.1008050005351242
21.526765719862013,1.3204346017923692,1.1135013141035888
21.987248388924485,1.238401954529945,1.030594317069507
21.750045514423853,1.2827696874238095,1.1256109532847487
21.568361585074232,1.3071468923962297,1.1230634602594731
21.98998615782589,1.2339129845830243,1.0239218997190023
21.49124428759022,1.3240499151080314,1.1265468008911328
21.891876890741457,1.2538437542076812,1.084348885250443
21.108563089047607,1.3997798769842424,1.2171170035453873
21.835952735566433,1.2681271788199198,1.11998936570409
21.700990819330755,1.2839080607083426,1.1805167594959036
22.12284893056167,1.2179828967571469,1.1348853693200056
21.66000467944057,1.2973982917250482,1.205784702611053
21.783412380566354,1.2701972972548805,1.1209873793035294
21.971144069767448,1.2346175242161619,1.1079145783006972
21.503352256859202,1.3218923237721674,1.1597862650518516
22.053602695096924,1.2264065208728205,1.0704864177141475
21.386913101376972,1.3435821276392304,1.1772137581236624
21.20750300006234,1.3792265765706226,1.2326597604546363
21.805125837987603,1.2702891528135958,1.13456709983823
21.32499820645663,1.3573720979381323,1.1859151106900951
21.499336215035783,1.3213468928664094,1.1560188911003748
20.763813991770313,1.4687798239452114,1.315387786662021
21.321798709092484,1.358580728063496,1.2257952526449112
21.457741072991496,1.334429707857303,1.2206997101074517
21.306696993495855,1.362883138621099,1.2502497356795272
21.456847844235536,1.3304933945655737,1.160106761660601
21.804355607973143,1.2661583933278626,1.0536246267491822
21.76076155645513,1.2804850691606755,1.068651886146439
21.58774908942938,1.3063356711203227,1.106593646620655
21.60846625740838,1.302999211937208,1.0850530714346407
21.86558731487549,1.258787004998828,1.1702093746098554
21.934970583948157,1.2467011019621141,1.176006411275529
21.532985243159647,1.311755202299482,1.105076309907366
21.548325521294977,1.3147850900235165,1.2397853493480253
21.691429771526337,1.2873940725797886,1.182469996378002
22.264304123891325,1.1919450181913365,1.029613718313275
22.10689004025479,1.2200776042990504,1.0314336847122512
21.116187165792127,1.3925798232152515,1.2341819180521796
21.144046915773067,1.3895190656594076,1.2199386753344437
22.202247394550632,1.2023902457067566,1.07807930181129
21.303508010182643,1.3610313726782832,1.3130140187630377
