K1 [km/s],K2 [km/s],$\gamma_{AB}$ [km/s],$\pi$ [mas],$MA$ [$M_{\odot}$],$MB$ [$M_{\odot}$]
4.301043406229365,3.349028764171027,8.829448027910358,21.894947270591942,1.0519171863594958,1.3509413614758097
3.7605083622471542,4.173203981525507,9.356053577360342,21.270770107578254,1.382990176490799,1.2462237998963555
3.9842392201072467,3.905297704484601,9.183019822935885,21.421728899920126,1.2709943981249752,1.2966862228533846
3.9432064772000124,3.860474346540003,9.206265206776207,21.64419044984634,1.23272833631509,1.259146396023147
3.3574830024480886,4.248840191102486,9.459550510755928,21.96891389508722,1.3444838734820286,1.0624268151422676
4.350705675089119,3.2764682545658075,8.807969666929182,21.84830147848698,1.057592121805943,1.404338967685317
3.6389850516980964,4.064983267909925,9.275628768306545,21.64382330306583,1.3363807777149876,1.196332027211994
4.159533920532835,3.7756596595139817,9.012500264114799,21.16429780714504,1.2571255529041656,1.3849384879003044
4.065190187575257,3.966341283715579,9.127129815898211,20.98712406676676,1.3259650541385484,1.3590106704338387
3.8648088308575628,4.059948636689764,9.048913982088699,21.24974229229746,1.3408215537435852,1.2763755025574588
3.9634931773969577,3.8515531015201248,9.105379001828338,21.546067439417204,1.2384563799195991,1.2744504055721684
4.317094693523111,3.6323757754404453,8.823366981941554,21.449628709123683,1.1282279125212635,1.3409038699030549
4.175313789854454,3.57039703125032,9.09079907995325,21.69685572234022,1.159328797387463,1.3557488067404468
4.29105617292324,3.551613558289171,9.004988427136825,21.289591849388316,1.2056302348070067,1.456641319902936
3.917415105221016,3.971254587861916,8.971923019232642,21.372297139701057,1.2974314891573913,1.2798418235762041
3.70253696849546,4.1117043497403305,9.334721271077019,21.48145474240721,1.3403881843572736,1.2070023480727001
4.174146366377822,3.767495013089895,8.992299966901458,21.18283477683606,1.2495215254563656,1.3843908796356812
3.9220630202891793,4.107605291917952,9.27843513479,20.87747719859723,1.4295993435222822,1.3650237353843655
3.89060261184061,3.870044223920417,9.248116336229199,21.63017054021514,1.2379989300416265,1.244575408442382
4.586408685714499,3.508106912039424,8.826451756166225,20.970769054976472,1.1807562632265445,1.5436903484294837
4.769759135543824,3.190250190608016,8.654070745206935,21.308012156130246,1.0485296470349672,1.5676619587883835
4.578890781634435,3.1807739962177037,8.695574881763141,21.750638528610743,1.0129523404025549,1.458197954089043
4.024551033193935,3.7381117225409772,9.144024723993557,21.693585541664056,1.211961997594749,1.3048306930473945
4.291114545929044,3.6297345087447366,8.964287028879692,21.198115291673986,1.1959264260649645,1.4138381940565241
3.6416541687976416,4.167800267254357,9.238432799364446,21.510370901441675,1.351095206237939,1.1805319772389717
3.8960375214897236,3.850089239487401,9.221439051750382,21.54087727118645,1.2816909436130393,1.296987081768215
3.857474854907946,4.173204742474594,9.14131365937618,21.133442291077934,1.3700552240072525,1.2664016990715437
3.7005602241875044,3.9979885657633845,9.244651097527855,21.605121905424046,1.328318129331381,1.2294985724983638
3.800511492156446,4.1405502700048675,9.289481954378871,21.201113726124415,1.3740014825127447,1.261162909277646
4.224246650558083,3.5571397538705107,8.96762286918563,21.602541674129306,1.1498429262158958,1.3654847618652821
3.623088735009322,4.103671385209634,9.39853662043186,21.664004340403313,1.3246962048103708,1.1695604853391246
3.0262943380185803,4.68882937376383,9.613418228046775,21.748167870299064,1.4922134938494118,0.9631140072658266
4.50688055111234,3.4053141326428733,8.782910641726641,21.485058304872787,1.077528718686628,1.426092582461631
4.003066838105035,3.8786479973494736,9.191575868052162,21.259247061750116,1.2933757999186517,1.3348645655393379
3.763106834599168,4.122190373616618,9.398919115259226,21.370977057212173,1.3455000634297551,1.2282937044957132
4.077490838057842,3.7573545633082763,9.027523264722765,21.719302703151584,1.1521861402619045,1.2503553634604612
3.8437054984178203,4.121815280554827,9.073356353284643,21.43586049591131,1.3021204177677077,1.2142629081384115
4.044900402707123,3.7454332387514064,8.86969530846567,21.84821035420527,1.1429759626246918,1.234362925941885
4.282426278780751,3.4074910439820782,8.829890309186014,22.012422567018127,1.0367360991810368,1.3029369286632437
3.444165633292906,4.295373878799823,9.257239945723576,21.793997258883724,1.354466209341035,1.0860535313802213
2.954909806220134,4.758732913830731,9.57817326297684,21.849577425033818,1.492063714417853,0.9264890005540195
3.9251753482221936,3.972422772893096,8.981748260519828,21.36300839547045,1.2852379992104517,1.2699515634447913
3.826596407742007,4.059768939595599,9.08797965314802,21.38520374029642,1.3147945267327745,1.2392793993383409
4.444031367608214,3.37314074675664,8.842186633829204,21.562546280121722,1.0853680622684339,1.4299461766482455
3.5509612392946655,4.091390600661164,9.412965235531406,22.029235886273746,1.2588750276990528,1.0925909708432515
3.667558103696611,4.021353454499085,9.134609453448544,21.84984556642182,1.2853792094800254,1.1722926097872264
3.643730844917749,4.302213838833721,9.155027016158236,21.309939124093965,1.3781538949367969,1.1672180984351173
3.7376713245695994,4.188023310181139,9.162779982116138,21.35052412986532,1.3394388974148979,1.1954046066816784
3.8680092841893297,3.8994976285559315,9.066968113407322,21.592958823641652,1.2669416285956938,1.2567111071045503
4.098081890499067,3.9162237997666614,9.176967219526734,20.97450173311305,1.3208341285768064,1.3821698399862234
3.4401704789244203,4.213159638375052,9.422987421394689,22.091328202622247,1.2909699384214823,1.0541154507616388
3.6525351602517757,4.109117935159151,9.370936678630876,21.667721247621063,1.3195889411306683,1.1729634146829366
3.8517045279485704,3.896501245714529,9.218311718607525,21.615804558859303,1.2774910602880012,1.262804190486741
3.5436599235139696,4.210542264791615,9.375343590375923,21.637657107583987,1.36604890147007,1.1496886722117607
4.101860547195893,3.678014629727398,8.953047050785441,21.723452567480614,1.155813807979451,1.2890071237173264
4.434720030431552,3.3441619672314404,8.788264647289255,21.811028584153924,1.026052255154103,1.3606561323249615
3.317278016489818,4.383557418582333,9.590239687381853,21.618229808455688,1.4467120081535667,1.094806223022336
3.872433227597411,3.692929258334417,9.239661599530768,22.127932159097647,1.154575865794823,1.2106968841592265
3.8825609680699276,3.7780991017175243,8.946891814322456,21.719014671856712,1.2245172687395627,1.2583743370242806
3.604146791473714,4.055312302354974,9.574075551697836,21.680022682516068,1.3338244326752389,1.1854325119730107
3.2652627479008647,4.416282491567911,9.781192771678402,21.62720323688618,1.4578019647481912,1.0778537057802613
3.167921499473237,4.584297258900987,9.840763152575352,21.472550529193295,1.533785680424099,1.05990348317084
4.164249743599965,3.7180808283402094,9.208842766916325,21.288974867873115,1.241420696511067,1.3903909182774972
4.37198180815208,3.4017772163074342,8.779502706773778,21.5359926490369,1.106415865128354,1.4219714364019207
3.7616568914034367,4.089341535609467,9.39389501717769,21.462049193248795,1.3212684792043978,1.2153933920446236
4.721140069194346,3.2020737052646084,8.689879345879667,21.2380911811853,1.0569973568830766,1.5584377606326314
3.1629456090041517,4.678907400217503,9.350058907761595,21.689163147884422,1.4675722996310285,0.9920801939355127
4.2630427375299265,3.631674253930527,8.997418949358936,21.346341791278995,1.1740913220554556,1.378207717354699
3.976837470453675,4.006574797433248,9.249234707808924,21.11097669620819,1.3332303731762065,1.32333496137168
3.6456641853066905,4.377701554574789,9.452061114545097,21.048867840362753,1.464705358681829,1.2197779591879458
4.254698453861095,3.5342263716780726,8.952827409884133,21.648669175112712,1.1257273110651216,1.355213205424596
3.6725320629652063,4.016524780244355,9.234431612797652,21.678253210147055,1.308816069509764,1.196723347367542
4.685004412457529,2.986956308947311,8.687632572296755,21.927388716741778,0.9181134382970282,1.4400496909424347
4.11499369309476,3.7671610767003063,9.067764882575545,21.456920857929738,1.2115900562866813,1.3234595863373673
3.537061263626726,4.160895214649116,9.368172227565049,22.10759143172689,1.2373160043875948,1.0518079125320678
4.179162356332604,3.447292149620973,8.978509687914118,21.942690940767825,1.1079244572250064,1.3431400601785566
3.6525167197026627,4.020798499215548,9.406002230463208,21.687599143551168,1.314083166907153,1.1937207843528144
3.9187208383093353,3.797019910401151,9.134486888489198,21.58446980765281,1.2591440698650844,1.2995017728238976
3.3276400838139915,4.316292270904906,9.65340442755681,21.785185327804104,1.39601888641236,1.0762590002305907
3.7674224066938855,3.7816861668135853,9.347796865779467,22.00303451110644,1.2177627910588804,1.2131696345757246
3.1291091421603054,4.569330743720413,9.78321051601833,21.717536870985633,1.492229741181196,1.0218891971763324
3.8125953708906555,3.6813033099272037,9.163559291587998,22.358032574124522,1.118499797229448,1.1583905998072888
3.78351979184112,3.8948858072406036,9.163143489374034,21.899748338150886,1.2379907694229573,1.2025930438116763
4.039713316661395,3.6955068932812893,9.174289098323383,21.78373668029445,1.1775710378675948,1.2872522066288599
3.4525374406053766,4.161055245916806,9.463200171387575,22.027845037610035,1.2797746794660463,1.0618628533545813
3.1337418028017168,4.405826983846832,9.587043109590947,22.146849011413803,1.3835492520194264,0.9840799793510578
3.2836830497688196,4.293107867975606,9.50497402544541,22.104083291685704,1.3511886030450764,1.0334879181482375
4.239678810706498,3.405481854263073,8.820658199088866,22.016038476214465,1.0470956084251901,1.303589111263891
3.8299428764437273,4.026439010472374,9.205683075314967,21.47563369232408,1.2999330952496224,1.2364944520594263
3.871071997387634,3.775397979772478,9.043250583006241,22.00025207837428,1.1527134074415795,1.1819248239438043
3.8814551637277,4.060044524803713,9.186025259727742,21.122039309758602,1.3748741953061712,1.3143975422548115
3.945975712897152,3.8891846272828023,8.985042932581074,21.45886017922186,1.2653179621912758,1.283794529288679
3.644769442657178,4.138236729840358,9.330187765767691,21.698924978859807,1.3014453688841787,1.146253494294355
3.46227516040697,4.297231295224255,9.263977618639826,21.755948854300943,1.3498729463650019,1.0875913468048541
4.139296909564955,3.931917820111401,9.010800455229923,20.928029786811756,1.3197083506865934,1.389313039449362
3.6376966989763204,4.301853169721735,9.193361902899385,21.35862236817416,1.3783318715845465,1.1655333414555584
3.8141408794452722,3.9807749847703806,9.196886497539115,21.6354418470722,1.2529439785173053,1.2004961009855495
3.7633983418978154,4.144474950793363,9.256771608478887,21.36336810025063,1.3360641219248524,1.213215560672801
4.005864832196406,3.7171835506114568,8.868870768776308,21.961802361107416,1.130744975473906,1.218560092543348
3.8489741260985144,3.8451335664659503,9.185168339664408,21.730962047491783,1.2411100353489395,1.2423496690362845
3.267865100880787,4.570492854430198,9.459110143039574,21.585339715533,1.4541591083937067,1.0397118982128122
3.5808871645764846,4.121068523337439,9.358212437282871,21.470980803381714,1.396910201332589,1.21380602668718
3.305841296451412,4.480000640959321,9.615169160660741,21.660262502829386,1.4491035232967122,1.0693092823133394
4.368090315296429,3.22809436648474,8.697607570348678,21.99241110377779,1.0058134195209905,1.3610146910262553
4.342253539224659,3.2545438806225913,8.717562083018336,21.995548921388355,1.0137524622952407,1.3525613354019759
3.4835272074560075,4.571222400236792,9.626235036378558,20.885726628226237,1.5815322168536659,1.2052160285600135
4.061156606912687,3.621251933356938,8.865897496653757,21.868910613960097,1.127121992712193,1.264043212606973
2.9463349635432854,4.72386225310595,9.610439844551367,21.920443642064278,1.4757034754479972,0.9204156498585471
4.004087981148911,3.960201991958211,8.972881057507658,21.227816530928983,1.2972467711683784,1.3116225423772137
4.097062262018487,3.8617682054807654,9.052661641497457,21.380276917098357,1.2232981172112307,1.2978325690576886
4.106137890542627,3.761174155503452,8.992436919032363,21.52054080835492,1.2017235593496962,1.3119420789870444
4.324166362365281,3.711748439320409,9.059213356449623,21.028216603261,1.2389782623986856,1.443402809633054
3.847847970856134,4.193757626023939,9.038189829359494,21.150777344907755,1.3525727491122552,1.241009798899901
4.446392292805886,3.459789071090957,8.768440409673788,21.387320132634077,1.109083861103012,1.4253533469104884
4.342429160223799,3.6422355872389067,8.7560672362176,21.148782851606722,1.1876722163030502,1.4159936504194344
4.550328001463488,3.3693038611214376,8.969147934267893,21.537068763726193,1.063616345211316,1.436440118766382
3.673041646155671,3.9712049376389964,9.179313468364853,21.951184447353878,1.242087802189001,1.1488302158323163
4.488406924907703,3.3340860342081737,8.868093640453514,21.564103011127763,1.07089230046539,1.4416545847716065
4.111606353858076,3.8250076278728593,9.05303931410046,21.255201367934397,1.2694842820461207,1.364603720564733
4.031133356932577,3.8217178145615267,9.150088545209064,21.460785981123475,1.245774713478921,1.3140384105790326
4.631701478944166,3.223521978434646,8.666179556218331,21.528458009532784,1.0316555652635804,1.4823291540616932
4.276897510641529,3.6745354568250987,9.009773183191628,21.366462403125894,1.161691621226892,1.3521262922446482
3.356937861520475,4.164127820176687,9.52125439747135,22.085751273298627,1.3138130567761934,1.0591386680980448
3.528965381401342,4.3667156730333065,9.286238958004908,21.24872107410932,1.4590441445614926,1.1791278987755083
3.904760833879853,3.7791140868381916,8.985457858340244,21.93525093133644,1.176836808608706,1.2159638932647523
3.801927279368298,3.886830486768945,9.025520205075779,21.918007937362663,1.2111063000494546,1.1846511176772467
3.8091100674905083,3.8932375920913627,9.197685143902662,21.89877139789136,1.2014270605338195,1.175465869571185
3.7511221031926394,4.156075561968403,9.218069253027304,21.26040849773323,1.3773660276349833,1.2431603019270392
4.722720846042787,3.1756722223036746,8.677842735810692,21.564772155038828,0.997047755862755,1.4827658182233308
3.7151364875613115,3.9817455613711923,9.03263003761606,21.86472316518072,1.234635775668144,1.1519672335501305
3.4949497111790033,4.2292047204346686,9.257486661758795,21.801402464482976,1.3297088855010302,1.0988509643147149
4.440595616754953,3.339519892701826,8.915907526987521,21.594032976977147,1.0853354330689746,1.4431822302743345
3.2001077049391857,4.614132745215654,9.30125599614557,21.566379836056107,1.4653539066030927,1.0162885608017171
4.111732028863844,3.442813488351157,8.716897299424524,22.24103333560627,1.0383674368819822,1.240116161506518
3.632912936647138,4.116042483879678,8.878788843887353,21.73528863755007,1.3107744708587572,1.1569194319202245
4.361494499555026,3.575205989695797,8.916152783041696,21.37695467861083,1.1458816595241672,1.3978933156746265
4.3595790460721755,3.5899187391818375,8.926498831452188,21.280751713835677,1.169499947734777,1.420234784392089
4.331097689028068,3.676350811943398,8.909284298353818,21.00207264196026,1.234176220534883,1.453979244648409
4.195245201280148,3.628896669403315,8.883383463611484,21.97113860509365,1.0731559278390392,1.2406394192624794
3.731430156077268,3.9646236176838006,8.803417282052909,22.163980285890162,1.1480825458609618,1.0805539810092575
3.916761337969583,3.7527231661325886,9.003670585669255,21.94958667573933,1.1846613098767658,1.2364449525584276
3.470366250386958,4.166949044773812,9.378666608919685,21.851265943630985,1.3323363200016305,1.109611600577995
3.5690373148770282,4.276551655211165,9.262023867919417,21.464755720434354,1.3838897566839135,1.1549385064161226
3.085083917683272,4.700666884796467,9.565172949266843,21.651972849955058,1.4958332029409251,0.981726863661712
3.923928360258971,4.093302036470172,8.921490842445182,21.209875162984062,1.322542287233635,1.2678178014425256
3.5223510674480005,4.360176205592398,9.270298618816428,21.710488030427975,1.3194397378843878,1.0659041630495167
3.4639688882650668,4.325501574742905,9.385507423506423,21.5773732792834,1.4071113114908642,1.1268496198894384
4.010804749427267,3.7772265425194305,9.055311421512698,21.750147104585658,1.1741205643346413,1.2467264758476895
3.989542409019924,3.927111423220709,9.090604409651693,21.37176542382332,1.2641620619560654,1.2842589920485552
3.5879333073980852,4.2152553278978235,9.177273096464491,21.729577845997184,1.3113446560975852,1.116187941914645
4.178602685498651,3.4911585477557656,8.655035470056374,22.255990430759176,1.0186293611409243,1.2192077001852093
2.8767917704235826,4.562536647232479,9.434237484684207,22.793681829593297,1.2881746346326284,0.8122258459068823
4.38725708927338,3.429999779239522,8.653520148590255,21.593160139150534,1.0817729327546735,1.383678213898968
3.8627190273471124,3.9849437327431625,9.254131392135697,21.55265630339874,1.2598704175895195,1.2212281428286973
3.948713601692087,3.67888628910937,8.952012426951601,21.964810946452687,1.1451479573894203,1.2291386468452719
4.068522562751355,3.6210759142031637,9.047137496165368,21.728730061797233,1.1705566441885393,1.3151991923669957
3.867928945100949,3.7832149179918115,8.921340371020234,21.903743279503082,1.204628861638567,1.2316029998393827
3.2137474546568736,4.676458310261325,9.67772218656432,21.319687813193877,1.552450812433028,1.0668725167482225
3.1776244507145086,4.4712422771589475,9.636741985243955,21.872785965314716,1.4266662592704409,1.0139038118390022
4.263943249472842,3.49869709547249,8.910378805516801,21.62909445760295,1.1347168467093238,1.3829057236336495
4.322929405896457,3.4227698233557455,8.910520815962652,21.848776252956867,1.0475559133766892,1.3230542794189353
4.339449860577647,3.486714234070518,8.761246021262528,21.44612283590348,1.1471096520618238,1.4276549454687197
4.567971916372631,3.226160223472909,8.616108044296563,21.60520034462845,1.0378000093931388,1.4694376501288233
3.8876518311158357,3.912650267278862,9.242949471348505,21.496253511405165,1.2717045235036257,1.2635794363689798
3.752835308806634,4.133013197677173,9.310757072989592,21.202084289911202,1.4027115512689519,1.2736822230888576
3.4427499419156082,4.4354582562848925,9.617757022187135,21.38129166379666,1.465756464341737,1.1377027334942453
4.030340915170244,3.921924976031457,8.917406191975353,21.18564177965851,1.3004117316205726,1.3363597316492224
3.764298016740856,4.067494333381668,9.432206626444504,21.526439805977837,1.3006973867075675,1.2037417121839369
4.182380110396261,3.4967658236285537,8.863443799017226,21.84805520775409,1.1036005517270453,1.3199845886665353
4.409274867870921,3.5873764911211823,8.931490324491651,21.068612707396575,1.2038324728284528,1.4796407014169994
4.098957711495339,3.6951604385322985,8.924584622174743,21.597300948333846,1.1854960976325368,1.3150439479343985
3.741328594931361,4.12955463620163,9.348135714881183,21.27460172980333,1.3794755714225635,1.2497888649124826
4.194870414976248,3.5192236066483815,8.858577962393426,21.92429456078847,1.0828918501644895,1.2907935080601927
4.480958064838162,3.2946089294500025,8.647636585297349,21.842536711138585,1.0150115622548224,1.3805050442053535
4.640903199891679,3.1510337030604707,8.562011862689193,21.82456051913335,0.9705093185328272,1.4293848388638626
4.663537984872201,2.88414111855674,8.467647540260558,22.363212523342803,0.8466572207820062,1.3690100265478873
3.446078965138995,4.5850890699723195,9.400824791991676,20.995058183578564,1.5540973808979883,1.168034516311478
3.90362390540883,3.951725905645526,9.193345162768482,21.473127607215368,1.2886558050094499,1.2729697672331386
4.2248147605255575,3.8773479982287564,9.057925293421588,20.801071657293594,1.3399054774675256,1.4599804922075161
4.154050760889872,3.9972443802802236,9.025699126947313,20.68650291448838,1.3915915800931309,1.44618179730321
3.897324675678731,3.7977434467197946,9.188781493600434,21.762116263069906,1.2116686218484878,1.2434399755872112
4.477367219190326,3.4102040289821582,8.699928109291715,21.349144504837966,1.1172733873476541,1.4669043836879165
3.654776191220267,4.3541634067351795,9.356645841470574,21.002127054781095,1.4656420046656706,1.2302233524857293
3.613999865725382,4.331682890935715,9.31717182041175,21.166240042360613,1.4361875427059683,1.1982367401263359
4.169738381888729,3.801728692307105,8.951629345598365,21.06801355952826,1.2713153676168532,1.3943794817772732
3.7598761108285377,3.9360441362762346,9.184468402803454,21.878937757670382,1.2340577870310927,1.178824279452771
3.477956434456299,4.2670232687125464,9.296297453266103,21.68801589874034,1.38113701469589,1.1257342799953056
4.822906898765406,3.115586020405192,8.50859654854602,21.17644202666945,1.037287338300577,1.6057140541544848
4.793823047823124,3.079283050758976,8.436974695248738,21.37396402376313,1.0039208046655286,1.5629023419618868
4.31153204564517,3.531299742205901,8.848034664919076,21.426752613625062,1.1384581389685209,1.3899977648802315
3.7754471482552074,3.9674843673898774,9.440315598214664,21.60680701854955,1.304954155854085,1.2417907646512827
3.4457096870665285,4.299843562440252,9.491716496489085,21.56051148329135,1.4054028767805,1.1262294165896238
3.829284753428939,3.7893536192675814,8.947357731575787,22.04274552784724,1.1790568838629594,1.1914814510434972
3.4786133821785366,4.42645973597954,9.385066013217081,21.186615386493557,1.4844444930512426,1.1665775329788644
4.459229076299442,3.4169263152570455,8.675565491388056,21.600658257645044,1.0716572847257302,1.3985567387096531
3.146428466636437,4.550167000448394,9.636213359658143,21.68707933421502,1.4699016088199148,1.0164330813989713
3.568559882290848,4.356452315545224,9.025460325968691,21.391953805531863,1.4008807751212502,1.1475224728460145
3.551233768036274,4.193030537696329,9.165504446473697,21.941634451625333,1.2696136982095603,1.0752831387486876
3.986565627702662,3.8904046260231535,9.0762419903696,21.27323747051475,1.2978387333576153,1.3299180373414037
3.249962765374933,4.602930934964354,9.62066269678689,21.441796843936363,1.5148176326539466,1.0695578473842247
3.6204670813298145,4.402736086398865,9.242728465303877,21.112054667466406,1.4626216844303137,1.2027461008343943
3.336990920267719,4.446791862126713,9.363684823588516,21.659091837255946,1.400857916499042,1.051241050375308
3.921095545283644,4.095531043966365,9.23646594833116,20.987515017211763,1.4001269039257158,1.3404931636162178
4.034070614943752,3.927414871577957,9.103764495981661,21.21961676338665,1.2938828588295774,1.3290204856526082
2.9228653978481143,4.963783308070247,9.617899786796613,21.377756627608775,1.6072181099081788,0.9463914737389625
2.8948220155792765,4.9910066147198116,9.643297919420181,21.39197511547666,1.6123990349565884,0.9352037744300095
4.652523185480852,3.0675708026604673,8.656901232046533,21.680601983963868,0.994332865944544,1.5080847388690766
4.506448094798495,3.292760452917614,8.725488296561526,21.581154867722503,1.0583431375166659,1.4484407486973583
4.346856682138007,3.55032270110138,8.914990394193062,21.276546542308143,1.180417462069212,1.445250464448252
3.82815193956092,3.92229498455969,9.117108261886575,21.61452003677768,1.2920541367499312,1.2610422135733905
3.9643478214823977,4.171514891931405,9.330783751095218,20.882682688844163,1.3914797893357862,1.3223756871058574
3.8721354957519734,3.6110266991083773,9.083190954321289,22.2599586243151,1.1194783665193302,1.20042643849636
3.8780241302182974,3.7786426566228317,9.207465197115836,21.7312647249384,1.230031044515403,1.2623818934526152
3.918490042712077,3.7919084831400567,9.109524084081349,21.54881267585472,1.2504970182463329,1.2922411329879162
3.9616514925563617,3.821331341151984,9.116642856625933,21.427590188767596,1.2630594987365504,1.3094393292911082
4.053693316952466,3.795154517986922,9.161136937270303,21.369784276355617,1.254986834474499,1.3404807945661985
3.778611806475705,4.071017651041988,9.126320332228978,21.56255857419582,1.302457406679406,1.2089068032045664
3.849617526363336,4.076928812565232,9.153793810036822,21.383848500877377,1.315020019218321,1.2417003941543563
3.2777775812665273,4.490032601509,9.47470752012578,21.534919574356202,1.4978633644894415,1.0934581976696374
3.9362342042259857,3.9570556918252584,9.33722578502182,21.415506862253082,1.271667122211871,1.2649757831765782
3.1723758062317704,4.565968629103955,9.310530972698427,21.8672215193948,1.399748905213826,0.9725273917554657
4.106403618627695,3.7266772630423612,9.151979646060061,21.291386653654357,1.2569165053464395,1.3849888577831557
3.5718705759033202,4.239327402194191,9.242411670191661,21.543604190954227,1.363947965120472,1.1492024893277768
4.418882213517563,3.412358605518359,8.78590287508985,21.593299167156644,1.0927645798814563,1.4150910041492062
4.241082093057318,3.61591569333683,9.074617576603424,21.430349693003265,1.1854800766483669,1.3904412467398926
3.921096387440923,3.9039802884522303,9.28790020234308,21.48697997781192,1.2812102441999147,1.2868274143044662
4.163888235428976,3.8276388285290404,8.832626184566996,21.255533758163878,1.2191945573214227,1.3262980394314374
3.747929663537078,4.182552836947832,9.184883067430954,21.38528913383648,1.3406640255300646,1.2013511044579854
3.6864320692951114,4.21658818807804,8.92679360774995,21.685899561800163,1.2657753325303276,1.1066280533526274
4.080947932629076,3.9686219375228013,8.754056060921208,21.264181673332892,1.2514411799781857,1.2868613782412035
3.1733164569041055,4.553340980487357,9.441174839889072,21.752549348955426,1.4353742534232987,1.0003416743274682
3.234026225095222,4.433422278028015,9.49092461749833,21.90605165469644,1.3794162152311662,1.0062358006112309
3.4874898494615523,4.248518096494742,9.362130474085928,21.686096808133456,1.353600302708374,1.111132684080679
3.5591240233249386,4.148915386096,9.142235838634237,21.947119304871286,1.276296915698594,1.0948642213291169
4.019463542041825,3.8878831593352055,9.17544566199448,21.231668156409473,1.2900796841962527,1.3337407644324197
3.8239447907203656,4.01883021405566,8.81769072680201,21.763848865948084,1.2372759567968545,1.1772766446140193
3.2181001593953167,4.239349251904326,9.436673745524422,22.536752689808065,1.249256555587489,0.9483136400842287
3.1975427585922866,4.423631161836125,9.287294335463022,21.98620344011751,1.3830652456692296,0.9997240048184056
2.783461012303229,4.827452942273241,9.670483715456363,21.968542095297423,1.5153058325746933,0.8737101649925538
4.950094671349281,3.020507419289127,8.576569995051038,21.20950405021254,0.9867991170025909,1.617194852617287
4.663491024442544,3.2774250643136322,8.738842529032203,21.270919133417877,1.061239020026704,1.5100508928704324
3.8798447070155784,3.8974595970482167,9.127184301174424,21.697847349075076,1.2359074650626678,1.2303216793616218
4.5019908016498595,3.4258228140784905,8.827532147526666,21.2968009362067,1.1190168737511308,1.4705383044959632
4.215230942639291,3.48639777945593,8.814416055618274,21.804527348354174,1.1012082920704087,1.3314164248207316
4.1360038775796,3.666331648560941,9.064219930761698,21.546384180319762,1.1754417255509046,1.3260206660943015
3.8215847101628797,4.007156003730673,9.259048148493207,21.55447468173535,1.2867149905454323,1.2271272517535599
3.561502971683881,4.1737832977158975,9.281081614928915,21.745162413385906,1.3214485789370953,1.1275964047744051
4.00868458095351,3.7894763294321296,9.04699296007601,21.538459644040117,1.2306954286929643,1.3018869521717682
3.9533986679413355,3.73143316585123,9.206397924381761,21.815420342630787,1.1840505409388056,1.2544841682176655
3.549679334692455,4.380235335232413,9.45176745446547,21.235015449976103,1.4496544816136796,1.1747790157387394
4.144761311195637,3.8287078276183473,9.063051917365637,21.13677134980739,1.2754223184746154,1.3807063163493962
3.5288717907225706,4.054397552250477,9.338496173275031,22.169768024521716,1.2446557062883592,1.0833250450846563
4.350772001460472,3.484510762669702,9.02795499756813,21.491231742400373,1.122547996360214,1.4016172500261335
4.368153267673816,3.634097301886338,8.66718535450334,21.17886109982544,1.1762656700143113,1.413861078364227
4.398696248786604,3.557543049718479,8.664391221963067,21.285728561802415,1.142801329161769,1.4130077554760747
4.469614229507724,3.560217632497498,8.637689853686835,21.153472012922307,1.1512246298685236,1.4452852376360255
4.231496447619496,3.7773535180794795,8.74300970966473,21.16124510382634,1.224626152784974,1.3718602694635356
3.6037265653107857,4.11532683659181,9.334098233215565,21.79795280150194,1.3085031249603878,1.1458354729650475
3.6343390153556743,4.163320010225677,9.333768052876646,21.591826441986775,1.3498991865036085,1.1783843827179203
3.988413810277752,3.963482745373961,9.206827019753174,21.21917526528175,1.310349375261311,1.3185917235746498
4.049074672015446,3.6818535271084047,9.015592531065959,21.781937699278537,1.1511130343442861,1.265922883046038
4.569778749560999,3.2105254991730323,8.756814144586158,21.48050935172909,1.0471560470607282,1.490494765596786
3.3658462401061864,4.523931424042652,9.423218390133158,21.272649053742754,1.4989477612938786,1.115230805589466
3.3074551138851382,4.5906491854637475,9.40896912586492,21.280657792445627,1.5128314450383111,1.0899595889797316
3.590915326893654,4.247190002905592,9.506073914264947,21.436269306552106,1.3960620874392176,1.1803429428989614
3.8746312867423462,4.040836521713587,9.044917941315543,21.308461836500534,1.3274018106944685,1.272803925167002
3.8449001233887916,3.948694308340924,9.437917808064652,21.78006158987811,1.2430275476546273,1.2103537012874044
4.06191919903257,3.7397260438282474,9.092847747031927,21.76249083701006,1.1398519220754315,1.2380549676822827
3.8313419167492073,4.012175329765219,9.107470092892223,21.389857351395307,1.3362151251122119,1.2759903538254103
3.820579735436181,3.954259497830827,9.405109579523202,21.701885971583092,1.2444847296239425,1.2024130287021506
3.8220298314579693,3.881538864288238,9.383601174767612,21.891683063322574,1.1943092758281908,1.1759989632460732
3.917440227076055,4.134361857087685,9.20410857875183,20.806603973464913,1.4399339736888725,1.3643835416079853
3.864173489133899,4.092816736865321,9.259912222392087,21.065953518262873,1.4085426444941673,1.3298550839433834
3.8633308078027664,4.27489860912917,9.487613717159668,20.665488459761196,1.5061702161646118,1.361162995884255
4.006213121165129,4.0424855024763415,9.002078118334433,20.827061207957126,1.4239070528325581,1.4111306311136853
3.656886427648991,4.168982902692006,9.529528160525782,21.299491450551315,1.413166618774547,1.2395804801373251
3.3680471306159503,4.36500331268838,9.559333166479988,21.51743750326699,1.4564143528115485,1.1237728429016227
3.7246093923813213,4.197898813004885,9.234497495244781,21.24650581912814,1.3916286170594299,1.2347303374127683
3.518864759251513,4.3106232816268895,9.172090102904843,21.63542624424062,1.354871589236025,1.1060140441858275
3.7356049864030902,4.139328075393547,9.163466318448908,21.560042445008186,1.2994621418782208,1.1727210717359726
3.694826678532268,4.18138236480711,9.193125845992418,21.44985642693952,1.3505484602777964,1.1933954004503662
3.5969909726203646,4.176462858308813,9.200439378082594,21.62738570191678,1.3287995942025275,1.1444325753452393
3.9494764480528777,3.866550311407481,9.033038462389737,21.4952196658554,1.2553116465757292,1.2822343908186729
3.975875246903221,3.8216144149809215,9.153305692909177,21.497526718318916,1.2499343869581445,1.300388435285104
3.899179628890475,3.640500793913659,9.009066654702181,22.20025284177679,1.1216266580041478,1.2013247802120932
4.107989580169593,3.479753060090072,8.960968183987278,22.061734256120598,1.0884740905895571,1.2849877980452822
3.6779540212825643,3.9741570443978578,9.127210755314374,22.002161334962118,1.2243053570145364,1.1330550757819033
4.383964156980849,3.5986105658679883,8.911160373128656,21.072760263004586,1.2051448763683064,1.4681532900722292
4.604251248391667,3.3582473267052673,8.816493665643835,21.178109985854526,1.1086921440795585,1.5200480166743684
3.4925429849475798,4.260839913555224,9.465229734849848,21.534152953252786,1.3759818039831637,1.127870489015177
4.025126943458044,3.859124397157325,8.93791591376343,21.37945056549989,1.2767929582123925,1.3317149716925
3.9240212297216868,3.7133396359683446,9.208142095867846,21.92969438907744,1.174084827981336,1.2406981968110422
4.42641386295502,3.424484607850963,8.849490400632979,21.404737361591152,1.108921629806396,1.433367831133592
4.108425196204207,3.7759828915398708,9.090832567218625,21.476001704068025,1.2178713372181273,1.325094268507501
4.025829540268279,3.9083856641193733,9.016157906874657,21.377063767446124,1.2643262121476917,1.3023182077776179
3.304608174281289,4.427785989279559,9.41416664463677,21.70108143608583,1.41608611593993,1.0568735177245432
4.000074627891607,3.810184436247978,8.913709331748157,21.587561424069598,1.2188665337403737,1.2796118345394822
3.6132741702764752,4.293512334844506,9.383950447360906,21.256329983263605,1.4234732354891328,1.1979467328254547
4.193043256376334,3.579881579672833,8.88121903373624,21.664473318700608,1.152661186247535,1.3500888524708343
3.5641700639706833,4.582581164883558,9.361467427293974,20.758792957463196,1.5619302122052108,1.2148142507574429
3.401219685562109,4.345830755193373,9.19587598183615,21.981765799557056,1.2970441908353205,1.0151182785112332
4.161807996660911,3.7836674435465656,8.975551533682967,21.378148660792547,1.2033238471208407,1.3235842959882615
3.362980418284494,4.488358372797539,9.32647894860613,21.57386096620998,1.4181474399017857,1.062571585088783
3.1128163872743078,4.844006258621386,9.447027979953283,21.493426389059003,1.5005415996356295,0.9642659880588059
4.271388013189768,3.5325997060648673,8.78198481756561,21.614590434582304,1.1212458012543824,1.3557369285557492
4.23561092668834,3.613083169446014,9.039253498730822,21.346343122298045,1.183167764874495,1.3870254511124978
4.01891469724344,3.6438985885601243,8.851684767491264,21.97275240534742,1.121878526210695,1.2373379741315977
3.9543018482052803,3.8482725853700726,9.193051463239847,21.478617153572394,1.2690731526195236,1.3040392024174903
4.1262436189181315,3.6858259852664,8.955713322081394,21.556248388689987,1.1981096575381431,1.3412712235853523
3.832011110314603,4.030387012203616,9.193020337056693,21.403212304571337,1.3032412794716552,1.2390956618395588
3.6583635233200575,4.137290751857441,9.303517872700015,21.525831195777997,1.3365872920298612,1.1818657397234966
3.7230478206616286,4.159983967356809,9.389440047065905,21.24441791286936,1.3749835101859416,1.230564685155761
3.861122389531876,3.9621926112979637,9.060417810145054,21.520959203592287,1.2803342981670534,1.2476746866475414
3.803576290688172,3.8530650643330344,9.239078321468657,21.8824846916636,1.2285635895436997,1.2127839168996895
3.818640246714029,3.9530531578628376,9.220174023603345,21.687053306757576,1.2699219611544155,1.2267416898769983
3.594369612662777,4.237551088821105,9.357070240652494,21.449551683136633,1.3853543130158539,1.1750832830338338
3.620113166914303,4.081183231557136,8.888795034136432,21.860993933379874,1.2714863486340262,1.1278406802836998
3.2313422344496696,4.427174137106469,9.195009886477518,21.957764914748033,1.3737482389686757,1.0026826518691294
4.102199032587452,3.5248507931396866,8.84985088993433,21.90858443412384,1.1118880586922881,1.2940082818797176
3.795877960321266,4.125056164934846,9.331063164424936,21.17059782558504,1.3857248449321986,1.2751444314045641
3.755563854013374,3.907706352606284,9.29090393657323,21.83044089235348,1.2380461518694108,1.189844107518478
4.345259719763951,3.6895456799799344,8.920125664893014,21.136642116645017,1.2167199037678738,1.4329579971771391
3.5296628902380878,4.094454537490489,9.364230303036523,21.875679960131066,1.3086364234230632,1.1281222879082982
3.6900264601668815,3.9925278389020598,9.22870209536705,21.776875764480636,1.278933471917395,1.1820326726803956
3.772518623522574,3.906827636139463,9.176590614615229,21.783150365328233,1.2536547935503963,1.210556619490543
3.961358929966947,3.634919286958462,9.053760853470374,21.85717213517311,1.1675908165886943,1.272448146080081
4.473145716684583,3.13564960648247,8.660514813222239,21.82776152230004,1.017405748543075,1.4513752291765099
4.253929200763328,3.375553228609526,8.78824253813474,21.777681991373015,1.1003856585910035,1.386724595396074
4.1375558819075255,3.402979615249402,8.846940904650184,22.023620497838976,1.0852213419414949,1.3194801186584628
3.201218861835148,4.623486762513033,9.747107229749945,21.375435611115883,1.5507260082649679,1.073694724822336
4.1089460891774054,3.779321999927028,9.03497774601997,21.422385259445498,1.2175036407570259,1.3236916101206582
4.397032381165594,3.7981074350077297,8.925390672038606,20.712932366513996,1.2934973494573319,1.4974694180824775
4.373859435866562,3.7136133407621363,8.910917010025257,20.830495350128235,1.2734587760269493,1.4998679648671909
4.139945896704569,3.669970981088481,8.785068735388338,21.658317143193088,1.1480554054873284,1.2950748901363525
3.3909217625257826,4.418998809928095,9.700741732377418,21.349780208767683,1.4966558716874323,1.1484599079128268
3.7776882679410035,4.107248729688486,9.143055479581623,21.26036220573627,1.3608924785011056,1.2516961811447687
4.346180215154079,3.5852831249190293,8.849234132766949,21.44637077819252,1.133952202550065,1.3746084914185919
2.6394823522603357,5.100783723095144,9.881190579076216,21.562375114822032,1.6612963384818165,0.8596644369459135
4.743596414730879,3.1564167122805245,8.552467369910389,21.463306560089787,1.011345041502294,1.5198920643972842
3.8308761591865617,4.090511239302753,9.3005972504097,21.14295075928515,1.374109591840024,1.2868913853386228
3.7992789347764737,4.115292001836621,9.315668738255225,21.167434597978065,1.3767683258833654,1.2710463549759559
3.5721180926658582,4.239329791420017,9.280423032347827,21.567453875755838,1.3466715007457684,1.1347240883281495
3.945778997208177,4.036737038211804,9.197853432803347,21.07860910608607,1.3584083738786998,1.3277999484595244
4.077422097302971,3.7354824215697575,9.029917113186407,21.596728259935293,1.193479885615351,1.3027289943047533
3.988568388447595,3.956168042992255,9.090991986355126,21.243403297111644,1.3038548086087929,1.3145331584067401
3.730619560210171,4.246718128726194,9.45297758755898,21.06321312744587,1.4454460625656471,1.269782733579644
4.167069426423316,3.8126783378408007,9.05459076756591,21.170176135851555,1.2631348878169766,1.3805441493004724
4.116025747363165,3.563591744148701,8.884774085580542,21.92533304856326,1.1000472833589114,1.2705784687757
3.936198989920958,4.0218617857302625,9.25100271820877,21.132870812565663,1.3472232562003312,1.3185283589477939
3.939870754136759,3.7291420945140215,8.958667267401333,21.950955843964806,1.1543370865718323,1.2195670780392929
3.9257072237650497,3.8003627963186406,8.954693938863977,21.819358200674763,1.1964957939500354,1.2359588895208011
3.8443140009564716,4.182214864035903,9.193917119913985,21.038948345675223,1.3947673156722167,1.2820774862200257
3.312885518171508,4.35134204290447,9.306368290934014,21.84122680796531,1.3934956776103526,1.0609351332235137
3.155280103067836,4.565795626855067,9.407703390956549,21.943659274778277,1.3904071965445413,0.9608673977028588
3.178898896870174,4.5728273480740045,9.336799124153396,21.865316758614107,1.4026150176112682,0.9750578783815133
4.147028646301698,3.6037665035760384,8.829453087887213,21.844222948083612,1.108308263508694,1.2753839942578473
4.639801757827687,3.2466069023123723,8.638365682634543,21.60944291533978,1.0148471694388612,1.4503417944855443
4.598379674150145,3.3585571192118877,8.662526517136653,21.41460804155814,1.0718077831432478,1.4674691987249475
4.171841516362776,3.8160146653475207,9.117238213780883,21.239169202718294,1.2593348830448923,1.376762410217857
3.866157738193079,4.029846332306164,8.948307218639863,21.375585193716763,1.309249470278514,1.2560689796441358
3.922739512530534,3.9236652326815484,8.861510171063262,21.49760467467498,1.2670968640481393,1.2667979147161306
3.19502632864921,4.5175621917485715,9.478871149797817,21.90195348856929,1.384950812234789,0.9795004741841824
4.3491082436260315,3.5577114086311425,8.916197866084122,21.208426902695937,1.1947216644351717,1.46048210291256
4.37050272876821,3.4814257204800025,8.852577207884995,21.39077908052819,1.1428424177730159,1.4346983984309643
3.2482150115866504,4.313854045898259,9.28964009013333,22.0079476131365,1.3550118847181334,1.0202871719790136
4.050478988353983,4.128872763273368,8.770294808777383,21.03597704245118,1.3274419380279798,1.3022381619673642
3.175082164594717,4.866747722694506,9.354123117996267,21.379690182206502,1.4963958067873224,0.9762535286448398
4.282888046069847,3.5607264017347577,8.916800148165798,21.48176893047352,1.150912441913538,1.3843324601247282
2.948853832135561,4.642889768338332,9.392084532399283,22.16785173946485,1.4054256761947945,0.8926326270528692
4.0754164971570255,4.049253032277169,9.052779902532162,20.941082079086854,1.336773872007521,1.345411177696692
3.979455579809272,3.7004862663315823,9.079904661141017,21.779112705114542,1.1949761172267452,1.2850620256864063
4.233838101429881,3.5940259074417984,8.943874429535889,21.61647465322217,1.132234564198481,1.3337961275497605
3.969057749951452,3.8300435967479767,9.133938911104153,21.555287451117344,1.2326180738081884,1.2773568224478216
3.9935160240066603,3.6446912412520076,9.088661734859583,21.82403618972189,1.1654131224576836,1.2769520574049071
4.13102175107128,3.7339150689724585,9.003940826808753,21.37082229172749,1.223149271058755,1.3532327731656737
4.516950723980623,3.434681871530904,8.791703574046622,21.149072956837998,1.1481912206355511,1.5099864730721928
3.659606637609106,4.20753504451739,9.301276954293114,21.42678321304708,1.373197385345043,1.1943720522790335
3.7481828160846886,4.004712216270745,9.39280026685677,21.606680888519122,1.3055544309102758,1.2219246775135293
3.476576582862541,4.336197924645585,9.45814284752492,21.52869035340036,1.3889813592729006,1.1136253814049395
3.6079405777969966,4.037651822400196,9.403879592126104,21.887009384184495,1.267407702071728,1.1325225348922627
3.211039745124312,4.46839500240954,9.597346892402346,21.885312401743125,1.3865923282073473,0.9964211028249136
4.249015655097586,3.7564065938285958,8.798193290361656,21.11673063746288,1.2418398505222499,1.4046927120887316
4.583905580913078,3.189858821940806,8.702511119213769,21.665418616965862,1.0281505765622074,1.4774776656275352
4.106294278097864,3.762663968428097,8.88000514298757,21.401017586247605,1.24450421885487,1.3581602279215226
4.213325790149535,3.579745300857452,8.812548263629937,21.613602429732452,1.159912731251395,1.3652061289761848
4.367381480821864,3.4298988554878584,8.876311689168494,21.481296218000224,1.1405716381823812,1.452320217016971
4.253327536438088,3.547564741905555,8.81513086535935,21.472667476475593,1.1632107352759613,1.3946232446689923
3.7794903889919844,4.001862003824315,9.156708340504123,21.389314268499973,1.3379621078469286,1.2636155176291588
3.7381057751429054,4.09335702202451,9.347235906299918,21.32410284738607,1.3654311141959155,1.246929086828381
3.8358636799962595,4.0360810977084,9.330384409356947,21.235541573345948,1.3497202151287144,1.2827647973447702
3.6066008424455847,4.0017766665520735,9.055552975013466,22.243655458611304,1.193105697775772,1.0752863973371694
4.183000190150787,3.918048169964377,8.92452414756121,20.902021111791164,1.307230999466509,1.3956304981796912
4.36418181952295,3.581946796726755,8.823222010772401,21.298040697698053,1.162570476687814,1.4164556946829847
4.342681016982604,3.4729135914547875,8.717212618608677,21.53031650214663,1.1089170076843329,1.3866376780951357
2.987177061365484,4.80584179282217,9.762590929423116,21.63117621044392,1.5419353217979945,0.9584239394362878
4.0484195139247126,3.808728329726444,8.51124482174524,21.529141999259252,1.20583520338028,1.2817209171473574
4.59636553474744,3.6384967003710558,8.723161373239378,20.672929215631555,1.2424020121934964,1.5694761489174065
4.309194873918162,3.501390948422015,8.879143371587494,21.54409137384509,1.1092409495701523,1.3651533017134247
4.142797069475661,3.743737264186361,8.958647865252068,21.37210240186161,1.2004645403933643,1.3284268176420588
3.858147572555276,3.866366188408928,9.187776893836773,21.635274737701096,1.2810066416507135,1.278283645177884
3.5857326364648734,4.202800644208515,9.301118558102765,21.615970349079575,1.334477702288317,1.1385456163198564
2.8677019267729134,4.870410721833586,9.605743853493752,21.785557343766826,1.524998469097315,0.8979203804211606
4.357067852537763,3.280058140244929,8.71898973908365,22.069184876531878,1.006917425077897,1.3375395664905512
2.916025939978008,4.875330131730117,9.63600926710382,21.734752298195207,1.5066243344602568,0.9011401325409596
3.8672708516654066,3.9957523575410887,8.856147539308953,21.494544610072822,1.281627068725153,1.240416963336596
3.3562251220826673,4.642561873715582,9.67697408041433,21.23877247736511,1.5004389434890828,1.0847051721163008
4.071800714647092,4.015612551542327,9.258032452172301,21.057178588133517,1.3156838239090303,1.3340934329893954
3.9124495897171174,4.037835254949313,9.097506824433417,21.449262134427755,1.284579294045057,1.2446896454691483
4.290687623507423,3.785221893148704,8.965197387513761,21.024359629615873,1.2332951798337692,1.3979852472644012
4.108855171102696,3.5743362770407456,8.837207064376727,21.836233007542475,1.1321315368900569,1.301434492775377
3.3173145453295865,4.565037819097258,9.627597349903516,21.35576610815648,1.50578231402646,1.0942195377929678
4.241003401867667,3.3975880657716435,8.868186880345432,21.842319661741932,1.084700732368212,1.353966227491195
3.810153199484507,4.138357266414721,9.287609992434202,21.192811128780555,1.3680334611251952,1.2595377183139678
4.479809344404495,3.4178316838424356,8.879301081307975,21.483646255683517,1.0929801733944422,1.4325874551308044
4.176626926974322,3.549622425845451,8.927506844130606,21.693420016462134,1.1185364463341552,1.3161144708084525
3.6398791873273564,4.194399620068586,9.180646718759991,21.60864474942104,1.3464814018387488,1.1684698823704558
3.5492188225031187,4.2758499010755555,9.261234733398219,21.61105979100636,1.3755353809005313,1.1417791030698052
4.081145897501016,3.70468817985603,8.997257891603072,21.566242836150487,1.1859318042406923,1.3064421302472393
3.7229400053599284,3.98740334884377,9.281288829694859,21.606007419958665,1.3202848289809521,1.2327173296145932
3.489129112773564,4.1301724729381455,9.452333793917049,21.723456946505475,1.3603489927472698,1.1492094592239024
3.970292536532892,3.940288757183701,8.953528678852008,21.52083917512636,1.2397329621902444,1.249173050605506
3.715838994505153,4.182232962602218,9.098880524841878,21.69465425634298,1.2640159247728515,1.1230554837442672
4.006385241781204,3.87986517957437,8.926771729435124,21.65338440804033,1.1861250166853852,1.2248038377140527
4.633896547617833,3.3135393409998923,8.422684447530171,21.3882017982275,1.0444700717095698,1.4606635869681932
3.92465036585897,4.026714056439541,9.341566780821687,21.220142842315255,1.322224126027656,1.288710180864046
4.127745898894517,3.883470816971454,9.117695231420763,21.12248453412004,1.279538409150198,1.3600229459086384
4.108555187038613,3.68983716239758,8.807431383794768,21.827368125036962,1.112199832871723,1.2384108542609524
4.160962490230059,3.5677560880432293,9.012528850312886,22.086222406806545,1.06355608006636,1.2403922370823852
4.728371691710996,2.953166756304775,8.521425244494848,22.059557321796238,0.8867789401104046,1.4198386962983904
3.914278029286129,3.663567840426192,9.055884742108361,22.233844406626066,1.1032992381948443,1.1788016916568977
3.650110817183263,3.998437877967221,9.193839131685786,22.088914997270003,1.209409999456662,1.104051296070319
3.71370653251527,4.126431296435702,9.165744316756268,21.467448962214785,1.337368450334899,1.2036051477892156
3.9037673173353507,3.9248062898087146,8.986711129601368,21.556105688923928,1.2498849092077482,1.243184885752329
3.9337282398685516,3.959046839591912,8.992479271093021,21.27135892430119,1.319575146563362,1.3111362984530992
4.559703771183965,3.3531697033124575,8.736442299503826,21.280009054047696,1.113118346630797,1.5136394432684512
4.4689143538118765,3.444042383346126,8.721860666471617,21.290257352470178,1.1417904266204224,1.4815623789192445
4.689444162982488,3.333804398550581,8.716483486728988,21.120725161655443,1.1140065495761449,1.5670000056708047
4.337580288975192,3.6406343576687834,8.864560993327178,21.151803796364852,1.2109013981048926,1.4427106708061603
3.6192952418226985,4.195664243000627,9.421206496316568,21.498831555925218,1.3601478674101393,1.173300917227869
3.5790774002418084,4.10239821614615,9.450771544728418,21.66172515864428,1.3562730246317667,1.1832605893577213
3.839314065869022,3.7907517451894877,9.074135518783145,21.9726308517047,1.1885277723470729,1.2037536881276292
4.497593571507542,3.4100259879154424,8.828795964226888,21.288635826060847,1.1224945432476119,1.4804943597655482
3.656435125355629,3.951794271410145,9.264663372104227,21.903280459768858,1.2582436897824028,1.1642019061725486
4.18515718136137,3.5240917994000043,8.969047034660726,21.665071864899126,1.1514469026410394,1.3674406195561961
3.6450483364431996,4.027507052315124,9.30341058442647,21.78179330249303,1.2942460808256484,1.1713423372281515
3.5871516940986874,4.0822252343723315,9.227074231990276,21.928001500828152,1.2632847754347032,1.1100793959563178
3.3849995064874543,4.553001420365468,9.256383670296554,21.48149173995332,1.4261789640398788,1.0603148656716797
3.242842654169195,4.725070696570921,9.435663673240072,21.32261099804386,1.516887243181018,1.041048265652906
4.243447388161945,3.4895439822460577,8.87383176065166,21.673452355466043,1.126157361107839,1.3694596018751202
4.329697740087197,3.346275328138748,8.810611048754943,21.793853507572543,1.0716259421653296,1.3865614646218551
3.9775836279776158,3.9173689364611857,9.14241469172221,21.286819084334958,1.2900845776950867,1.3099147356750978
4.21117625139702,3.709249085407534,8.900608898188082,21.438318374965874,1.1879139825549776,1.3486598060287318
4.514306816297753,3.402799823896719,8.756244542240756,21.458239148322818,1.0921917695435468,1.4489505716232771
3.977179512725319,3.8192157338466597,9.203248693093233,21.507123913703985,1.2418324015876299,1.2931949201147437
3.7603968125315426,3.961306410754142,9.231022861310207,21.599185279696556,1.3141955754745949,1.247542184477696
4.414225364362702,3.3608792019238556,8.817843248127458,21.73213500286185,1.0511241493618817,1.3805610384780826
4.43808848626702,3.3905993876653553,8.744067209320821,21.441518206113656,1.1082922429521955,1.4506871737070741
3.6228629981374953,4.096211616299355,9.409678132168285,21.82685381239714,1.288267220607363,1.1393980786247455
4.351967174355378,3.515921331892072,8.773393287703668,21.317432636769936,1.1621489590758776,1.4384946772650782
3.914642861166506,3.796101605294095,9.180801727436211,21.834910973058847,1.1877810714768962,1.2248720333515692
3.8930214053981893,3.8645505680357846,9.25607897467086,21.677058518654267,1.2365304730985067,1.2456402149361296
3.490291178462055,4.235846766907182,9.243619576004392,21.55840912074653,1.4066499989253471,1.1590641382000633
3.9074627595221747,3.8866663697067794,9.211047177707952,21.57746351528511,1.243306199151476,1.2499587589335501
3.670670571109155,4.177013288539661,9.40207176873164,21.378919677015872,1.3689032587893293,1.2029631125473734
3.7156375249397655,4.184060939768763,9.381657252662894,21.324548153700604,1.3606173477792425,1.2082904497017135
4.013749536093295,3.7292001979364193,9.178780386580458,21.80965679222935,1.156296797470765,1.2445257664103484
3.4901465258282474,4.290752828832879,9.450330281650803,21.533392214046355,1.3952494696905826,1.1349115839489805
4.246012575831348,3.50464459650479,8.886834132270316,21.76392081898212,1.0992268600836737,1.3317558865345862
3.836378478861244,4.1557090390617875,9.149598343031167,20.960580259074447,1.4280567079353383,1.3183228107214733
3.5278644066900102,4.29833769679967,9.327081996459736,21.573968800057955,1.3792624265572975,1.1320308373535324
3.935019771600916,3.9720688215976403,9.201699718360846,21.170505797853835,1.3471763252121245,1.3346106811437743
3.627670525634428,4.340680884309633,9.159692821861372,21.27377665133411,1.4056963796738615,1.1747934161589324
3.7550481080061755,3.9917783973361907,9.259877326999778,21.711919125633116,1.2663861603701987,1.1912838044007334
4.068808641819252,3.781273039242926,9.058361161932792,21.487534689936894,1.219189086584601,1.3118986753996345
3.9711222598168314,4.081126199495945,9.106723046005879,21.086852503786687,1.3501007518247976,1.3137097179766395
4.109119345118378,3.8884067656791723,8.953622655314783,21.200622041651076,1.2744065028499445,1.346743982812378
3.745394498519858,4.052235226481779,9.149553266154603,21.530066156348745,1.3194517031814266,1.2195410369720778
4.298920086515986,3.5855242706415957,9.075000699836727,21.427466293014554,1.151417396677703,1.380509794640434
4.143368627890003,3.715228572994668,9.04183661113169,21.431711875217665,1.192012554365171,1.3293791552175285
4.283208169824036,3.4359722081467274,8.847493773827193,21.858857107124898,1.0822246663113617,1.3490777141151922
4.203195667564731,3.5000459620967104,8.817594321891294,21.78987582271617,1.1159452996585915,1.3401356723768107
3.4346133693366614,4.477404607935165,9.535269814600172,21.226526029904143,1.4890147032595207,1.142221946591624
4.13408000135175,3.768469669630149,8.884690978181451,21.419940351525913,1.211618594422693,1.3291677098625463
3.569177763648878,4.167951476485193,9.329788356022105,21.685361284160834,1.331064321513652,1.139841767625191
3.4754381003036166,4.239423216801251,9.283336727633362,21.834667005706677,1.3233961367596578,1.0849073376919127
4.120385410338033,3.6990994490412348,8.82186763512108,21.511978687912908,1.2076999648480604,1.3452434528397106
3.7489046117803158,4.239077223808147,9.013405870990972,21.084219906883263,1.419843900353906,1.2556646328945982
4.393340849526164,3.2652959767195138,8.427317361228713,21.961141151124778,1.0076123454292654,1.355706958641047
3.4870749297317736,4.315984009160473,9.197749867032652,21.53955037118638,1.3932529574359804,1.1256708663280446
4.926454798166373,3.0418554692851862,8.582275496316095,21.36885540966642,0.9589329495524794,1.553045461279849
3.9712766784687226,4.0939744676484535,9.156985019032133,20.93718398372785,1.3831214365076008,1.3416688227290752
4.09419606192013,3.891927007599175,9.174123194018101,21.15674033154023,1.3082502732875263,1.3762419250004998
4.129959277824926,3.621412320528321,8.993521094629779,21.572085351347166,1.170599587301513,1.3349843095161869
3.9332196001939215,3.7448250083773487,9.126690798627294,21.694256346699916,1.2196756942105813,1.2810351179607877
4.2645390877018565,3.5460937659293474,8.967112814086638,21.416359025380082,1.168690781126585,1.4054697496824273
3.7136429804744453,4.088941601616459,9.336939649705764,21.641062655992307,1.2988868609387392,1.1796700817758679
3.824187878525692,3.946843685386963,9.3073901054115,21.703313053523054,1.2453456821998228,1.2066441546888735
3.655057602609164,4.177784175483998,9.48174350751277,21.493868043653734,1.3488717220209732,1.1801001764161516
3.812592228472788,3.975203591660419,9.13491461232235,21.578794270675306,1.2954336940296218,1.2424421342143528
3.9907121189294106,3.7544266073754176,9.245199729043064,21.60652680298108,1.2078420236426066,1.2838577779184142
4.024411481229721,3.8439739420475876,8.801276292696379,21.59349712870666,1.205628566795254,1.26222121155297
3.4078792836342084,4.1485476870648075,8.968644666617475,22.197089567816775,1.2645213209220894,1.038757738454034
3.5062877811748203,4.319517092904436,8.94684979326843,21.864980832831264,1.3161639835157233,1.0683716707602007
4.179452395404133,3.7721821800204696,8.99808204536541,21.207989571395157,1.2290601497629932,1.361757768283299
3.932382208002753,3.9397840855640958,9.141966291038386,21.495700779925382,1.2605902156158733,1.2582218791211894
3.8294828611953187,4.091982116346714,9.302275851961172,21.23722182951427,1.3497201172994502,1.2631360327701961
4.582829899928818,3.176118749327434,8.701031103383324,21.91573855115832,0.9710340351071914,1.401107502948403
4.079086996684744,3.792286635687471,9.109506752044815,21.617462861617724,1.1779359461983288,1.267020049552268
4.076932158721973,3.543939682647792,8.868716503131125,22.20495876936272,1.0402847062013607,1.1967388140675836
4.129999893707205,3.6225604992399205,8.837128480074213,21.865551066595188,1.09860937228928,1.2524998800523732
4.116896627172518,3.69565151692892,9.01398655940418,21.67660155831389,1.151889427627949,1.2831863820910132
4.203799863156144,3.585573124581888,8.811712391473206,21.89100270587727,1.091206437569584,1.279352927285518
4.164279103506254,3.5870020662303443,8.871604780265073,21.8298364642001,1.1052997369551294,1.2831820313252171
4.105723708593329,3.8487639685445774,8.947991726317145,21.323314518609756,1.2173452784959529,1.2986203914590857
3.995857980906138,3.980924528016214,9.071404200033244,21.22165748284808,1.3082300798632125,1.3131375811557713
3.841104868655232,3.9169835518676073,9.27215164347073,21.649865905203566,1.2625892173236253,1.2381307007176565
4.194687436843476,3.78787365792115,9.01411856939896,21.087881805144875,1.2730756560490197,1.409802686901352
4.294914120132737,3.3023790487192315,8.832134846232066,22.088830408908166,1.0207138687920332,1.3274909824147612
4.395857245648418,3.4674440066799264,8.808585331961243,21.3703879654406,1.161972424496566,1.473092252283452
4.085557050603855,3.8795825318532486,9.120134169389312,21.201613453004327,1.2854201189366616,1.353665552102856
4.071117255178439,3.867270315007482,9.118455523539854,21.174277793723668,1.3026236330374186,1.3712859762821108
4.16415487355302,3.78813245429536,9.086629752806783,21.12528815083978,1.2859089269158055,1.4135524535025348
4.133305018893622,3.5843643758767527,8.938424215706684,21.88196030323997,1.1063962814719253,1.2758394023416086
4.506331710012682,3.3446933369969236,8.745195257516071,21.44145772905028,1.0910040272558834,1.4699183298487402
3.5610162477562533,4.240885406274805,9.348585655022909,21.594416729532703,1.3689514476724154,1.149490703129607
4.133223893962789,3.8121646545053705,8.968269982287726,21.24317154206604,1.247646915555792,1.3527233238757552
3.3912123701786125,4.516443062907478,9.351429716585574,21.336358651716527,1.4834800961078636,1.1138845287681207
3.4980543501377976,4.38803408864457,9.4626600755429,21.368150337589682,1.4443750160150461,1.1514273148143346
3.57733949551694,4.374017240650735,9.468258170175384,21.082094030653764,1.4793362244625323,1.209891870963776
3.195090990519413,4.690524724871962,9.788752437998205,21.247618047187665,1.5674260372440523,1.0676990536577384
3.2530050781567583,4.68206084518769,9.740362322499054,21.103088746867783,1.6088232193591563,1.1177791736326832
4.021521445358402,3.6615794529064556,8.964581814191652,21.937105963423967,1.1270504914963535,1.2378422426301794
4.58839259722319,3.3475827966422305,8.722222479208263,21.14954430408089,1.1256846338503415,1.5429291385854906
3.6095511280747465,4.222707140982719,9.360871642023266,21.52096479816084,1.3683038350627883,1.1696199822776445
3.32073340053838,4.454799545742494,9.521640349199174,21.670831542151355,1.4223814751888681,1.0602833246404744
3.369482271437505,4.391404789513264,9.505070070809037,21.655746664050564,1.4127257028468545,1.0839707196917672
3.5751862800058936,4.271971233452457,9.414265832065158,21.45232729935509,1.3953651965155953,1.167772495075675
3.657783142697796,4.167439709858238,9.378977812810847,21.543588237213918,1.3414464996934397,1.1773944519947326
3.881943502499954,4.089885121076313,9.309384442790677,21.047999909200023,1.3765288669654676,1.3065421479892259
4.4946909959796315,3.2647687871585793,8.713276854277348,21.704679702880785,1.0353008185526857,1.4253252131000207
4.073385148738089,3.9680738180348225,9.12918991241621,20.984115951214005,1.3309862315783192,1.3663101538698297
4.050535561076026,3.487864615449552,8.916834607598714,22.22113172896894,1.0706036508441268,1.2433160795156097
4.827943781405683,2.7942482687601915,8.324344733250745,22.115936700839615,0.8483870747710407,1.4658558252174152
4.919127089877109,2.7474762464339233,8.365138268045552,21.96200473442262,0.8564366871182667,1.5333784646313928
4.729284347193578,2.8590553988254563,8.400479898305285,22.22078829168443,0.8659548267541023,1.4324124706458412
4.355870822958831,3.6539404892055862,8.947956660789838,20.926393441625844,1.2512141435018902,1.4915752451508142
4.313734340604342,3.667802545508457,8.973728279349238,21.049875132183494,1.2338886080147105,1.451187078593316
4.027652800601458,3.926620199930307,9.25636549618676,21.100422600880268,1.31977778324904,1.3537358884286608
3.962389544707752,3.9192106968423874,9.147169189367787,21.254210374743078,1.307687658245848,1.3220947546788886
3.9879725599145703,3.8016134718461405,9.073200728590823,21.587525436419835,1.21379970388943,1.2733014411359356
3.5211940307836853,4.352038373441622,9.534409034891658,21.314997493150067,1.4311941508383796,1.1579659617843274
4.360374035846685,3.3929700514383803,8.81303624344396,21.688780410475246,1.0939124978453343,1.4058089463745487
4.02398542301196,3.9566946042705524,9.266206143267432,21.17719626307225,1.2822667664292302,1.3040740548827772
4.3809108712560745,3.450660493893604,8.79630883743728,21.511258290921837,1.1074564727420335,1.4060114315691574
4.437993882755293,3.430677632785175,8.753667134867364,21.433993798229785,1.105071428516833,1.4295427215013004
3.922346279409886,3.9574385023262972,9.076231648269232,21.372738770540206,1.2942838171001343,1.2828068740724452
3.8999752147600755,3.8970611613339714,9.181555849566646,21.6495709496219,1.2407254241295882,1.241653184824984
3.931292974739432,3.994311320286511,9.222954936715714,21.191562453362057,1.337836849433864,1.3167297653578056
3.6796267889238856,4.0955649104332155,9.210190182970342,21.54662359340103,1.3404839523220664,1.204346840779311
4.064755877173845,4.053671411917535,9.241949147124481,20.90676674802753,1.3602769712920277,1.3639965482619112
4.455477942446186,3.545707576180603,8.82860103581714,21.1036233175727,1.1823380855970147,1.4857066319513166
4.101730511953542,3.680309081447393,9.169658715042395,21.56957351754483,1.1923782507456095,1.3289139973400268
4.043425678466327,3.7912774431087346,9.00459240735133,21.611007643998782,1.1872394490225742,1.2661997299595702
4.036699447705873,3.7699522098509735,9.043007565873069,21.61781603285319,1.2069714710571224,1.2923721043152503
3.22059494171309,4.473234675856083,9.25542663297728,21.897868302864275,1.378260260975209,0.9923060931319069
4.1363294410606954,3.716230339769812,9.10592402430275,21.389674741613796,1.2301812877803715,1.3692464172721581
4.103901606190948,3.6468002278400444,9.079087119928435,21.606026373013734,1.1913811549852982,1.340712605588947
4.048410821179445,3.614438881214898,8.935178162261915,21.874051226214014,1.1427499647644088,1.2799556100668235
3.430882894717415,4.681711223541964,9.451010123638923,20.91761254099565,1.5519310401118798,1.1372964723938255
4.399615401594568,3.6489498769480644,8.732085400738564,21.118316217768676,1.1922892042906523,1.4375681013024635
3.8931779793138395,4.052297603709972,9.260761107088136,21.160770909192983,1.3666704661869684,1.3130060731636464
3.694985533340434,3.9637480097880213,9.182692501091429,21.81841930460037,1.2615621477767378,1.1760217536367115
4.14400443193674,3.863458174668182,9.071040390650058,21.136108090947403,1.2807235349846615,1.373723686168274
3.7736827811238993,3.9197677658759256,9.154452342656937,21.78868928541297,1.2435387618748301,1.1971935822831907
4.098217404937929,3.6514697024165805,9.14046177924412,21.50362741546305,1.217575007905986,1.3665421038316132
3.9232244507892804,3.7656803109269625,9.194081004266486,21.698555445749356,1.2311328442038376,1.282639543918503
3.675394474879961,4.05007171356375,9.264455253544334,21.584663689676248,1.3341310933690504,1.2107089444644683
3.3956421491939817,4.5076045929868025,9.613475085661342,21.266021361500577,1.5017501798857706,1.1312896025338433
3.4063486962562926,4.308860280961904,9.426279555366364,21.545499908923922,1.437566959792465,1.1364616209317
3.434159863143839,4.32044862491315,9.404138527780702,21.638189965666342,1.3905660402561526,1.1053079198678202
4.081640475146984,3.796936731192733,8.935910058626629,21.196290466620866,1.2777108293166302,1.3735167598734623
3.7848284932644503,3.9156589962967825,9.013632366766334,21.81465305799175,1.220148070485231,1.1793803259021391
4.045123958694773,4.077353085448928,8.866052092052632,21.060086412197204,1.3263485296679147,1.3158645087879448
3.364113651553998,4.320286118626273,9.266853708221703,22.091720238042313,1.2750225283504484,0.9928325522631171
4.032009957077413,4.050215659715402,9.168391272925199,20.793255801169117,1.4102235383939539,1.4038845894218153
3.9413220485128604,4.16976925105056,9.035649737123023,20.966555974170547,1.3792149827425222,1.3036525749603103
3.4632005861760384,4.480145455350411,9.395549726660935,21.244805997163475,1.488432844645395,1.150574585453147
4.422076085415713,3.4555606698061077,8.909051540413547,21.38707871850397,1.1253730030396898,1.4401382349896665
3.8007270447387533,3.960307286889398,9.23377092782146,21.57340947544848,1.281523639747739,1.2298847546971425
3.611084789699036,4.1935227832189454,9.423323053829172,21.53778983125036,1.3477121326045776,1.1605285185086232
3.95594592323497,3.9299067070120475,9.040349069793585,21.482108532861755,1.2553265718790318,1.263644255343938
3.6825526939577697,4.115013532069939,9.203012838669299,21.619679540525908,1.3068900756758262,1.1695445303835494
3.0185404928037274,4.858135409598393,9.404985857114248,21.53661402266119,1.5516822976378548,0.9641180108180201
3.342937149770934,4.439970857460318,9.399144114308896,21.543266463307813,1.460177661852512,1.0993950878913061
4.595098147338845,3.291592981798881,8.774438315282717,21.441003788218914,1.0554658320132393,1.473441314306407
4.65916041298984,3.2878278935524268,8.71509903887631,21.37861326383151,1.0521155642982452,1.4909464077124706
4.988819674415277,3.027593220624387,8.56760313817256,21.17911479842423,0.9853842966737777,1.6237004801761925
3.703216356445712,3.9002086799485456,9.227692259175832,22.088078568664987,1.1931591627804543,1.1328949012825495
4.320828321922657,3.5035580656747083,8.905064436322458,21.509423356509373,1.142357883565875,1.408834163601198
3.5963944787542794,4.147499359383329,9.358737058352208,21.64327048164193,1.331154893281265,1.1542757921667988
3.863731137707243,3.9263765906445895,9.171114915613828,21.509699588414286,1.280950416001702,1.2605128147813016
3.4946390853672247,4.272625967830883,9.287626168114823,21.578176960760597,1.371284167917273,1.1215920341330132
3.894583797824625,3.986023669011313,9.14149498369802,21.532453431677183,1.2726132870604443,1.243419382381966
3.9837160394800555,3.978522386100472,8.96626997355327,21.35784396233145,1.2648709798148208,1.2665221710867371
3.870014167238446,4.209271233289719,9.011279357323035,21.014361144772053,1.3883068990391167,1.2764127256197784
3.8608835446288787,3.9206736614835607,9.095469901438074,21.416599399095766,1.3187346598261802,1.2986240088975103
3.620848411871321,4.022064612988967,9.23595582258076,21.795595495432107,1.295782639982921,1.1665234066505679
4.507678748236582,3.120649528030411,8.721805073284445,21.90477670055823,0.9884178908868047,1.427738129869179
4.448233343408163,3.460946589668158,8.650736803446911,21.317464858078175,1.1349517695553195,1.458713728656567
3.6076541309271466,4.261892243805578,9.392527032990971,21.42517468829744,1.3869957003177358,1.1740796063303136
3.7676133580783513,4.053339415648097,9.348526227173792,21.453639144594888,1.3176742261015846,1.2247893666862095
3.6816512200489475,4.116204259406246,9.292375945666091,21.467154484453328,1.3746863660386348,1.2295589377386362
4.320410885994931,3.459207514124918,8.961298400105859,21.76002347268091,1.0603003991993418,1.324272501265208
4.052877096786831,3.790349075191186,9.108992925775881,21.71480486011479,1.181645087611949,1.2634884590073212
2.8037454368097015,4.880513331753295,9.578046404528143,21.867558506498025,1.518487747908571,0.8723371507563593
3.93971722613506,3.922354630459774,9.083259105818929,21.381909789363664,1.283838652868244,1.289521660536381
3.968636650875839,3.72949241690842,9.01244561855317,21.71529757055282,1.2102644877497697,1.2878696257864393
4.2408346768003105,3.5140244066324207,8.827495343241601,21.72188047848876,1.113689042332932,1.3440348055021538
3.755714724117143,4.11236544592222,9.313549227436042,21.479613566397603,1.3174370422742099,1.2031804475628243
3.33836521113342,4.414775196853764,9.275775707860618,21.863443824168392,1.3482612847683435,1.0195283718628219
3.5845008574772117,4.059348642201231,9.134277221905606,22.04842601081546,1.258656215204827,1.1114232061191536
3.7206075997012995,3.9456767827149033,9.08656683218038,22.014831043914988,1.2274351697260228,1.1574198476239639
4.013412692621055,3.563388711759575,8.888976183867705,22.280579612059437,1.0545347832366438,1.1877130524338642
3.350272939300983,4.2628428493341834,9.35497135281518,22.261720537087925,1.262816169644173,0.9924782568823528
3.883624726687348,3.7901521150265656,8.955590150647692,21.931454626468287,1.194377991706936,1.2238337039862375
3.925417158648694,3.6722112174384534,9.00235804650274,22.03246380316647,1.1594736782629604,1.2394215915580633
3.446029508511994,4.21295603415919,9.360032207172138,22.09848077143064,1.286330881993488,1.0521672054297837
3.6916387755049502,4.148487719200583,8.995796634078426,21.50291680218177,1.3260714751863065,1.1800388980860144
4.3235364938975405,3.4852934521329306,8.579632715352112,21.56682075268666,1.1249276170817455,1.3954823811090162
4.500400548880089,3.08023582173381,8.460073612026026,22.196575638150456,0.9412930579469547,1.3752829457898497
4.131146020089482,3.457353332060912,8.622669312770608,22.1302521317476,1.0664354735757227,1.2742697199879283
3.0047384540722075,4.560038661773519,9.425021273693732,22.181666590589433,1.39295576633155,0.9178579539258094
3.986662882471157,3.913470256864805,8.916534973192046,21.37447926993965,1.2608216994001238,1.284402522695939
4.510426454155146,3.4707597331338214,8.838349876615977,21.090074132462462,1.1582052828230052,1.5051458898511154
3.0024994172842976,4.6406205898246675,9.488259710763995,22.03537018117725,1.4309975060183266,0.9258609047626629
3.6158249382935295,4.154970561117406,9.184506019210245,21.77195207808251,1.2870101315933875,1.1200087368128795
3.1173761301050664,4.695279708356775,9.693035113915116,21.536211036903094,1.5283455427795214,1.0147271748546747
3.3185235037279295,4.467831032710883,9.482353903485718,21.619272375548572,1.4220012596664977,1.0562048045202703
3.547128758170718,4.166566874623429,9.24472076421113,21.75114601443695,1.3158820394460162,1.1202515560010429
4.304642508440617,3.4628250933227243,8.831252192172947,21.54537863528968,1.122146787351169,1.3949421733301892
3.5316058520036013,4.433221288067191,9.4014753036539,21.291641919289326,1.4352576222567701,1.1433591712505466
4.025506865773219,3.7581532225810568,9.185499932696084,21.477370326207264,1.2542107083042235,1.3434347985251818
3.599112065416453,4.230757712840527,9.08291439123552,21.715972488148637,1.2997066294497297,1.1056624200806833
3.8397536527297405,3.935087946580463,8.906653786798671,21.897176733758208,1.1874834899762645,1.1587146539265758
3.8945429379553795,3.9230979676275135,8.978247653342994,21.776978865648893,1.1892297599491815,1.1805737204205866
3.5696819313787276,4.394515590801943,9.099823701053186,21.441622244391237,1.3790017189826083,1.1201684048853522
3.6871007088878325,4.237666843950453,9.150349683972479,21.417204418076697,1.3411287686068132,1.1668866419971602
3.3560858460274896,4.673114891878795,9.467002192244813,21.117568546245508,1.5288170548578766,1.097948883707229
3.5072410669855945,4.311956281001583,9.074012263620453,21.680860026378838,1.3492636485320157,1.0974584550340354
3.8179534074948203,4.160116756745176,8.973849828031323,21.241591894518443,1.355921355236784,1.2443988621539488
4.423728193257093,3.570466460847969,8.731349794414559,21.096795964041,1.1860733778239492,1.469518422392734
4.3760345703271915,3.5498557019750785,8.7676134657098,21.172203573767757,1.194647235705098,1.4726845375384292
4.111987856506721,3.724809819691956,9.027858764649222,21.31042859724664,1.2486419118393919,1.3784328937990005
3.489208242723977,4.388675164541408,9.489425599646388,21.48298446912579,1.3999625954975445,1.1130377265517475
3.714763021820554,4.052877538591293,9.028453753270938,21.618173335093637,1.2952095971634516,1.1871557112782243
4.173032910198482,3.7489623755248256,8.870665648450357,21.488739051222957,1.1649684687036392,1.2967459452199095
3.8515185154449676,3.985554266223005,8.9110529209649,21.73680366323055,1.218093289231257,1.1771283348901576
3.897609883714531,3.9440072564887174,9.023423432385552,21.728019522209927,1.2119798133663107,1.1977220608981753
3.0637052537660963,4.462970107290006,9.615206219267815,22.09015803657873,1.4271841305178596,0.9797223404245937
3.363245362476163,4.455507569308115,9.301353640568026,21.555189203453182,1.4192012978926523,1.0712858432645018
3.978697082913326,3.885613637854802,9.15433602872464,21.35292951671711,1.2928944123881365,1.3238668860354255
4.317479498306272,3.359412608864206,8.879408892384662,21.97258982241881,1.0415989887150705,1.3386513664227437
4.413547764464442,3.311477702665419,8.584779198979774,21.85909414868918,1.0178030446907762,1.3565310583080037
3.6316675080659553,4.257296667252848,9.21051488271209,21.488486231457966,1.3555673038594043,1.1563605069597995
4.067551304464651,3.940134689735425,9.150055194106951,21.08384770752702,1.3208338903719803,1.3635471974498485
3.936518676901636,3.812628661552507,9.08579013403478,21.561163098646425,1.239268866957272,1.2795384690030465
3.401700991765733,4.460960669912603,9.224016337566031,21.607721861301993,1.399399409371276,1.0671105869283335
4.479075275594603,3.2815730128476965,8.831472244330463,21.51942439661819,1.0763411933398592,1.4691165512142472
4.295075197004399,3.32004757572762,8.86241225053679,21.894846218452198,1.0602369570736163,1.3716060849749419
3.933348815764423,3.841026784093477,9.025419944909745,21.554928076732516,1.2468207071006856,1.2767890013301435
3.504690806844276,4.2736216292904565,9.36154822706669,21.73929436468333,1.3361622966345787,1.0957534671230658
4.512066770472964,3.121997581553949,8.67013184029212,21.974992461205723,0.9803690169313635,1.416878248155303
4.292394712611671,3.388168863552865,8.926875566734662,21.915117299284233,1.0627111483123455,1.3463247841980575
3.2513973679613732,4.5830553531009155,9.408720426884859,21.493388568402512,1.4814047989487928,1.0509660680682147
3.1921144273149316,4.51466437750021,9.403881136891764,21.705265180882527,1.4592950491306294,1.03180134568905
3.0624865625151987,4.673272778402693,9.432619598499759,21.738475266761327,1.475167614165142,0.9667060345196625
3.277063473723105,4.4434210241476775,9.276169341023254,21.76644879112587,1.40324167939032,1.0349035185604445
3.8817405933221067,3.9030340825314442,8.999330140863487,21.53146380176505,1.2829730056497781,1.275973586409771
3.552421879341392,4.29595161912517,9.298278847617995,21.647568859549022,1.3315567435537652,1.1010951073858326
3.344995788913197,4.5318414032196745,9.346336880094693,21.511459443869924,1.4279597194109934,1.0539908225327426
4.022367809110219,3.631011097638485,8.745930758581636,22.248562405593066,1.0694029625831856,1.184665079778828
4.242665552465152,3.3085479506269464,8.431419785251684,22.46912933110923,0.9585923202998735,1.2292361110931609
4.174430730628392,3.4861659169561046,8.62475786595058,22.106749586518475,1.0459835492690706,1.252489404065143
3.4428227339033057,4.2092384818862065,9.044429695643895,22.131304239676513,1.257808018586024,1.0287870501776204
4.359447347430726,3.5622176975656368,9.03266776517793,21.18349611433458,1.1938245526225157,1.4610042734851707
4.362700295138195,3.6969741327924543,9.058735701699636,20.943830608241242,1.2530935604661955,1.4787421955674658
4.444866345976864,3.621893434615796,9.01844312982618,21.01214881790513,1.2150123179868348,1.491089525316171
4.0557758017694585,3.8359917173899145,9.216585043113755,21.215339328310186,1.3044465611595621,1.3791851461692224
4.142764954288857,3.7613953057551104,9.021913240271434,21.316564650192195,1.233459021694911,1.358520015115312
4.506699661129905,3.4040646471866616,8.74399148904926,21.276039332512454,1.1248547213386972,1.4892144882345713
4.075578728788556,3.8556687970856034,9.161768445666757,21.441410923076724,1.2065415544183338,1.2753572346005804
4.13360735705358,3.8975604489975746,9.112294479116361,21.06188090473161,1.2999072003391874,1.3786331314478943
3.863800519298165,3.802852827826949,9.22869337149916,21.663065324390622,1.2638233273867963,1.2840784142174144
3.7063445559036867,4.02803062641626,9.420901405776089,21.429268783290716,1.3654889013892348,1.2564384001006579
4.141508671827928,3.6504569791507233,9.048859052896878,21.364417604365507,1.2271238861267857,1.392193975939864
3.9715957939135214,3.89294896111702,9.215932249095104,21.388391909987636,1.2829302057409957,1.3088484487974223
4.429342466056368,3.3863888089914123,8.765840797455393,21.500636959870313,1.0906559491310361,1.4265605587038082
3.7721802133622604,3.9822072372457686,9.143637885334595,21.606057930836478,1.2749172622339908,1.207676392451957
4.231436005249183,3.533618158052821,8.968118025645788,21.696474161015175,1.1172575460364416,1.3378932289730086
3.837693386351887,3.779774398470434,9.188096117404017,22.04212842112512,1.1771752020951414,1.1952135263644645
4.128674670934546,3.6619306656832613,8.989776599418114,21.480751736629784,1.20935482608229,1.3634973172510296
4.0635801686284605,3.6504827175793957,9.123459290681287,21.67632266598619,1.1894622510332358,1.3240646754344478
3.7769633600811483,3.9718461598297523,9.163026867363046,21.60508922325277,1.2934557552608628,1.229990991321721
3.6084819998044946,4.141572673662603,9.258731121410879,21.734237268982668,1.3150716643133344,1.1457996280748581
4.848858485426916,3.1330141749371845,8.374109876101087,21.368916104508035,0.9848385154796462,1.5242007619242492
3.8194471124076492,3.881328209920951,9.362925895667063,21.635132269604533,1.2649727446287529,1.2448049315687912
4.420346114811005,3.575492458971139,8.910070533586204,21.186183522288005,1.1826439406648352,1.4620910569132815
3.54064970490795,4.304833043175576,9.479164213041928,21.529783762364573,1.3615589883632397,1.1198583968327087
4.270693316240563,3.7049111657380993,9.170868303168685,21.28615679612678,1.1948315038017594,1.3772958889024411
4.057725363513844,3.6776248838430576,9.036339236060972,21.692062594065646,1.1819242847969573,1.3040819277799514
4.084486444592103,3.7203844235273156,9.082645509799281,21.454607751761223,1.2247790623989476,1.3446442379322034
3.75752081216612,4.1555508036100335,9.385397349254047,21.310878628987673,1.3836016191373934,1.2510764818803486
3.5131981764745,4.348429783489553,9.168642655726117,21.517628138038624,1.4042535347803113,1.134529290648695
4.596767104697067,3.0652997550022176,8.564688531044762,21.937500216045237,0.9560914193984821,1.4337682892519887
4.297677992328147,3.4109165643375787,8.650873649466432,21.777219767168816,1.0862766290785295,1.368684069021737
4.11990107487232,3.554783772930079,8.732866773316157,21.841993996463597,1.136228189707167,1.3168586443209427
4.507652956720824,3.231451384131444,8.632605035572439,21.680324041664026,1.0373653543575754,1.4470534911131017
3.629679288530979,4.295600922084449,9.44862736679505,21.180123467764453,1.4393184275378583,1.2161893948705216
4.243627405159284,3.5326856234380264,8.846600153110508,21.660242701103364,1.115932657589061,1.3405105669857087
4.533792849487404,3.2332414052164347,8.64846140748357,21.676624823401905,1.0302883551255126,1.4447155012434036
3.7036015935119475,4.098713741724888,8.962958022836222,21.587229759184748,1.300452730449334,1.1750903108330315
4.120928597201819,3.786789629770877,9.307642314108586,21.456934859543352,1.204859410161123,1.311173866091185
4.068495096654715,3.6546199386580227,9.002693563268803,21.840503848164495,1.1521189792586146,1.2825931277542693
3.6742330623220694,4.089978699866036,9.322505955394028,21.65821718141037,1.3048957206996863,1.172253293161261
3.8655299300636967,3.857238797295969,9.15389172167486,21.534212798728106,1.3014143376910012,1.3042117271259475
3.654138072903983,3.9863432406591666,9.230851341977655,21.801288376102523,1.3080962165929049,1.1990849506685712
3.6111704199337296,3.9335147086556823,9.174013976499753,22.14667974158654,1.2159195965376581,1.116277224125387
3.529410758925741,4.149939774778673,9.302719745853434,21.841195141336723,1.314461302077222,1.117913539357402
3.677906054987191,4.087893361843662,9.332135188404848,21.787327234058054,1.2661889403749849,1.1391989854800602
4.1384458010063,3.75582056949743,8.834273537194793,21.304576230993177,1.2362420988669387,1.3621845954605043
4.136865271796157,3.6444820022378557,8.849285611490394,21.655040761781052,1.1641956411651992,1.321482864932653
3.2289117643887617,4.563910053844246,9.199599273026097,21.854397031220167,1.3867271844321492,0.9810928933709173
3.517489893854837,4.279775154456478,9.054057513802311,21.80306139658564,1.308438619764128,1.0753881817733457
3.9807321151634394,3.724963742952426,8.696335550175856,22.108247638737957,1.093657142127575,1.1687512709034993
3.7920340021753365,3.8921527044868807,9.29192676775261,21.660765563544086,1.2713527343408861,1.2386494475978695
3.8179689718080803,4.036655995035005,9.334926103287737,21.333225147164214,1.3440139799414366,1.2712016281308591
3.929755188318509,3.832262389698049,8.901028332734683,21.743032169847837,1.207786419923661,1.2385125201329477
4.414190460256912,3.384402371630742,8.707087468283172,21.62006067669681,1.0863422803101443,1.4168887749621215
3.57007598488767,4.0990583472431235,9.544882658427582,21.748132192960085,1.3193249987829732,1.149066467322887
3.599638674181848,4.384491501386492,9.469882460071489,21.25160985686709,1.4151255577939377,1.161808771906019
4.219106654366647,3.562092398565978,9.037860629493785,21.91188879060814,1.0765520640634625,1.2751179556967276
4.517823920898289,3.184083524402192,8.792259988368073,22.04464177134892,0.959497512396119,1.3614092659078252
4.265725114646522,3.4537363198327324,8.939987094156853,21.975662584235778,1.0530041427018004,1.3005701076703629
3.9473618104432697,3.8867701721924734,9.20683606330588,21.36019181393777,1.294043556292855,1.3142166603278287
4.277670500487401,3.5777452816129216,8.935335934691933,21.43290167649367,1.160256589173565,1.387241123623641
4.414675735243723,3.402416570918302,8.752938896544952,21.553247293250514,1.0923000895010408,1.417272282865501
4.108670138883114,3.7320508381524813,9.127132712555005,21.52469768194498,1.1901362136470854,1.310238615247772
4.101459618960827,3.6462083142140647,8.984382220674942,21.496503557445898,1.2231263263252872,1.37584109409075
3.8351997760767094,3.9131180984495355,9.304615311619004,21.59646235851295,1.2540622692642094,1.2290912804737502
4.684274092749146,3.3750419465054513,8.646722037104048,21.009874007015966,1.1407530223779725,1.5832691603976166
4.160972427003102,4.132643631010481,9.249732139218024,20.445194141306324,1.4462474104632737,1.4561612698482056
3.8370994268729586,3.977858487784467,9.136106620101447,21.456635334363845,1.3268766467468867,1.2799242699051636
3.5081907864282362,4.377989498142288,9.55026079807039,21.256172255077022,1.446611820666396,1.159205672593207
4.066324111950884,3.5331004456135573,8.806144795765855,21.97007148697059,1.1310479541333283,1.3017483194895054
4.071166809580992,3.7965904458893087,9.112680956486575,21.33363022090922,1.2597686022763832,1.3508773712721343
3.585592302169112,4.198262644441017,9.290992412503531,21.55957270566615,1.35582569226027,1.1579642764105376
4.8142599827219374,2.91652108088486,8.604424402550183,21.75261496993103,0.9249722496168612,1.5268385734101064
3.922851881440005,4.0059280803113815,9.167744585120364,21.244425979056892,1.3126960528829175,1.2854729484834755
4.263581156106458,3.7788182651332654,9.00350432359462,20.95327175992049,1.2973986166989713,1.4638344334141298
3.4610723042182765,4.45024021422511,9.639819626397657,21.215357076392554,1.495555018700424,1.163133629980912
4.859171109359741,2.900079361720511,8.484226507741248,21.666539921925654,0.9208596168065001,1.5429282745930102
4.287613954896321,3.557578633305172,8.90425860055364,21.544029326025274,1.1352266020437158,1.3681815421659682
3.733557713892217,4.18146135554109,9.148839455339633,21.28439188398468,1.3862184445898231,1.2377315313651343
3.9307258663553504,3.8725835817009364,9.064314136569024,21.671431039809733,1.2105521557048415,1.2287271715672727
3.1536502829006943,4.6777621690228,9.57135930487379,21.412182006918258,1.5462943840197898,1.042479618545993
3.5648564983222415,4.201592895539173,9.507265832003903,21.56888528128986,1.3517220372947776,1.1468733902543655
3.655779718392268,3.955786343515643,9.264152588170917,21.976518801325316,1.234486564151669,1.1408631690261004
3.688030120301555,4.346761572613238,9.271097781151218,20.953724106157434,1.482206392072752,1.2575849232009837
3.6721753451725987,3.9876772914086915,9.261991025429975,21.976846330525625,1.2437882312364161,1.1453806673881362
3.2435513231377917,4.472642363690863,9.34209155855093,21.861519008973325,1.394379837276018,1.011201477423981
3.4437014213692114,4.353820353260918,9.343813618048113,21.533649996713827,1.4077593585226422,1.113482530407865
4.135024319146741,3.758016941449807,8.962858575430245,21.337440895212215,1.2229077172181686,1.345590834089882
4.055204739898886,3.896484311217015,9.234860643461081,21.237645982075712,1.2790576471832438,1.331159121706143
4.855556363382825,3.0507404707243793,8.565886907409856,21.445581663295307,0.9724259645950186,1.547712473616903
3.2022944933524995,4.575624854077161,9.821314937166685,21.60274827817377,1.4767549365235977,1.0335209620707444
4.326183426702622,3.389731936180179,8.75154632270774,21.748167900486216,1.0708620089521212,1.3666996572698575
3.494934338320689,4.539822833723263,9.655877195298514,20.952622808365255,1.5524450204476827,1.1951332924302192
3.907688643843137,3.900112787006228,9.05221027332286,21.507578927256517,1.2641248686152455,1.2665803947888759
4.412747478407835,3.5290563372592128,9.011357356516198,21.39597640242031,1.1270589254867216,1.4092794096115533
4.253060970045445,3.5474436243202487,8.950224674412965,21.352479457146117,1.195614696793902,1.4334328436639334
4.119569475148514,3.6856291916337143,9.121293805406598,21.47914015690771,1.2129780772554821,1.3557922409636234
4.586505093553235,3.233647525671739,8.606147050440144,21.575799309146184,1.032850369289665,1.4649628452134142
4.482838855709504,3.330814099265684,8.643425813202036,21.588778008597384,1.0641773156048089,1.4322430725898487
3.8916406077937555,3.8968423025275714,8.902272334383634,21.573953233112036,1.2567094449571912,1.2550319280359827
4.120983490013233,3.7379729227247904,9.142948144783734,21.318481283280224,1.2478970116155914,1.3757625024089368
4.439543825766888,3.4301582840967364,8.802163800220848,21.486872735807772,1.089772701018044,1.410457846427917
3.856840079672484,3.8903249357033247,9.118582559340378,21.64065449619025,1.2707940874789663,1.2598560918700252
3.9140724191604086,3.7311040456636784,9.166042943421223,21.931001221423568,1.1800325870783737,1.23789981363878
3.862133220793331,3.953552045912353,9.17928398036706,21.55459359293767,1.2644538367863754,1.235215601691996
3.802351906005682,4.019469003642268,9.151420539712625,21.53260172295091,1.2858392552265645,1.2163828949787305
4.274438193881195,3.5618725418777295,8.956846268189684,21.52620568119689,1.1427370048336416,1.3713457294143658
3.7928455270568473,4.026997162571843,9.286024445002635,21.409293197505413,1.3375343134870024,1.2597627545767418
3.6771275638895347,4.044587156178064,9.396582979745903,21.540705046224275,1.3288175818222614,1.2080915971945383
3.7562036393694287,3.80511206393923,9.17790366867036,22.225886745478896,1.1674907741184255,1.1524846104358772
3.593453025624151,4.045716718224238,9.366764915946375,21.777136103078345,1.323509765832873,1.1755568923181448
3.833499636676766,3.9226840098056774,9.34145479621885,21.619616235889687,1.2681315025622353,1.2392998370958548
3.685499990772363,4.2083646587811305,9.204919505589817,21.506426173314033,1.3312427662746085,1.1658436472665028
3.3900884862271234,4.549095688404782,9.51488307745631,21.292950002494067,1.4840297172882333,1.1059323440087792
4.2660021086511275,3.4430550722329403,8.97469209067606,21.770122349264646,1.0985736742057437,1.361150929145885
3.7131742097495835,4.015895849113718,9.234610360421915,21.798351968135954,1.2694029672762632,1.1737142936388794
3.5521848602580977,4.29110765450654,9.135024570667978,21.372729309102944,1.419730662407564,1.1752550088907734
3.4479053823054735,4.384297261925335,9.189325029149709,21.52127144958093,1.3984870856009737,1.099800232845254
3.7506802833447166,4.186148890166917,9.144209216427374,21.455719925459526,1.3167533472282047,1.1797766747087826
4.095953963307378,3.739346558100122,9.072410529809709,21.613826526469733,1.1636938341345273,1.274670934598101
4.1616942049288514,3.6514932570884975,9.020315369508948,21.68684969165963,1.1197620857305928,1.276219632622235
4.0578416593262565,3.5742108691667416,8.881148619700333,22.077163887065755,1.12063794262203,1.2722728163079737
3.937906139849192,3.659208043917161,8.9769774514671,22.118462913699577,1.1429214193660795,1.2299703161640532
3.926386122231557,4.045670073998161,9.28294571567166,21.15109934586912,1.331635548692908,1.2923731403265224
3.9345002113878405,3.673205505991051,9.05696542928079,21.990403048317567,1.1696726027350732,1.2528776555544354
4.176572910108927,3.9136277945498428,9.150460773199582,20.87016329370018,1.3301821587379397,1.4195531770885008
4.266076462825654,3.8375506589198483,9.058560502056372,20.873831704234888,1.298733453870564,1.443758457276225
4.251368668262574,3.666977072532146,8.891637310702077,21.41503424432174,1.187520891206985,1.3767713868738312
3.8975787991676203,4.362700007350204,9.401416264550832,20.490666490875775,1.5211166594881034,1.35894561466362
3.95863935874842,3.6634850387837363,8.994113142192447,21.927918797583807,1.1692469940566437,1.2634491807035186
4.501772373291228,3.4488908288863236,8.769295741956405,21.300072432402974,1.10424251836733,1.4413470037857858
3.52319346598919,4.184968651842106,9.443556460121178,21.765399666271506,1.3490605519993955,1.1357316428011717
3.434835795902488,4.438064371929182,9.610692351376782,21.411418921545156,1.4426150533145017,1.1165105797414279
3.777207005883726,4.143313591761134,9.241513379989673,21.36384978367534,1.3549895569401147,1.2352615687962025
3.9705936574527065,3.906361671602369,9.22689687570839,21.384725966972802,1.2886359616854683,1.3098248975330968
3.8061500668863317,4.016301251344745,9.331027411780937,21.55879056037581,1.2935421685634392,1.2258581474060388
4.3147262253196725,3.543209631821268,8.78162890341506,21.455536799473116,1.1614568680201298,1.4143584288712205
4.07831733888983,3.589660281805609,9.007639206336732,21.82671984734712,1.1415440393779337,1.296941349157306
4.185848556002766,3.8494657508964956,9.086719608394198,20.927537419765045,1.3079743718973325,1.4222707747484213
4.15857864316074,3.8236457794384275,8.968650992198356,21.339057776482832,1.225322141914466,1.3326544309514607
4.3883046924238425,3.572801120601917,8.982653909930926,21.25933129851197,1.1581921498076804,1.4225533059822941
4.04732714071985,3.7970898809213183,9.012433740451765,21.595926230701828,1.1834238160610098,1.2614142619546884
4.168715754376914,3.685923610642944,8.982537301829757,21.552531948043267,1.1567726862656422,1.3082898700191266
3.5799175981395175,4.325132346249516,9.234492619121706,21.36438838515894,1.4159294051740028,1.171966587265491
3.653878400616706,4.289191224646048,9.151229816993636,21.29923635598427,1.4033514133235307,1.1954877152955383
4.0058072193593866,3.9632790136028717,8.983370104601034,21.082028273576768,1.3395173627879864,1.3538911350668361
3.977349656906183,3.9651170272447778,9.02356790396532,21.145909308798117,1.3346776322131484,1.338795194716359
4.275117852718412,3.691839366972798,8.981500217187323,21.04389178748787,1.2617268066738039,1.461068659898798
4.244789351732598,3.71295216928637,9.05737812282352,21.20634474937721,1.2400896818736917,1.417718095146547
4.363156589412971,3.3997755164083356,8.70099038553531,21.805660762307376,1.0503897557379744,1.348034587013472
3.808714967550246,3.9664443172552977,9.069499834360816,21.777597404692848,1.2224090420895324,1.1737988088779951
2.9409273761174846,4.879579926012058,9.608128378347473,21.660302758701192,1.526780610727579,0.9201920992169876
4.444309836252514,3.383533877275279,8.84395025198469,21.353300557537775,1.134445539906428,1.4901069871240828
3.2229263810619715,4.537830676886459,9.296543599529597,21.62070478815408,1.4666822065239966,1.0416891049103032
3.75632725241889,4.116869494376177,9.058839255332682,21.423216569147236,1.3360546442724717,1.2190472585680012
3.8162008726896914,4.082001283536156,9.06957524536196,21.33973716623803,1.3366337795315535,1.2495985771704756
4.318232789492409,3.757859453886354,9.23136291344011,20.970256169041633,1.2579307748065625,1.4455138584450011
4.086934303355694,3.8671151404946027,8.91503638980844,21.20123186962787,1.2675217020807819,1.3395716797351909
4.07978635262915,3.5592025631787303,8.932720335649432,21.801453396189665,1.1481946060298933,1.3161343308484037
3.6244232531174787,4.0639873833183096,9.341741710765927,21.872035657049977,1.2951418167592612,1.155058240587903
4.326871265666724,3.4368488110126942,8.8481668207943,21.600015659785115,1.1240866621236065,1.4151854055601305
3.8956338440451512,3.9045608086954076,9.109079724568456,21.492397311389777,1.2654907752349662,1.2625974942824476
3.632412204059747,4.029075250469259,9.3538289642672,21.80233501273185,1.2784916124131818,1.1526239265888085
4.2006064128906875,3.753136969981307,8.894797373691306,21.15912993021367,1.262933078458681,1.4135068426377564
4.304312920427626,3.5396572113902973,8.81898158866514,21.45072086364602,1.1481428922810821,1.3961708692694321
4.045320945883203,3.788291620555585,8.869542717116854,21.544848166257978,1.2186614669366684,1.3013456333165414
3.7557872449449485,3.9684685041807133,9.012453419373962,21.741363886597536,1.2504148393799082,1.1834016320617093
3.085226119948867,4.735919900215826,9.437340048085195,21.554403979921045,1.5171043026776363,0.9883211540580635
3.0948420572891293,4.561145093862064,9.214994633982144,22.0313959341852,1.3887369974628085,0.9422900560749631
3.8702624287149394,4.036586929112172,9.034070273687036,21.549560749258713,1.251323143229026,1.1997633229432187
4.7373825082320495,3.1545449726256365,8.661242232889283,21.529200809071952,0.9965255569671638,1.4965463429906518
3.4275226683167976,4.285825495273503,9.121129747347224,21.6843507196815,1.3756077461038048,1.100121023985388
3.279816761650337,4.562723661009167,9.326472173430018,21.40144109473668,1.4875253511321918,1.0692759286991507
3.1572502842137915,4.757948577889929,9.535525406435854,21.244515703215253,1.5735155893368087,1.044143807004255
3.4023098819282636,4.339176728928372,9.282264966133296,21.536594440454607,1.4381159021399363,1.1276138887335128
4.252822079093574,3.5544996287722386,8.981104841648444,21.870876211146257,1.063509949738332,1.2724487460827612
4.318566128468912,3.690449890673044,8.824017970886052,21.135173604609747,1.2090516585366275,1.4148327967605046
4.213598675762517,3.6417730429986315,8.976300078792121,21.52585388811474,1.1597371783524884,1.3418373361660474
3.0900062814889147,4.706582762685672,9.369654406728673,21.737002941784965,1.4611344984169927,0.9592766144480501
4.405892488641701,3.3670633403950783,8.917845947661467,21.59773460732553,1.0849263347912816,1.4196551433527844
4.216135564194219,3.727739447034886,8.976804961599294,21.236663453591092,1.2205880252783532,1.3805054392143776
4.078254197380693,3.736709425481024,9.10136595709574,21.397699041103536,1.2508091662276475,1.365136314187311
3.9496708033062706,3.9427725249552417,9.101522734359992,21.30572774568366,1.3054792286706243,1.3077632963016772
3.970252072707454,4.170950585809177,9.125408677834411,21.001666572296543,1.3816686548682031,1.3151852864066444
3.891516934189239,4.112407682542974,9.237013948056733,21.041552324166666,1.3718407567895536,1.298154742468615
3.631551044150349,4.234562281217391,9.405828514774964,21.4517369835054,1.3675282566872733,1.17278914293121
3.8020757000162457,4.1850876044124545,9.27819420459371,21.14147573090593,1.3831846266537473,1.25659798664467
3.8198510405845156,4.25125832074845,9.274778123708442,20.996992698291542,1.4115503241102416,1.268309655067173
3.601514613958798,4.404570502350194,9.489491872279581,21.067433405235327,1.4878966829994613,1.2166184296571236
3.9205746898467133,3.7812627814386817,9.111627077374415,21.71965425201057,1.207371119942015,1.2518539249196337
3.8436494752242094,4.058686696242555,8.99881450495104,21.37352821120284,1.3071259589975088,1.237871849286606
3.4329725348489872,4.546259550088011,9.384450534614063,21.270188427132467,1.4776280712275245,1.1157868417670462
3.421613223644104,4.249259425962097,9.392530268246922,21.814018161332278,1.3542572684959313,1.0904828615053723
4.021563113645169,3.8725754018428886,9.092288024700016,21.325139170340805,1.275104148274139,1.3241606106145638
3.9154826370862588,3.959462477765565,9.197981175401372,21.358853290993117,1.2997203813620932,1.2852837007214901
4.162919432372723,3.637579034783232,8.995179997333405,21.520026231611183,1.180296727722652,1.3507555813410292
4.579098942229478,3.1880714189774775,8.66028293124122,21.667117631194962,1.0202190281570516,1.465363619167198
4.082267057667845,3.7508714225380997,9.12447590541772,21.465710867419418,1.2315600111248832,1.3403703557383373
4.3569548309354955,3.476846596714626,8.976360602373664,21.514865464191203,1.1326472429682648,1.4193588183210257
3.797386530587875,4.012830989775966,9.234893698361233,21.52300497599074,1.3088050908645832,1.2385367925728372
3.9644515299466563,3.953334798184373,9.193647535191449,21.338700154539396,1.2894070693622393,1.2930328671391123
3.724228210555107,3.9262465358480063,9.254096433807693,21.811430239718895,1.2648164664234816,1.199737490353894
3.8174205570221753,3.951898935496365,9.287486173766261,21.468907585566367,1.3068108535852274,1.262341648418031
3.2473220040270743,4.531392824132104,9.25996635549257,21.72269790685239,1.417691620237294,1.0159572060943767
3.729447139748747,4.046685958010766,9.174761659246357,21.80544039945583,1.2427697701697349,1.1453431802758622
4.252090079740832,3.585503883803316,8.905977721373633,21.357211927151283,1.1971024675492044,1.4196575130466282
4.153301294812737,3.63544817992856,8.938752225837174,21.576585745785337,1.1641295600160573,1.3299545392060803
4.428396619213417,3.372932325604002,8.728002687210049,21.59823091359423,1.068738292544584,1.4031698785064828
4.126164988562814,3.6998330880144374,8.989483151716467,21.45818791152378,1.2188364917376053,1.3592830647637077
3.771746443822389,3.7776293073737324,9.272934430439673,22.14012514578468,1.1710143244882112,1.1691907158365664
4.006987060804533,4.023991134969791,9.085437608198554,21.224355452299243,1.2918471842245849,1.2863882593428084
3.4763990890124292,4.091443429114493,9.463713760093814,21.837904648772184,1.3431319096239493,1.1412262268650715
4.551996996114898,3.50875391626612,8.757539071691617,21.27855323095562,1.09761171593131,1.4239600020558687
4.508845168323955,3.4287253948241414,8.811143447485462,21.288209951235977,1.1115546573088622,1.461717480641843
4.007093600243501,3.9080156567781144,8.894631383536144,21.36178060140523,1.2519000188690401,1.2836388065780133
3.8761556942951496,3.93276655783041,9.019847221653851,21.79605716100146,1.1964487670561141,1.1792262859139562
4.266603281871299,3.4174349595869877,8.775479994600891,21.906276990757696,1.0585868159765723,1.3216257329260714
3.8366490819121846,3.7863394418277627,9.192827696129735,21.990950773859137,1.1952140394549615,1.2110950213565208
4.3195444394530105,3.547167216555239,8.809652509981335,21.439531520652434,1.1444950779223155,1.3937029319473841
4.187353883917037,3.7263963128712843,8.962335426535155,21.190957220638623,1.262152687469847,1.4182817699014145
4.0540693920627175,3.899946260364749,9.07067912529852,21.10002445681633,1.3251875974658707,1.3775580787426163
4.131331557493897,3.726479559483935,8.863581016876953,21.433747342942734,1.2218577760367444,1.354602784835609
4.440263346482763,3.4262847730016888,8.810214225212551,21.247908916172094,1.144581128299035,1.483309756126796
4.376384712108204,3.4870870790613657,8.866978689718449,21.244715476479723,1.1760464957288534,1.4759688496283767
4.74522684148237,3.0199134358414135,8.430576269018287,21.70530885275584,0.9570795990500701,1.5038708556830536
4.044752014367891,3.712867994684463,9.190136214405296,21.61910239936995,1.1907727707084066,1.2972129819515925
3.8592385583188893,4.06962027181499,9.086464522981055,21.265884977642678,1.3380670790696778,1.268894815795627
4.306842281187609,3.2769633222396863,8.934523609887446,21.981932529132877,1.0517313123729586,1.3822678007518694
4.025138756221242,3.6017112587529514,9.006510085810152,21.722127030151455,1.204311096762493,1.345893360647798
4.155760528639444,3.774196723196954,9.152016197417572,21.36690059048972,1.2072411880416107,1.329290878500216
4.221583607073789,3.457232507282884,8.854950487244913,21.673218561828516,1.1390004050339,1.3908192255546432
3.9951852310971634,3.652403965948445,8.889091900247937,21.78609637364608,1.1874149843010593,1.2988549056158882
4.065198445651209,3.48177699448913,9.094935409494044,21.93993183315009,1.1170080730873009,1.3041787253122492
3.351992100592569,4.429784307182967,9.495955247006373,21.37487113492635,1.504980656404055,1.1388101365637546
3.46837175981354,4.104359295827244,9.351161429046075,21.93254832378726,1.3266163698032354,1.1210516481365977
3.739239971392969,3.7832963558667596,9.157808089516733,22.103441799254295,1.2010938942195375,1.1871071880735065
4.165288872539665,3.5419635743922293,9.14268027333981,21.672758086234417,1.1406747062378757,1.3414140380863027
4.104906897518205,3.484545091067793,9.089798806531306,21.838902376205162,1.1234655927039674,1.3234788301165856
4.1022484092764815,3.7777474292755873,8.921282508847899,21.285211673827824,1.2722623531731643,1.3815471553342509
3.4988087724611376,4.096842168527782,9.476047868934273,21.901926360718207,1.3094279249173126,1.118285187015793
3.2691504552721535,4.568857920093315,9.540570573672229,21.407272001676038,1.5166799227372136,1.0852285071314338
3.9355599554058895,3.8611152130981705,9.022492517452608,21.635390161631193,1.2176040437416138,1.2410802194749062
3.9148562470412505,3.7537539254244954,9.012947761115079,21.872006993260623,1.1793734313459523,1.2299893751764912
3.1769012632993117,4.698060998162945,9.473020092524337,21.45236027339383,1.5125079554341594,1.0227811934004147
4.066148477539206,3.8266126562769935,8.843618604191757,21.41987065289623,1.2332533490736592,1.3104517436668928
3.7085148828381334,4.109039355813036,9.194786693938196,21.755856899199266,1.264908938132791,1.1416132132840724
3.6053683049484184,4.204634347009924,9.278672028499326,21.743692872507967,1.3084142667815117,1.1219323579352505
4.466716883733536,3.3920351043104175,8.659261112929608,21.636906807524504,1.0576232112051986,1.3927047653827642
3.5958452802608107,4.2745131617554755,9.202978405471011,21.59135012123946,1.339114683851301,1.1265023719513128
4.042443935903811,3.696505858393299,8.885490010818572,21.87229818797769,1.1289891463752153,1.2346457717909356
4.082366057533666,3.600879375375081,9.011322478682715,21.927948358219737,1.124686863462079,1.2750728358606394
4.35552696064746,3.3487831594262145,8.777741571832914,21.942785637323652,1.0410575088719543,1.35403035419385
4.566733516024422,3.1095119589377744,8.657280799568124,21.969555473857085,0.9699933139225603,1.424564701955018
3.816132897420905,4.056582432435264,9.164012150792317,21.519975367612126,1.2923173782235573,1.2157166637402854
4.47824229962962,3.47832007682274,8.701554181129762,21.339127610681437,1.11235820552439,1.4321308730361797
3.1788079716390523,4.50730534766474,9.72618140614024,21.67730146372346,1.4847018303480974,1.047096136112204
3.4162643091163893,4.376250503569971,9.691670105595875,21.514029208338243,1.447547032805399,1.1300091847818847
3.685084397276928,3.9185369460411295,9.34933087248735,21.9474594667737,1.24291911492219,1.168870397433516
4.092778668365007,3.6228621772434106,9.185976121569555,21.774357681589805,1.1581538485024072,1.3083763979788339
3.8698984627441173,3.7963157216295986,9.121450002226553,21.969386947929728,1.1798712724041776,1.2027403298672137
3.6853788511464245,3.979808691309115,9.085585483732778,21.919721589983986,1.2473905600207498,1.1551074801809125
4.291020542558124,3.7418806266009743,8.76904229245958,21.027527957833065,1.244072862709143,1.4266468503494818
3.459507963520546,4.388963272455969,9.285184572939325,21.47136033469183,1.4248474216114015,1.12310600382583
3.5806267756655172,4.4068508457997835,9.417749906037583,21.176995521276446,1.4534211135897408,1.180924596210729
4.295809468963199,3.6746399422038283,8.889436534338813,21.08944120457429,1.2334709211214303,1.4419796622213616
4.20077635028726,3.7340221069644373,8.949937758483204,21.186785454105134,1.244202736480803,1.3997285716715304
3.606765598069406,4.09751781723735,9.344710736613516,21.655536679408286,1.3424894744758131,1.1817019640378936
3.9471636640630345,3.813550608415933,9.114190679133529,21.64402027715917,1.2304106479459553,1.273519798250657
4.225788878869704,3.534746769155652,8.882949573759578,21.674988961965276,1.141502055704751,1.364665422229467
3.792755829468983,4.00634381724433,9.298244398056916,21.576304442104366,1.2877995330945924,1.219143790233038
3.968486018950679,3.863846652715321,9.146509999423632,21.440593822261427,1.2574930700431666,1.2915480649022926
4.147072512287391,3.749916116326667,9.042153967881916,21.258728544730637,1.2522498488399902,1.3848765587128589
3.5783792276208044,4.2047483346144805,9.254602738136654,21.717601561551234,1.3071125962088845,1.1123958416084903
4.1936514315778854,3.6152185590522747,9.021095070840463,21.516978187029707,1.1825389238474635,1.3717444657590838
4.148500609434843,3.751502246865122,9.04984833643249,21.314924666773457,1.2228389168821212,1.3522444231948
3.7452726312325253,3.9680243607009387,9.278031754584912,21.746504211937104,1.2634211814088308,1.1924969058441188
4.341172783627172,3.568319126607205,8.841687565973249,21.37400393461231,1.163479820820372,1.4154751167806103
3.388605727109154,4.514699881917737,9.538311274324187,21.347028446125123,1.4647568663046469,1.0994049739301859
3.7979413684656267,4.03418818141047,9.1928604827878,21.485033642776955,1.2981035989645797,1.2220851227961251
3.9572740730706815,3.9126763760500096,9.184613200459678,21.383263839580295,1.2810856424067318,1.2956877878045236
4.16347377989014,3.8761124140506538,9.022030954341243,21.044602907588917,1.2889121416351772,1.3844675626092344
3.8592120728164874,3.8729489442429057,9.169715860424322,21.70255548742599,1.2292348611533512,1.2248749169651805
3.914122816965798,3.8388924409322183,9.143164844097505,21.630054089908683,1.2381217791650119,1.2623851229432317
4.346305031481643,3.5586968527129232,8.939953057016293,21.409488064056838,1.1445548232288263,1.3978668576992517
3.657782258269895,4.193692762022293,9.201624091572926,21.493915644597372,1.3717662129071937,1.1964686973507344
4.4562691667398395,3.366734168603301,8.7920063465453,21.581818872264442,1.0581662619894538,1.4006076661954519
4.180985554676747,3.664351158732541,9.037982958132872,21.28529447177988,1.2276639239151004,1.400751431711093
4.316490908393224,3.5086945594710452,8.944077130622059,21.34429097289538,1.1605823733093739,1.4277798132381672
3.5340277719375472,4.371058237840426,9.1594819206804,21.400670011674247,1.415681886373351,1.144587610240622
3.7705544794224033,4.031777500811119,9.169687951918608,21.605495027871317,1.2706728790743125,1.1883446730654958
3.409784985326816,4.467183626050888,9.379279786881485,21.439841447511867,1.4361022612185237,1.0961716234677632
3.908271537916796,4.012410349369757,9.027548909285185,21.38593554838247,1.285202265412189,1.251845897358333
3.876453089403991,3.953674314431566,9.281085654966173,21.348496902279475,1.3328472203887414,1.3068147030523167
3.6180406736012256,4.2015555581550155,9.376980558576092,21.395595845655855,1.4035171471358205,1.2085957341628002
3.754649142828751,4.110653150261545,9.313008020668018,21.226646300672904,1.3938988172892466,1.2731799079647685
3.1830079505093924,4.585057612061941,9.715836644639582,21.42381146994188,1.5514379080312528,1.0770288214032646
4.47381505870839,3.322222241573149,8.716847614295487,21.53402131568155,1.0878613324636075,1.4649502823922085
4.544117857043658,3.1612101496404716,8.663123881978404,21.863054084651004,0.9820457649624816,1.4116529701474108
4.172826653714415,3.812047372850448,8.966850096273074,21.06795014643855,1.2773004379103738,1.3981865362098176
3.808940483916093,3.7843947518451566,9.279218716577496,22.092869450356577,1.1736674973830357,1.181279950581023
4.279460269281455,3.515992307278581,8.88697211251888,21.434311454273505,1.182621299114707,1.439417501764862
4.090173804043347,3.9128297462857566,9.15447713324096,21.12723746054373,1.298690251199097,1.3575517437382236
4.2464399547408975,3.6830833241103678,8.843097484179005,21.3339873520073,1.191518652997461,1.3737708245114504
3.844417872958213,3.889396585721754,9.151181501424535,21.714115725015592,1.2386706176220357,1.2243460794344954
3.292825270883428,4.413953134608353,9.77182774881565,21.600206153873632,1.4444869919309462,1.0775926081314504
4.3562649316560735,3.4909080713875436,8.653254656558794,21.688027849759038,1.0856919836780876,1.3548228192663625
3.493124815843701,4.149430632240377,9.435836731458107,21.98966828511762,1.3023091996607745,1.0963259749158447
3.5926099956602084,4.249099829696819,9.544832835622907,21.289572055450147,1.4319738084491802,1.210732537231353
3.5932448239746937,4.248642064190215,9.535568723900127,21.292624447837163,1.431486439549517,1.2106647634205079
3.419459938220975,4.2377808946087745,9.520558397889594,21.94197393832521,1.338425120882158,1.0799735038183516
3.841266244579456,3.8556249643830656,9.098285123000275,21.934614044073676,1.1935716254718287,1.1891266494448536
3.840579162660816,3.8881525302032953,9.30552367357006,21.65115114874527,1.2766803174157555,1.2610595356941356
4.175094712103261,3.550303307769228,9.068216486100262,21.51520142543112,1.1794450646817831,1.387006806430659
4.067364931044035,3.7793297099459715,8.829409300534262,21.711661062767902,1.1656222770025542,1.2544582071913648
3.302755583448871,4.445757680561641,9.423431728238665,21.65275897830934,1.4274515526065354,1.0604544656330437
3.3408996155732633,4.479110966775545,9.439976550990908,21.665759650314904,1.4222116629898311,1.0608056896538687
3.773250914311385,4.146521972182312,9.220141558242117,21.657751718652975,1.2482887997862118,1.1359174958475038
4.004108978655044,3.9792351712552647,9.063387503487304,21.498206785526687,1.2164781669145188,1.2240822522041859
3.8855304401829738,4.052709940451812,8.994015658679261,21.318716046982146,1.3279664712510117,1.2731861454197568
3.3089150179213282,4.459415894788969,9.232602235570369,21.653439927639553,1.4387829553306952,1.0675861235517847
4.246488868904855,3.7209408698783655,9.08152274613545,21.262392796855814,1.2272393165386368,1.400575359676189
3.796312887053696,4.264208472182203,9.281477312588585,20.969540530070375,1.4447999779960645,1.2862675010995557
3.846834034168222,4.1554382200003,9.23018554855245,20.908739419670013,1.4565139324764447,1.3483457267450796
3.3771792956501305,4.249737050478224,9.367703452037722,21.899312729478048,1.3467244978031092,1.0702144713668056
3.4772253473740538,4.21998726868225,9.1907832584426,21.86845260511511,1.3230293868288483,1.0901623692904137
3.541404821341637,4.352326322378591,9.214483271309945,21.360218358204268,1.4068268483585757,1.144708143310157
3.5391530823920383,4.285841835069329,9.333052004743635,21.58140631725003,1.3693258121614458,1.1307588696473136
3.6047559378609235,4.320538026066722,9.095139794062264,21.313292457205655,1.4109110054845937,1.1771658515974306
3.7154412269246055,4.157474069984993,9.359364416469717,21.49362749837222,1.309729597340715,1.170475933263156
3.3054316090526212,4.605561910750606,9.431450605096146,21.60576125530713,1.4174962654805583,1.0173431716760615
3.1531020832411008,4.756837904349438,9.590397855141914,21.278699304211568,1.583646121289916,1.0497305110166115
3.7145662145294307,4.258176047029132,9.269194856037196,21.272836787496363,1.3869436842703242,1.20988284517732
3.614915849874103,4.361248589204045,9.35286438307638,21.2598698681369,1.418589303136895,1.1758286306049175
3.477961594251963,4.3598085557957775,9.323972626909237,21.49495800743859,1.4084750398201558,1.1235865135511394
3.5886267162834073,4.187421665604894,9.08518744531738,21.794964264753254,1.2859000716806754,1.1020183110786421
3.254008861930664,4.560692292266458,9.373131892112486,21.687920832813983,1.415447167510601,1.009907560412334
3.5188519363249635,4.234773585654389,9.021593757282059,21.83709954035737,1.301872403192573,1.0817806747309995
3.3348504575827356,4.51314184855958,9.116540988109207,21.604226260201067,1.416182264547857,1.0464452993994187
4.578972010864897,3.020681109640069,8.544644371813376,22.055185170667073,0.9408530079578007,1.4262146295509348
3.588505108344972,4.320701828248329,9.361483911879379,21.257357387417425,1.4353675571219713,1.1921266534545965
3.40459630076426,4.401193888759288,9.671663883516032,21.401323726576347,1.4477209283430805,1.1199018815699866
3.4073774257510125,4.404402356414357,9.6722182000446,21.37585084936193,1.454264127565447,1.1250622350906347
3.7261479690628443,3.985838072556375,9.235199469353772,21.644435111235186,1.2761512006198341,1.1930058667327987
3.62910753781875,4.174361722328,9.317003658604401,21.486431003138218,1.3706417734193057,1.1916088548242043
3.4843049513232494,4.362722951836465,9.426003107683641,21.36949902384824,1.4398905987351747,1.1499739951226742
4.0979932905987715,3.585018578989582,8.87195938379053,22.070635464092152,1.0776165308457974,1.2318109978914098
3.343383732898351,4.431083626244099,9.240382680426789,21.781678941351096,1.385117614409315,1.0451122323079267
3.3508019078663036,4.284327519408454,9.378152611817374,22.070570240830463,1.3218659681150877,1.033840430694976
4.048768878703203,3.950446751497365,8.950702347685782,21.193027209401784,1.274603784194514,1.3063272229066325
3.6333389371298104,4.0292631804281775,9.201466395899034,22.02525550424363,1.2359498181537267,1.1145026764320816
3.2626221130700337,4.53043256464915,9.387161229691115,21.77343433163507,1.3992273462190692,1.007663179142845
3.7522405825606744,4.061914230022929,9.098442504691565,21.71777963334693,1.2631639392010672,1.1668624019839762
3.818325343463161,3.944892830441177,9.07379934332396,21.763602878197673,1.2323458794118372,1.1928074362274566
4.664955918999739,2.917843337292474,8.532196295146552,22.215837576424892,0.8790019762043927,1.4053206418930262
3.84197803210288,3.8900432583293587,9.05349961824523,21.67827435485058,1.2570786192580508,1.2415462037534846
4.208800477524547,3.6044719779060586,8.822333263565998,21.5916384159922,1.134480458786115,1.3246883110616072
3.5501846706658755,4.206211804646754,9.500308896579364,21.507251244016324,1.3877424110536236,1.1713014140449913
3.282146569592744,4.3326475593566975,9.483633753594747,21.88687426728588,1.381131783910936,1.0462602564866477
4.299596036141843,3.3268872930137805,8.783195397666319,21.83554337527931,1.0657308014043978,1.3773270705427645
4.511924375622093,3.3460035588627504,8.801071027504777,21.56543249056224,1.0698070487027613,1.4425831937533558
4.222904812575068,3.4462971762431582,8.805836368481476,22.049475051767857,1.0589910889972423,1.2976299887972975
4.073779727367132,3.654592135974616,8.88634829591277,21.901475523077842,1.1230787261700181,1.2518976609926413
3.942831106096497,3.7259929336399678,9.170112321262085,21.77000389145599,1.212046060966125,1.2825823871143016
4.233416117231421,3.796789907503101,9.174882715713155,21.1628949131495,1.2344834853637028,1.37644758090699
3.5445577556615233,4.320325358795074,9.382900652444135,21.323506875338886,1.4295385748159262,1.1728473255065925
4.466479944539116,3.1795638343010895,8.787174206269139,21.76043480293225,1.0247419313914,1.4395022472930001
3.936202435705189,3.8795158084474872,9.103106317809713,21.384483654500713,1.2877892713116093,1.3066061634223085
4.227570862509874,3.585927662209418,9.004961522485862,21.369560057279678,1.191098336073893,1.4042259337901597
3.9490842129289114,3.7171680043734776,9.032189134178498,21.733452988075385,1.204927231158195,1.2801033207798167
4.51230913962866,3.094032628386907,8.62786269570252,21.991647333732494,0.9727400104616899,1.4186352139334584
4.982495833274827,2.7953971918098417,8.362623705334782,21.68564174700235,0.8955419091983573,1.596207452800264
3.216308994950039,4.619314116843793,9.746316970790893,21.36861133635591,1.5074900702215364,1.0496263622713389
3.1009824378618216,4.589905973189595,9.866345772085015,21.690928448758434,1.4822526566738305,1.0014234460723477
3.2867715852562873,4.451327691872508,9.672929540779586,21.580489878191734,1.4512795444654094,1.0715958696372732
3.8264387436769947,4.071748063064199,9.155155759094484,21.252137503156774,1.3544233784989947,1.2728238610446492
3.935943144520942,3.9393286004740315,9.229657515349789,21.506295721984245,1.2573792285701304,1.2562986378333885
3.3357844163757004,4.478567907855241,9.675446526384006,21.463459344173632,1.4583343289725308,1.0862152876860034
3.7771865652960264,4.014386227487636,9.112127550445031,21.64433264307457,1.2790475449524266,1.2034719454965677
3.946710256965686,3.7884148254498142,8.959890098838214,21.867737018036102,1.182488706986476,1.2318979107720842
3.9880413026736714,3.7737828220361425,9.050657136966736,21.829657868958595,1.174337216568757,1.241010822243386
3.91767212215749,3.8198724072952723,9.065336742750175,21.896557333419118,1.1770154749870754,1.2071504547896235
3.9134457479440155,3.883482616076328,8.872262426241614,21.662000614898897,1.2136407987738393,1.2230046824032212
3.1992547208899254,4.712937480443115,9.549019093605772,21.318755596051275,1.5502024315362695,1.0523144998225513
3.8424968447358574,3.845323940308924,9.15102997283305,21.88509003067356,1.1908533066696416,1.1899777871649864
3.5384041791553345,4.220950625781489,9.076677497483614,21.701449038953886,1.3565357482868587,1.13717789817149
3.834987090510477,3.952012886027674,9.136319447231852,21.421540594819724,1.3244205118734764,1.2852021771992
3.9026235602911776,3.8572640880437237,8.992528204983156,21.517430763182876,1.2772073629707659,1.292226674745267
3.993058368781868,3.7518388149856388,9.009862049321002,21.709800398919405,1.1791446362186986,1.2549561934406686
3.734625211108583,4.3590587998729,9.116320274080591,21.051352293551098,1.4328588439496273,1.2276023353321608
4.360552134109547,3.772672739459507,8.909434273554163,20.870806987633916,1.241274337317457,1.4346967877686878
3.4188957283395376,4.38552861461883,9.336910228802614,21.453210618529763,1.4450629749811337,1.1265505407662308
4.1283191436664755,3.6271599468331663,8.782176344852118,21.690086813999642,1.1512139954178315,1.3102754897504942
3.3627396897003363,4.272783045575937,9.42738244545968,21.902326890927714,1.3581917186609318,1.0689157745306959
3.6100022949884094,4.16290827444652,9.101617788557977,21.764947062072036,1.3118308237498146,1.1375970768904353
3.4908855189768815,4.395358901613661,9.442001903355429,21.237734466498424,1.4585953948511936,1.1584468199088493
3.7630083773879774,4.154315360682484,9.264037419919502,21.271301871279526,1.3642480147621412,1.2357455471414853
4.260902165454826,3.6790323304879884,8.9130232529635,21.29444078390368,1.2090981006409203,1.4003271111740598
4.200687628461268,3.5240053072752033,8.898415879230198,21.593108125969838,1.1501344679220946,1.3709842094996387
3.6633905324059866,4.338629897674497,9.235412490762148,21.30835229270234,1.3829935302337222,1.1677523837081754
3.467987789645782,4.227162700995437,9.156699034544033,21.813144232645907,1.3245131266634467,1.086637935514692
3.3809576640195895,4.324936183232164,9.706130817797781,21.719081506549283,1.396016123200497,1.0913158508855325
3.912591919977667,3.7887407335432606,9.078351225908103,21.566870599982195,1.2487650160941575,1.2895862386844934
4.401891728483689,3.5298413985349693,8.976141308395501,21.399183367836052,1.1429837863510455,1.4253589062153984
4.142105684683864,3.6367590499400273,8.999213687250462,21.606122544912644,1.1629787144159682,1.3245806714162578
4.273301948131521,3.5822285576948234,8.910231361079365,21.471651315399928,1.160842727415894,1.3847892195166995
4.1796173907187955,3.529488396141983,8.944494325557082,21.671083015641596,1.1430836794351886,1.3536387967266033
4.299502912132597,3.689300902509928,9.078702623074339,21.111069805774193,1.238336137619115,1.4431541288134575
4.090856205513139,3.615315172689822,9.05981738920968,21.659885024989883,1.1731443284140484,1.327454046636974
4.210332336010167,3.4685722433821913,8.896953687816167,21.782554045976653,1.11130747610205,1.3489624760762828
4.372036996686819,3.562631009771395,8.914270288504229,21.320609024234486,1.1501632231738927,1.4114726308036845
3.607653729154243,4.133559486635475,9.250704123783368,21.681835928154825,1.3352900822784368,1.1654033915344733
3.3584097158442137,4.203545758103781,9.150902176397311,21.968549330368024,1.3383156982720263,1.0692431348650588
3.44484620679751,4.251583723939832,9.110882777027895,21.730805199908502,1.3704639822122353,1.110418600977606
3.9352626563308153,3.9371075265023325,8.861669037738109,21.199363995276826,1.3385852968998275,1.3379580556904729
3.429041253945261,4.1855301951228405,9.434910299050655,22.114829465750304,1.2827244462272107,1.0508859901865084
4.149515269278162,3.5110225460810858,9.014358781150687,21.92038628085747,1.1058599625885543,1.3069647774169
3.4047562304404506,4.21951525833131,9.23983636384806,22.07333326671653,1.3023700156105658,1.0508914302972596
4.2660626241276125,3.498333273565396,8.996567716353127,21.649363448944925,1.1317467935737298,1.3801151344052762
3.9876401489764013,3.5924085839117845,9.167451637818,21.919566349875808,1.1698143753793673,1.2985156507540139
3.21009458504086,4.458528651875727,9.613626373046994,21.81384728622771,1.4249653791979464,1.0259603570585112
4.274213078485387,3.585300784170843,8.986843663776774,21.195226627199435,1.2232049812362649,1.458242709105821
4.001301427144072,3.6422236346093184,8.886566228544089,21.83373079733807,1.1698949706364996,1.2852320135247857
3.2188224504517398,4.50951077641642,9.689537798256207,21.67649417260577,1.4602989251467617,1.0423398895541058
4.4957441686280095,3.3128333103452507,8.586509673486338,21.57523296181458,1.0605225072311115,1.4392024683808011
3.743318687603306,4.115446996987129,9.374085102821756,21.53357912959104,1.3041910607476317,1.186263065342804
4.173219310298941,3.6525428265926974,8.965997332804118,21.348067260494567,1.2247392920891176,1.399328058966551
3.3481630854621,4.370423196191433,9.591628437811915,21.77137268272498,1.3818016410109661,1.0585925065324544
4.060523168689169,3.767032525904511,8.779075690830824,21.432197949084724,1.2359722632638261,1.3322672359020595
4.246353939798449,3.9163947935486454,8.603508117099683,20.820276522709626,1.3193998681057377,1.4305602788895044
4.438184210333638,3.7506499856241824,8.680746517000621,20.682657929533207,1.2889814988980564,1.5252655826985932
4.104775996556602,3.973699440146707,8.653803891064916,21.077600797591227,1.306077645377647,1.349159957650798
3.642115810218352,4.397517440805583,9.074211685131981,20.82848367739506,1.5229260398238857,1.2613191606625445
3.8421672392231607,3.798703764609798,9.203608375380066,21.892433646983825,1.2037846802554166,1.2175579745506118
3.8810130354692127,4.050790803909321,9.056803607234805,21.24927717695794,1.3306782565066273,1.2749065329499727
4.276402235541168,3.479370951637297,9.015321032032519,21.791816085710245,1.0869268732596502,1.3359128920962147
3.6646005070866123,4.114539272150825,9.171843911290509,21.25960412842504,1.3968274040083943,1.2440796100035376
3.480747986585158,4.3279853665055095,9.623933291955076,21.802069149277408,1.3294816152073026,1.0692250697398267
3.7352894420820664,4.201960527743599,9.305906754865758,21.032858494067334,1.4418684978947331,1.2817341194656655
3.5358740668387063,4.154428120447279,9.381911269829228,21.833876433928616,1.3291003134035713,1.1312101675945998
3.8118767786823784,4.100740036257164,9.169416572659722,21.358824071627236,1.3144478890930538,1.2218558945265614
3.661896338011056,4.376779478860174,9.259812020899686,21.1311810156015,1.4271098207424997,1.1940122301701026
3.7171500968825137,4.336391363629067,9.231997512143819,21.10359019970001,1.4153499459206926,1.2132364787754872
3.879754844446683,4.046436045532776,8.979848968226122,21.4424412562805,1.284902173172263,1.2319743534581904
3.435742158027142,4.26584867820721,9.162554618124917,21.90759260424305,1.3234834450232795,1.065942139660821
4.2442160029816325,3.389866682506281,8.861646677378777,22.190289911903527,1.0130566965323655,1.2683777404990637
3.233159450616262,4.611771208073227,9.312595187282463,21.488419434629307,1.4757130811922154,1.0345733731331488
3.1433295435111375,4.746887465737371,9.4574457474313,21.35245268719728,1.54472303410573,1.0228962840795826
4.103844803197159,3.6578746897464316,9.097436630049454,21.694556440368714,1.1611588020073411,1.3027279279582964
4.002517492767388,3.795955826813585,9.07116339613008,21.475706316504755,1.2500377095291548,1.3180600689995927
4.411292730389064,3.3843095684815276,8.818687167948648,21.42089324849256,1.1357935476223122,1.48045494020724
4.15434761306412,3.729316475857751,9.013261669123569,21.18078871779515,1.2755551467687603,1.4209304878293143
4.1076994605083925,3.7483078184305056,9.06912969558752,21.21587740754447,1.2860023366391244,1.4093055747585213
4.111610935593575,3.634249544070423,9.036878515610848,21.824316134416588,1.1163862346044395,1.2630244001914916
4.025590195671661,3.7324074718372127,9.103805803131277,21.73265758533571,1.177534124174407,1.2700300974941499
3.5476680030650574,4.172706807893263,9.283411050372436,21.897082321101283,1.2760582538443497,1.0849147197802518
4.318744902394557,3.5178338617024756,8.877418276688026,21.43495088656163,1.1522152274164406,1.4145419697159647
4.543052062873653,3.2870667537970313,8.699394566525724,21.53009898676097,1.0549785280944486,1.4580848937158033
4.03635252565813,3.8907664280407652,9.256448544644638,21.240388441889312,1.2844774584062137,1.3325404979397892
4.0352667080020685,3.6646287471203745,9.052558028869546,21.88264065863551,1.1446313912048383,1.2603986009476271
3.328628981353969,4.4808227887279255,9.652119665333878,21.430382347521643,1.4914836734061923,1.1079652141131748
5.257760620251385,2.6041896073784336,8.384737061154249,21.454608495960258,0.8339942062860435,1.6838028547939603
4.3291846017298905,3.2768443980206965,8.85312840543315,21.941380905658388,1.0438991936849296,1.3791415661325834
2.977432344972879,4.799669420720183,9.941007689392158,21.28086039237803,1.655945174910378,1.0272508985712858
4.7259659470343065,2.933140473604978,8.427850062582195,22.002825718733284,0.9045991032801043,1.4575178366978185
3.6732407288260123,4.2519610228642035,9.457603473906413,21.07348198682414,1.4597467666592525,1.261065482075586
3.798955651189338,3.9948460225434785,9.15134390065257,21.443682529069335,1.3599754004383773,1.293287952481434
4.03828208598547,3.8786066039470266,9.145954411957621,21.082382651832198,1.3231376189206667,1.3776088913846893
4.062316841757861,3.8020511966636157,9.111697956935052,21.23758019646515,1.28237340712172,1.370157007287104
3.6815410094727574,3.888039279967414,9.164475379806047,22.02986113001267,1.2408100782607314,1.1749092175123987
3.287396358839296,4.5037972189333795,9.697079509742103,21.500331943729833,1.4762298530952422,1.077524677060056
3.4796476779277863,3.9955103034604487,9.402190344665755,22.34283044362389,1.2222865070852391,1.0644763955327687
4.015378666840545,3.53350388126356,9.197454255240633,22.134909156458644,1.1023457215563373,1.2526759959967646
3.3779730279829026,4.325632569819207,9.507162144856055,21.821786330690173,1.3832219164635,1.0801856722943561
4.823884961254301,2.8126433938756743,8.536489654047362,21.91043069661327,0.8814806401351306,1.5118024605762115
3.781403525925514,4.165709542352736,9.32383875000238,21.10878615475351,1.4187610556304362,1.2878737712415513
4.006549326783002,3.899878006669672,9.216688715044208,21.22219035361178,1.3245637899748839,1.3607938894316602
3.692827622305244,4.299959112261107,9.40735367144552,21.155800193635248,1.4343317107722942,1.2318116574608555
4.076416838747345,3.9366812333030237,9.188285396345705,21.067623017795448,1.3240607326590348,1.371059312721339
3.8055552007142057,3.817040013940766,9.231587520408134,21.911653428672413,1.2106478404303165,1.2070052104658153
4.311791332067542,3.678569052267886,8.945131001036547,21.2504138222035,1.1879639551784613,1.3924579400213322
3.9470663462936963,3.9926542831228877,9.205182606905742,21.364800590066388,1.2781837092411787,1.2635894684026225
4.597749922984057,3.306277253264931,8.664080402199343,21.356484141093347,1.07763197563537,1.4985683151919453
3.469378153433436,4.267078620496005,9.599584294241012,21.640701668253925,1.3784745437184531,1.120778380803542
4.127995017378338,3.694253531571107,8.922872096858127,21.367486626381716,1.2413480864544786,1.3870944892991541
3.916090888078952,3.8918078801775673,9.219103299580208,21.39316068282922,1.3087609248857552,1.3169269631020544
4.014945083376057,3.7354766359268257,9.035909289164575,21.576952862659578,1.2277943499013053,1.3196513775838572
3.4270723569106516,4.083249176635569,9.476044013548526,22.064376506201057,1.3114312924549791,1.1006847086572475
4.207097996967609,3.664947912662969,8.955420914080358,21.31488068060334,1.2218486851978447,1.4025948740860255
4.049257825837913,3.742426322891406,9.125164432766432,21.703194435475503,1.1691003720029485,1.2649517778256392
3.8297416949357648,4.04128735358963,9.297088886728277,21.17433892707119,1.3816998619826286,1.3093732537038474
4.125162757719998,3.592881479362713,8.96692838416962,21.826642582942647,1.1290404642300902,1.2963065165809433
3.845168926800776,3.7985072795378487,9.144609028798227,21.903776501176242,1.2058812199030133,1.2206945136479574
3.880061971544159,3.880177267908967,9.15680710930515,21.603278785063488,1.2634161864203013,1.2633786450185878
3.0836604052406633,4.976961441547004,9.805240520741414,20.815630572091486,1.7283327882055128,1.070852456596876
3.541459223501852,4.442279934800384,9.413145541170124,21.128307641189515,1.4842169443173991,1.1832423584910303
3.9537671963431777,3.691231722502291,8.94233874705936,22.051820334557206,1.1334371920354318,1.21405187370548
3.923986792686889,3.7682733957349503,8.893097807961666,21.97699916309763,1.1691678839756452,1.2174804886361812
2.912037477261513,4.820719022631579,9.74747023118747,21.607892848842997,1.585334197256891,0.9576481381145164
4.734910711281599,2.9937300306947985,8.482322611372616,21.842806070558154,0.9308486380593722,1.4722386927809588
3.6433034143461636,4.067416158780923,9.17695648239991,21.911676437820375,1.2589347012352265,1.12766457042937
4.010485574432506,3.6435964958382003,9.017896372027632,21.96553504450344,1.123818451423495,1.2369804650056806
3.835408911374088,3.9912766308232155,9.224354824037004,21.29231622938986,1.3491296784677906,1.296443336308506
4.0298876519930165,3.7418058888116073,9.050620577017316,21.777403336491595,1.166484750589115,1.2562924513783897
3.9836372406296197,4.000508527740156,9.003437592961479,21.188306599294535,1.320547057483473,1.3149779333595548
4.295899767256032,3.607965833141346,8.880249707920449,21.296600761954714,1.1978697373326948,1.4262685856229866
3.438595990500474,4.275837154170971,9.441485230672171,21.71995216690746,1.371621818852412,1.1030479217825429
4.034220996723766,3.8935570275978573,9.090517647924884,21.322291110946807,1.2588568753706546,1.3043360614711657
3.536660750460459,4.214346683785256,9.411993433148966,21.85418763483107,1.3035711882629168,1.09395106831118
3.8680532197182553,4.075247515014642,9.346437979047348,21.299336275902593,1.3149433764600342,1.2480888442539557
3.7751790068759603,4.198276174396562,9.348203594600783,21.13016988873369,1.3951202981194266,1.2545217710180814
4.226142570570981,3.4829178179302507,8.962349065435792,21.730052841011275,1.110171337926453,1.3470723677961567
4.122599596266039,3.823217798088561,9.00271223522566,21.303639051004517,1.2446532981487037,1.3421174140286791
3.8357929669890307,4.027852766492048,9.249137143549733,21.377549449060645,1.3162098692594644,1.2534491333912499
4.1569844838938295,3.7469463867107473,9.091444854691508,21.158041056919522,1.2770968018103015,1.4168528293825535
4.617245685545242,3.3360145091820406,8.69655688555394,21.133967801465808,1.1144443741833014,1.5424583629103237
4.130800079079931,3.867864738929213,9.034932209720893,21.048193894425253,1.2948347741705115,1.3828569374997686
3.67174981811022,4.326182972741971,9.521630268105518,21.095464696058926,1.431711112165034,1.2151323808540828
4.890152855694512,3.0370342060357185,8.354721126417452,21.458970684151232,0.9609033386882851,1.5472213636561338
4.292707529818968,3.484998628187577,8.74538617177283,21.741161954004994,1.0816728871400783,1.3323693472562579
4.466229135658876,3.4403567206152177,8.81092800530833,21.325157604614063,1.1164737600823293,1.4493926186778172
4.398000429034309,3.3356031666003214,8.840806330429945,21.752583940032814,1.0574617784011027,1.3942657812726231
3.9032432236226873,3.9667537291055766,9.189415179839566,21.256831563801754,1.320506887225099,1.2993646470890536
4.215174437969542,3.6741387893142683,8.870698990076336,21.23960434734404,1.2200014082495279,1.3996528289286645
3.5167842610364435,4.294766170475995,9.515379054592874,21.498137023366667,1.4103849202529712,1.1548986120934874
3.8862981839662996,3.957178518278741,9.292446302235012,21.33933394561035,1.3185952460924844,1.2949767837375221
4.375717081145802,3.382821668038083,8.79997422167893,21.65875984452066,1.07825128552176,1.3947299121331835
4.331287686741504,3.526963465465418,8.899223467924473,21.392812516986687,1.1563751947339733,1.4200866244424317
3.3348354482985583,4.21384537636343,9.223569083802373,22.48459248543398,1.2181782023463688,0.9640657140189555
3.605176825553851,3.9964818163445064,9.04768682812185,22.350255765355037,1.170892505993216,1.056247650260179
3.487366934361959,4.253664326965254,9.19717688730075,22.006537934142287,1.2825316755444172,1.0514836653216657
3.52964914600057,4.098374760235625,9.013358669059215,22.117622724083848,1.2396212594424612,1.0676007870748452
2.8977010200475855,4.820604882969667,9.438459366303976,22.00942575533907,1.4586110182196,0.8767818018604818
3.456522525378414,4.260682002645661,9.071244128855161,21.95543712556691,1.3141009486220439,1.0660780426027465
4.204845828468978,3.6550953368777375,8.974669535861905,21.27795741347129,1.2236025636492829,1.4076404748062352
4.0209140243966575,3.809421830358007,9.075650551447989,21.336186572706588,1.2671063911534306,1.3374538408923455
3.6800698495150646,4.1366826473853715,9.147184151980662,21.770411026467514,1.2675892244049778,1.1276709585762843
3.680554995725187,4.171963477710414,9.48535588262528,21.310485478687603,1.3942167563128773,1.2299943359972327
3.9015688396151424,3.8111070242123377,8.873424846861383,21.92153496768339,1.159926454530605,1.187458888582956
3.8461444676902867,3.7783197344221806,8.881862822753616,22.030806017565464,1.1690601743140805,1.1900460093070377
3.6382121165825456,4.047098996151458,8.633013193721995,22.1994203609269,1.1876786493891047,1.0676849903901198
3.529987669517513,4.1942073967622004,8.702490174962024,22.09116177319757,1.2532175985986302,1.0547505766382903
4.258716928167815,3.3975383614982544,8.246713544852232,22.28086004079882,0.9927513883699121,1.2443854029800094
3.7528361412381575,4.039741062215402,9.279575331501658,21.668645005349774,1.2737823112914886,1.1833174998753626
4.291860913667066,3.5199056222057714,8.864468447509102,21.528250511729247,1.1371101033605757,1.3864912673683816
3.579807392467354,4.090996266417713,8.615658530149604,21.82839822855093,1.300011334679777,1.1375689155182522
4.497295601308276,3.2820000237313427,8.011521516642063,21.625365276865253,1.0474677650526059,1.4353358129862432
4.021964622732234,3.7750608271211967,8.576564930798618,21.62923227023582,1.2036317199019135,1.2823539587666712
3.8388428937923544,4.172990821800985,9.321371621951112,21.17098222616535,1.3541656730167502,1.2457322560403685
3.713542528201661,4.340492585413304,9.069353117922388,21.108249426862315,1.4166965226952353,1.2120658388552954
3.794517474635822,4.341940925461609,9.227381403098851,20.85409975050137,1.4559042378231828,1.2723466686109022
4.081816723462429,3.687430930386613,8.804742930106947,21.760189275691516,1.154481491403756,1.2779580004351767
4.31675175450582,3.538175882335521,8.739588229921534,21.42611924162764,1.1438362274360758,1.395537476331643
4.348140261151856,3.5408719633821994,8.906118282370931,21.34396413409928,1.1546001051533619,1.4178324589720848
3.958898431803223,3.899925039711051,9.090313346242656,21.51812261573062,1.245059502292703,1.2638868852447178
3.9621976217935564,3.9320249318427805,9.043769904327235,21.480905095931377,1.246061664683203,1.2556234128714105
3.45065235606863,4.3431019192634635,9.423379152002354,21.541017338571486,1.4024300737480477,1.1142493840026872
4.345303353476027,3.5745111011023085,8.939909133907298,21.2487780474737,1.1788061510662458,1.4329988567518277
4.308861583912189,3.717609020044813,9.023244461269057,21.066046305473684,1.2247690883594062,1.4195576903166072
4.394146749699886,3.5563536447990507,8.954981556754024,21.260854946824804,1.1563188058494744,1.4287202651432105
4.153827646029563,3.709776354511181,8.928963177366315,21.43983804749524,1.215069434478595,1.360510318268967
4.187427850978584,3.6086673023387505,9.09541004258447,21.552186022625477,1.1549452386209274,1.340176151850308
4.060756624244988,3.8420119204015593,8.928463203598271,21.43562594517623,1.2347251453271928,1.3050241427895435
4.287858070178904,3.498093576499933,8.778504493749308,21.419957158002063,1.1656816914318024,1.4288576158865216
4.332155967745416,3.4331009605422507,8.873318271118338,21.603338362007598,1.1066752785197809,1.396489636424366
3.417422030268278,4.507726435224494,9.522338852337386,21.352039583626322,1.4545961159937064,1.1027663021196628
3.755590721660029,4.237159434382,9.382411682086952,21.23101784843692,1.3858391972111577,1.2283334888289654
4.171726715736544,3.7410768595884654,9.118617510452463,21.484654138132765,1.1853648600820375,1.3218168031018536
4.082129611345794,3.7236545117019793,8.799670091053983,21.38567131591674,1.2442044114206783,1.3639835958105422
3.176344389538393,4.602485862291348,9.37314494149561,21.731813290770774,1.435436829314302,0.9906476316820981
4.86017484068963,3.0011555246717494,8.614622308425052,21.509831140436585,0.9604902867603571,1.5554511214309805
4.354666045436153,3.5158213138049272,8.931007481028463,21.55587013911986,1.1134393114358219,1.3790963562696033
4.199121582640854,3.6605219175605748,9.073758506162061,21.326342056416873,1.2194067140003184,1.3988270432726257
3.8673710290167103,3.8589309648065537,9.127209282069181,21.77742841209425,1.2255133490127703,1.2281937315981037
4.1450072272005665,3.790512828964932,9.052378210791666,21.19677079311311,1.2527379735816548,1.3698958923461784
3.6563038353769586,4.0815377069909005,9.154915039110419,21.679447502669532,1.3041439392537113,1.1682720654055665
3.7190251293297742,4.059151966388513,9.17088667992553,21.601219367660818,1.3072006295704626,1.1976669094194101
4.4126498843046305,3.4373547638790742,8.947255490797213,21.44153583695367,1.1190352687440885,1.4365438508255526
4.15730519149992,3.716946478641659,9.028938746966231,21.434947760402444,1.1993066375402148,1.3413923872985969
4.887701741983709,2.8719720490886584,8.597219756382323,21.805954415663965,0.892556980051649,1.5190093189111986
4.193837791824456,3.6275173664892932,9.140439878804031,21.732298601126537,1.1115813920275404,1.285119154394459
3.8218149161137243,3.9469708245475106,9.19366953052667,21.783656784658703,1.2372407329234838,1.1980086243613248
4.290254293508566,3.511501724179451,8.997360806311685,21.619117416473184,1.1287980991575683,1.3791338497909214
3.406029364435799,4.469478526105058,9.38696527221637,21.33442022414908,1.4710698623230498,1.121049607676549
3.3985697952484886,4.371890289714399,9.207276288569904,21.706942170692756,1.3663317167247657,1.0621432366854184
4.051563718277394,3.9483836195579984,9.090769008243537,21.252615234354124,1.2638630646054874,1.296890634451497
3.3545547497857737,4.399207490447549,9.276468919912906,21.75667129314958,1.372933602376628,1.0469115055367544
4.458233652028212,3.538358589469609,8.906194669511784,21.3023532285404,1.1368150917329183,1.4323554749878937
4.073456217005288,3.8344734940040026,9.111641654864387,21.44338885408954,1.2297414168764873,1.306384782087423
4.266303992360687,3.480971276644324,8.970010573056515,21.844021287687355,1.0822995334151078,1.3264742663404565
3.8618963359167715,3.917590475422476,9.129581647944732,21.464562567581645,1.2967434977318113,1.278308438294415
4.026318184224525,3.8357865059772807,9.151802415341084,21.30429995609019,1.2848339759149892,1.3486544136058487
3.8288417472029437,3.876069541436378,9.148560457574108,21.77479814787676,1.2268453127451293,1.2118968714524303
3.529455595844025,4.113623586870427,9.239376699875754,22.061231033619357,1.2681069720341809,1.0880254729334427
3.7037835941537662,4.038529714797344,9.215110461719375,21.801582104453274,1.2628749587551058,1.158197632313197
3.991964288126318,3.803369595671588,8.903640907099772,21.589729385802364,1.2226893936764307,1.2833179296016513
3.9843395780253505,3.8263107615315146,9.03893796732375,21.629196038025576,1.212593589921989,1.2626743966954264
3.6708323763294417,4.178629541575238,9.341651271899403,21.679019596195502,1.2997673713118065,1.1418164976906178
3.891185177579696,3.9054868612827374,9.19370760660065,21.827256537552152,1.2028919040245185,1.198486978300442
4.4638339279520824,3.2856639558517027,8.603583609516647,21.693584907793436,1.0513113248498147,1.4282894488789488
3.5713971817967773,4.275387144611504,9.386385721499959,21.517386230808498,1.3608175276294285,1.1367438126020328
3.3553179953363235,4.4945355497071295,9.797589423293736,21.21292230448831,1.5427705347061473,1.1517287338202242
3.4687752606522437,4.196154665107298,9.214894977715392,21.98068785816521,1.2752296554835736,1.054175890458602
4.537475222211904,3.5062268115376596,8.728229152906742,21.258593325380133,1.1241381887863466,1.4547687449013817
3.3950204411860767,4.555443486253344,9.36118262052699,21.28612634633476,1.4684886379640725,1.0944157157436114
3.4438053650861424,4.345475078217415,9.175587735358333,21.752395197670403,1.3474348577264674,1.0678471993552474
3.821497138005826,3.9544623702163286,9.059240861615184,21.58133310599701,1.2885570098603478,1.2452304420510354
3.852840627061984,3.872510403753267,9.081479812388913,21.62251394874848,1.269351350112862,1.262903889681174
4.62477539350705,3.0945006326321813,8.473408744494291,21.832212788188272,0.9513828372071085,1.4218552385874867
3.798473346165638,4.204703809698928,9.359595738529615,21.009562164890326,1.450753073501691,1.3105909788110934
3.609025844545148,4.328792616673432,9.39724749442503,21.2081839790117,1.4634821113349892,1.2201427119639572
3.849671690306481,4.041868100452318,9.172187304313002,21.45139283924145,1.2950674478028625,1.233485202123795
4.289515677335264,3.5076535406260136,8.94564113389463,21.52804678885615,1.150769395654477,1.4072779157021678
3.885364326905849,3.92124614900535,9.002017664164208,21.680386847553596,1.2265701593905918,1.215346285504742
4.012918288881621,3.6520926087399723,9.19533740366179,21.90999913833553,1.1554741457193878,1.2696346529084792
4.4960619032691085,3.6234378593110446,8.883161938121745,20.844786830673478,1.2193833979573743,1.5130446426580657
4.308286600487886,3.6656205483677957,8.909140526463213,21.208910056291753,1.203960986219081,1.4150425326340679
3.692025214065723,4.290967120899616,9.383522043507755,21.049705194837337,1.4576971907233254,1.254228855870367
4.012306388345539,3.733218563120723,9.06162447384993,21.601652351379293,1.2277347830657055,1.3195177378446084
3.6223406898658523,4.197561491318027,9.04984759367469,21.640788918210568,1.3061261363359715,1.1271386636104919
3.8059851554259643,4.050386068229699,9.374725039050592,21.366275075586064,1.3501783217106762,1.268708355955503
3.3056826299780084,4.641761894796086,9.44713589627522,21.367776438314156,1.497347106001267,1.066352482428156
3.8939165937426266,3.9321751241445164,9.065470367046904,21.454890122007235,1.2716826818150009,1.2593097052796893
4.334989112283647,3.423074578954256,8.855766140202924,21.697595169050654,1.0865788884457368,1.3760458740833301
4.273891634544542,3.67662502294673,8.968357682401786,21.306822563444747,1.1814171435256549,1.3733379975135316
4.066305182420513,3.756860618813801,8.947832186994965,21.386073810411624,1.2705610095185376,1.3752143988823164
3.697445739421151,4.0297309014825835,9.427061784138035,21.54124868010464,1.3371593804758686,1.226899357584534
4.243356232476519,3.563051639186147,8.906188987782356,21.45832150803323,1.17660653825093,1.401259704560478
3.6902486101515013,4.05405253507602,9.134275120828958,21.645800853690627,1.320487917131987,1.2019895299227519
4.631924228922374,3.4606258223654294,8.86670468601792,20.79855420173798,1.2088928088777784,1.6180599056455056
4.678911320446371,3.3556304968973314,8.775345863608026,20.97440823726781,1.1505543897120347,1.60427137725397
3.979919468497447,4.027164354118098,9.286834117059183,20.977968939706038,1.3876256894441235,1.3713466873430478
3.5482177897383926,4.411854373180325,9.392227721587247,21.199650198059896,1.4752358505742145,1.186453052686318
4.443884324752136,3.31668658123282,8.780670905211903,21.677008729358285,1.0425001111595906,1.3968006289012875
3.507075189367585,4.4974542599378875,9.347205798855853,21.37646635238586,1.4050947077126017,1.095680467954024
3.433971198240411,4.564993060777629,9.345207128033415,21.338281536029605,1.4429693138221178,1.0854594952584216
3.3487868970933667,4.640058111705477,9.467805984135257,21.323098333530297,1.479104021485252,1.067487528678244
3.8889076353482195,4.200562325760222,8.950692737529355,21.12113172642873,1.3281287989699624,1.2295901897147512
4.424077844597201,3.585569895089067,8.694990186436298,21.21993913782253,1.1461416123780115,1.4141739981243668
4.628057972408313,3.404494479681055,8.464042358619459,21.257091421820277,1.0793200615918113,1.4672239434202805
4.351113477852549,3.4234706747076955,8.834408989081565,21.691146660059502,1.0729187996345655,1.3636428914729744
3.7712716176834205,4.1214120670816214,9.12228609612936,21.367295405396902,1.3429725082206179,1.2288783604129792
3.7910950208894607,4.098093989642521,9.01017985698312,21.402263792618378,1.3231320879948116,1.224012793131122
4.140760491808334,3.735548274172917,8.710367112014682,21.39666797870774,1.230484063108903,1.3639603668217208
3.8074236826163332,3.916105925949857,8.784845283297418,21.679700419009137,1.2386466822245281,1.2042709777192584
3.729801416079147,4.283556603420922,8.848495823411948,21.178716281517538,1.3939809937515146,1.213774619046609
3.6995689384816495,3.805000104498926,9.084949940879767,22.31127193471116,1.1618091512670425,1.1296170645013162
3.859868661136503,3.6541400742937324,9.002466967890827,22.30961249727574,1.1163718750216838,1.1792237645414405
4.071356166437804,3.488958573096816,8.99490422727054,22.222033056362193,1.0680166240024036,1.2462962734839014
3.499266763809062,4.0225695034019475,9.229671160219768,22.340995725040024,1.2207153343769823,1.0619104515272828
4.455285613946346,3.2336061321461655,8.761084532868145,21.92850125323684,1.012348693915516,1.3948212577471994
3.902093499268043,3.8098511019148895,9.082232001023659,21.88093504257142,1.1804941911158986,1.2090757842903068
3.6941245950490447,3.985792496222061,9.192588981648715,21.997540923719203,1.2221963727254328,1.132759842551826
3.7896951706763975,4.119869594469279,9.180727364644344,21.496316695608325,1.2911537891220004,1.1876781939420837
3.3525136966465126,4.483184738285254,9.34569728626698,21.527321654216422,1.422071970544189,1.0634216605336653
3.6128158636031587,4.207118341968013,9.316266640297634,21.39250269848728,1.398668738051358,1.201091149338574
3.4143952472128563,4.41329825021582,9.527209993529214,21.519194571958906,1.4249321905480985,1.1024139822796046
4.485785064295314,3.291064075917458,8.55792756483911,21.533231047439912,1.0744043479215768,1.4644342576578362
2.7761816179202046,4.816810637243966,9.788489032141314,22.21011530578934,1.4690887713918725,0.846713219468529
3.990159270919119,3.6641582404271955,9.126657587236949,21.85313275688517,1.176506497013453,1.2811805599879034
4.20268608214223,3.551504585259686,9.016180068105243,21.617459210242977,1.1639110852907837,1.3773184861719567
3.8576549896243817,4.117591125915916,9.087637133068725,21.207510560958333,1.3602220570492645,1.2743536803222626
3.8651488938278575,4.059655784306157,9.03731202767778,21.3612011949769,1.3210357603946759,1.2577420794480485
3.9784383659959786,4.105617917318428,9.164167360827136,21.021249222020167,1.3652775694504171,1.3229854243433736
3.8223463431131846,4.257126858356793,9.234152551948142,20.999603376592095,1.4142158019110225,1.2697818924977937
3.228764383643433,4.510821914276783,9.397186347934129,21.738267845005176,1.4331244194108637,1.0258044255922147
4.141463713932511,3.731967033727691,8.990579641237229,21.526703538592443,1.1815780696537332,1.3112288121584776
3.6614259607733795,4.112923998333126,9.043673196947813,21.75735832623162,1.2800026791298273,1.139489823085672
4.281448492718678,3.6343326437560735,8.89975304959356,21.5476467877982,1.1215264255326975,1.321221279067766
3.5835226197018804,4.1959403346038355,9.328441965399298,21.7077379307742,1.3150410099215348,1.1231044364538991
3.999422663089879,3.9764907617745244,8.901877502385926,21.15782987048468,1.3064655580919784,1.3139997738226106
4.144346952180036,3.755080932046452,8.983235366123061,21.335730694466957,1.249543979776048,1.3790764774216366
3.5957475140032225,4.196466831077376,9.19093644507621,21.63614415132723,1.330722324479153,1.1402309806523712
3.5049092589359643,4.4588551407486055,9.242283305103072,21.236198185669437,1.463292915225168,1.1502299862217593
3.3412627277240623,4.753510352208115,9.545039762431342,20.808391885015663,1.6407605393200828,1.153297590401588
3.6433389251283375,4.521575521614007,9.259484706655574,20.828931689512732,1.5194681835929618,1.2243381875002273
3.915002156082693,3.9423217483924087,8.909617318978436,21.480322913657417,1.2801689981776105,1.2712976534853588
3.975798531267942,3.903921474870291,8.849394913715349,21.41315617498274,1.276258492198009,1.2997563274419275
3.871747407953801,3.983809758454989,8.957780595629007,21.294430162356555,1.3316850010016759,1.2942254433451625
3.5575451538361094,4.058643836035015,9.111246979913242,22.10694840030171,1.235421684845409,1.082890888045863
2.724037602400863,5.087123036814885,9.834196592322717,21.61808615682049,1.6351279632310587,0.875573487085805
4.24910511818463,3.5894512629447886,8.737732710327569,21.63197798210075,1.1192342841145229,1.324922328427748
4.7642732076669745,3.311738375771665,8.727604289163914,21.11770905239583,1.0867415453714455,1.5633884808504444
4.544199539137523,3.3742759416874875,8.703409660816506,21.293082990489587,1.1021266687947189,1.4842542776461474
4.824324765201103,3.138448239186518,8.515359714875686,21.16584940828986,1.0480880129842882,1.6110882104148094
3.2300876571199115,4.510420061105978,9.59955048742044,21.658156273918554,1.4485112365077235,1.037335370731707
4.537723938846948,3.08467099846806,8.68017795853002,21.80282057533097,1.0083002359225126,1.4832661636728477
4.646076987881949,2.99009470057723,8.573740380609577,21.85598176535332,0.9595616601715234,1.4909886790261424
3.8886940993636334,3.8829064103281468,9.001442948826057,21.730492372603152,1.225603482763589,1.2274303132584414
4.311485735073212,3.502030505533702,8.710744888534816,21.780384239283055,1.0713742755205178,1.319010470791759
4.1980621623573375,3.439321951397593,8.79619908351386,22.09132554168533,1.0444276983913496,1.2748362799106332
3.8231018519926874,3.924272228482297,8.809399985390876,21.810058596611796,1.2297177410826028,1.1980147909309016
3.622142898242385,4.163795291714856,9.038616153436346,21.809299312512845,1.2947570244568738,1.126326976356808
3.6819839056766095,4.105599456966843,9.129215896192317,21.796734509887212,1.2851735221257412,1.152569380931433
4.310226166403383,3.5710894994816758,8.889639560704435,21.524995773850463,1.1346537876685157,1.3695020654417622
4.0838746720708015,3.805304043409965,9.133334821926164,21.476074239916926,1.220634995312039,1.3099926534992639
4.104420505458427,3.5948479779352085,8.772125622910012,21.88269159855505,1.1110646944934357,1.26855898857483
3.725828766343441,3.9335212219570472,8.975516682019562,21.984791735138415,1.202483640206842,1.1389917290216036
3.7131492679124176,3.9717946807934794,9.227895075067169,22.08354164681427,1.2129152482287033,1.1339295527482975
4.040423536498188,3.751196031958337,9.09979652546809,21.59118783841368,1.2108621906337442,1.3042229872316822
4.0225882816301475,3.791841083980877,9.096545973962257,21.556336458550298,1.2122558819698792,1.2860260219633843
4.037439606977706,3.789226650998193,9.059648826581324,21.48036609761035,1.2348877609419142,1.3157789742889887
3.5509171016753873,4.11139408594493,9.206755596427646,22.048727084139536,1.2565691335992455,1.085270040444075
3.168393290576898,4.620512231788999,9.505285535175023,21.647642412953502,1.46554132639794,1.0049559600071734
4.025496191579259,3.727887407405766,8.77864612221359,21.77521941516145,1.1697284475185925,1.2631114881081722
3.1476471322844812,4.752279382704542,9.402872244019317,21.427929262206675,1.5310830571448155,1.0141047707865496
3.461932891082218,4.328946510121045,9.336320562042411,21.636709197596353,1.3694587880422533,1.0951797187192551
3.4178995707255564,4.402864539190119,9.33951148664295,21.58571482570385,1.3932538470412286,1.0815689838574698
4.151586219678956,3.7107803279109435,9.07037679220096,21.388918955905183,1.2126329187142526,1.3566823336312526
3.5568307185048145,4.206367037042624,9.185245451117176,21.75035252368492,1.3240903964321622,1.119627782034516
3.934826634612911,3.6810705226077483,9.05021162241897,21.81684109939753,1.2068126023074897,1.2900047259029477
4.228883362877949,3.634347234141799,8.89645339209706,21.417866376144318,1.186644202733159,1.3807651287284874
4.88412448035802,2.9285406685742137,8.563111942359345,21.533759250401,0.9466992967584339,1.5788741677562994
3.239378027422329,4.698875448173372,9.685552504818729,21.09394381585522,1.5907382276141404,1.0966458929906622
3.539233121088388,4.50948498159701,9.408054646670314,20.844125457381168,1.5548867974841492,1.2203404325897227
3.4621304561107262,4.659960793359298,9.541436282238404,20.647836839555424,1.6348820481748971,1.2146400328520055
4.496207439516073,3.1346290206762277,8.696128980252691,22.10538240149336,0.958313409058806,1.3745728284837642
5.19183888047332,2.590052314029435,8.19803886832591,21.679704938718892,0.8205807901344968,1.6448792280036477
3.482205456015617,4.4670200763441645,9.531350899928482,21.203556720238666,1.4726536731323492,1.1479873758704389
3.737084311894891,4.197476027855683,9.191094292134446,21.180493904195338,1.4167806125571922,1.261383880562416
4.4575793614734645,3.2878822576463835,8.824491603555675,21.765272458285047,1.0362712445109272,1.4049351377098918
3.669305199134046,4.0789385218485545,9.227831707316426,21.797149790160375,1.275136727910013,1.1470792708115018
4.376833505691105,3.63915492201749,8.70927201094344,21.390316898978107,1.1215418016626113,1.3488850683028146
4.179226790126341,3.953575226161226,8.867573100846869,21.064073459310706,1.257840124764286,1.3296317500994967
4.051148113447169,3.835937786366165,8.97464060221632,21.599366624970486,1.1888131674145304,1.2555099922449067
3.820408866231424,3.956350665013326,8.910087289015669,21.824999297079952,1.2167935655258852,1.1749840496236148
3.941485542047837,4.156087922491888,9.039437321602037,20.970415718303826,1.3675816539429355,1.2969656602822917
3.7871993135375632,4.27424500029779,9.197405651023615,21.009765321293354,1.4195705811816643,1.2578120183084391
4.084807687049867,3.7876095329993524,8.972736853109861,21.52586761965898,1.1935468700556133,1.287199587808808
3.5652009180890283,4.324631136270379,9.326745652720918,21.39217767061122,1.396540316230445,1.1512997665431035
4.133916012951694,3.614827630526499,8.880628215887265,21.884877185127515,1.1058904829290477,1.2646960915492977
4.368926369590419,3.376202176771417,8.699659215140016,21.797599339374127,1.0489512081354366,1.3573803799922468
3.901545893487516,3.8149263918933083,9.034657395348535,21.759457131430317,1.210786477999835,1.2382778921157707
4.122004962130604,3.630137535159272,9.087852661228371,21.56444689095924,1.1798323922131233,1.3396944132508024
3.953163304868643,3.806117119137543,9.129834436935315,21.62449299017819,1.219461906433116,1.2665748082100319
3.8795449066488796,3.8250254352128015,9.070197351915297,21.774487817475475,1.2107030684010396,1.2279596572716935
3.6496986521272627,4.384100052112872,8.835104561628565,21.20634407210477,1.4192112021641718,1.1814724002765835
3.6482670391524668,4.388404836848521,8.879016711257448,21.21277244400219,1.425983072666784,1.1854801997109274
3.5906117369780644,4.17619967019971,9.199014937430363,21.813895642397497,1.2737244436499329,1.0951224314489247
3.576714511502959,4.209974050734922,9.244128688649912,21.842242820829938,1.2650675692736595,1.0747775350926438
4.035673592540033,3.900437585555677,8.721871533521279,21.367848056250786,1.2535734473831943,1.2970373572053957
3.5062872313249565,4.209462703078788,9.250769423064465,21.81466751721836,1.316273570424818,1.0963948461962814
3.6947751632414874,4.153005723604621,9.215232829308242,21.465838484996898,1.3608304892310303,1.2106804150100061
3.507902576236782,4.371857725142382,9.423024638530675,21.31108125201493,1.4631306917536953,1.1739906112353502
4.119981406993738,3.7291816157163304,9.005119995348783,21.53557828917089,1.1863094906008098,1.3106288585187895
4.369390397128721,3.58733113082567,8.886005711990542,21.28860205276809,1.1655749346405857,1.4196771195137283
4.135335794862073,3.5456521192571238,8.98748285292305,21.78640637528681,1.1381370456065405,1.3274226308308568
4.417294007691448,3.2189456291091783,8.788561950037039,22.076941721785772,0.9846166641322955,1.351169541670197
4.38358056980343,3.5665562401952524,8.882078083658078,21.014933559015994,1.2192861560090371,1.4985994170721175
3.5586800494836512,4.122989080607599,9.191199402671534,22.07687651873518,1.2413027852034928,1.071407023086555
3.852926176696129,4.114036618352925,9.139541643261849,21.29189481471608,1.3339358402855173,1.2492733521479598
3.941873546282792,3.8766382158144723,8.898599201864464,21.833661153053235,1.1588508724661732,1.17835179450745
4.402949390183514,3.5274463470439397,8.75028297641893,21.48280590673189,1.1033633481152312,1.3772152721205608
4.181521394351033,3.7210045823278723,8.878153634558565,21.523058051296992,1.1663391883842484,1.3106869828812846
4.453386843115208,3.470570619427859,8.657793469867771,21.528297325095153,1.0735590265709134,1.3775756693942864
4.5369558396529195,3.4175311724173527,8.714008751457659,21.487157491122893,1.0673896196740456,1.4170169411328706
4.426704377395472,3.38310018464938,8.754154962455017,21.751504809973824,1.0446543621540285,1.3669048462695104
4.35659933532229,3.4817568761580953,8.867054681174597,21.59160541545252,1.0973944322327218,1.3731308715980466
3.6293040713917137,4.383128063092479,9.27397402880708,21.082488742343116,1.4672233448014533,1.2148857122764227
3.015033619264361,5.021192647952195,9.55190613890491,20.984323144804765,1.6854170241830202,1.012028286240867
4.134809454598182,3.4282428250233106,8.929702028816989,22.261666131903702,1.038431738428153,1.2524542715198004
3.9405551802049223,3.714043855084543,9.106841126030782,21.963038997023872,1.1691508089842237,1.2404547325084527
3.539276566054748,4.247015102981703,9.400547606184547,21.635799532160227,1.364959116904686,1.1374972066126772
4.076081063223865,4.0261965530889094,9.063432755818207,20.702310019420246,1.4123435382305878,1.4298424518126507
3.484250791258137,4.49268941080384,9.531186234270011,21.142034778749746,1.4949274109038204,1.1593728250587356
3.8467101296907042,4.181283269132751,9.291450413744746,20.990419117499137,1.410144112425886,1.297308814649492
3.6573734041837125,4.21035918790022,9.273181636311303,21.24258823620385,1.4154546693821717,1.2295497917382647
3.8886623740961195,4.064760049875235,9.23652943561765,20.938642998496054,1.420598970077307,1.3590543342869366
4.138093940131935,3.6426435352047255,9.077147088307374,21.567593189404167,1.1808178396952216,1.3414255607549739
3.8507362151409703,4.015876466064592,9.211336998395133,21.32709003643797,1.3286754559535057,1.27403786935283
4.292271665365411,3.4626015671428316,8.849643271474633,21.658443050164472,1.1199646314975455,1.3883181072880375
4.105859044325411,3.7756693007794104,9.025227336923109,21.367646801873967,1.2458718355821672,1.3548257902617096
4.2481622919322435,3.6426431805401145,8.98729540701882,21.359423081174327,1.2018617645944552,1.4016480822884936
3.86249459689135,3.8921317011073624,9.098639495749607,21.575178182590932,1.2650402879570306,1.2554074867748481
3.4801664978118594,4.4891006322720735,9.588042626231196,21.1469647900418,1.503077724867774,1.165258070644887
3.646482657204512,4.334151351958092,9.493916982397685,21.04739354050607,1.4702953069614277,1.2370141008993243
4.025005542293535,3.599982766728483,8.940208316007908,21.992490474339256,1.1367466581812251,1.2709537505705981
4.179960511838776,3.6594969398117483,8.911067930847489,21.467850440375166,1.1961336662029922,1.3662510377359818
3.619416287757847,4.187352441895208,9.362054574095563,21.515561419363053,1.3697069976827012,1.183931824622069
4.229003533085472,3.505711900705066,8.91633812901756,21.746747721462754,1.1140396195972417,1.3438860980922027
4.220798147402329,3.560342045401862,8.94671127356112,21.630175866067088,1.1402063840891983,1.351718720350306
3.8567907754899515,3.8427901366356916,9.130499246819355,21.663463328264342,1.2459161250654127,1.25045543663058
4.319697597730792,3.633080266059535,8.856134683027822,21.343693466748697,1.1701087567189823,1.3912480912415721
4.156958432771063,3.798235189524845,8.98179967308548,21.340316375075005,1.2210041803603346,1.3363215732390108
4.412042657848273,3.501263835031849,8.855115663627256,21.36063023167658,1.1229507188457368,1.4150623053985605
3.564536858490199,4.261548466956535,9.240331495778173,21.82826135998441,1.3135688994393384,1.0987238076777888
4.495304791134873,3.160324652208078,8.661782472451055,21.697404560598855,1.0338312570550106,1.4705408825062667
3.364296779332829,4.22596144410243,9.266979976868695,22.015308625542378,1.337735668414667,1.0649741746051358
4.858004848282504,2.9283534297533116,8.37614887011198,21.382258116136903,0.9846274141869955,1.6334519949920263
4.627626523803306,3.233729460667606,8.51652758103545,21.232752809229854,1.0905895062361508,1.5606874313468506
3.7804211087346906,3.9610029998561807,9.317816338240334,21.886660356646132,1.2208159778151522,1.1651590500134827
4.788781464526358,3.081280331768379,8.57942301589276,21.49866251207551,0.9878890729229163,1.5353308923717246
4.206630370287903,3.588506950158248,9.054332642738323,21.516391173922074,1.1790510974580533,1.382143666872265
3.3364660209895276,4.471324951341349,9.433356768965776,21.48915516323635,1.4606013048700526,1.0898887191032662
3.5162479167243594,4.379306295282996,9.281345468212864,21.34674103106947,1.4137321464450614,1.1351187561596374
3.4748960051730764,4.220729758763686,9.391909559347196,21.76346980385232,1.367331562367471,1.125714095756162
4.295106552112042,3.4237444562961175,8.880107351181358,21.802894913951107,1.0700295359218046,1.3423580320778634
4.118488822247902,3.9246230748777102,9.112852908186216,21.082306593493975,1.3043691128120194,1.3688014132080961
4.070774305122867,3.893090513784777,9.12686118077465,21.268321243615198,1.273172951241402,1.3312815917173075
3.9861177354778334,3.658779077713379,9.068056925693632,21.940247469969087,1.142467470512556,1.244680192405252
4.0422008742461095,3.899877828269643,9.1575534556065,21.27240161807433,1.271065246432506,1.3174517963381904
4.001649489170864,3.8887779568624428,9.140706874037921,21.291200943748244,1.2675176703229256,1.3043072899063433
4.068614790089763,3.6355402674063004,8.939016576853414,22.014783596379015,1.1127869359873197,1.2453448601758246
4.029045279206662,3.745573312476625,9.0858668936461,21.774690890133968,1.176076011798211,1.2650836355384654
3.9956039693168277,3.653175610874084,8.99381129159631,21.980634336168308,1.1370633046255678,1.243645293098674
4.307906077767591,3.5740826799545222,8.845100827583401,21.40214825439756,1.1528127433275972,1.389505914723852
3.920525823604356,3.859529993013349,9.223713424083686,21.608816316674677,1.230571846845004,1.2500197464690763
4.058621046574711,3.909106644196597,8.870582498585168,21.339720800222057,1.259875123394582,1.3080624698372898
3.655322403554753,4.143965639826984,9.342779753127848,21.65579405217703,1.3218447125607184,1.1659769920402425
3.6694509286603987,4.167410521194656,9.342083568331839,21.558782718314703,1.3382539384007563,1.1783473531281419
3.704212171414681,4.09447379050688,9.298531611897653,21.647863257787513,1.310076645653458,1.185207698133757
4.2063793235364155,3.707136875952856,8.797355739161697,21.601796297811298,1.1272217303226892,1.279025387551026
3.8405865990604906,4.04218595937621,9.195899300780987,21.321588454356306,1.3290769320973048,1.2627907537734988
3.5709400414412653,4.174065684021302,9.196145795989976,21.782974763539396,1.299994252135377,1.1121534446294108
3.5248787163681157,4.188499865048575,9.272879695249237,21.845425452795542,1.301110832784884,1.09496431416651
3.5294315848555318,4.2159690124840346,9.249869683629413,21.71696572977962,1.3341255822359581,1.1168737137688338
3.4963605218479232,4.257207205892931,9.264003343623209,21.688382419993225,1.365070360930624,1.1211054310196442
3.5000206704366255,4.35482833657393,9.53672441876069,21.514771343599413,1.3984337329820329,1.123935685493323
3.945202241128025,3.7185177791328274,9.079241491051125,21.64231590435525,1.229524341869462,1.3044773420973312
3.9471454118563125,3.620884926225307,8.989972912246648,21.939656953369578,1.1688485025983533,1.2741678065410942
3.8967738517523194,3.9163758642804845,9.178499410443804,21.398502991074945,1.3067505757367768,1.3002101051475257
3.342254590279509,4.550636324541719,9.62995566291685,21.36555007088223,1.4894050736768998,1.0939065636679999
3.6566374401044324,4.130381027629511,9.446581878397202,21.630754184702276,1.3221140676781569,1.1704711424009475
3.218618004003423,4.697458304899648,9.768544153421301,21.211964023232973,1.5727597335828163,1.0776280417861894
3.9298845787429753,3.7279538356357804,9.067157516410369,21.973125587840094,1.1591418776861777,1.2219287015170903
4.271688302942069,3.6116044620792844,8.879496285208235,21.3193024868495,1.1886494255092992,1.405895883826554
4.3822114291023135,3.3521368406683147,8.908348813195964,21.612990246213435,1.0791262776799104,1.4107298515148707
3.3870941410824646,4.465137103779453,9.325725653563229,21.566798660622666,1.421856755608089,1.0785699463298168
4.179181475422238,3.5565100300249606,8.842052555258137,21.739848625391176,1.1168399011014931,1.3123754990965135
3.624832955930604,4.255019289573581,9.391240273889487,21.27508036726495,1.4267047051310844,1.2154037106747595
3.6261308239629177,4.241459863615791,9.403164195844967,21.34879627901359,1.4023719633465666,1.1989230987599926
3.5764939061693575,4.269915260017509,9.43446874519972,21.46756024214406,1.3867290222016717,1.1615284134215191
4.227660931426038,3.614174801367781,8.860124611204926,21.377901696159356,1.186643207702958,1.3880693116584437
3.38830202600582,4.326208598030659,9.55329729528049,21.763481718927025,1.3790565305935008,1.0800820003717726
4.255987341984319,3.600638167022829,8.95771325384176,21.576857205774708,1.1274248882732965,1.3326265597791773
3.2186380970175974,4.582376103206999,9.44162404480583,21.368507939987783,1.5433078073196502,1.0840116987750734
3.1450590285910613,4.620165983807238,9.559570576822713,21.458178084479208,1.5457835740906165,1.0522523656033842
4.357503782649765,3.4732028684575176,8.791164223512618,21.75319515295381,1.058970662870112,1.3285917477146882
3.41099745262716,4.349448866479659,9.562659367800334,21.55474275239452,1.4296435662760976,1.1211789613886205
4.131307891295786,3.7065934385271326,9.040575910330402,21.34670949242012,1.23701735800113,1.3787591376114512
3.7306397167613317,3.9776925087722144,9.109577866824184,21.81618153712364,1.2598591438269582,1.1816098275873368
3.395617481683208,4.336828343348697,9.502995325727024,21.67279671106203,1.4126799886896722,1.1060896318332785
4.270935483340443,3.583509371939344,9.153099554704195,21.37446595126249,1.1734768514207519,1.3985854098378347
4.486287152448531,3.365947137919122,8.876189801596205,21.55493342643986,1.071418581564151,1.4280353256936316
3.8246564092793975,4.173220392915843,9.288733376114411,21.179347163491457,1.3635365872442875,1.2496485823139194
4.267091154465439,3.4482042469748486,8.735344990215959,21.901945504835375,1.052352131242037,1.3022669624472807
4.1196888962792455,3.6820909457940414,8.896847105093764,21.712242828254944,1.1445993696059809,1.2806292356901876
3.989908233529278,3.8836665016378054,9.002163971734644,21.502708822833142,1.239957610285264,1.2738779389059536
4.429191224681417,3.512175635598634,8.827114457181962,21.2982849508433,1.1173518413130117,1.4090881219787537
3.9936964412829976,3.901663568452348,9.05297103281533,21.45915156963335,1.2170022847229238,1.2457090695441848
3.93259900156552,4.151803227068478,8.950480266113395,21.17711718388577,1.3185082568360584,1.24889450939864
3.7885081031188235,3.9504492692232387,9.02935800599377,21.924050273569645,1.183036139323812,1.1345398193132445
3.8829895004338337,3.9821343988687454,9.000057163100163,21.484335532608622,1.289695133205803,1.2575850434433846
3.9561961962162178,3.856231769019242,9.040622594456362,21.60413090813055,1.23804016612636,1.2701336665865635
4.265584832737617,3.66529023674985,8.965553738792103,21.33840212522319,1.1966090160985925,1.3925874733219918
4.2495219266373905,3.426929542108235,8.743655580820691,21.869104632407016,1.0790263314737172,1.3380333615484195
4.380158456519212,3.4016334311165815,8.777084211494122,21.39052788423968,1.1248949010346474,1.4484858563507537
4.15315623075132,3.6494392213841156,9.018105009328956,21.60840678911127,1.1587746044418885,1.318715472852558
4.120816980264139,3.745374091461039,8.972738155257362,21.26480832089704,1.2505204829280698,1.375874856390619
4.2071548171718955,3.6060271352103124,8.973713879402135,21.494688177183395,1.1660537114638507,1.3604358218397574
4.242896436935312,3.777253933828753,8.950364665204825,21.271593622943556,1.2117971761406823,1.361181962083217
4.256256100029948,3.694833107353902,8.956020771069792,21.215967471629313,1.2140361205830879,1.3985066425879913
3.9233763653083207,3.842767296860149,9.20725834021983,21.620027181589613,1.248590237541826,1.274781700138056
3.932050753783592,3.8401499808890387,9.190037906273675,21.607617085357305,1.2477530104276333,1.277613684258205
3.814010585152679,4.113536168321071,9.2229378514901,21.1402913195137,1.3894451873453713,1.2882732605673461
3.994503251323396,3.893271777843235,9.229495709504397,21.331392003545027,1.2871031333313128,1.3205699330162401
3.937142807304163,3.9189146110809214,9.048690342365802,21.56520845209273,1.2455649574901897,1.2513585010365906
3.875937673079181,3.724469185277897,9.163785800494878,21.812295341241008,1.2155225057416719,1.2649559542880802
3.7585461231469726,3.9045387100678544,9.23950465778305,21.76704741816915,1.2626450064513306,1.215434100236148
3.888300646085169,3.889981016176765,9.1874295156228,21.47944645985865,1.284734537300481,1.2841795655710198
3.8632366104983404,3.9009085330068594,9.096907266439537,21.69466625474807,1.2438447882250874,1.2318327084549106
4.388868941580379,3.418407677431947,8.96162375384153,21.48073407380931,1.1105047779151676,1.4257690682844317
4.182850438409826,3.6510584977223077,8.788945726340883,21.694289259950686,1.1314306028111645,1.2962282023011635
3.9168658285000353,3.906000884432291,9.149907117977985,21.417416930753667,1.2687268716356122,1.2722559662020025
3.769620288248222,3.953099650706623,9.11282227437663,21.645952805023263,1.2822319995607996,1.2227184201950168
3.9308734805498036,4.0322003595456,9.090095975983733,21.311231193867933,1.3009478497105789,1.2682557774936318
4.247762897042843,3.6306750160483507,8.94556124192613,21.549648987125316,1.146099607069329,1.3408964905163092
4.195663711065751,3.788031488093938,8.978575611459815,21.202924386323332,1.248201671612309,1.382521363440552
4.252642647009577,3.711243089848432,8.694249755679305,21.492524024373115,1.1420285406894277,1.308628715139304
4.3221104802955255,3.634263031466454,8.661109108363396,21.52345953716726,1.1143001203787872,1.3252007867301714
3.7261181643153503,4.267686260245431,9.194818858114612,21.30256154997194,1.3576318012144948,1.185348736171289
4.297739741904945,3.6730917174460505,8.784833665456238,21.547213046022343,1.118721395869449,1.3089717799071334
3.6061288371372746,4.36510979110834,9.122860082054945,21.32426767926787,1.3920699194996196,1.1500245630120391
4.660531106230221,3.2487963419172328,8.716630808032145,21.460421855588436,1.0361350300391212,1.4863780395980057
3.918246776107624,4.173639504922649,9.325858533329125,21.006373447567668,1.3734384568695546,1.28939521476738
4.34244868110845,3.5622461355635613,8.927584717052756,21.365506234789642,1.1614512338141465,1.415832086417609
4.859000921508072,3.0287148669050468,8.451964769059522,21.484017667733223,0.9601823076735401,1.5404311474751138
3.9956464754625425,3.8810125277166296,9.15413251980578,21.29336610644568,1.2740918342415448,1.3117248425626669
4.052887448695224,3.68585625252983,9.054595284181575,21.698754442052817,1.1947104176444099,1.3136776164759754
4.606129514640298,3.374717307678663,8.714726091280305,21.070214141352096,1.144674539856061,1.56235877022691
3.8106179262811923,3.9247944203346297,9.248251835634461,21.697890281947245,1.2817188792662546,1.2444322975185553
3.9000523817744415,3.8253014689536142,9.172824062604917,21.673647506069436,1.2460441121132393,1.2703932870871428
4.243649543834202,3.4876114011729866,9.038329912779789,21.613199772240588,1.1424962981162525,1.3901645959474314
3.433496479495,4.520386393753739,9.563321082929331,20.993952023385248,1.5657582996257917,1.1892845303962987
3.750213583179995,4.1348445017388835,9.240462100866175,21.17204417813086,1.4062267990038626,1.2754169692326298
3.8072692825249144,4.241659069609144,9.31302081518243,20.89364919041745,1.441598744830467,1.293964113769583
4.118588365359095,3.9636785697225343,9.145017465230968,20.937183265635745,1.3288146886612897,1.3807478634226806
4.334500007048212,3.770783243906332,9.044608296194067,20.71994946510616,1.3070178427964407,1.5024116960232359
3.989652761756832,3.9608067493719794,8.95631173794856,21.260175914243952,1.3015239370855518,1.311002757433024
3.5594879609735606,4.067982859375771,9.384710796560075,21.877564196886834,1.2953934574679506,1.1334702175437954
3.4028071936728965,4.2693444912826735,9.60693720084372,21.697632182280035,1.3957140836677375,1.112429773215201
3.248599111692788,4.5574346629677684,9.645564728014563,21.46603706361051,1.4987024110901803,1.0682947055545822
4.167830918769387,3.6430473762102795,8.754217331990407,21.546499717027093,1.1646085707510994,1.3323712563105814
3.569804342197564,4.424565163165838,9.466258847920608,21.22109368772449,1.4480576850998594,1.1683142684971415
3.714741056731475,4.006553211491085,9.047118063547398,21.69595395233887,1.2915769868796025,1.1975066367097131
3.361329607746305,4.471194199518784,9.607532860965367,21.541269593002983,1.42768047358985,1.0732937179949185
3.146037771662455,4.559281006556752,9.673996320118798,21.76952135130807,1.4635862052543387,1.009917457860678
3.7431246911338945,4.197236316104872,9.187039127537307,21.2237826413351,1.379905743959477,1.2306095898945206
4.0527118452459945,3.9485874444385387,8.962483122149669,21.070609019868073,1.3187447924025129,1.3535201426408028
3.908376213173141,4.021509638005167,8.993045249261847,21.50651515113176,1.2625406649684232,1.227022771869842
4.319115082926957,3.682596004394121,9.035684644061167,21.080214326489525,1.2411968197214005,1.4557317442757802
3.924755330387213,3.8165353133094784,9.079700183255033,21.648382395491772,1.2307306613256987,1.265628725211623
3.9017871910480837,3.963144310821904,9.2116517355091,21.37883847314998,1.292673602721009,1.272660521477909
4.562264618205072,3.2953185017034463,8.743858638516551,21.504056382315973,1.0488848468289735,1.452148016279949
4.564137994200188,3.342350528474065,8.772091515716355,21.35228055332373,1.076733917672601,1.4703311760472841
3.771413325384407,4.005653095573459,9.230844698742045,21.558672804345264,1.309512051197926,1.2329353246033623
4.271199140135392,3.6274628706238428,8.972667374525598,21.383986827013086,1.1780287363102162,1.3870838944569697
4.351840329157034,3.516358226248249,8.898757088878366,21.39851886466643,1.1491253789418865,1.4221560619188494
4.329334241791775,3.6641191328948635,8.89377273490764,21.244025441213466,1.195418623280069,1.4124450082912972
3.672557155342999,3.9270423055155828,9.320563191483389,21.897093243754156,1.2691884796289916,1.186940926455945
3.9435698375770083,3.9346349299986767,9.251031574169637,21.333423529519187,1.2797018303177605,1.2826078223056157
3.783280460822465,3.942724779460836,9.142039678215763,21.68750054454062,1.2905463824272672,1.2383565137128019
3.7117361631514223,4.023439865633352,9.136461378051969,21.641821313335264,1.3233488175272692,1.2208264138443694
3.5250746783224267,4.22216271628142,9.255331561039972,21.621184785234824,1.3864452078397826,1.1575401573679514
3.5160356059440194,4.266576263302829,9.197554524428845,21.525113121695206,1.40646184327914,1.1590487581119606
3.6030091437951897,4.078135090886272,9.166327254605381,21.91671955707895,1.272898641649064,1.124598705725894
4.128544350816976,3.881184348528023,9.131791866936803,21.032265089540992,1.3084117880515522,1.3918009584242688
3.7904076006212395,4.160689763663437,9.11199964986739,21.328798299192826,1.3328189998895361,1.2142042676562206
3.842111095496666,4.094108964833853,9.216838005658683,21.47325548440469,1.3003586477387483,1.2203198379711024
4.1005837326856955,3.8370556595380174,9.123002991407668,21.399689239985562,1.2325655731601068,1.3172178845529923
3.894744900304539,3.914017575780045,9.150004242464,21.426702159947695,1.2914404500616108,1.2850813798203335
4.03075593093071,3.8194586748377146,9.114429322071286,21.244709891489443,1.290882918838794,1.3622961849345565
4.0450741241224675,3.94247156058711,9.229090002059042,21.04117216880577,1.3307401158337184,1.3653725399832903
3.9105059040785357,4.078659617008316,9.062396485210515,21.12955380566205,1.3457768139242512,1.2902935450845336
4.0071480500514705,3.6055666245289713,9.109748652322843,21.840953011930363,1.1585299189520493,1.2875648654145926
4.195652304586177,3.7189366525617573,8.829956276836365,21.37941653425564,1.1998812366051106,1.3536892251509907
3.8703737090356727,3.879155122033043,9.117128639326467,21.65186008144871,1.253067819781281,1.2502311953893575
3.712326399805059,4.127162048373448,9.352124814055138,21.293342512281903,1.3934280836782522,1.2533697006899012
4.153912634045924,3.649829601780362,8.980028650177657,21.55587437767391,1.184634211333939,1.3482456865336159
3.6636813236061494,4.1772088154087745,9.315974551202297,21.412883041111968,1.367603274489304,1.1994762043895482
4.183210365437684,3.7663566865673532,9.019805472922581,21.128857340202728,1.2736651077848575,1.4146321032163989
3.7784123915059395,4.2435753135040395,9.133941682052388,20.903158731213757,1.4486304516693422,1.2898376592686525
3.9114026283952947,3.7133266375993297,9.15019835057298,22.21461591062506,1.1074739603374633,1.1665487532073935
3.701800955606579,4.409920761463314,8.891051101200432,21.030720859232297,1.4174810156135809,1.189870036669635
2.903666820451826,5.126847177546018,9.53440111718184,21.18993953014615,1.6467893268577751,0.9326838431255734
3.1911003791327572,4.886502871675446,9.391393046813803,21.138032282126694,1.5750635566410613,1.0285854822453304
3.295884742752455,4.799840635325117,9.34457466920685,21.093146710632382,1.5529262775687531,1.0663408253994109
3.884048204596839,4.256264071731512,9.073537967534394,21.066719849797973,1.3644415127244662,1.2451193155454094
3.7380008041350474,4.120167493172729,9.02696790797739,21.58290673096995,1.28971298369219,1.1700854827220757
3.773400005374866,4.018034188968554,9.030321416289555,21.660310228689212,1.2740709012377969,1.1965003082297787
3.7351038381575288,4.039957283758912,9.195812619852186,21.595778696074426,1.3039422696261807,1.2055473446701992
3.4695621464346,4.218064681605431,9.257881534992919,21.941832422032377,1.3089710793250178,1.076692002237189
3.496217046343401,4.227558389594172,9.360684118412637,21.90238536529826,1.3233465718354445,1.0944158344588415
3.9552389937027383,4.097805293319937,9.077226118196307,20.88758269787021,1.3873079057936075,1.3390422268749196
4.172794847827275,3.567226729703634,9.10616069703641,21.844431142352406,1.110851737163043,1.29942859166651
4.003398699559536,3.916111747375731,9.072185683993666,21.147314901588356,1.311935273280576,1.3411772456384454
4.244526323758952,3.482086844177817,8.950243688045825,21.663905191807522,1.1206674047551042,1.3660493010434405
3.480920442733845,4.310358041290087,9.421604106976423,21.41261152778562,1.4341657373890022,1.1581907548570305
4.30041147040039,3.476343292678708,8.989570274010534,21.560221112254176,1.141507287847132,1.4121019188587784
4.097954723531606,3.687250576215102,9.115171123729418,21.539577259897886,1.2062373530641652,1.340594016196092
3.750892404980708,4.0436786381243905,9.36913295911773,21.47817675854788,1.33133126372099,1.234935011532144
4.602668676603137,3.11331308494433,8.537271066698185,21.839253325828274,0.9754237461254673,1.4420497393653093
4.427974570050158,3.3232946464074957,8.680792981435271,21.668404736234613,1.0629614798391434,1.4162952438654985
4.263882743734847,3.5469865156572156,8.940810586479985,21.558846344330096,1.1438981594178046,1.3750961840428355
4.3711801612282875,3.520189531736706,8.794119058628503,21.31378284049198,1.155978864005351,1.4354317662681306
3.8503511702294504,3.9511875593115118,9.300167103255124,21.51629864940884,1.2899286997965724,1.257009039489819
3.9714770958651773,3.663722627721446,9.071869039943763,21.975123211642668,1.1525078440328125,1.2493190589124679
4.478992389091084,3.5280571999686035,8.804088465616742,21.221154706231715,1.13189886595868,1.4369853203896108
3.612690832180949,4.0623364862896985,9.174245620533124,21.869114976397007,1.290512497139936,1.14767023435092
3.510494320325322,4.111119245253491,9.377011126396118,22.00953925860413,1.289967471850407,1.1015062354524447
4.308623683366006,3.6533345417067107,8.784227448079278,21.1320382174291,1.2224510996260063,1.441718982884286
4.216260311953062,3.6636938502025846,8.767856775011328,21.292492503594303,1.2205890357718578,1.4046809911383218
3.5032974343135885,4.191998913483778,9.505874916769157,21.86223364216833,1.315337754099148,1.099241549030324
3.6500965167615793,4.480262079976723,9.411428299421443,20.718438035774096,1.5414477911880393,1.2558268049833647
3.727296672429729,4.346077183335103,9.307751061906096,20.868498637098757,1.478121480443835,1.2676712913960253
3.6902317392501867,3.858743856251921,9.108861578942298,22.256156173276562,1.1656483961852266,1.1147442972768213
3.5528625647256677,4.207732167477409,9.427886369940143,21.490721780668125,1.3843937526746575,1.1689338919274934
3.8948740928260173,4.001972584100581,9.21969170853383,21.29126834983741,1.3223899347182744,1.2870008949613156
3.9667595268267877,3.859627944611123,9.142093050470372,21.611346616755256,1.2223314249097068,1.2562596432306825
4.897315876502472,3.076085821582869,8.51749090378612,21.346075102649802,0.9777309267667541,1.5566071521822484
4.07510663570866,3.6373308975481065,9.007298680274484,21.829346379507804,1.1415167022637083,1.27890544445732
4.132470899795712,3.570317485575018,8.999071486851095,21.8540466772632,1.1256453261946644,1.3028803664616742
4.198170670922998,3.6625544383717137,8.947538541263064,21.507134293979817,1.1769516196091938,1.3490703970902098
4.1757055634107,3.7775875634275686,8.956927519805763,21.121396330433612,1.2755119590728614,1.4099375048939358
4.474952518211105,3.445728811081448,8.646460377491275,21.395461844098058,1.1142211267164583,1.4470339687814662
4.575027344454776,3.2485146216236527,8.526674206981482,21.665344287794092,1.020734205457513,1.437545292332521
3.4803054061067793,4.30069948817164,9.408163614310629,21.51625310128575,1.408331297758517,1.1396804270233
4.502682238795721,3.2495441091321577,8.638192123164183,21.91634060602997,0.981402537563796,1.3598657616553185
4.427300741752768,3.3325165533639782,8.743437738219743,21.89706662584928,1.0104407352876652,1.3423864353563477
3.683291394155919,4.192287937130692,9.4076176811027,21.161739563922865,1.4349834221143525,1.2607583660028157
3.8570917198776233,4.034223575734104,9.35621964111699,21.39666672719308,1.3110789831837566,1.2535130478541792
4.080797678873978,3.678350052770737,9.083597477753797,21.580528520906256,1.2013815769806346,1.3328245219868693
3.782258307713865,4.016365347890092,9.190445360141826,21.57784270051085,1.2729807869224194,1.1987809225141264
4.317785852667336,3.511172842854121,8.962671887065817,21.456581120960106,1.1372955868106005,1.3985636751052495
4.4002666760270746,3.4913447848482306,9.19479423288212,21.3192502924782,1.1596336751876022,1.4615277870783607
4.184668444684325,3.6917502202034385,9.332391368969773,21.510242961507192,1.1883602252400738,1.3470287096525333
4.548346998839893,3.319542890222598,9.005043133218958,21.470536301348346,1.074194675744744,1.4718322043628638
4.519569224165026,3.3239988145926325,8.963049002914977,21.659529437601073,1.037743664756204,1.4109975939865556
4.595761716343265,3.239513889860818,8.803813134810365,21.557659774074743,1.0371602466413437,1.4713754956093783
3.3917662376072926,4.490703306693818,9.372290680076222,21.544227329603466,1.4213218884025367,1.073504808627664
3.402170873461095,4.347954438921782,9.49280743145729,21.813170599866964,1.362920223580919,1.0664526394319702
3.937831877785819,3.822336282164642,9.270647805098188,21.70750071571294,1.2120682734324721,1.2486920911292074
3.6155025679203905,4.192366706066908,9.308853607983506,21.569039890190226,1.3505192451596355,1.1646895754215643
4.407541855000456,3.4889887887375166,8.907236686347796,21.432570039308786,1.1142116480593427,1.407552380220632
3.957352133518743,3.8207747389945808,9.30903523385236,21.55651295742348,1.250579385725482,1.2952825901318636
3.934232290211787,3.8644454632865477,9.07348477055791,21.467283369853902,1.258936301678697,1.2816710434753722
4.143193820348821,3.750098500306253,8.987488472459118,21.443560739519953,1.2018118164386338,1.3277889342597533
4.276672354359517,3.5848768377427356,8.916115543175403,21.484687522034204,1.1472035157759204,1.3685863651126666
4.13784752533534,3.541190706369101,9.001053151882054,21.754021788648867,1.1411260745113485,1.3333949213805085
4.315913200072734,3.540552417834254,8.91857348927747,21.360408232735868,1.1653502698598401,1.4205553311573251
4.350045654018264,3.5658030906623237,8.865085104169937,21.229500939813875,1.1878856269358469,1.4491424729690385
4.114285249414395,3.626877284164737,9.184059113887656,21.5794725542086,1.186565085464023,1.3460249261560127
4.278658825276244,3.651564367250015,8.742181930703062,21.384235439697747,1.1798134675618344,1.3824264883395339
3.8780158271341887,3.6753021465812195,9.26394345734556,22.087357133389,1.1403177283251587,1.2032126943685948
4.501888954072629,3.6206213485487315,8.74270498560408,20.832202627135953,1.2361610640370837,1.5370455244854258
4.216855189841629,3.782021495550498,9.035684228336526,21.00415966370234,1.2798112258048722,1.4269560910486883
4.271369852555187,3.6188280122904377,8.980616165205692,21.325831162580123,1.19550532863978,1.41107712275308
3.5274566204936915,4.2170860289269365,9.195880002172178,21.648863382485324,1.3481719243665886,1.1277023868020872
3.6331003802219093,4.140990201744427,9.221402275270234,21.51944464885151,1.345343735437835,1.1803381796675945
3.8926723408385975,3.9056391986152375,9.003473607623814,21.699854908968433,1.2343656052380956,1.2302674685609611
4.072481243850942,4.062219116687901,9.121188432865855,20.84853869030926,1.3575691518131388,1.360998692876371
3.913241839536971,3.9891151204091764,9.247968976256288,21.191495857261263,1.3474219052201108,1.3217938354396526
4.262230420904139,3.406729223899334,8.892850158730706,21.89523040050582,1.0629869826372245,1.3299253203445542
3.8529745014167567,3.8957437310760294,9.19456534782887,21.641562280309355,1.2573787736712,1.2435747030618163
3.7947467646660575,3.7746197731901163,9.192077329231633,22.118023383677084,1.1642760486470372,1.170484190265221
3.6023203685605,3.9919272845428595,9.301517383418432,22.088944729469766,1.2264000533816508,1.1067050017185682
4.033895528103987,4.048475180548753,8.981275566024749,21.01290127510004,1.3350588724389347,1.3302509648971077
3.5623854875567176,4.2969939008062985,9.396060303170056,21.36347886706838,1.414140570784679,1.1723809628361874
3.628698476025937,4.133800421804652,9.280902321463163,21.76108560159065,1.2976228608872287,1.1390685609592834
4.074040185697929,3.7295797374144546,9.140804008173113,21.48932584547832,1.216860594120536,1.3292486848065495
4.519827498516737,3.171661178424787,8.777395757256192,21.814435680662367,1.013490586871496,1.4442912929005614
4.35927666772028,3.3586129358108066,8.757030877140977,21.92938521203225,1.0366636939029263,1.3455268408334118
4.2222745652932,3.6620116737626103,9.015767473162727,21.211452827357984,1.2385621933071724,1.4280537890698268
3.842473626660131,3.922649873827904,9.165264379168443,21.51956026692708,1.2987455334041467,1.2722000740224664
4.110400046163435,3.70013484700469,9.224695942322397,21.499857930276747,1.2125098968710093,1.3469511091215378
3.824771348714734,3.718400780932558,9.106024180846063,22.028412737043688,1.184023010228647,1.2178938077260584
4.182591605301146,3.5788256311590247,8.959882656794736,21.580476225077614,1.1790915684922272,1.3780102761418422
3.9268088210789065,3.6414641370446454,9.108508067597011,22.243146192151556,1.095001639386003,1.1808058338112646
4.436402978889642,3.241533280487079,8.701602993837433,21.91590701801207,1.0202293156618454,1.3962985980735154
3.4127113805841063,4.326523213036138,9.588471064835902,21.754549330365855,1.3898380077706904,1.0962881169794754
3.419937151592414,4.262203639908879,9.57829652997426,21.84777052156518,1.3678688431688113,1.0975602928626764
4.45229184047161,3.3218575103632357,8.727499988682535,21.64549295077464,1.0564401382576336,1.4159486952216802
4.587114153819567,3.141532778639435,8.601866886502044,21.711236221690932,0.9998291486360497,1.4599021440406819
3.879366030480612,4.000024639556978,9.176693652434446,21.42086835240761,1.2877744966003744,1.2489294659905061
3.7637735347743644,3.9338012525820787,9.046004086158648,21.87848220234682,1.2355717862380906,1.1821676009443447
3.8141781121274856,3.8019950732714762,8.869616730692716,22.096140218160333,1.1590195600857596,1.1627334997577672
4.189513702235567,3.486256396740126,8.873997436817493,21.802232992333188,1.1205319395559084,1.3465687489169524
4.093319202247767,3.523676625879472,8.995465086498141,21.850247560605457,1.143298174249405,1.3281253836344458
3.3851887690320943,4.559228311853054,9.504846668530393,21.225670269010983,1.5193701975121012,1.1281196239390725
4.2164737539517905,3.5299728880300854,8.840229166044756,21.62320223144301,1.1319512134149128,1.3520904362473347
3.3638551050453778,4.262966786849386,9.46637450186564,22.010815583161154,1.3463082774292554,1.0623554436234117
3.6589754501517753,3.9175447922518396,9.367322738833856,22.10434109513385,1.2256822194954509,1.1447836307299821
3.543097144183291,4.271949615413945,9.046675603228987,21.705829304401448,1.305718255951604,1.0829450345288862
3.77692751594238,3.987748549562801,8.987740554356506,21.85043960525423,1.2071200048416346,1.143302970251402
3.8732436893592648,3.8762081131591755,8.929164827667417,21.920621215218162,1.1593363219214072,1.1584496914607931
4.142112028667468,3.6106485130599406,8.790243800019015,21.898953762939698,1.0802193343628252,1.2392204564579683
3.5342293602041552,4.235395927338863,9.378464862600138,21.45202017915976,1.4166410022558904,1.182117164235832
4.078896063116374,3.732233730997054,9.139651557589593,21.436707049756457,1.2234741469621828,1.3371145113239027
4.171035661143308,3.6932510578908033,9.0013414574426,21.432832892992288,1.202504999795961,1.3580693969167954
3.615027860695078,4.222170058301648,9.393107186628493,21.252151191772104,1.439116544720291,1.2321735818579864
3.7324182800519616,4.127855123811323,9.392194271258651,21.21195064559592,1.4120922981485624,1.2768178505896577
3.1868872313852106,4.397051637328866,9.647868551836348,21.881491212865576,1.3982404087063764,1.0134141857884011
3.7741452472511456,3.940271151689065,9.256007450474064,21.79393336620172,1.2525510659630799,1.1997422183794313
3.4730127021524817,4.385280942325805,9.335167146944654,21.48466007865685,1.4049162062917915,1.112652049910275
3.532515057502523,4.146180048804595,9.254118675122863,21.751454229694136,1.3309465868904713,1.1339567514145261
3.708454181786811,4.159457219309361,9.424350593217257,21.334799907286914,1.3503459125399515,1.2039301481381728
4.136457582423132,3.8038501082890614,8.885995602418973,21.26496993548247,1.2392547541034322,1.3476148055872639
4.048392487823827,3.776808308672618,9.034332030328523,21.49742166156023,1.2240028545461787,1.312018920854689
2.791046067344654,4.915545849214997,9.752140180183451,21.740342576608317,1.5750468444948145,0.8943113208704779
5.086879522573787,3.005144277046389,8.555350011609963,21.042972448600963,0.9811969919389543,1.660895592943345
4.251543666265359,3.7162917491072744,8.980842019517324,21.29012448046698,1.2070802568867427,1.380934212733322
4.190328819525166,3.7402131380568058,8.981209715917718,21.37744854693097,1.2074018239304913,1.352706509712909
4.2709887031698885,3.628557549666183,8.968582651976769,21.4131335208372,1.169148169237832,1.3761442542384144
3.9745060656903286,3.729114262294329,9.0808811016378,21.791845449171642,1.1615514629925598,1.237986559423646
4.027655440556735,3.832982561250945,9.135877803101295,21.39201651423911,1.2480118782777976,1.3113969998821273
4.307748291082721,3.4704441418626395,8.83446519799019,21.675348935915004,1.103981630127329,1.3703361259159397
4.1712274365816775,3.599598717038372,8.88667298246253,21.713252983771458,1.1423598533374761,1.3237705470156456
3.8516671861712397,3.8360930530794635,8.988734842413225,21.8761688982784,1.200546535776188,1.20542062805506
4.522585378208316,3.4191294493857174,8.864143033231777,21.39365629283291,1.0917801715576325,1.4441304762507365
4.192684497927675,3.756678061242711,9.00845341965437,21.36541477897125,1.2052175425169267,1.3450971376210077
4.0252416627805845,3.8106928624765044,9.15388484532163,21.474267501762984,1.2434762617287547,1.3134861916256309
4.049480914326941,3.8053374613243,9.163148336421585,21.430506832017027,1.2464936064683494,1.3264663437937245
3.9768526244727673,3.9420873437253725,9.28322524629384,21.339737541707557,1.283339221102869,1.294656993751108
4.461943595099502,3.321274012396611,8.652203201906943,21.478275043081137,1.0920556836688815,1.4671149820975686
4.649925463083969,3.239909453024991,8.687024338100999,21.26014021024031,1.0822066786128828,1.553185502299517
3.6318916666529373,4.121622675654929,9.193647034692349,21.74848874326179,1.300668366256172,1.1461230132460518
3.857590070094277,3.8110697408878833,9.049977113845372,21.891130391751716,1.2091996159107237,1.2239598717005604
4.2751620634448555,3.575670907102194,8.955934336194261,21.56439954118983,1.135435540810812,1.3575552884130795
4.231815111358006,3.525071263052856,8.870480836229909,21.64002054745848,1.150050044526194,1.3806243318408968
3.6767900665935587,4.0598790692596065,8.841906597596726,21.798095570656592,1.253287103521681,1.135027298647764
3.6421784712905594,4.149444470526281,8.887667743380288,21.818296890950727,1.2740061122008515,1.1182599663906352
4.545298684611814,3.2831004051044825,8.594766082908974,21.43525730452692,1.0747040717612526,1.4878774332117708
3.7626024841809484,4.172766617328445,9.392439659846804,21.25095734163554,1.3943676515717602,1.257307602078265
3.480989954069585,4.4794360321469195,9.494629274496901,21.131632147197138,1.5035599067517962,1.1684231883620166
4.691134525162156,3.0256382665035675,8.523236853546216,21.761724121229108,0.9527231460461026,1.4771602054408077
4.833407916261005,2.840444030452795,8.504628803965817,21.73615902739941,0.9119816278638925,1.551862727215667
4.328941297333889,3.644622307713055,8.967272507546562,21.102773103410176,1.2245220203304983,1.4544398556978724
3.6621577944265415,4.336394276941902,9.317694738804784,21.000034883467965,1.4811296401936473,1.2508388559668822
3.5623412611837812,4.2578856874037685,9.397391207513738,21.429653017984865,1.4167869529400743,1.1853485488575222
3.8052025636124283,3.9408746805014743,9.115358403156822,21.73955691092574,1.2517457439250774,1.2086520125447233
4.19048249875986,3.4897825493785937,8.99034376952825,21.904104325460814,1.092082762790505,1.3113578396126182
3.9036716345168228,3.8425446854975043,9.186173599162737,21.71077744407151,1.2230650629339417,1.2425215017963027
3.5208567473245025,4.306362519548303,9.330289483155635,21.405124569560954,1.4132028866148891,1.1554263943385796
3.731260116567447,4.127521480087614,9.418846590587318,21.344317437751194,1.3661728130666626,1.235013834410424
3.9304792369763577,3.764882825924268,9.208189083176029,21.50095114381444,1.2777513929984436,1.3339526228057499
3.801335811623033,4.003869878513288,9.330350631335563,21.362694837170555,1.347853283920715,1.2796726947789885
3.8794998308560076,3.8679901321651298,9.14096869022019,21.54938565726149,1.2794721487550802,1.2832793815587735
4.046570316615971,3.716788530896135,9.052954144513933,21.543012370893443,1.2237180652477122,1.3322956518982267
4.257615214442099,3.3642846474130663,8.826157950095675,21.839158268184956,1.09338013386052,1.383709281755589
3.746207657019387,4.21167685869411,9.403586639844631,20.96224606057621,1.475137959347886,1.312107577071445
4.084248417102682,3.859487148637154,9.171258554276376,21.02351532852476,1.3489031245083856,1.4274579079875007
3.75664048305597,4.04726449537699,9.202334095789942,21.354011153010493,1.3794352807554453,1.2803814589732894
3.2666127086264245,4.129659171649887,9.439792792880331,22.63742370125699,1.2093737868088794,0.9566299825879376
3.9872368852097293,3.807924891698748,9.026534980677546,21.710680226346035,1.2021355565464684,1.25874311295723
4.388105587822579,3.2014463633312937,8.741041203560941,22.12436283002492,0.9869746472523183,1.352810096790286
3.738129901596135,3.9122050539347266,9.2262270977915,21.96224168386194,1.2254012073711906,1.1708764831023297
4.14587601385224,3.6453134580254294,9.21151847069169,21.449034076477403,1.2018089536661767,1.3668374398004106
3.5254401980133534,4.217708552739688,9.495309978178215,21.64273965180472,1.3587532918825702,1.1357360079501515
3.557244263342193,4.282907298896504,9.477806731634002,21.34265493527961,1.4284446648179798,1.186419932725308
3.9160234775859566,3.8223151066683583,9.191956769364312,21.591767753408618,1.2458451314167291,1.2763884315954637
3.9659404551097084,3.835688698150296,9.120100848797826,21.535701719343642,1.2445540671977124,1.286816452558041
4.086149009087979,3.9895877524708006,9.071543639541229,20.877837023760407,1.3585655614210665,1.3914473542144188
3.6750819382311595,4.157457068268188,9.400932381942305,21.462488429722672,1.352489157977425,1.1955645950198102
4.215863049611001,3.7461157849507893,9.049296475587443,21.276754515589005,1.2327003151662836,1.3872757833142202
3.8057809598636974,3.8218003247396393,9.096712693790877,22.07767529405446,1.1492052174623646,1.1443882369475284
3.154564298668551,4.772885023084054,9.439956292901105,21.424612417283306,1.531941127785262,1.0125127184083684
4.8738253729543946,2.972024926541994,8.563278185681458,21.44305132620792,0.9539510924424329,1.5643849408467598
4.149116617225515,3.534987192044913,8.87810689844266,21.829374491773592,1.1071825975990583,1.2995322088688346
3.6310897684910772,4.0077689054763574,9.123792738772444,22.08521800000895,1.203981174502786,1.0908223071992007
3.0686595448585385,4.503715366327964,9.553272826462289,22.35158571504129,1.3432027069583017,0.9152069951410123
4.951075109334494,2.839870667662144,8.306264351298767,21.539408659791953,0.9220556420466951,1.6075262830602748
4.479040660693249,3.321113869553511,8.644440979110112,21.54067362899449,1.0713806243327737,1.4449240730522
3.9854783854511173,3.9906844540837474,9.223873103300642,21.014910208661696,1.365809765550643,1.3640279911557023
4.45718276299153,3.440716597743107,8.857028755656025,21.33767406505484,1.1253126937215703,1.4577557316755902
3.859153337153791,3.9155382365665674,9.277202722530495,21.510938546263446,1.2890821421494616,1.2705189810899902
3.8889061281938884,3.885771006007726,9.065178237168963,21.69873935908376,1.2220245936340406,1.2230105489076828
3.6888720561584116,4.266934496992231,9.418057451583586,21.13189865440455,1.4280480670281384,1.2345834258820882
3.835674018042353,3.866219482448771,8.909349450398933,21.895979863531203,1.194703983665849,1.1852651020464962
3.907072667338098,4.0738588925991746,9.357994944130086,21.11075187807528,1.366844911836254,1.3108854617491084
4.105318661500764,3.975889627634632,9.01627163257004,21.10984227917273,1.2786615237075674,1.3202864029559698
4.000074655201846,3.7446810589466106,8.89275089983825,21.76439237284299,1.1676121769249108,1.2472453067434865
3.4334032606331064,4.398739791129494,9.367420187083283,21.601260571838203,1.3752664593280735,1.0734538913209721
3.798264977039901,4.077220148788774,9.149396310509161,21.368651095902795,1.3471558584353989,1.254986174153331
3.5570591266805094,4.257842002925713,9.237829184051787,21.634247346051062,1.341584220460954,1.1207777067167168
3.8209456207413965,4.041655427530937,9.090022708759133,21.59163259919525,1.2564565493459101,1.1878430103597328
2.9584599500736206,4.703255811445521,9.686066908984614,21.960902566975484,1.4570134718725138,0.9164961839334305
3.0739067378254195,4.847342913615397,9.360635100140541,21.592259735339766,1.5128859769351375,0.9593854779698167
3.3003217061122907,4.633462404652461,9.363846350810043,21.54298450930746,1.4447704414345341,1.029080810805343
3.7108482708767334,4.020215218086811,9.134118643529261,21.535851213708813,1.3151881497454216,1.21398069670582
4.322562766506195,3.4231494644069658,8.772588943676666,21.653281428370605,1.0991851439793199,1.387989869056122
4.658918046273111,3.1302587167354066,8.50966324728624,21.51505589702336,1.0184191296478882,1.515763293436222
4.05727955357895,3.8330783450134964,9.005594013471482,21.373898631032933,1.242218288537868,1.3148770803819252
3.9327293660555305,3.9179441342552903,9.073775630690138,21.50685126573608,1.2571155506181009,1.2618595551721903
4.28759131819567,3.5162231175511223,8.888690362425956,21.681974314118474,1.103177404895734,1.3451859297696598
4.185245490794211,3.5826906663359464,9.117240173431998,21.776410209926105,1.127353740893192,1.3169577281503404
3.911076158894458,3.910370727336584,9.185492729441044,21.584341226422396,1.2494334694865474,1.2496588675012874
4.10286041703534,3.9938252247728636,9.178258658714203,20.906632216588783,1.3368507354502528,1.3733480203243902
4.861487304103833,3.1153142589757556,8.537727813590607,21.434422119495594,0.976342080005755,1.5235941647732323
3.5170675050153113,4.0245906117002,9.250202380494311,22.097337038893023,1.2589486789990643,1.1001882965480114
3.700720906698476,4.123622021498918,9.383480663515572,21.372439657216486,1.388435789693353,1.2460437275138234
3.2944465942726247,4.361225927845725,9.571088552340118,21.85774604199466,1.3884057913454162,1.0487942625402318
3.77739092404447,4.082338159728051,9.00216857461843,21.356067579695555,1.3476648308879247,1.2469953986342697
3.705865578719085,4.169413879817174,9.454705567993352,21.293132296156415,1.3935163553722647,1.2385875913529103
3.676370127973772,4.085760070141556,9.220532104204338,21.610048882191396,1.316608470740452,1.1846853385837037
3.523604566790714,4.189701500422989,9.362806430337105,21.723469858132457,1.3340450503994088,1.1219527766876307
3.3869306195453484,4.548103264392966,9.53749562802467,21.249045377366095,1.4912717935872137,1.110536372229661
4.068578890428412,3.77841538389031,8.832177894390947,21.537400127901535,1.2077631348336255,1.3005133358213077
3.7151522342458314,3.8538408793260346,9.3788951445162,22.112630801724617,1.2005496737020231,1.1573453451345364
3.7845178670871906,4.095897588632144,9.214064188735836,21.550019469769936,1.2965602070784759,1.1979926654077895
3.8442200100939155,4.2480889002459,9.352935711350224,21.1606189707869,1.356932790377783,1.2279282066862816
3.8764401377055937,3.6613119734512027,8.839506282920217,22.15862772557193,1.1275437745368564,1.193795004721957
4.281581627659975,3.404791310116405,8.665126716618976,21.868677648377187,1.0741844306014847,1.350804764191103
3.679192624875005,4.308669115141786,9.449180232389288,21.127138437244326,1.4312269299612734,1.222131341376566
4.04023171531957,3.6983790769650438,8.99511045146616,21.58068922759091,1.2240689035013075,1.337213385308468
3.6869866546841887,4.340702749340576,9.306664214738728,21.21572173996781,1.396116531352879,1.1858593681090073
3.716256194038201,3.874724814600576,9.166196228391913,21.89863786920842,1.2478344816350355,1.1968005067189988
4.586996147168978,3.2683775515294946,8.733274742627357,21.414785853185094,1.0689782792698024,1.5002548423829665
3.1546363766328134,4.589150640513232,9.442302896714493,21.629477993178803,1.4940066040875462,1.026997793137848
4.172973135039749,3.8516036718159334,8.848120353267282,20.866959635566012,1.3476003675205899,1.4600412216820262
3.1630840940722793,4.633607530508943,9.48751813221916,21.48700057601716,1.55528510888651,1.061699239151152
3.545457653315223,4.429121189863762,9.481115067275566,21.085770742210478,1.4992742631299623,1.2001508161026795
3.9281132295195955,4.106269981121952,9.151573315470774,20.953112470422134,1.4072932192600105,1.3462356683322747
3.7094669911664604,4.422071297766648,9.456368611505106,20.79111966070176,1.5213029015624895,1.2761492334512798
4.1811656338643886,3.8343983827779233,9.178753500049561,20.99669469891885,1.3019200063952687,1.4196603079194643
4.1820300601338305,3.795252902294742,9.143236985470232,21.166275137539007,1.2589072669261254,1.3872034799111033
3.8676614388000776,3.9298738478877864,9.123024270440908,21.564818239661125,1.2580758603738584,1.238159717230735
3.8062011906552353,3.937302025928321,9.207248581766548,21.608235237306438,1.2910436724257777,1.248055630686931
3.61605016660748,4.381819536779849,9.523868291272722,20.888482447089352,1.5347472888981817,1.2665339462608445
3.89724926593609,4.113671843019609,9.269150407731765,20.966830081944323,1.421127102286357,1.346360810375653
4.207892132438105,3.536035412547133,8.974136452271384,21.68579393376809,1.1153504392453883,1.3272701742631363
4.22076561426217,3.596313576596576,8.99219750210277,21.465027890745993,1.1751061329718793,1.3791476892985848
4.248502202716827,3.5534833969395065,8.997791285823673,21.48679123339018,1.1607040294703233,1.3877238402616667
4.238625352522167,3.563890152054261,8.802170021221272,21.694653163336344,1.1334837021138042,1.3480810438786799
4.083680626837745,3.7970839425247207,9.195920090786306,21.36254491828837,1.241638112126546,1.3353545986300137
4.049692115863263,3.821530707068246,9.013993713985812,21.395337253577935,1.250817914463463,1.3254969892598996
4.085933866478441,3.7980870725004086,9.10922777149544,21.366611280170652,1.2432019435420854,1.3374208718828362
4.058416041673372,3.687182038127435,8.982499963137526,21.648909283587773,1.1807742217004777,1.2996572974675538
4.057686213955948,3.837695649178878,9.071231745038245,21.29236616319563,1.2775869148822594,1.3508228076286994
4.2183022959761365,3.517111222987526,8.85233389506097,21.759868800272336,1.1065129554815107,1.327113601107619
3.9712250586591007,3.883246702518138,9.131491565767549,21.322112977108105,1.29000349267691,1.3192296519699107
3.983222563322586,3.8342033763018564,9.13504460891745,21.382122609574417,1.2731160900029637,1.322596700731088
4.773856839540127,3.0974636550873145,8.621149918432426,21.46759272612165,1.0049495091568243,1.5488430606123005
4.397581264121636,3.5342631848212656,8.922114692006181,21.333479425694073,1.1434119044699815,1.4227142986594297
4.3278204022802,3.6304931113279384,9.04422934288372,21.266142714134798,1.17951949900801,1.4060758128878543
4.43765325250862,3.4096196861120465,8.859600132542502,21.443046715153265,1.1079687919490713,1.4420321812716292
3.8624226930957812,3.8965359581565715,9.013713853259294,21.608713601785297,1.2638030879217124,1.2527387861454973
4.19798114077491,3.67553487607569,9.095416066262256,21.463959615433694,1.181574281044548,1.349525093758773
3.4378246784667685,4.410618476934575,9.478109745563113,21.522664548037604,1.4056804254445832,1.0956474430746228
4.106520306785176,3.6452609848078756,9.131979626748453,21.71238943069231,1.1553220747008375,1.3015127258127503
4.05889848748204,3.759412256836724,9.151076341949748,21.69008519814922,1.1703787196329838,1.2636146531310841
4.601750553141944,3.201454055644194,8.529446348379352,21.72057234896266,0.9931843219229626,1.4275970928657444
4.5677831339446096,3.2123570824436394,8.558255848334078,21.762956074453577,0.9945723156355669,1.4142234291688782
3.373390627241798,4.462550568309954,9.651175754139702,21.309992473296454,1.5081149529482403,1.1400343299651414
3.4734311381978022,4.232850583985643,9.47194003809296,21.73045108240627,1.360747663796481,1.1166147287462684
3.853845867928956,3.8241901444026607,9.02958947000865,21.864603395881986,1.2104681120156597,1.2198550165135635
3.9080378218838354,3.839094894451133,9.18204108113066,21.733542762138576,1.2152293390437252,1.2370525735401885
3.9100144403186183,3.72002959577596,9.06350220273183,22.03357148047072,1.1481067854933424,1.2067415042622467
3.7152758706942914,3.780139255598913,9.168645364686146,22.286992966279517,1.1589461779257328,1.1390598279953184
3.471056403481516,4.121599388078717,9.405318685193723,21.930773580174588,1.3222942609743038,1.1135866273459514
4.366712435390406,3.470931674999944,8.765459213440451,21.705456029216855,1.078547524761386,1.3568999132013055
3.4242941576303325,4.50973111392864,9.579216775266312,21.188686936861004,1.4834839394710706,1.1264275537802269
3.6559987436029124,4.321207317741723,9.486010497497702,21.123324837567417,1.4338142514836432,1.213092248655093
3.523021487042533,4.141842779262654,9.26019169359463,21.93045637286655,1.297863109985009,1.103952966686734
3.5324666904272672,4.10456032178752,9.272612792254822,21.97940114043928,1.2795084661703044,1.1011705718818428
3.735213539043576,4.023083021944563,9.069701824747574,21.683229545436124,1.2858605908752168,1.1938515467270079
3.9115420771074056,3.8356211109350276,9.127782434445507,21.729390079841593,1.223544120385445,1.2477625322377957
3.6255949029625767,4.3387422315569655,9.472444165992044,21.064897366420364,1.4656555139992662,1.2247496803118083
4.474634460474612,3.2778172010826316,8.701478570389467,21.704693793046584,1.048209400315898,1.4309382179389887
3.482142096009179,4.422155770220356,9.338665218512347,21.626521081764984,1.3686959817651259,1.077753508105271
4.097830165281901,3.745839196316274,9.034599299010491,21.332595470057633,1.2404145284771677,1.3569744470735385
3.77200872886739,4.13919405974439,9.22152587073204,21.268865785600568,1.370664082025504,1.2490733237243983
4.229434734802846,3.605548000336467,9.017918727487807,21.488113807839348,1.1738341530299463,1.3769487853883617
4.230355235793056,3.6231032523395856,9.041776439293644,21.444626417398048,1.1834206264129388,1.3817684163040918
3.862934961813305,3.911277822802289,9.089353003024739,21.462524803706124,1.2809989276562872,1.2651659554430383
4.118409627943835,3.6710887482030437,8.962409175994141,21.441969766946052,1.2105129446941305,1.3580135235410042
3.6510938950415213,4.44891217490117,9.319579684988298,21.096052327848028,1.4396936624904657,1.1815150614803218
3.391056341932746,4.786069447700718,9.516163363521882,20.952237219417768,1.549851166640237,1.0981103983378482
2.744978238470024,5.106039563385629,9.558401731174937,21.731162851700084,1.5649236009609693,0.8412941529692531
3.891940858062631,3.8488582088712486,8.95148431067381,21.804845740423985,1.198057007994606,1.2114676006913545
4.185391380325645,3.5059057835842333,8.819038917280679,21.911822221173654,1.0875885209852745,1.2983759125492533
4.173460772698455,3.5749160249120773,9.02660559027228,21.624452274520394,1.1538919065721902,1.3470869174141524
3.767378853772754,3.8560062514296014,9.297779762107897,21.900341940802953,1.2292600909967328,1.2010064742221054
4.137071675267081,3.645927219818927,8.999667311470557,21.597642746329687,1.178709606996659,1.3374940953191201
4.018023168162395,3.7804851544989218,9.131490842480009,21.520310561558922,1.2295550770463008,1.3068113176491363
3.958671333729887,3.816584069807966,9.069504472652861,21.639014763210522,1.223530354872043,1.2690810560407806
3.4878328745358074,4.206394468475885,9.703074472981024,21.69789681084675,1.3726315088511027,1.1381503415986651
3.6526148124993894,4.156307400232247,9.388711364641534,21.57723518723379,1.3309857355035075,1.1696868745689621
4.719691527427499,3.0385005608306317,8.468741960214528,21.601328631391826,0.9930833525969448,1.5425526477440579
4.134273517213916,3.612669664225257,8.97423837273642,21.74312417999021,1.1385320965927026,1.3029154428517813
4.077024647164819,3.590593778107638,8.949394574576027,22.009189986728153,1.1019379931727118,1.2512215626297467
4.552915749890332,3.3907500464338476,8.799753023004943,21.33420965165186,1.0866698367004448,1.4591214765734974
4.012096223648009,3.6253787148578143,9.017031669820168,21.89465358624463,1.1530378571510167,1.2760318841835037
3.980597423416308,3.780704870123906,8.941377653669194,21.929818769813572,1.1378973812633628,1.1980600283726084
4.311574331686802,3.534399054084141,8.822607886912824,21.56801867713098,1.1346747768700702,1.3841772159576236
4.265236632089616,3.6206202834953616,9.024098133778438,21.29795175480747,1.2060721104488754,1.4208015598537058
3.9156623453362345,3.9169381259602205,9.158309410443536,21.474193451502302,1.282691512003744,1.2822737282846908
4.231581776808138,3.7235832326333367,8.965356642239206,21.200113924676067,1.2344639224214646,1.4028785478635626
4.180276423275956,3.7674672400927354,9.01342252992166,21.15591630848255,1.2537804152214291,1.3911597303195842
4.524903310466965,3.3807672254236376,8.799365024003237,21.217824490989393,1.1240193426337841,1.504415567645354
3.746890650320308,3.882531459084839,9.159095389405925,22.033539002922442,1.2086849942418547,1.1664581605669095
4.023180491614661,3.737776895987791,9.010178729258552,21.784888049660456,1.170368888549913,1.2597341712559302
4.008842558369578,3.7250197305868893,9.043211521802236,21.81516144998882,1.1690834466437987,1.2581601747523223
3.5388506594935,4.2737254708849814,9.564021118408938,21.4881103603729,1.409385942701441,1.1670394850554249
4.178381421910485,3.650068379900179,8.848433963121638,21.515903474854372,1.1604776098926437,1.328445821020787
3.43169348331417,4.479574327179858,9.396514200384265,21.41343283746983,1.4311968213321233,1.0964052488883294
4.180337612981378,3.861339940930561,8.915792352777709,21.178328625326742,1.2451287594855946,1.3479928382135877
3.896419193664325,4.077410371509365,9.08624181839724,21.311678457053834,1.3072121539959185,1.2491866314489954
4.771620936097994,3.202978759807822,8.567920888817222,21.250999638632315,1.0356880666431125,1.5429109065829847
4.582253304495466,3.466802080765229,8.699636455814517,21.12867415507492,1.125773703744673,1.487993878485117
4.198727453907433,3.8984965356586025,9.14094856538371,20.98235125330625,1.2850849771258204,1.3840519094242694
3.419784583964532,4.560051210174101,9.31956104823221,21.385580049479167,1.4401275213682314,1.080015479986265
3.7126871951785443,4.227997962952273,9.038116468245502,21.493940014516287,1.3048663137109051,1.1458284740874163
3.712661121886874,4.255909733626379,9.069229260845537,21.444944455064704,1.3174201345362992,1.1492571085421615
3.2204563707370615,4.798717723176949,9.411958899644247,21.3333080010359,1.488030457408474,0.9986286843393055
4.219385619409913,3.428212415776635,8.71621419103671,21.98871867789412,1.0607862849148955,1.3055977439551985
4.333123907137437,3.607545955528229,8.858856055541734,21.399037404393432,1.1379829813320217,1.36686304848563
3.707463340537696,4.286487674235026,9.079436300577669,21.366741526112943,1.3490905114918623,1.166853609421831
4.1228828097778765,3.478834754061131,8.565619053235968,22.365044074788386,1.0091373510065542,1.1959622492309374
3.357186971467324,4.521260673546446,9.43868977702519,21.356059938529462,1.4841001057048355,1.1019938682981067
3.832002512566201,4.052186949804321,9.140514873025982,21.31050294950514,1.3359800636196781,1.26338666600172
4.272230822600343,3.5350184872233776,8.95954232200227,21.558072771227327,1.1424622389016554,1.380717642166104
4.132639190366922,3.8489130431549348,9.042167509383347,21.20129179511055,1.2661020437032535,1.3594339144962324
4.388198622583086,3.3009389428563027,8.881160609026724,21.84887719358048,1.046108286734778,1.3906742967351335
4.240748695332274,3.652036671680166,8.868927873004823,21.491510489033136,1.158960649485391,1.3457862842284858
3.7486795847480856,4.090872568945994,9.338581872559297,21.360557896778733,1.354970914523377,1.2416304149287918
4.25920982896373,3.5586331995128617,8.873413018840257,21.61379505614576,1.1317265296776469,1.3545258779583933
3.604454303270067,4.3243224151838895,9.35114667348009,21.132928096957563,1.4585546915247356,1.215749712824666
3.419522690607949,4.481040989837637,9.289360567687684,21.338923711577756,1.4649841697942976,1.1179425989081528
4.314444756370831,3.706945192517877,8.9873557709699,20.904527978292002,1.2792320595987179,1.488874468081451
3.8570459445331693,4.2122556509259494,9.384730941293473,20.975119006535465,1.4144818822738374,1.2952019202444793
4.241357424084281,3.8047665282535807,8.971906262212597,20.94732077251078,1.2996978892242737,1.4488361508106302
3.4236584603898654,4.590388907310373,9.678904791224301,20.968189040808944,1.5683312180698397,1.1697114453390476
4.397464203020822,3.247288264577214,8.664472190133361,22.030208896101332,0.9935222180091996,1.3454236373961492
4.5554720326615366,3.0227571955144135,8.484014927177494,22.212924772790295,0.9135719767421511,1.376806445469047
4.085479019475546,3.898767816416138,8.664588711559817,21.33747299223662,1.2285044987084865,1.2873373309566518
3.826537584565987,4.1497794003390736,8.93176649696302,21.343588567035127,1.30936925411102,1.2073775927755486
3.481849451963195,4.1985335353222135,9.12298739884175,21.855659089984567,1.3515534955406814,1.1208451136942295
3.6049576953131517,4.2293693745747225,9.338096283942988,21.56875051367401,1.3572801490299693,1.156895292086748
4.233207105913116,3.6865228978058555,8.992624992649464,21.287746454881493,1.2137176909739826,1.393703089993421
4.311690576544327,3.48849053449321,8.782549303493386,21.929653182379656,1.0283221497786021,1.2709814973014752
4.324243349005198,3.4637902096286144,8.753076861039016,21.962908744597854,1.0171046743037944,1.269767467693101
3.784507699154557,3.8210486031264597,8.896207841094027,22.322108806821458,1.1212538503635485,1.1105312363563002
2.9684712111781115,4.666893401197114,9.413623568359203,22.14744004135355,1.392283230481398,0.8855896915129746
2.8632245487740287,4.868599214963068,9.47525046522636,21.9182878824813,1.4861791537700026,0.8740223725691831
3.5874643773911354,4.166267842360948,9.06983928208268,21.842988930119184,1.2789999554346163,1.101313442250125
4.335258855562597,3.642966463771788,8.679591198109772,21.23817454133854,1.1758964339449975,1.3993583194302714
3.407152397617144,4.193458598422807,9.428727785388427,22.05869532886164,1.3028515241346876,1.0585566996808313
3.9633752240604574,3.7646253557730085,9.260794353375758,21.622244673680157,1.23036866263917,1.2953248233550156
3.9020928143972924,3.970768124639251,9.060164185319096,21.494753471121165,1.2643262075895199,1.2424594070542614
3.8657627219803508,3.9485826690527333,9.002330513708287,21.687944845435762,1.218742591026991,1.1931799511271586
4.5196386812658815,3.4600273396079735,8.856063582656473,21.450331006887872,1.0878017457238207,1.4209341039712642
4.406932985243361,3.545738349833697,8.918739880370389,21.41577278244923,1.1403774435754104,1.4173541519090618
3.083418434440544,4.661295588274041,9.424307469737267,21.713233434515544,1.4619247003353002,0.9670542203153714
3.992807289556742,3.7047297541093487,8.90513371082693,22.088706693054945,1.1200648384165104,1.2071603999306548
3.835985685658669,3.8277835077624376,9.093182700610393,21.956648364057777,1.205185327997504,1.2077678001875112
4.509647965530316,3.382019008556232,8.73678051342833,21.327801389037162,1.1133812260314908,1.4846035365649781
3.6536002757172836,4.162452749670462,9.322955608339171,21.45793018887791,1.3640664349849865,1.197311730049644
2.865484630413996,5.103776221347984,9.730736775996439,21.242115273058218,1.655464760468558,0.9294507873352165
2.697130523121243,5.129223609320409,9.593807472204038,21.619074583208842,1.61115361561836,0.8472026031825078
4.123291559821744,3.8174598898938377,9.139912607672343,21.148009669166374,1.2829493494933488,1.3857314489273742
3.7042167775102954,4.017279161714592,9.181746525932478,21.761261313164603,1.2817886093594089,1.1819001570167793
3.841923109704912,4.033870251639237,9.282663222412785,21.32114359109225,1.3421830449563512,1.2783167866582839
4.005807256983961,3.70626007061291,9.123306449023103,21.78723372908283,1.1662534716189903,1.260512357763795
4.0224692295631215,3.6965379100062896,9.120844725732969,21.764003566345245,1.1661688511009607,1.268992347496474
3.7715898822691023,3.989229729794472,9.13860859061633,21.560771893973907,1.3082675175662066,1.2368925498828658
4.117323290390042,3.7057484216521788,8.905424030429842,21.529599451785963,1.1936665854679394,1.3262398506578372
3.698454393893158,4.199132050477067,9.327763112554049,21.25691944724003,1.3965338194372994,1.2300200561998218
4.030940172654434,3.835686543578307,8.781914379656863,21.552348777766863,1.2058134305510604,1.2671947362518612
3.683081183876569,4.10002636294706,9.14992219876249,21.88795072850772,1.2368882699966939,1.11110502970229
3.689649292182341,3.7159200127956193,8.770700681403813,22.742323503302835,1.0645083037175382,1.0569824688930047
3.8567827487757684,3.684743593351607,8.799328850084063,22.50319537717764,1.0744704282606887,1.1246370084644597
3.4134728032532102,4.526398610252954,9.691217020748406,21.11464454122887,1.5060213700189395,1.135729181259735
3.733515402926613,4.049865070052912,9.404926609159928,21.67901861791912,1.270176948612093,1.1709588146904897
4.018762344036686,3.869493586635147,9.076160081608448,21.41913973538204,1.237838200738353,1.285588782552612
4.094688683494413,3.8617652389608583,9.064851374363126,21.1426256594728,1.2807829446409358,1.3580337241952802
3.942420142984253,3.7262778046547256,9.089317154186388,21.894534922536813,1.1771857516750581,1.2454682830250858
3.7707677224656773,3.8464658322856553,9.185803087966857,21.840945649378007,1.246412602351344,1.2218833117849617
4.2630747455599876,3.625873872307133,8.96285559287173,21.49360697010467,1.149004759505266,1.3509276233203213
4.239138206748705,3.67909236394159,9.002183531591752,21.430096928668988,1.170254034366134,1.3483946848696322
4.420205567061936,3.394585405539089,8.892337350418178,21.545720895199228,1.0977596003572234,1.42943025939985
4.6461544310602445,3.215386285028249,8.717321720193368,21.443876230764115,1.0367189710363145,1.4980335219667928
4.183003284799507,3.6025284562692357,8.86625972863868,21.599234404743573,1.1629238930081285,1.3503056321344105
4.556337434167939,3.26181175771287,8.818294477321118,21.501678164486865,1.0629331387906564,1.484782817045636
4.204832565541394,3.6669234297252866,9.051746910011754,21.33635030401645,1.210212805509385,1.3877416077439901
4.110521458572581,3.555361360508751,9.090637778950978,21.724891996717695,1.1637616808555968,1.3454799320699466
4.453185235400315,3.544230966863537,8.810926955267677,21.205611110072084,1.1486100799053607,1.4431828785675946
4.39513725112398,3.5742281407588234,8.72753843477007,21.29892983964429,1.1491000527346271,1.4130190486302476
3.4445600166025225,4.295133663454801,9.564122536466442,21.62175783729039,1.4094331182245736,1.1303203451896184
4.403078434270049,3.2505143757135904,8.808370846963415,21.724071015164967,1.059042188722932,1.4345562834572632
3.661234827042852,4.256970988213618,9.521393908638508,21.356586540601732,1.389147461875918,1.1947450620171045
3.873202697371507,3.919169913176162,9.189741022608434,21.59548834812862,1.25372992058371,1.2390251552642801
4.415606172312534,3.2880925289579923,8.804727620983359,21.570977001874283,1.0863355839101574,1.4588488819189538
3.8478069311556897,3.803967008597623,9.170543200866025,21.828520160022375,1.2105808920309102,1.2245325831041922
4.390162740462414,3.4860493319002575,8.813802485941764,21.355335194965093,1.1392453695336684,1.4347107850148313
4.5926959324781,3.3084618472634957,8.74250135547102,21.36745261274322,1.078408083962099,1.497009985126716
4.286011318617546,3.4202774739563626,8.837922968701111,21.722879212365193,1.1088127436261819,1.3894732242036287
3.9810232943777075,3.9535066237266907,9.198946062845314,21.25026522301796,1.294196116930818,1.3032038085061115
4.771688852069707,3.0157208977135777,8.405153453752117,21.812547733092693,0.9210374406658991,1.457331177860776
3.585790153484855,4.0235105127933055,9.315945769764445,21.984268527886478,1.2633319109446417,1.1258932000909672
3.9162186369534377,3.9260849786952536,9.273670549703288,21.370581129219516,1.306100625307091,1.302818364431841
4.202613070248054,3.576308971848784,8.825571190141849,21.70596094138103,1.1218282695658326,1.3182893830937354
3.8877250787604205,4.055536253774537,9.232443780145253,21.09534805992493,1.3630418847315902,1.306641535688383
3.6237911408135637,4.188292779612194,9.382854454087418,21.48102056511509,1.3715546775295726,1.186695379503359
4.636563992902248,3.0311524290152523,8.561717016536187,21.720838303490254,0.9819217452396889,1.5019841840501411
4.482689434140928,3.201926907610633,8.646437904774762,21.69206395171132,1.042679321115377,1.4597483674132372
3.5431691196413775,4.3127355743380384,9.508603865050707,21.546999449553823,1.3868980400352773,1.1394193367160932
3.7199997959759528,4.229970247150171,9.394583826018831,21.31750275348478,1.3650190264636153,1.2004506422637415
3.744800517931717,3.9513722155615083,9.30977271739555,21.878785822911624,1.2276355229565878,1.1634566149182468
4.16915565811226,3.6883806490354405,9.021363800077822,21.356301553544206,1.2135709040999634,1.3717580919073293
4.178441206972339,3.6756757880840465,8.958683328901122,21.36112061209695,1.208816120339436,1.3741601218619885
4.664993056989017,2.9964303656496027,8.480848725060692,21.80205637572368,0.9595950814301765,1.4939457441461725
4.584752885616703,2.9963966575636034,8.43263563485066,21.971109800627374,0.9513005976111554,1.455574364287602
4.451412678610141,3.1669588884464903,8.640515949719637,21.90004266279742,1.0083420819868505,1.4173050191801542
4.241883920376344,3.5799628768090455,9.029970217899306,21.587795611273517,1.138874335208729,1.3494477166638197
3.952216121931599,3.803961269596559,9.049746990075342,21.525270994695695,1.2489868564222328,1.2976646291028475
4.331916545944041,3.4997810756270944,8.921109361788002,21.554226536530937,1.1189523956012564,1.3850033164603808
4.002057354117069,3.9216106449411017,9.00730916958843,21.338453993724332,1.2730550851782416,1.2991701438810817
4.162732875314875,3.679596700775422,8.803005010959376,21.428928787715794,1.2024293270492774,1.360309973344621
4.181348199679583,3.7040179815445655,9.075003601033574,21.2758172488302,1.246710067458204,1.4073713794215963
4.721840176193788,3.2406029864299395,8.46736339128608,21.188895273616644,1.0780696465429673,1.570841164776441
4.460492336966367,3.5549942367470537,8.762469631286784,20.93728076706347,1.2265181430578476,1.538926483117394
3.5966195177984406,4.1913878347356865,9.406774356121598,21.56754240234835,1.3517691637906766,1.1599497707551596
3.4401837895868415,4.231079478538278,9.27267849443351,21.830982412229403,1.337825175710197,1.0877518387741036
4.2635071856755085,3.6390407287687134,8.924927760772839,21.382590373390208,1.1755955249565455,1.3773300003146958
3.156740063522799,4.691978228190523,9.490478544581357,21.4910647778997,1.5124363609067293,1.0175598056524124
4.190304702261617,3.4462456278863955,8.848419116055279,21.985978048845503,1.0681225026948746,1.29873468954643
4.126754865411801,3.644700896401665,8.95899493088448,21.534970775335033,1.1942335840975427,1.3521848276982948
4.108487221873013,4.086035350648982,9.29603370741175,20.658908191269404,1.4108213140984007,1.4185734688758243
3.999496475487472,4.024864259713105,8.855631991805751,21.18444941278592,1.3149143142903033,1.306626714896208
3.4548599563478097,4.2356272246454205,9.472747603220013,21.761589689329384,1.349294364547506,1.1005744420275756
3.440308223629664,4.306173121895041,9.54996805800728,21.590839272620787,1.400285713905595,1.1187228939974732
3.9521675635741573,3.8750548316503366,9.261070631520273,21.590945201256027,1.2339380415253647,1.258493134947417
4.092604258136558,3.8052067756022643,9.008028066750382,21.456133883313907,1.2174139566914264,1.3093621022162785
4.43599643984282,3.081803188527192,8.651988723924827,22.25928956984044,0.939612488329561,1.3524931340776984
3.098057444137472,4.728011977092351,9.756661530339722,21.29182908356547,1.6092527395549052,1.054472250373344
3.3355228190248023,4.462094799620783,9.690639906546634,21.406169920984865,1.4978572546352247,1.1196842014432857
4.063892738792043,3.7925389552542446,8.94918636447699,21.222955746651458,1.2773137112855617,1.3687047061867093
3.2292220145645767,4.313056388580582,9.574749264350423,22.16246643879306,1.3406381200199569,1.0037471669035258
4.274139635451079,3.69520008260661,8.982779072433386,21.063847709060944,1.2333263278804278,1.42655575438302
4.093624881551386,3.7726907830227407,8.961260656951097,21.485973135625564,1.2045960636690212,1.3070682709128454
4.114510694959721,3.7749457812421734,8.950737596883828,21.439117305463647,1.2087734635186989,1.3175053713737368
4.365971642263303,3.401351741472851,8.720500768248638,22.03157094687974,1.0060077581360125,1.2913105370327862
2.988428278500362,4.4606529276586535,9.235834509188248,22.751467446310574,1.256605758974415,0.8418669297852444
3.208370956987275,4.234550896775426,9.092225689895804,22.81943620299147,1.1946909684736478,0.9051755190248527
3.8461615733253747,3.8986154187585425,8.80499715037117,22.18665929348401,1.1341446055343145,1.1188852789663961
3.565274198150409,4.0230743957909825,9.277376490978707,21.943146468382047,1.285702911155414,1.1393981230933763
3.689679458844226,4.020181252281286,9.181322554242596,21.751129671281518,1.2786841400315163,1.1735626604265537
4.0886480544017845,3.579497840534129,9.033316520532983,21.681186777415803,1.1776026208722126,1.3451056207283965
4.184541802350826,3.5557554836044227,8.942691235524943,21.66011765433301,1.1494569575149667,1.3527225679333248
4.0349024811511915,3.802591674130926,9.048294069315254,21.40390212790831,1.2397360738762515,1.3154749678978268
3.6123917740922846,4.1324530197454745,9.084277533192129,21.796492919542885,1.299924493556255,1.136331502143228
3.982840316007081,3.7667454825959523,9.110004853099028,21.752061855779644,1.1785603929684578,1.246173353005236
3.66046172396512,4.080405109870932,9.333602540419177,21.743524531591213,1.2998283197809044,1.166053782447693
4.093988592577471,3.8372519216582406,9.049442548740126,21.076129009242354,1.3060424775322732,1.3934250639786272
3.73474370783682,3.9124110483730354,9.213633637101223,22.007470107823796,1.20954737380684,1.1546203575757137
4.593870953726228,3.5367959369775863,8.691872855303854,20.788403550445416,1.2068016280970588,1.5674896276210388
3.640837797284792,4.276614278820526,9.408406875001745,21.30885892256457,1.4070225811613137,1.1978496682516226
4.679639631888785,3.2006211189832605,8.613741307163604,21.428891296356376,1.035707901994925,1.5143122428610036
4.169492137158238,3.5836780743694185,8.8947250103002,21.58587964239733,1.1654255311645907,1.3559344583397743
4.281017373903913,3.5028846581289432,8.858712287043142,21.583847744477858,1.1329895387396511,1.384672455183445
4.173430029371838,3.570873971435976,8.96799020256007,21.76629814562863,1.1270108212447727,1.3171847683323605
4.039966476534158,3.6112413889673394,9.075938577516364,21.923763051149432,1.1417436237454863,1.2772909556310226
3.979022006770868,3.66492580886786,9.040840099366275,22.02677401016811,1.1322890755532908,1.2293299740887689
4.00064185376845,3.8813304293909674,8.982783564809889,21.388042563724795,1.25618630935061,1.2948012586775686
4.545868334121608,3.3057830090265083,8.77370908881594,21.497287012259257,1.0649446050343392,1.4644330690794065
4.246188984010993,3.9030234010670632,9.083478333826688,20.92923269467145,1.3030573008572945,1.4176260267675171
4.650895964828256,3.3665149752740056,8.729302805955834,21.084672271098853,1.130882075750855,1.5623322401464044
3.9302053881427024,3.84184964387642,9.117819030373571,21.684934745070855,1.2537187926379014,1.282552106612255
3.1482295424826705,4.747994947924712,9.442882887335974,21.312649549357495,1.5462355207959486,1.0252547442860236
4.199499417725837,3.5311833065553193,8.911838126887453,21.63239054244586,1.1260432044124766,1.3391595311650097
3.4932634026891938,4.442978748985332,9.163794734449693,21.395201235619226,1.4270332526668061,1.1219956964907671
4.1645563587980545,3.660444765767807,8.888703588159023,21.680155387724767,1.1288370488734951,1.2842989884446052
3.580323339474409,4.317344606948444,9.393685337269272,21.25464501892469,1.449909470676693,1.2023929499706811
3.8674592294793584,3.870990727821332,9.232949285428196,21.561439982654306,1.2718651648348072,1.2707048443802667
4.412416350694745,3.3457290240193105,8.796455209963238,21.54886651644644,1.0837028287794725,1.4292096122166689
4.101640847588715,3.666658916381544,9.075332511828528,21.556354680809314,1.1982234861725263,1.3403707591857112
4.347010458268873,3.6800583161629294,8.956490990409346,21.106232719813427,1.2086286211325714,1.4276733695091164
4.083434928456172,3.5694008355953013,9.059138563368228,21.7879471099862,1.1604561110668823,1.3275749166682242
3.8328227647622213,3.757097129332722,9.163943498229267,22.018463461446192,1.1889262312441076,1.212889464357474
4.1010024345159435,3.4373064591016944,8.901033708987947,21.909992515449694,1.1165775704780383,1.3321731388632225
3.6763674512766773,3.9532515591692596,9.309137880943757,21.962554643678054,1.2519724127327936,1.1642847815721575
4.043034861671424,3.788924704948813,9.088556757626355,21.167275888202937,1.2962745213445828,1.3832111979547475
3.2196584280394958,4.605531797978906,9.67599640260304,21.390080027063213,1.5252305027866557,1.0662658425580727
3.5308417219891917,4.2201079778627575,9.555865061493385,21.494792955948174,1.3935012916390317,1.165902039941816
3.7623739406021226,4.139183412483053,9.448216402575305,21.315936111483992,1.3707725278608356,1.245984611786763
3.674147346963911,3.8577105126904856,9.174443325125205,22.082408043319106,1.2278227996065478,1.169398757858051
3.833794300014843,3.697656303870594,9.095524216985313,22.131998412482822,1.1632602325831773,1.206088419965654
3.969022724695765,3.442332814768173,8.89697917755529,22.544647302218262,1.0355256619208186,1.193964995638037
3.6663166129845175,4.310170221201471,9.243781614887855,21.32442084254646,1.3967142776563006,1.188072975534718
3.210715591768551,4.705236738380045,9.688150669728872,21.188668151317174,1.597068842051497,1.0897929514313665
3.720254210678404,4.307892364040515,9.146334311728005,21.148571776892403,1.4157686092424941,1.2226440878250227
4.768295830467638,3.2165961502750524,8.731708608472367,21.189852850651373,1.0406089008261248,1.5426030658316947
3.1194774578065965,4.610995209909606,9.454503861487147,21.784865447746483,1.4645957120711306,0.9908432129331268
3.7429981869040776,4.277168498862323,9.106146917717862,21.0897971890021,1.3991491314688813,1.2244111177030836
3.9976002118957554,3.854179377985833,8.606952699635892,21.78442011353421,1.1639625846237864,1.2072756918133984
3.922814648678008,4.02383245165994,8.8672596203442,21.581005236100545,1.2294635243350234,1.1985979986038233
4.254339769002564,3.610648047431976,9.054660130925008,21.467313363110243,1.1611696368167548,1.368178260404333
4.567993033299416,3.377715259336783,8.711092872190186,21.252443074792488,1.1169425122952708,1.5105434363234522
2.8563301556582035,4.939105556448726,9.683576335276825,21.649659163344776,1.5527147680678872,0.8979492267334743
4.12073266782748,3.932344252575224,9.041100631560058,21.001048687817253,1.3061393692191827,1.3687131191406552
3.594745585813617,4.247469680489911,9.442387048829623,21.378029682525167,1.4137590022309827,1.1965015208979453
3.814740060623213,3.931720091756612,8.8567244449171,21.80760644469796,1.215939186818058,1.1797614832657315
3.653838549168485,3.9981889152422814,9.368275885291379,21.69527674653479,1.322853901373351,1.2089210095423857
4.141870789316541,3.7177930925805383,8.990611343434274,21.43195631022251,1.2039156479752096,1.3412427563817138
3.5849044066948865,4.253307237431381,9.48227697086421,21.227313954639136,1.4436167767001862,1.2167538941994098
4.067638227051992,3.6011066126871487,8.91178842347115,21.86502285359157,1.1450041318688275,1.2933420411695948
2.848924863518013,4.920257756876201,9.98199411065317,21.503262416328642,1.6150647840637946,0.9351538977976078
2.867772941783963,4.939573832461385,9.946011938260494,21.4289664607633,1.627494725628132,0.944876115907102
3.479972270203245,4.258277987269101,9.502450833408497,21.78009105377899,1.343162867795264,1.0976666033238012
4.0525532218289735,3.8982000348275094,9.1442530132659,21.059820012273814,1.320093656931982,1.3723641051561417
3.281114875384782,4.507659787044204,9.244438418753226,21.75257178211419,1.3908252855253302,1.0123784289388067
3.9772989958001848,3.78215749941259,8.913656619143133,21.78973003884857,1.1730760041495631,1.2336011956207482
3.860583132967672,3.768221933375313,8.85185278443892,22.06132017302835,1.1569357572440235,1.1852928912662857
3.805707244817467,4.187874491956019,9.203325429602522,21.335336552282108,1.323858452640157,1.2030488769428953
4.334394129145369,3.576750525786579,8.73429993668728,21.55006870305221,1.1146744498593846,1.3507898738104913
4.178879558160136,3.690959852686775,8.916456944625683,21.601631128490443,1.1449110571615746,1.296260486063335
4.438922592928045,3.372031930508387,8.649869742590885,21.777789634744206,1.0325424055185262,1.3592326248587572
4.172019791439359,3.6256482660093106,8.740141491064982,21.69837834673655,1.13311898936827,1.3038757493438684
4.017413358607922,3.8343691250928953,9.180916440269359,21.340370624943098,1.2662102986533372,1.3266563553642232
3.7983331385139905,4.09781469099261,9.284348639584879,21.474082164858746,1.316958516271158,1.2207109280457153
3.5684770414890394,4.294341701022808,9.346130729850632,21.651047576642803,1.3548114731215322,1.1258101879104414
4.195473041495892,3.787933940348519,8.97816488601969,20.903166725444024,1.3096964069044756,1.4506050143013314
3.653611695168813,4.243050468714406,9.385423670300163,21.409813097085006,1.394438392181395,1.2007249160554967
4.19568302728144,3.776616486480611,8.96968135218586,21.037244844280472,1.2789731545673955,1.4208924777447274
4.109855292509802,3.7471780330500133,9.115056454211249,21.429290262321437,1.213388155172808,1.3308280758004516
3.7744273339216527,4.120456660448719,9.331900309751163,21.413624513331214,1.342106385534421,1.229398448772971
4.039772765611192,3.897548849036459,9.196500396622671,21.29319257656026,1.282766201783073,1.329575116907353
4.228583194127081,3.652920237521733,8.60687735913359,21.441288751328603,1.1593355532573588,1.342035007089016
4.33428601246872,3.470582748554189,8.697755306092192,21.699948354045397,1.0733165081922988,1.3404263967910441
3.908793682272378,3.9457739697114405,9.00197022196343,21.610050580735432,1.2296169134714083,1.2180927898776204
3.943101051895005,3.894873928917212,8.94185941547178,21.666504657948295,1.2039890254707566,1.2188970630234468
3.9145214052357726,3.5556595986053203,9.035877330535039,22.44813247771275,1.0733859386993914,1.1817194859614741
3.7374590525163502,3.852638214152131,9.230607597056578,21.78975771048558,1.2678636929377503,1.229959413038177
4.196325789355185,3.691760392705804,8.974192489951964,21.379590507557765,1.2028435146524024,1.3672402117611495
3.964383348803498,3.6926856178626712,9.20544038282374,21.9120996324319,1.163071288565856,1.2486469001199938
4.185118348258065,3.6126622021261316,9.013981812267255,21.705211641464402,1.132707715529866,1.3121946028299074
4.394361999505727,3.6268239742257937,8.846991310782057,21.134670921501062,1.1917779089241933,1.4439916555213628
3.5095672528425164,4.14553120592884,9.439971258854579,21.803463012536056,1.3299330391481403,1.1259086497750408
4.334234793039864,3.469004567763368,8.899796102200204,21.624920556238752,1.1088388680074885,1.3854026155669292
3.8398318201782806,3.9836781612005976,9.21252079711497,21.448147935070903,1.3061743628638438,1.2590098090941448
4.40012372301825,3.309323604427629,8.844849352338889,21.82978775537459,1.0436106797465716,1.3875995999316344
4.286934908730677,3.4741554354002107,8.786992269073181,21.702521703868506,1.1069862865370736,1.3659659861175
4.0493242277188015,3.964349330349181,9.298924186086504,20.86972420929815,1.3683107136443895,1.3976401326165169
3.801017660199424,3.8752640909684923,9.157008601836823,21.81698386970632,1.2324319680344427,1.208819725708685
4.055489399728548,3.621786387699962,8.93994761562032,21.782379075320605,1.160490701416235,1.2994575699054105
4.442861291878872,3.1981014884775103,8.728937032338312,21.647660758584358,1.0609505451195655,1.473891972000392
3.7619089017782716,4.165571147897761,9.395039437689169,21.08393935799932,1.4441518419891757,1.3042071487940672
3.1806051751486293,4.655705342675575,9.789968806345641,21.28559663864556,1.6009843244213657,1.0937330979498934
4.507074051929951,3.2837886482904715,8.588219009519735,21.579960115204962,1.0441798671138565,1.4331604401722249
3.6917387253483214,4.201502410143307,9.350852568601354,21.24534504292091,1.4223075830910674,1.249740562132576
4.143459978364236,3.835561871176419,9.040110219639766,20.98230599055347,1.3130765349324465,1.4184831984871749
3.602803206444892,4.237710351973715,9.406060113345445,21.548522261851353,1.3337901795828289,1.1339575234271533
3.89091766777019,3.9782036259083187,9.234413796086661,21.389575160551964,1.2930564579007315,1.2646854436269737
4.596684893366242,3.0762202950348754,8.648523797777795,21.883295487651985,0.9743071794852746,1.4558720325286258
3.7100712862738483,4.136710560912619,9.341065704774547,21.450590813272136,1.3575640346578717,1.217551789059925
4.096849529845513,3.726484475773994,9.022790852571026,21.50677750795502,1.208785846905138,1.3289237512652312
3.5891788912356217,4.303330743268292,9.495927013015823,21.180441466387958,1.4682320198398398,1.2245741002568458
3.621475212978869,4.214446979348384,9.307575316459532,21.30520121801692,1.4328424327355858,1.2312418164668815
3.740743776075295,3.8876942599758424,9.24928100078738,21.902116964059232,1.2328428907450326,1.1862428118156116
3.1781027464557563,4.8134230216603004,9.51077170362268,21.0939514691691,1.6086473224879116,1.0621228283223045
4.054483838665799,3.5300295119492295,8.977588485632312,22.03606165213091,1.103723245651015,1.2677027335617828
3.652023083882172,4.4025773510889925,9.145741044386156,21.160908561280714,1.4230869222776599,1.1804781327109033
2.769993870766789,5.0430187311878045,9.5533526213503,21.555964523814815,1.6149879156252882,0.8870692071752064
2.8086954412421914,5.134718668473915,9.739609948305333,21.143050316280117,1.7189427945903646,0.9402631580508755
2.793412463073852,5.087980709216652,9.719071929942082,21.27782151661074,1.6808742349165464,0.922836642868976
3.237588560075042,4.599231388774657,9.55458857588857,21.457331378724756,1.4884339103905158,1.0477699844521133
3.1817954060250493,4.499781390667741,9.499365918550785,21.874473127073074,1.420123238646026,1.004169137212867
4.374230498078449,3.2756940468862434,8.849321714649589,21.88788109767009,1.034833245444239,1.3818748264815859
4.1065182504933935,3.574864509549546,9.183007512910393,21.75630504044333,1.155215242839504,1.3270188185583405
4.396031608125631,3.461958654887766,8.680311472068,21.583139687854892,1.0957882367573053,1.3914434586895823
4.017930349334928,3.8919974755053324,8.857283325530142,21.431458281903915,1.2468173626546837,1.287160475569821
3.7597380846059707,3.8780065005061495,9.225093431976733,21.835484731375658,1.2478791543659655,1.209822309746841
4.209170554157637,3.8121011796824167,8.925214681990226,21.218051913012463,1.2151581582641804,1.341729323888545
3.511748415952586,4.404764152734507,9.193104980225112,21.478983020116306,1.3943393589993365,1.1116529433764217
4.010406076514605,4.039352078487601,9.282288195285668,20.82817973826497,1.3944641981071475,1.384471465944816
3.9580502129130393,4.070126585301047,9.254386079481494,20.95112154493421,1.4016266857211435,1.3630310226414821
3.610494426343022,4.468590707512545,9.424655057310318,20.913788741991628,1.5340941741847764,1.2395045391084043
4.21328456987092,3.7237898945256442,9.1054327774491,21.230492260767356,1.232244356915952,1.3942237028294673
3.7360171735406045,3.9640992945232956,9.123712997320801,21.7939851790977,1.2570488806156492,1.18472214165988
3.357527099485195,4.286643056645693,9.35140099105874,21.911409888839124,1.3530312278503236,1.0597661046012004
3.8671921476801754,3.983681859176703,9.175392101775097,21.35073361976336,1.318088885780375,1.2795456989850649
4.393840224751041,3.596677741492728,9.059161578695464,21.175225810948994,1.1829682858562751,1.4451596758409775
4.108809761948372,3.7568283713185413,8.896688799338957,21.43103353840951,1.2241123936110594,1.3388008329019951
3.7182163968127058,4.072508140410092,9.251125088650905,21.66333267182381,1.2763400382498493,1.1653036149981186
3.638509716536203,4.092140464424769,9.244104942196367,21.794852116717394,1.271407431119862,1.1304666425853567
3.5079489773718233,4.236690988492207,9.30332017011441,21.7598473091222,1.3273568699825273,1.0990417255613443
3.5367279259693154,4.195401167918836,9.271583266094352,21.782229184844226,1.310112696233721,1.1044264835429907
3.487323837535585,4.256749015564229,9.35410282584375,21.716512667753904,1.345701960428742,1.1024607059665885
4.4351487974839205,3.4116432552017804,8.817409693962746,21.44114785172433,1.1121864353757178,1.445846462379549
3.7648325028107092,3.989790935079828,9.199903793978049,21.637258227897153,1.28343789648835,1.2110731581332017
3.9593999894226255,3.828558858539442,9.032929313664358,21.70134753088299,1.2041956961778288,1.2453491255788531
4.0576119420190455,3.977014130124996,9.07578495113729,20.9763356893781,1.3447224184467088,1.3719744424490155
4.10541018480936,3.7099641508654364,9.16381526150431,21.525089471453235,1.1967067979106234,1.3242640835833426
4.331977613195616,3.4531789567564517,8.871567178812645,21.700642306140338,1.0886072964315203,1.3656466973644168
4.356696986424055,3.3981401360081214,8.980670248899282,21.441412343902837,1.1290839949866123,1.4475791584500002
4.124971897255115,3.7971690530188265,9.100461620749321,21.318623742667132,1.2402841461311116,1.34735566838523
4.05654818271599,3.8211485503059914,9.065823827718031,21.24536772314226,1.2907864622486276,1.3703046109761345
4.016201808540257,3.7338814997408556,8.972401784486628,21.509738042463834,1.2229337902776123,1.3154003148141729
3.744015373212996,3.9416808557089573,9.238140877746543,21.810923748210637,1.2476982541105357,1.1851292926861414
4.710212352654068,3.307056035070454,8.745513195009742,21.074483875989678,1.1001199228586853,1.5668916386956309
4.072750410978969,3.6942923155003684,8.884314065445093,21.888745907134144,1.129472407975072,1.245180083467984
4.359943341085675,3.706916147771497,8.750941761018648,21.01241949539189,1.218599402719055,1.4332734109807093
4.25080214491816,3.7737340125822327,8.956587659503425,21.116509835002056,1.2472278127142593,1.4048999330134504
4.289505066103269,3.708312140132417,8.974693683526201,21.14652155493264,1.2244799404168638,1.4163891035268705
4.3240736468059175,3.8407783416548313,8.86790007291185,20.869839594618867,1.2895721018310726,1.4518423728616696
3.698608821019543,3.900305395280468,9.316098929493597,21.999973016739034,1.2292170908037998,1.1656505617473545
4.050143651277561,3.583313807259597,8.944098626055684,21.9119467599238,1.150396049524334,1.3002682731823108
3.963564060066332,3.798488013134628,9.179576924418448,21.522657668962093,1.2588096099038946,1.3135154069273511
4.028068459465373,3.990390937601838,8.985327205573931,21.090205396845548,1.3238497342907782,1.3363496066310436
4.395750653428028,3.6342286466706697,8.973900551502469,21.130452154875996,1.1965153512066422,1.4472350664346854
3.0956508080090326,4.587453414449122,9.468022151526528,21.859018772499788,1.4424844983665996,0.9734002505277305
4.011141285313747,3.755866842340003,9.22272064837718,21.610780225406366,1.2132412830582786,1.295701472869613
3.8584595330302474,3.923265535603333,9.304625934792028,21.53912043598875,1.2822971913289156,1.2611157152532864
3.7066156275501965,4.128244598115555,9.128550581637132,21.594342045912356,1.3188143844569777,1.1841202455633653
3.842898125109615,3.9812808128712076,9.02979403338991,21.580666546656285,1.280416235165013,1.2359111001584897
4.006295715938611,3.95636077650518,9.133841699082875,21.25287799821365,1.2874672302374377,1.3037169106372177
4.12159749206424,3.5774238424905502,9.028697329347697,21.796412298740382,1.1439171989080676,1.3179221880699188
3.989267713586911,4.018882871509612,9.09427422043462,21.21900459347265,1.309541821902707,1.29989180494477
4.059706850482636,3.8711014469376246,9.138649868049155,21.374536896026463,1.2566382395256428,1.317863388368828
3.9594616307540047,3.900849835569789,9.038164945765796,21.39213290562472,1.2791041158294603,1.2983231556839727
4.482918022471111,3.506227929194122,8.74459478536608,20.954124184002165,1.2029023183963474,1.53798115562062
4.614863764677464,3.1803924086136584,8.503165317860525,21.567166740235976,1.030315319192527,1.4950245824559438
3.6290811075416025,4.148635570011888,9.492541034452561,21.574049397918,1.3466252969975525,1.1779806497338143
3.8949887087091617,4.017366398918612,9.167456172517037,21.280335286460144,1.3142706820363477,1.274235147706967
4.027088479160878,3.7530726486132346,9.017968042728619,21.673720628552786,1.206388617777469,1.294468335388494
3.9432247565630187,3.9196356698185255,8.986317189656992,21.445116964247884,1.2755625224210492,1.2832390917565886
3.768028193720618,4.039321015482847,9.344887288948986,21.462281944841756,1.3318509022301677,1.2423998316052693
3.576771885331075,4.34372166881549,9.351352623329175,21.19289307893125,1.4541594407214395,1.1974055892442907
4.03956345169388,3.858291037805349,9.0383213425817,21.31962122889371,1.270474994393335,1.3301651698523895
4.23699442967256,3.513806243435485,8.91692436882451,21.698710172933954,1.1238618569313044,1.3551676152990548
4.326291407690378,3.495558208482745,8.909040991172203,21.359939803469047,1.1686513468442095,1.4463859500804677
3.5805814149386084,4.316445618780777,9.19457630615116,21.6654535226007,1.3145778495516867,1.0904696670137264
3.48487999800601,4.426472808957176,9.255036155861402,21.61944618941918,1.3560995896607895,1.0676320716914998
3.5361435413142988,4.176134101150452,9.109743356299852,21.908124073236372,1.2830848028099293,1.0864526685493532
3.4749751524317487,4.226384171915931,9.340630173290682,21.79896251496963,1.3513697342439075,1.1111096524188109
3.379570761291212,4.49781181163445,9.240895659231153,21.590314349664354,1.4036207264010563,1.0546540774820818
4.228000404390106,3.514642381782085,9.019979021000463,21.572589196346932,1.151114936922187,1.3847538071110235
3.4546664493977266,4.414913328902188,9.268546918956975,21.544307860352237,1.392621902915412,1.0897256200258425
3.5610010815145094,4.336651254088442,9.211169902367889,21.316263119568788,1.412995615901647,1.1602682857325306
3.4042456482018526,4.604508818693369,9.477061368041456,20.95161917150841,1.5614950346198164,1.154458137795849
4.088923917627174,3.404301303219986,8.787240067529622,22.31805564059811,1.0332806174257205,1.2410786983562079
3.5507449169706065,4.012973401832344,9.46337646902684,22.25583446519262,1.2197611397558372,1.0792647329605345
3.6789728311721888,3.8423880757432025,9.236061781503537,22.27749992923657,1.179648362798376,1.1294783846716334
4.109398994486638,3.432879693188489,9.029615267587278,22.197276420928482,1.0661260644655532,1.276228055997355
3.882695980887215,4.157528245548902,9.388657633304998,20.93401560795267,1.4300229752025235,1.3354916985445904
3.8297678756683675,3.8614114139128293,9.090180912240681,21.874985416795724,1.2117937116377926,1.2018632907247426
4.420243335711716,3.360344954087939,8.789522012354409,21.59711358782134,1.0799691254756427,1.4206060374399272
3.579316296454606,4.222385545986845,9.402478782149057,21.54583820344459,1.3598826224448424,1.1527725213081277
4.705297135801389,2.884915101264418,8.497116976250723,21.95661317769091,0.9193444963563924,1.499451066558101
3.950450289235888,3.9372611059183655,9.105750857402558,21.422199960825186,1.2579388302917769,1.2621527204526324
3.6772834984189453,4.3619399266014875,9.113226296229085,21.074470261231262,1.4513410188223035,1.2235364239076079
4.135941289890079,3.4312811715283416,8.960823784656423,22.09920855561396,1.0617858061057937,1.279837919705118
4.330715752477189,3.4433465983632185,9.034476804635945,21.626179545066826,1.1119320977165692,1.3984830494714535
4.247625894301836,3.419264543652999,8.831567373254309,21.72183671593612,1.1159539182055287,1.3863082833459894
3.526519912413527,4.42972989793426,9.6331092546601,21.09696718253666,1.5153839737405954,1.2064012663256642
3.856582970553882,3.829290591475659,9.228932796597833,21.592340645132197,1.291717680025339,1.300924097700658
4.729432526466851,3.3068069123240456,8.729611343940755,21.211265414816104,1.0562608057837157,1.5106761125628316
4.069951702947755,3.9236186412736487,8.948665933086541,21.351417989026054,1.244104715967441,1.2905041417973715
4.520706158823585,3.5817284982155146,8.670069540305368,21.06845775069009,1.1617451578904396,1.4663055820326385
3.653550433990321,4.255089374179242,9.20867446418242,21.494553750366705,1.3407553204784224,1.1512137001713716
3.295373365309966,4.683890450685287,9.356928243538064,21.213899237422815,1.5435214935911035,1.0859518753303443
3.756151094498333,4.26190885379975,9.270114768295915,21.104436139474966,1.4022734518279683,1.2358666366535724
3.9149224493539876,3.811676773629795,9.078161703657328,21.73365286083078,1.2342523265707483,1.2676841265472196
3.684556059570558,4.050544894971777,9.463304051188889,21.623271910008697,1.3162489831236814,1.197318704624736
3.422919814756774,4.332663435106819,9.653051684869036,21.591899314243413,1.4275521036365875,1.1278042837442137
3.587346275429118,4.154199483187521,9.486294818670203,21.59684603585011,1.3630763750915926,1.1770804404313966
4.6547338946365,3.3782045676340298,8.632453629475226,21.106053808982633,1.1095671179647122,1.5288415988323871
4.740928332361654,3.2806946413901996,8.60845452570018,21.11606102580211,1.080766901425315,1.5618150982423515
3.25852900043234,4.4383753382677416,9.595237174318568,21.758903857971518,1.4238014865706263,1.0453145759997435
3.803954909955513,4.108757439728175,9.373537425210932,21.248044940377497,1.369003748513712,1.2674460849289657
4.603614014682436,3.1690884517510423,8.677522343640318,21.645462768364936,1.0065927160061932,1.462238875637228
4.048204640128004,3.8542750811073554,9.123971841185021,21.34133149016712,1.2572674808565565,1.320527451409427
3.765232374335169,3.9606475069979132,8.987668433422517,21.890994634793007,1.21544443453388,1.155475392855979
4.115041365833867,3.8187300499014074,9.097481551098715,21.339799540967384,1.231977181173217,1.3275714690600036
4.10909985561737,3.627426163844119,8.928978969248647,21.77933323633007,1.1395614273096593,1.2908799476328825
3.85133120444626,3.996434784964613,9.226788756453244,21.36276811346773,1.319771740447797,1.2718531291579573
4.680073686606345,3.177106379291306,8.701025398070946,21.536683254346613,1.0024001264651232,1.4765972225225745
3.6938611516642212,4.120630923412274,9.434980998904992,21.57868099009727,1.3125224018592427,1.1765857221937361
4.216832336789344,3.5512074565949976,9.027921623512,21.51407678274049,1.165132891300206,1.3835209890560618
4.314319856989557,3.435979916267023,8.933565948557078,21.76818067666362,1.0882363427651638,1.3664223240833906
4.059933290755753,3.9654918310024247,8.990068042248827,21.109470616388027,1.2984609627838954,1.329384881930395
4.291515232336224,3.614978628579392,9.018714913975982,21.39010754740738,1.1667604984206061,1.3851175804676736
4.31092577247417,3.5039504218281174,8.93456774980619,21.53745617758338,1.1165774595598,1.3737302095926167
3.6997120919929154,4.10128046378415,9.165247727016654,21.542097071532396,1.3173637402410525,1.1883768014308977
4.56023520525355,3.1359925350205575,8.634914515955826,21.958499247567836,0.9550239376515988,1.3887577006971872
4.68969236744159,3.055949901167787,8.611053385631086,21.80014492758474,0.9534615727394102,1.463192004101955
4.386134817648192,3.4545257563844602,8.834602624518151,21.590398134647238,1.0923567138231018,1.3869411183102047
4.387426836000555,3.4923708460111653,8.879873918217054,21.506184492500775,1.1180137582449399,1.404548308935804
4.322399732630273,3.607829289645638,8.940116543047845,21.3147694730207,1.1578434218764424,1.387167101145746
4.00563828278047,3.8480074028692712,9.13747546523375,21.528501235514447,1.207382620430762,1.256842188701363
3.793174492276067,4.152504066102556,9.294389018499661,21.25967328982996,1.3511463822757557,1.2342273266910528
3.781376756280896,4.046845945123856,9.164361910550973,21.53016607354317,1.2863937415221605,1.2020075534326367
3.781777788386431,3.9425600947556814,9.314067649667974,21.75679347122624,1.271048891216735,1.2192140003523588
3.687391380222646,4.2495399021509375,9.194467959610886,21.36594285024877,1.3713648077411023,1.1899544156876158
4.2443818504763895,3.3388925803376472,8.74231630882189,22.08663200171773,1.0326068969431577,1.3126441976216772
4.03013744206082,3.7473973941381864,9.064531323746273,21.648914599638513,1.2019211062528061,1.2926057055730487
3.805482647129712,3.997328971818536,9.227130647706945,21.581666782728043,1.2968945306850106,1.234651855394824
3.9136534622946155,3.920652418880102,9.230174292726002,21.47076903721355,1.295844900903755,1.2935316220833024
4.747942991815233,3.2510273848637388,8.555556611211593,21.115476753701433,1.0633393009975596,1.5529473561492861
4.850601443244734,3.1058092277927263,8.486005131683411,21.181303917240268,1.0139942032464853,1.583639362551808
4.5066503714451445,3.327151303743044,8.669140287472718,21.47069613481025,1.0685454964721708,1.447352560481647
4.2362794789756295,3.569961240946739,8.840484370572256,21.481300586547032,1.1608575774553354,1.377526757708787
4.123851389673133,3.674589461240342,8.989753227023092,21.448615579131783,1.2135011525063357,1.3618659899068075
4.284821871810237,3.3823046283007026,8.89920626077895,21.83906686384163,1.068864466490175,1.3540749126192273
4.143146805561636,3.613273020621572,8.916822702071169,21.6345641108634,1.1721239174138172,1.3440117689529165
4.161864699741777,3.663390313594605,8.944367653418604,21.511793799743103,1.1843197218776995,1.3454690933149207
4.015327163154832,3.7348524269225973,9.134868324261483,21.591280531624037,1.2135437767361859,1.3046767939962025
4.260736166651598,3.5433443121156047,8.836273407742276,21.538301915196932,1.1573900109871305,1.391717271695178
4.560963648470959,2.9371692221988286,8.793846428702924,22.339098871878804,0.8974860870230531,1.3936552878816355
4.694649648114175,2.8389323064641605,8.76949143010662,22.259923258777825,0.8715584718045326,1.4412677835436547
2.9739827368614,4.806648219737575,9.369331767054152,21.8484817284505,1.4645098901078666,0.9061256268471778
3.5977033786841393,4.2056277584008805,8.9903429362962,21.785019936177164,1.2757639824694609,1.091352029662063
3.8767099791446133,4.150415848190038,9.125564298090799,21.01647160335034,1.405928140650292,1.3132119412073087
4.479132111072949,3.5522097077394132,8.98099530457314,21.079167229273445,1.1804178585141882,1.4884390195306374
3.708401885937003,3.918406059224974,9.003746731304306,22.102536498224783,1.1953875245180066,1.1313215841711275
4.377879812020531,3.268243154395792,8.659903256513227,22.07115199991049,0.9958390431120935,1.3339471504739548
4.03508463531509,3.5735653141160055,8.708746983614615,22.16604259635315,1.0710096593111524,1.2093285670446798
3.4761425787404727,4.271814184971794,9.305236312939934,21.94693734999003,1.301404784790654,1.0590040644797487
3.570630861236823,4.075416287002189,9.156406519823175,22.154543015919053,1.23267594700026,1.0799953841037127
3.929838876917656,3.9893053406295573,8.956430763751387,21.495922989891824,1.2519720694087337,1.2333095842698905
3.698717140734516,4.284801502994341,9.190743185671263,21.11027193168531,1.4225127667071515,1.2279384119559693
3.8942379198981465,4.010731854745859,9.021409631157999,21.587833745250247,1.2438065464395798,1.2076794943125129
3.8155264504683126,3.990543465138626,9.033412858312232,21.762871739424156,1.213503176212438,1.1602814270825195
3.408239740076822,4.454474305918184,9.341973073420789,21.42817926483599,1.4515461982213405,1.110617571811462
4.080155278080604,3.610722120035719,8.949713984666307,21.888752884128586,1.1170062756247991,1.2622292437986329
3.982312854045169,3.7670314283441932,9.125534729558439,21.736395245600526,1.1890579547134414,1.2570112215234062
3.9542413819080044,3.733563865454553,9.076645397272019,21.897631732411313,1.1714742750484908,1.2407159012595195
4.046940266724033,3.9225531828734996,9.21933607042272,21.09072223003581,1.3311460680460343,1.3733577016081457
3.559390161342302,4.48039967951516,9.489315029283517,21.106075473218624,1.474478155750823,1.1713783180302237
3.812599949084855,4.203291429693765,9.222954738675357,21.21855955131491,1.3694309644016613,1.2421438086041505
3.806117653729728,4.17891953400842,9.201066270643706,21.307395256821902,1.34506794731251,1.2250742848885485
4.980458949267521,2.758615252468245,8.20039083560577,21.761122793345358,0.8621472408924831,1.5565378091951578
4.374259920530393,3.515117377775019,8.854328482486965,21.326130191090066,1.1463167687722122,1.4264921932837735
3.5638700115568747,4.15695894148183,9.34155185324894,21.82134520389316,1.3118239016364894,1.1246610633636098
3.8774222308819755,3.9497856860779583,9.067328469111924,21.640047704597702,1.2455661255171238,1.2227462877635993
4.110899896832123,3.6303706290984525,8.998862709636727,21.661094381560126,1.1627387964531635,1.3166431989256793
3.621089727731459,4.352774709320972,9.398756215044395,21.158466888478863,1.4470039313936391,1.2037680380600115
4.446114167112186,3.3318754466659617,8.766012868603326,21.738671121145074,1.0484899109514045,1.3991236832757254
3.4231497233372887,4.42936241264469,9.552833454854635,21.328725908415983,1.4609675717136765,1.1290814056306473
4.379170562867567,3.3863303223752497,8.605849866866532,21.77999644553505,1.0666700688480648,1.3794077131007494
4.194545773386992,3.6861307001419763,8.850601125899933,21.540238002475405,1.156418162786615,1.3159188622361435
4.169797737068231,3.845386403411688,9.048038230942607,21.12453280922253,1.2708184566672847,1.378029505730394
4.266567696100631,3.730206898849185,8.904543195530376,21.128167409657628,1.2256958712157198,1.4019368231253548
4.084643826882436,3.6133916402065562,9.040567945644732,21.802233378742095,1.1498389558502693,1.2997989314698994
4.058622276045548,3.958188333308288,9.101371084242952,21.013588421027123,1.3359593241800654,1.369857575340809
3.8476227650510357,4.258784665917026,9.30263078570147,20.838343977527586,1.4640068600943699,1.3226651650576153
4.053304315816439,4.014003212887758,9.24049478255588,20.903092868703503,1.365830449049455,1.3792032941156653
4.477492982276893,3.511465334778625,8.78666950268397,21.17409829485147,1.149940406585104,1.4662967193569183
3.8250336337700475,3.9991962929561824,9.393251953398273,21.549814559592082,1.2823355297645425,1.2264905675590074
4.771519789996719,3.068474401634991,8.46467957173108,21.526765312760983,0.9931976867940913,1.544436028337675
4.2349144211360406,3.604235319196955,8.9391112384621,21.466257987148126,1.1699065625827176,1.3746200607032304
4.1984663115867775,3.6915893277044596,8.946495785568562,21.34376154159242,1.2141168714964066,1.3808222775626369
4.536639660394246,3.160401737135547,8.563386870319981,21.724471069870923,1.0110446743938089,1.4513171899603403
3.5779163070833238,4.23490986409912,9.116725387824324,21.454059031824023,1.3636526197145147,1.1520988880152612
4.128643736009049,3.643464011407457,8.840522236771161,21.6920240101676,1.1622301942525937,1.3169978888985738
4.706717131694259,3.038883467748206,8.41145851648563,21.804521165520157,0.9573159598779142,1.4827207020677544
4.878713167181783,2.8812640510548206,8.461591984952179,21.730911044020523,0.9144845538804277,1.548455037492124
4.171782853055972,3.582603020260811,8.839875565529047,21.667231712999154,1.1421003134873158,1.3299253300828666
4.150646440375397,3.619857073300662,9.055048233425387,21.633252073239902,1.155705001757864,1.32516913086195
3.964316938656664,3.780519475437762,9.08024905073519,21.767826358200935,1.188350849342812,1.2461248862026393
3.622801248717831,4.099291215739675,9.10779683914954,21.809687204718223,1.285181193615386,1.1357953821825206
3.4811790538008394,4.381135728681876,9.35712150641904,21.294323933748352,1.4660990926514579,1.1649384470611241
4.029671330430048,3.8670004882249556,9.168969054495324,21.136049279623712,1.3139312183225946,1.3692035924882908
4.015226902301295,3.815887794411874,9.159826857047634,21.462531154441923,1.256410372976375,1.322044305729559
3.4170839460938383,4.226521853875964,9.284461679957479,21.91054129249671,1.3151322140510153,1.063266044987651
3.46459794883368,4.081068350278007,9.282876121936393,22.151017786247845,1.2515284039863699,1.0624773635714506
4.529232745767841,3.3835637058235912,8.733300390618949,21.32142784916776,1.1100875271635733,1.4859613164794483
4.480995332561964,3.5684939722268574,8.813443919611382,21.072427365983195,1.1891062590848078,1.4931732093004373
3.9388350402692622,4.028321207284409,9.233674052978651,21.135909935165152,1.339319229513631,1.309567246468652
4.0858026644083205,3.5896450235324395,8.924279449713984,22.081843490601745,1.0881252453732513,1.2385249788239432
4.252001736326579,3.459400202225292,8.75776928571514,21.98407586813057,1.0521659130346734,1.2932332276124774
4.027513773662252,3.6412920037382355,9.05939219422373,22.03963429070761,1.1039456089616204,1.2210380658574929
4.210354227688206,3.4292668428946973,8.8561455544386,21.873684499407492,1.0868563122786867,1.334410612803017
3.8008963863443617,3.7206519505117104,8.931335239967291,22.203240393469507,1.1400890197170734,1.1646776674602775
3.8978977055356223,3.668933017115741,8.907890745399476,22.083825515467414,1.1419901895279763,1.2132576197874114
3.5106976417071336,3.946982037518051,9.226847690613061,22.334398442712423,1.207229057992081,1.0737865454179283
3.1535813294100814,4.375014869230013,9.362659224350278,22.376178715346096,1.296621688512634,0.9346258402365766
3.937709961374276,3.772205255376935,8.969073179180473,22.042172142904594,1.1527929155086631,1.2033714603227668
3.314941792977673,4.372875881787232,9.363039821034322,21.88659796135128,1.3920363774847966,1.055259671167159
3.753666003060576,3.8747793973618645,9.208107477697563,21.86942843566949,1.2278487878987832,1.1894701038135955
3.7843678465943174,3.860696726424773,9.163158168653599,21.85153022387776,1.2209403908310363,1.1968014804281482
3.7917635023832403,3.8387022824487724,9.251872277283974,21.783442389626206,1.2345717708250024,1.2194757074780675
3.7510392008095965,3.874367342607456,9.211536014934046,21.82460195054,1.2400548356304997,1.200581640375133
4.10144123700456,3.9879761706948256,9.160681375622001,20.977605103150648,1.3376955875060685,1.3757554233832148
3.8446464440151975,4.089513399603161,9.297635541069893,21.33072714824413,1.3455829503196164,1.2650137558115833
4.0046855653095905,3.874600216203799,9.045010147651432,21.32108961100183,1.2801907465608109,1.3231717125691005
3.9939630228087664,3.8251544283949674,9.079163247869765,21.58207274018511,1.218631582634641,1.2724112373972685
3.658029912218984,4.202873535954651,9.319514550273876,21.434866044624854,1.3641608809696089,1.1873165502069662
3.6822220266817682,4.189132522725898,9.345403137539638,21.430826568837965,1.355388918330258,1.1913786214021407
4.025913450691002,3.8119596112399394,8.970660091717212,21.483856051914362,1.2469093767961048,1.3168946536144708
3.841858758299504,4.062530955590316,9.293679458918675,21.184326871746038,1.3934498974499288,1.317759237108794
3.7757898395273872,4.294731529755571,9.306120017915468,20.797678486067575,1.5082394816987748,1.3259956463207372
3.680197646712031,4.33928557149234,9.359969088415339,20.912755128189207,1.5121507119070614,1.2824722871420526
4.146233313690536,3.808195843617999,8.995574142621667,21.196781283317232,1.2659316413580521,1.378303049474209
4.146997714717943,3.6987271858626447,9.154563550990966,21.37815471382561,1.2246884525927053,1.3731156581527901
3.2240536650869815,4.547177033671785,9.541913982877832,21.435769927771325,1.5225490047284367,1.0795224515385708
3.215486186440481,4.557850027848639,9.627047742378688,21.419832167262577,1.5341940481171763,1.082347979617158
3.4860487508112983,4.310566610974624,9.47572207554339,21.496910498718858,1.406545522619666,1.1375038839682543
3.2234332554807263,4.348699646562952,9.435317412471761,22.21130520213477,1.315978365638009,0.9754567507653522
3.444291693693244,4.154919720681724,9.330242672144692,22.17563276398394,1.256784057313877,1.0418326178061603
3.479528600882858,4.363425214849342,9.278056486695865,21.441302661926343,1.4238251997082791,1.135401722523566
4.497860615565822,3.327571286342709,8.836242818503884,21.605239872495556,1.049381217797592,1.4184430757707218
3.699558853273498,4.099762157470982,9.274109995596502,21.63907433125604,1.3163333674113387,1.187837873568255
3.7907038820099053,3.8748827875290233,9.21790206905545,21.966753391980365,1.2068798899623043,1.1806613347696076
4.033711835484683,3.8592978535196756,9.190435210926491,21.311204097955482,1.28984791584707,1.3481402580478625
4.3934729721140675,3.3442503173039637,8.902552304589339,21.953827199426115,1.0172297383355775,1.336374654338357
4.332247910505912,3.417143416945569,8.779905719950827,21.728558262790536,1.0790724325025383,1.368045973081298
3.5268663928117983,4.275555604038825,9.435601301333467,21.59117970103561,1.375075354516845,1.1342869803512892
3.8378103094977662,3.9914413309608037,9.098394060538856,21.46238497289344,1.2888377696729076,1.2392302603456118
3.172716278843959,4.563905166291643,9.549149026411568,21.608817358420513,1.4740452425324886,1.0247205334757967
3.7162337155800387,4.01197541166657,9.006447111081568,21.802543653843905,1.2604054312999462,1.16749498151868
3.2777389480640067,4.445709803999235,9.407627307862427,21.762265356627957,1.4129463458212737,1.0417389963368604
4.62423495970477,3.364936469257923,8.802946922651273,21.17827487060498,1.1050866638266215,1.5186558293320571
4.147546294863036,3.8826211291321786,8.97224593795885,21.036187339096426,1.299502656308551,1.3881723835727156
4.590481640812555,3.1840927228385074,8.730094186123281,21.735129437375527,0.9842319191802863,1.4189594803228858
3.9887944160533615,3.9307087173545106,9.145013549437401,21.236036847204172,1.2979852126734899,1.317166073785391
4.54519209334419,3.1829219728433875,8.638146228741657,21.784384408601817,0.9976184919485606,1.4245927862717547
3.8115891630063694,4.094221970665216,9.262955299294727,21.167867099617762,1.3906445076072211,1.2946453740828305
4.143113253147895,3.657079393606732,8.975638052375844,21.48015076726699,1.1923374692519904,1.3508017298499944
4.090398961666532,3.695255827178673,9.167197633863836,21.585573982957065,1.1967072100389782,1.3246741655501637
4.120958437712572,3.6881230908443285,8.97774646891703,21.534049128093105,1.197824280952013,1.3384000359803996
4.041305837424716,3.743290562140672,9.155899660025172,21.515394848104492,1.2216250197644185,1.3188824756085014
3.893638134384927,3.7579721069198384,9.235027957660648,22.00341837721726,1.1679087531955334,1.2100712643796863
3.6627394130133535,4.3268616294352205,9.651281496663115,21.016062550554132,1.4829946675220391,1.2553724808460345
4.564152567747118,3.3166444578979077,8.851476296597012,21.384139219754275,1.0897910826599055,1.4997003240385396
4.080367002160767,3.761014567243503,9.352054862248254,21.53561819551474,1.186770835330574,1.2875410262392966
3.804825908204446,4.298428872901837,9.041944506298263,21.12420621136618,1.3947875015775197,1.2346193875389713
3.866148999901436,4.339178361976475,9.149303889709179,20.799714364810548,1.443155839169331,1.2858322564470503
3.8221354481613625,4.095080408459593,9.198463761090665,21.493713203504967,1.293945473618236,1.2077015270536666
4.3295171442714135,3.3577119990842017,8.721470450253085,21.913728943695553,1.0333112384157777,1.332377143516068
3.964711703482786,3.8115075752364116,9.090157107598237,21.53040723281393,1.2474279131354433,1.297568468338264
3.756970622253782,4.010189509381922,9.14506808057986,21.777089731842608,1.247264059451395,1.1685069791811695
4.042029643688276,3.7033850540704005,8.94900691784022,21.777512878804654,1.1631674871703233,1.2695297397037757
4.089960558208352,3.66947572695698,8.949097518578865,21.749184380124987,1.1440052107445429,1.275096645539105
4.296680695197598,3.6034067578256117,8.91536738756207,21.26736136275301,1.2005680858827095,1.4315502147182841
4.073549005586986,3.9168449171986417,9.237211753035634,21.131010251706257,1.3061413213122417,1.3583970754688215
4.287312533067779,3.7452979794172157,9.107026830040336,21.018913900519827,1.2418478878761074,1.4215664663038248
3.3239644871439937,4.399875933780345,9.234641926594895,21.936627826432037,1.362972848043828,1.0296820665001427
3.4863033665443823,4.260368059667926,9.08740913391275,21.90081117563785,1.3092117111557686,1.0713415207787123
3.865706783209256,3.7780711796337645,9.24977320172552,21.901667002256215,1.197059652647042,1.2248264786775038
4.232282369721311,3.4723177493801116,8.894015842927447,21.871974688475387,1.087117761050277,1.3250484736673005
4.204637832068808,3.501827776053532,8.98349292711286,21.82434258571239,1.112084460460521,1.3352776589652176
4.0882285743131614,3.5931972037890074,9.020939622790634,21.89327077043231,1.1177914591688383,1.2717885282439914
4.2237660515724444,3.470907268570203,8.893191252882424,21.875600970003177,1.0821669372723157,1.3168948687205424
3.429225957413952,4.358225149667836,9.260913319209418,21.66298123201029,1.3815521120230396,1.087060489389943
3.561793702265659,4.254495505280456,9.328978489125177,21.63748767735087,1.3478299186446239,1.1283810524644557
4.195985163086145,3.754570688406996,9.045161962616241,21.18941813081887,1.245567172630658,1.3920050545653382
3.2306364637340197,4.493816914750872,9.273043171611079,21.863970466383762,1.3747978368336733,0.9883517967450939
3.9687598941889726,4.0289052582540945,9.241955793927968,21.0337281396981,1.357066782172096,1.3368078605935343
3.6265524646140426,3.9146817049825042,9.19313680807461,22.396775878601787,1.1580555914895834,1.0728201360870007
4.470872503342072,3.5113834044750707,8.87950068166656,21.20852760832214,1.1403074364604409,1.4518976072308505
4.245675624312203,3.663487003929948,8.857511177825831,21.502871910800557,1.1534408779356293,1.3367416928962061
4.284132293193827,3.203366735359684,8.679318353009524,22.58431473374405,0.9197436879128756,1.2300507435987673
4.36478699968252,3.2072585340666393,8.696188274118764,22.377886628346563,0.9398088079856798,1.2789942637027807
3.8462395886638454,3.700688440902481,9.277272426605954,22.279189801648826,1.1254548751295421,1.1697199494379267
4.0247540355187414,3.6904671602967567,9.105024494841826,21.935455405798145,1.1353287880396041,1.2381682109144045
4.179236593709605,3.6092315974649893,9.060326518841718,21.855539043528402,1.0992461487983498,1.2728498037585356
4.072545988390058,3.8102498713657034,9.246286552470254,21.403647096866628,1.227766507767841,1.3122854759384581
3.752013291506273,4.220003173488943,9.303460129966448,21.219188773334864,1.381811548323477,1.228571421044722
3.721332919111495,4.194177214687772,9.49692709461385,21.22810525680037,1.4019550842868784,1.2439010893489089
3.698036401235007,4.224264440761979,9.508855700891282,21.21328195072227,1.4107084216591923,1.2349726604434483
3.83428481483911,3.9534011473924404,8.901755053214385,21.533838167890696,1.2776014470948864,1.2391072004528156
3.274076590603302,4.426347504358258,9.332262764779227,22.033056783843488,1.3267568515245431,0.9813742695804984
3.898826022730036,3.737333938892466,8.770276280081731,21.948690180684153,1.168915436586614,1.2194248619606325
4.029182964996687,3.6469940367465523,8.701623928098055,21.967939113025878,1.1283832882514044,1.2466328919652852
2.904460013021996,4.9643679252922706,9.578044507108487,21.72225147608228,1.5022339723194307,0.8788991002410649
2.8508244654769914,5.115156497644337,9.554290710535584,21.596578538820545,1.5455467870613402,0.861377866957334
3.242638561426427,4.684232466151472,9.203196464212713,21.532014895501405,1.4523889269095251,1.0054096107776909
4.114115624744547,3.6275253003469268,9.005950199080207,21.583982682877274,1.1873419133227696,1.3466100200729456
3.9345791883318233,3.877884725608853,9.014020453930291,21.602710131925967,1.2440619150746388,1.262250032272525
3.7897184948832194,4.007251069368665,9.048965398169189,21.61567716484055,1.269061597173619,1.2001709208384121
3.289749006820661,4.533302092349464,9.266667626599649,21.43205336180377,1.4869275012382401,1.0790408780981238
3.1701491592456295,4.705983213083029,9.346460126655536,21.363588814121382,1.5420804418569436,1.0388105513532495
3.4675460667678863,4.348540213248329,9.16367850706858,21.469274688714265,1.424300062827195,1.135743453793296
4.292508142681592,3.553413885234231,8.775641276030138,21.64243524269922,1.1008336829321654,1.3298021846990684
5.021238164554205,2.821167853397431,8.289701180594177,21.54056875658698,0.8980239391450865,1.5983423568676898
4.8750981597329925,3.092104160568633,8.371540678426786,21.33469220611225,0.9875810923037659,1.5570480539024913
3.4034275157671745,4.261084684507109,9.517776822797172,21.74511540640457,1.37300506116412,1.0966510995296233
3.903271195787701,3.9474816077319335,9.191412254597198,21.420151748298387,1.2878807697838963,1.2734569560653783
3.376731933468294,4.271940324462824,9.307145987163798,21.938889241368887,1.3427901443266,1.0614011469985338
3.713900008104367,4.139501244937883,9.1998365777909,21.36708460943153,1.3636441238645538,1.223441574963951
3.772631937940512,4.147201275922645,9.098685454918257,21.032439461968572,1.4391853231578124,1.3092001457181444
4.00529029170938,3.7049009579737935,8.954123596570092,21.904059720904947,1.1454407721688968,1.2383118621894964
4.032290826325301,3.722220476375487,8.975282021007644,21.677637634861803,1.1873889930131458,1.2863014897142153
4.774830461770854,3.092396075710579,8.502222229518907,21.63177391565499,0.9652381574587209,1.490381065122274
4.57497703806204,3.2808973063574847,8.555331084691405,21.708714635176925,1.0097741025148972,1.408057888213585
3.529086808810816,4.114352971625356,9.425321469866091,21.917239722179495,1.3007779412580085,1.1157424521776624
3.79764868619653,4.031199384629061,9.342690216246249,21.466999028948287,1.3218057536483625,1.2452259004826232
4.313753742555899,3.5685630145386353,8.790691352231413,21.35534236097851,1.1847696239970626,1.432174345461188
3.9301588569664676,3.9560754075501467,9.166989385169549,21.2929037179492,1.3079414008088583,1.299372977312719
3.7629832748699834,3.9917522534830217,9.292921599817491,21.541313138085208,1.298157907689431,1.2237599391377953
3.2055203444588236,4.554346795307368,9.372392833786158,21.75507223641154,1.438179193788291,1.0122445373320819
3.8419514698185058,3.882753450034769,9.023677264148454,21.89713668885196,1.183288210576068,1.1708536064273987
3.1427826189837402,4.710084668962001,9.660246166654913,21.45046994723944,1.5607654762845073,1.0414136806287637
4.761855972160397,3.153540906306741,8.548729567071964,21.333459232438766,1.0107682256391173,1.5262629706511348
4.827150420668334,3.1129178377114206,8.46742593039082,21.16707485721263,1.0357273460934022,1.6060853369866381
3.0335810912901713,4.656036637855176,9.634463411928992,21.90296524089862,1.4470791082292174,0.9428258756888547
3.393683300819654,4.396237432211836,9.589970435402442,21.59014249199024,1.4210142384125912,1.0969544674254517
3.606241389354423,4.266862693403841,9.459027354110573,21.38683588421928,1.398409208203203,1.1818990973561754
3.6934174708974195,4.1976592431588164,9.473692661643486,21.31878796588404,1.3766934043250876,1.2113187796008877
4.700451186891861,2.9913862406447973,8.400348015273014,21.86722823872853,0.9426649509531577,1.4812365342009566
3.545595632683404,4.332468010177184,9.525485533201987,21.384047092276557,1.4101960326963283,1.1540731248356249
4.144727836036,3.840865225763765,8.715920207453209,21.446238952352623,1.1877374523375481,1.2817029995180313
4.8699314619707055,3.1006836555653066,8.376494006301979,21.374038329476626,0.9878964368002995,1.5515894148400022
3.7848465675297382,4.230080638526542,9.442592946952043,20.934798973452082,1.4519407304439702,1.2991177614504479
3.8352444007366855,3.9359373007907466,9.13675392483494,21.75372222315395,1.2368020217383073,1.2051609734074469
4.439747836043031,3.4631083451949474,8.594906627739913,21.46281430068367,1.1072008846192847,1.4194452617614195
3.5180637699706523,4.333364793654703,9.077762776250541,21.28812321915468,1.4480691927134655,1.1756221795025346
4.3656003310177605,3.3565254208287834,8.356887042447292,21.702818138244,1.0820162394183077,1.407303643124147
4.722501075910049,3.07773396698016,8.198893435474515,21.565000236422513,0.9963984997799429,1.5288823003317986
4.1444572493990774,3.653019345108777,8.475491806609805,21.50330527562453,1.1932924527575437,1.3538251756334303
3.728507474529731,3.9604117619245325,8.73182921684039,21.79056964266328,1.2598521588101375,1.1860807596034821
3.9614438339093248,3.81707079231611,8.64358367495792,21.578215109265336,1.2302641655382764,1.2767964383741506
3.675617184818724,4.0032979718509205,8.985883051285548,21.988402919780466,1.2385928561965598,1.1372106746090884
3.6983411122111285,3.954966471935098,8.979039267867496,22.02763363312506,1.2229204765785535,1.1435690056007914
3.852567790175513,3.8013902231598586,9.103944825963561,21.84256549103803,1.2083769000781472,1.2246451035914694
3.8374076425261494,3.9699584858284145,9.250449453554833,21.525310905323177,1.2970740114888661,1.253766693625963
4.0392522564082505,3.82066760283195,9.036037490717565,21.432982344889794,1.2364688535794328,1.3072086153470397
3.811891734159087,4.047107231801461,9.299184277039455,21.447828506430938,1.3150603859767853,1.2386298479651656
3.4093817252561487,4.464221009657272,9.572828192992166,21.34963059163659,1.4758200573185498,1.1271023370714872
3.499014712839292,4.28529258537144,9.584274883018793,21.542475529795922,1.401605955456742,1.14443524264545
3.961317247749454,3.877731117147543,9.1349277185594,21.528774988997103,1.2424331913047277,1.2692143630402601
4.124452338628399,3.653407744189299,8.938495158862862,21.58879518566568,1.1858111025181974,1.3387012119661412
3.9290233773968,3.7944471570365863,9.047889515814497,21.589313638586717,1.2491318429086944,1.2934343289344918
4.318024588182669,3.554412956186534,8.96693578623087,21.46202087453605,1.144598258475317,1.390497807826499
3.4576079839759055,4.245339742454071,9.403070743378816,21.597317199480237,1.4155769622145016,1.1529136661406247
3.68484471777744,4.048344953655316,9.311377451549712,21.541012930355727,1.3506082747600028,1.2293373771279748
3.752976457915053,3.9898838462277118,9.244788615750888,21.559815077714585,1.3198624884242378,1.2414929951969937
4.770395778797772,3.0598369503908067,8.60600523228678,21.644972871214627,0.958187133405589,1.4938481790386098
3.831528522116153,4.038425903426418,9.29103601672351,21.246248663753242,1.3670173499593898,1.2969820647577162
4.356870771989279,3.5779800110652444,8.87881767809411,21.32146389536117,1.1574268707044428,1.4093872207480163
4.259363424514153,3.6155853368216113,8.90158787429323,21.427407057301824,1.1754005437280879,1.3846881261861028
4.186625663800164,3.783000873795259,9.11124079936815,21.11428058692472,1.2653007243642114,1.4003011529134644
3.6650765832612433,4.22267620526733,9.303637141304037,21.218546534084382,1.4293858767828458,1.2406370867144167
4.3232242992461405,3.4121490357587057,8.9170940551894,21.57250430362452,1.1169080520886663,1.4151328034649366
4.271616945526795,3.679038601378808,9.040629276227817,21.141087565316482,1.2561410889874514,1.4584662307376537
4.007915243528676,3.962087383248419,9.10652996787005,21.148073157322397,1.3309051530928422,1.346299194037039
3.7831539117025326,4.017261297441291,9.261886786346768,21.521092263460353,1.3075081821769312,1.2313126599796473
3.9639689768202264,3.9182978489374003,9.01183239004742,21.421760472340416,1.2755822396782104,1.2904502466137229
4.205051943203297,3.720510496655908,8.913680581340909,21.303833282280287,1.2154181100437687,1.3737083365408682
4.299633433143933,3.631936799589255,8.880713964383526,21.507216639001534,1.1271674510973175,1.3343863412044366
4.810003139661097,2.9867979148499817,8.47466575167057,21.687889098046195,0.9248873722436525,1.4894583735332212
4.801715122728852,2.9601287599087347,8.478711920807719,21.769194475063323,0.9110742060043598,1.4778812503528374
3.953985228098131,3.9454509394468604,9.28846959236412,21.242648391428574,1.3043153975909465,1.3071367237881741
3.995041400902208,3.7323403943975926,9.089384259016597,21.78035868238817,1.1840248918875282,1.2673625561831705
3.838050178635834,4.045239309686106,9.214725969963036,21.245083432469855,1.3532228354508349,1.2839134468262594
4.53103410983553,3.140048791650558,8.592484994282405,21.84519004192203,0.9860887893009737,1.4229084438208808
3.9294802695885074,3.754266974914715,9.042223680836294,21.59187536338129,1.2485917993521138,1.3068641290316332
3.880335750218367,4.22494419374166,9.076048241740581,21.035522057527793,1.3864203744084613,1.2733367109599365
3.396830862111266,4.172581940386464,9.309914690853912,22.064294987506496,1.2976029989907536,1.0563574249021654
4.243978741382878,3.80969530038156,9.004707066935815,21.01889805737249,1.272686091958649,1.4177650160592101
4.172284197299002,3.727818197270168,9.06165309697696,21.340618159927278,1.2320485862792796,1.378945156338875
4.166005206447046,3.762274513809146,8.960569990232178,21.21090350466077,1.240093081727778,1.3731678047400877
3.4951855624410237,4.129122073022228,9.158421234766084,22.125578359251364,1.258718508971205,1.0654697734604286
3.4614042508487435,4.279631071801173,9.147454287503418,21.90491454170438,1.3207555622064833,1.0682390235636736
3.9355385109329752,3.9105252018399175,9.15963144267832,21.383182340152384,1.273327304843861,1.2814720239822788
3.986639343868189,3.9129557552488246,9.11725430771956,21.27326195256015,1.2879800041147007,1.3122335338526367
4.036334361706613,3.7332520377334033,9.087241074781643,21.700302921904196,1.1911934582634491,1.2878999431144869
3.7548378031353997,3.9741859552691987,9.351601749450964,21.681982414419636,1.2763057997509195,1.2058623625579934
3.810815452362422,3.9525521869429507,9.228811343402212,21.615026262304724,1.2728498184222452,1.22720599935502
3.4812799579478266,4.155359268273799,9.329373702004398,22.137006920719674,1.268958031909947,1.0631085975389454
3.4579444732631015,4.265537172668205,9.360650259562128,21.796909794862625,1.3598169446870805,1.1023632659116827
3.642233748514735,4.147266530427662,9.242478196393357,21.422348359436725,1.3843033208035402,1.2157299841280644
3.8130377643669187,3.966802206665678,9.09087672166826,21.405074177890086,1.3389615802057504,1.2870596526798856
3.8181264451444026,4.153845898166304,9.352220731455033,21.089128527807954,1.4081035772575534,1.2942987384782016
4.026397191378608,3.749548713727836,9.070028396293374,21.7071331754095,1.1865992414074487,1.2742119699372791
4.08208769754011,3.7362733359797136,9.058785259664017,21.431409720492276,1.225670947495209,1.339114097414014
3.9397917581453155,3.8818051575055437,9.081366754902522,21.440536843307328,1.2647688068267309,1.2836619868621322
3.654525337461256,4.1644631894645325,9.27324756332881,21.49265489228978,1.3502213829511012,1.1848869903953323
4.0495423872213525,3.7262981352237823,8.950365932073272,21.479932667487905,1.228449978955451,1.335014021915486
4.999595228052004,2.9640628382361704,8.428146038131644,21.176843470109045,0.9743261406629309,1.643432204130817
4.279639794977122,3.6070722732309237,8.962824466588206,21.465454508033865,1.1540699141023636,1.3692554948876432
4.155441679551385,3.860372413498008,8.948450947657168,21.20046264519761,1.2456090463144702,1.3408177225034124
3.220127212740522,4.613168336071301,9.4507838530126,21.701115309025926,1.4298687977650921,0.9980904859529022
4.488166974934555,3.4573933698573174,8.607608132248005,21.443941907963783,1.0856860759589575,1.4093682349678287
3.8527633501429794,3.911837001171303,9.207373564089677,21.696872598540132,1.2186046089882836,1.2002021491231805
4.597740695365253,3.2906126082447966,8.975838526605193,21.375774393832614,1.0710149978233716,1.4964536477192996
3.991816522358943,3.70684979594164,8.90500526795585,21.800809466938524,1.1752678586806862,1.2656174149854438
3.9637712960168243,4.0209520414235715,9.180385048407812,21.184831524544876,1.3130064008119522,1.2943345330679947
4.063013009465012,3.926044833940224,9.10433393388386,21.19387193112754,1.2780582997312948,1.3226460008230376
4.045524271111788,3.7425715131346777,9.00538588431054,21.51281932668129,1.2079914277296868,1.305775620592549
4.103315682535723,3.777859499178801,8.925236689734918,21.51583354868489,1.2151628016524478,1.319847014410778
4.029939076560084,3.6385957587440796,9.158725721649052,21.84471047383623,1.1404660203948158,1.263127009927705
4.016376691501049,3.696303222362957,9.112592564356031,21.823723207266717,1.1493608027372741,1.2488872423425956
4.173395755328462,3.620227324851773,8.98737709685093,21.70731550893035,1.1345345191962326,1.3078906714458984
3.7828308422799215,3.9630269269459224,9.318428999204492,21.501780981348247,1.320428539336825,1.2603895698178602
3.8317349229379922,4.193093310796324,9.275593331119097,20.826181595012656,1.4615130726358383,1.3355607103543359
4.115683208163089,3.7045499911484363,8.94661782698687,21.445464246816254,1.2196612296465557,1.355019976649774
4.305739820531417,3.6204511366509937,9.08976118517722,21.316384966720364,1.1731360381713285,1.3951903682167233
4.18997832295735,3.7116828718050265,8.986330245730219,21.333293363718667,1.2126722951435638,1.3689398596253177
4.001060425230036,3.687274817656247,9.200638674222116,21.704413689483275,1.1920224760809,1.293463110532012
3.6276094965811536,4.03839806478606,9.387575415979398,21.881533764585036,1.267597165421812,1.1386563289092504
4.190302998645929,3.653730874385399,8.912906521731717,21.527160294466974,1.1618634320619474,1.332489991946979
3.9091690572090894,3.8813192731423904,9.142249334948092,21.434658250410124,1.2820968822910588,1.291296362882998
3.8047865458610013,4.170962817710877,9.23254186393984,21.29154078458016,1.3524180251428584,1.2336868323528987
3.9642635843912513,3.8162719493207935,8.96823809754525,21.593468213696,1.2217877234528802,1.2691675656926307
4.09980490361502,3.803852252334096,9.05345027838991,21.324309344194198,1.2496921671909031,1.34692247100678
4.014173882076928,3.8258413111485474,9.016969370834122,21.6018033320349,1.2148336219294311,1.2746355636883593
3.9367915886345246,4.002248333730341,9.123385015277272,21.24359694399527,1.3222370794436027,1.3006119007319392
3.662754484713219,4.3044814773684354,9.334880239391318,21.167455952029655,1.4366531917410599,1.2224719629283063
3.891229363050032,3.979140927634663,9.150271636324906,21.30955960888012,1.311123322700761,1.2821565419915035
3.862076986642089,4.000727605654109,8.909444360549275,21.592011539188633,1.2448430762025307,1.2017013579699822
3.900170517587908,3.9711955285641043,8.881857655248002,21.58175014493004,1.235661322227211,1.2135614637984868
3.263157169943658,4.540038648169944,9.59540918326323,21.535901670191606,1.4807799485333661,1.0643120203642331
3.965609232884318,4.241107911983492,9.202130711719983,20.69417675391022,1.4354319352438458,1.3421875259282856
3.630080173093878,4.192349369474821,9.146613116161538,21.651230133905983,1.3231618301915438,1.145702111695579
3.907950430567825,3.992214853674416,9.097120084806377,21.2869167907763,1.310756076744665,1.2830897038943434
3.8915335340249513,3.974961226171501,9.151988863235825,21.36682830141405,1.2987533355039242,1.2714947064799915
3.810039254865074,3.988692531863662,9.255058675974876,21.467898832085876,1.3102142765380815,1.2515298649911997
3.594661521584477,4.26765842489451,9.217044011551291,21.533287832024826,1.3438496596517793,1.1319286084766855
3.5651698632810733,4.178294108223396,9.63719912126688,21.601523251695326,1.3502633365300325,1.1521252526038892
3.868069980308967,3.920810054692806,9.127273104649866,21.658329282068323,1.2410143934790974,1.2243211105833436
4.317141681964761,3.634239442920844,8.877235642358558,21.27168105942407,1.1770739310314735,1.398255401225298
3.587527307540033,4.01690038966463,9.250299413278631,22.156268856983726,1.2145623936431487,1.084735823949513
3.1160820224173067,4.632173184545034,9.48398068122145,21.881055566198434,1.4063122475552146,0.9460320540546657
3.9237796450472264,4.069399035903107,9.137140838083681,21.130213796770526,1.3321261384458813,1.2844573315502616
3.2595595203997885,4.452274532683143,9.605277046607503,21.86440853821577,1.401601805785865,1.0261282129665985
4.821419970884341,2.952604380108617,8.49114441388012,21.577408668364875,0.9496184190028195,1.5506680275030207
3.8656857119192543,4.102041203421573,9.213841597799812,21.08709991156979,1.3934866736225053,1.3131953719721818
3.4222098184748586,4.4879961145958465,9.64843098898654,21.20283937929328,1.5048306205173716,1.147471163784623
3.705392576606595,4.071579017944184,9.222933589369442,21.57462881526159,1.3111186917906783,1.193200339769982
4.317143005319478,3.5411433241662587,9.01108164897659,21.465658785626083,1.1440348999390364,1.3947366186529684
3.742624666688353,4.066618394750492,9.153052529345315,21.485142760214078,1.3236897355941184,1.2182293430511788
4.396154612831302,3.474417617291146,8.90430822027174,21.420258795187898,1.1299352103231797,1.4296985665573496
4.321902264682514,3.561101061158862,8.99766541014787,21.385652650086264,1.1569223891647358,1.4040897486256205
3.9196501267972454,3.9389377984647496,9.113493566730902,21.385801416936914,1.2861711632073514,1.2798732097048047
4.565320167551799,3.241344229719289,8.702903466720622,21.455094878636906,1.06896641293923,1.5056018668679352
3.1488024498663876,4.615345091137011,9.650425204411947,21.745370099838677,1.445341334789031,0.9860788838122768
4.514378371429256,3.246716694330366,8.557974332413602,21.852477663609825,1.0019795460156848,1.3931966404850251
3.0846015105809164,4.598213435340328,9.485558320384648,21.805916039658356,1.46979399232682,0.9859761476336317
4.268845243910166,3.676049383798739,8.965091218317824,21.391413436698176,1.1603532873695042,1.347470638961913
3.733770343150932,4.270843875141402,9.384591271798854,21.310118097540492,1.3616763344285199,1.1904407801119508
3.695447725246572,4.271709511452846,9.529779970590772,21.115802051553995,1.4488769270119188,1.253420657405005
5.0519172828596135,2.8461550964761306,8.59826776581014,21.25170902920369,0.9430510088038552,1.6739128854548508
4.8516345575299376,2.899470721175927,8.581916938346021,21.477030706128367,0.9530159190169407,1.5946651686496531
3.6318822272918085,4.32116674128254,9.376663417631823,21.489494849652736,1.3561201426665015,1.1398006462395984
4.443955396675251,3.564022058436267,9.033626086935795,21.036375445638114,1.1982741914033441,1.494120118302514
3.916483613837814,3.848738452727356,9.06365282919553,21.612378828614638,1.2534533455179728,1.2755165228108811
4.049011454688545,3.8213098174658264,9.02558359988563,21.570950488375296,1.188466660871801,1.259284212285256
3.3492040413652244,4.414412823915065,9.642218784386953,21.4937160675047,1.4710502970069335,1.1160822053379233
3.2434340754143243,4.562462286715895,9.54286691236905,21.85074954173796,1.3616215922528765,0.9679707124355884
3.4628438979291185,4.44585523911248,9.465191300515214,21.522239894046365,1.3989997304715318,1.0896705851436879
3.507029047122638,4.43149219215955,9.500483716522673,21.43267213224098,1.4049651928932765,1.1118723734615983
3.469732256782447,4.282983488418982,9.073097519438962,21.971401673048742,1.2711194345988894,1.0297597729191577
4.5322091861176625,3.2735054599351394,8.903016667637386,21.726477106351894,1.0206910465886159,1.413159499550257
3.783892693538161,4.0767202663289135,9.080937023168596,21.494748392997696,1.2862279575961382,1.193839226883042
4.238346282138288,3.6188403093739168,9.055292812324838,21.45982134315384,1.1774893359626104,1.3790626617061255
3.8946195464173687,3.948729220364293,9.13603705266293,21.58488608011519,1.2535978676631918,1.2364197407027522
5.054622164428217,2.767411813845539,8.331565855121465,21.50025282417803,0.8875026211833966,1.6210057345198998
3.208268812145607,4.634167994070908,9.696517531443224,21.459463272430654,1.517932507355503,1.0508759131135044
4.400031689637082,3.343063370355701,8.848773331774085,21.810159978364133,1.0510531307262778,1.3833620755432539
4.2819050984573,3.4899738680827523,8.95197401432359,21.59622671136215,1.135611629998221,1.3933001827970963
4.427472761860627,3.3470892785041784,8.815453678019265,21.556929281291808,1.0921831912011237,1.444721346711743
3.555042749366767,4.212213290263181,9.476143133879864,21.67244841982176,1.3645355123245442,1.1516468291281012
4.084938146923552,3.658334093005364,8.919690893913568,21.543824648573665,1.1917867312482826,1.3307628438806718
4.219597162899356,3.733399289094036,8.929457741261338,21.36339739228111,1.1982165322548448,1.3542593996873442
4.258648946580323,3.724388623838799,8.837355391866867,21.318502485285233,1.1925443614438778,1.3636138173407464
4.423732840963834,3.5396084834769104,8.77178138541001,21.394661243369764,1.1268345252132532,1.4082955555076646
3.9100943965406176,4.109762612701349,9.312248796814304,21.024242206240977,1.3731770242394277,1.306462755620742
4.073135675838859,3.7659677436777534,8.741082164384409,21.658297644894294,1.1864823772170172,1.2832567956828087
3.673628549539997,4.092112697879466,9.000545901227058,21.717649757051397,1.2804163675262448,1.1494732599813797
3.8936108951182606,3.7126916774362417,8.84485413915693,22.017807359021976,1.1532890335255095,1.2094887311666476
3.8676487715705856,3.8871635378279787,8.816240801234379,21.750179571796693,1.2187682273507414,1.2126496329445031
3.7675594033779083,4.087153203351777,9.427139883092382,21.455387542489035,1.3184210305996709,1.2153274673857286
3.3401581925675288,4.411289772354057,9.665266873138036,21.6422057642349,1.4191909874294575,1.0745887593212589
3.1625028814763407,4.551347115546964,9.751608589910862,21.740815447237132,1.450972219820594,1.0082078359723827
3.699807422079877,4.134336573418101,9.391383659269799,21.463969322599006,1.3420674312326608,1.2010127755276323
4.403881983512782,3.3639813168030814,8.671273891236304,21.65027419939692,1.0815710139569055,1.4159148501992964
4.50271251437504,3.2275564214792944,8.653061077462738,21.653541238947827,1.0495957775563436,1.4642743380678243
3.5453693865403317,4.426414958039267,9.46273626944501,21.204683692268297,1.4652775573923031,1.173624760445964
4.67322501132431,3.2327390605228294,8.662044188578538,21.298422258064633,1.068774289259819,1.5450126491872103
3.699824833315157,4.069113303018347,9.229503687018228,21.636371259316814,1.2985450642385012,1.1806968540995602
3.9575757062931394,3.932001260341166,9.190023376020314,21.36442669121699,1.2757696577540365,1.2840674938937346
3.713087466945944,4.072729980245035,9.255788172594503,21.621043833339588,1.2907235830777621,1.1767462077928517
4.3290414555169,3.571514210039955,8.817060741040933,21.147553198858574,1.2162565457934278,1.4742276518128803
3.7145963823322963,3.9815923939029547,9.276070780376752,21.9908743318562,1.2144832547193953,1.1330429280737107
4.302499760585476,3.838772757933881,9.017591702330037,20.748813417516736,1.3102422407004037,1.4685206138527986
3.6600861823870487,4.003237611750933,9.226466972192894,21.86440548151871,1.275202532809547,1.1658941143990174
3.3584792846300324,4.312728257199764,9.507143483795625,21.86268137646357,1.3723648115066414,1.0687106897370104
3.9397004218003415,3.8544198216613452,9.071257528103443,21.565821697952984,1.2458746251622392,1.2734401059992457
3.8308660631947418,3.8954452056422575,9.243365560565639,21.69945566276334,1.238627747767979,1.2180936332984196
4.402891642695464,3.5106260304400787,8.835413993720845,21.237443897484496,1.160294420767037,1.455196470363139
4.0700817809492875,3.8147077217676917,9.044981210236909,21.20253645219147,1.2878766357880886,1.3740930141306835
3.8275305446394117,3.915988705327273,9.167551125153228,21.838249992339655,1.2171268708494511,1.1896332255862132
3.2914651846707543,4.621460743074048,9.585716585200904,21.274487083226305,1.5231601910160033,1.084814741079215
3.839976175302333,3.9181017671040403,9.156438312635634,21.74069941674737,1.224899832258672,1.2004757539724789
3.7501547201277483,3.995945449600352,9.254661305213613,21.743099372380435,1.253786659244134,1.1766662026549544
4.174520997488573,3.7415994166538336,8.928549024190115,21.261749289588913,1.245110047440921,1.389175445690691
3.774030292173928,3.909410879641826,9.156448281378793,21.95607072585745,1.205233472713058,1.1634969501025676
3.2598446844372493,4.558191903947198,9.414379030407442,21.62494541450102,1.4520528821287852,1.0384527393921983
3.857605068825589,3.916477316380104,8.895900544388734,21.925024460694523,1.1786614021881774,1.1609438360574207
3.8775919036389754,4.116353530489181,8.926548758244934,21.392829542940508,1.2924024848944944,1.2174390208593766
3.2002250418293365,4.549867804526695,9.510141935273795,21.8446394799183,1.380658603950198,0.971109146112474
4.128152907680971,3.638056965147818,9.026930484072581,21.560645331725503,1.1907478317001121,1.351157821562012
4.343700449766632,3.5022201224665324,8.864760162968532,21.48163272274948,1.1365057570638073,1.4095746113878374
3.78850311274665,4.012590903476657,9.339317297221006,21.585963562729532,1.2998960655706335,1.2273018628424244
3.826940206020024,4.01608958789115,9.206812854083232,21.599805749697914,1.283217946212636,1.2227810769595504
3.9610042872769275,3.782843917953113,8.958504166298175,21.810186492199428,1.1660104774312006,1.2209260017827803
3.8434883353082125,3.859500635268445,9.100293525655625,21.817121187302767,1.2263669832018742,1.2212790306784544
3.7848334972673636,3.993157214234567,9.039968750835211,21.779347509081298,1.2281547449576018,1.1640816950490174
4.058373379191524,3.917430863078806,8.956003754896365,21.306444615903047,1.2464555570746185,1.2913009132728657
4.490067582432988,3.3578176885361315,8.869762106717543,21.501175252465124,1.0684786988557962,1.4287677334692095
4.602517385310219,3.3544439850775345,8.77610518483052,21.275690757492235,1.080321572958604,1.4822721271801858
3.895130312329571,3.76001396242894,9.125751401883674,21.833923990041505,1.2081142552894442,1.2515279207887553
3.985694138575919,3.7688200894978374,9.207794471601844,21.492689217200137,1.2536878880317563,1.3258304584121383
3.52119310117804,4.2020620130321875,9.204802827822148,21.8767649100509,1.293220701691552,1.083677441925947
4.017678271913348,3.8472544461538245,8.915614821193373,21.57206933162268,1.2134960721129138,1.2672509370557272
4.167401917980236,3.580396763651532,9.034371626993172,21.571860112326355,1.1632971405088222,1.354019415879804
3.073014385034135,4.52246465836832,9.559553395464862,22.022554254188474,1.4127478531095112,0.9599620567511453
4.604019474304396,3.4454726179465798,8.57694315201147,21.139459609030816,1.119832705785734,1.4963786269975348
4.574982325124565,3.75379911038665,9.013206534774964,20.565848730239534,1.267577414856462,1.5448733664647483
4.273298338333046,4.056768801603731,9.081280038787616,20.55162483749568,1.374723653919016,1.4480993601698235
4.032470875492039,4.0348909405756785,8.91133968096404,21.16332831944432,1.2964640019167415,1.2956864028912802
3.6383798738137583,4.181410423283986,9.165870344668207,21.713226286780163,1.289457029115687,1.121998088673049
4.011620699624866,3.939389679651312,9.040846551962838,21.21409235362771,1.3006078220307797,1.324455229170045
3.6106551273087373,4.227042155300129,9.228364485305132,21.644785143959677,1.3166090035902898,1.124621159387656
3.754027838801966,4.093921577423195,9.088513046568337,21.690690688875875,1.264938063776075,1.1599178479536298
4.139662459971889,3.500648780077408,8.888197910648431,22.031067373065945,1.0864447505316035,1.2847660051488377
3.95974791109172,3.5870072642711452,8.922448106117791,22.22950839619099,1.099600499600805,1.2138645005544562
3.739757529488351,4.280861853605488,9.245050926613038,21.143319520426637,1.3876314685509035,1.2122337534198926
4.196496346572952,3.6606953725865274,8.895847213235031,21.51513542916709,1.1553197880805361,1.3244192090143139
4.311421454070529,3.5710817191762145,9.015965395755831,21.301530487712423,1.174627263828687,1.4181454203673087
4.301848440225775,3.5531880453474214,9.0447792821141,21.409637563713282,1.1551469612866336,1.3985376203630016
3.565304028292106,4.200659388493004,9.139859813490434,21.71803464208231,1.3325075651603617,1.1309640107479177
3.7448104202510737,4.083228304253584,9.20312628230029,21.47814268313609,1.3174869613017242,1.208293667069275
4.253557004065713,3.655241497386365,8.665551175907341,21.298626825999754,1.194515575739559,1.3900422440721496
3.615959696259304,4.165864732970855,9.458421764042116,21.63301667731737,1.3273418533710677,1.1521292582932954
3.7366722099734613,4.165340471976943,9.365316765643279,21.260284797674796,1.3866267457323747,1.2439246350310789
3.7450963002298803,3.99274755476367,9.25728008236517,21.60084851337617,1.298622534374776,1.2180751179922746
3.720620556246848,4.022991730099775,9.330026690743537,21.614602163654013,1.2966634880489074,1.199205256146488
3.7445611775918093,3.993379038179958,9.203462229305782,21.704630988670942,1.2812595883156408,1.201427379408157
3.9447210963688444,3.9527878045382128,9.289178808585696,21.169188427507883,1.3504289323188008,1.3476730251871354
3.90837581871114,3.7879741251828705,8.785309333615908,22.018048998814496,1.1300273271969121,1.1659455250069786
4.086424433825334,3.5534238723679437,8.69458218199272,22.127714131113013,1.0660616329154764,1.225966971907158
3.2961258863626286,4.5495237757245235,9.3314581271927,21.579728721978793,1.451299043943937,1.0514648528977375
3.5469140379956285,4.540262062136429,9.21128951432738,21.088515647114598,1.4838592826456443,1.1592109107352686
3.5618657980636423,4.436381220805396,9.239401569917412,21.12410886610539,1.4711248014279563,1.181131389321436
3.9404201525392324,3.861710235144665,9.035324156539795,21.773571372499788,1.1849249965830617,1.2090763033670409
3.746746500383946,4.066001334332503,9.142231802920175,21.734183317370697,1.2707812167945438,1.1710018480749589
3.7513784210494125,3.8217701921311944,9.259097125016071,22.128061573716725,1.1856977602979153,1.1638588319691217
4.425363717197013,3.5728747058500474,8.745337708194903,21.329770730461608,1.1336764256321015,1.4041719718912689
4.256687898015383,3.5068411696540167,9.017403853614033,21.54432360913585,1.1530963219426593,1.3996559642715802
3.320543533472031,4.592423978737014,9.35247050037807,21.361602019239626,1.487400980671998,1.075462485806603
4.166508881083772,3.6208335098448923,9.010341919581672,21.517118438034323,1.1761435470097372,1.3533934992375167
4.076682819951082,3.869493770323161,9.042219485039345,21.366693955193334,1.248319922822275,1.3151602471108828
3.989496709787235,3.829759502511193,9.240309384453004,21.424446346805713,1.2523656065990514,1.3046011018972619
4.119347338319456,3.898485449792795,9.22431231685717,21.14993371157714,1.2971167143912916,1.370602597786133
4.55932281666374,3.4199960488923997,9.014961098763015,21.199059679244705,1.1369027971024,1.51564703264395
4.663441070917757,3.1599855584678345,8.655612008525699,21.528664557364948,1.0139887106563057,1.496423483977669
3.749112427462368,4.398342044535794,9.415067018988127,20.88038287010302,1.475182476278826,1.2574340282294632
3.97399328140871,4.075527035312701,9.221136793718166,20.927240583562927,1.3901618495582353,1.3555286966195421
3.679506932965939,4.28568736956685,9.31725894091903,21.21014551853163,1.4449401371448185,1.2405634834914394
4.350443954260543,3.587770882683961,8.928455606152983,21.124729811224114,1.2348150165867722,1.4973067398109166
3.7879837875364784,4.1591520853483805,9.339634022258629,21.042426253372994,1.4262923041771187,1.2990080703092213
3.445516643416307,4.397139868410116,9.370507818028027,21.527980706525163,1.4017849902963235,1.0984125270282787
4.229885447896156,3.4119438319571573,8.99453887988031,22.05383822452448,1.0385828994914272,1.2875612581443419
3.2938399115676944,4.626023533116454,9.201700836397066,21.356689912995126,1.4980825115798189,1.0666707447851977
4.074989084547709,3.7680551030443494,9.12661274134519,21.568655512150514,1.190372351672705,1.287336359729601
3.8925745377650873,3.946287565111295,9.17887102651415,21.296356886939027,1.3377280619878558,1.3195202089640186
3.9819745899036856,3.911732608158629,9.213508607150905,21.276073580070523,1.2957135218250255,1.318980318066934
3.376570195283301,4.58824925943182,9.3323221831807,21.2404231328737,1.5152965810130967,1.1151323703579925
3.365111753996002,4.413736201182827,9.549040495239234,21.467578856166234,1.4587037089761015,1.112141907202694
3.5749949443767903,4.32192704888483,9.320684974497034,21.379939214650015,1.4069522482496941,1.163797333360832
3.960348564609612,3.7794523284787123,9.181376358691919,21.77523885732525,1.1850786902337302,1.2418002085782964
3.5833689428079594,4.0442447601280955,9.339420430746511,22.05408257364158,1.2443051158584948,1.1025060479779578
4.252596863894253,3.6650712147625715,8.91608078314016,21.210966379630573,1.2190122823499707,1.414424851579831
4.64423530066142,3.204391281104606,8.6105986253208,21.459923880803032,1.036588009337447,1.502362914789795
3.6202534150389076,4.159812396689013,9.455147637622627,21.50663545265722,1.3665164433790125,1.1892689739535718
3.627696837060349,4.158600695365409,9.478037175227755,21.468587974536028,1.373944144466861,1.198540853594038
4.8009549817655035,3.1595982259628292,8.52350550193992,21.296131416489338,1.018733098497847,1.547947363729209
4.635310430851801,3.284608486259576,8.685602756923304,21.219494752471377,1.0751196425076255,1.517232057999201
3.5203037450432415,4.3820032377075036,9.19083647282566,21.602704674425606,1.367600636220227,1.098668663679098
4.088916020840658,3.7335032786261957,9.113151111549094,21.30696959318533,1.2505489354780774,1.369595577000028
4.2171115762756815,3.6056605873612395,8.981296707505248,21.279484295112297,1.2109161316574706,1.4162643191129836
3.6840148488278457,4.082504244056366,9.333211377207776,21.543661259472916,1.342547915383027,1.211503077488449
3.7108839863955154,3.997760650334547,9.368952527520594,21.76489115065324,1.2818790188817475,1.189892227106342
4.4430262745792435,3.373504385343125,8.694986509923718,21.379985929053014,1.1124717775987183,1.465165232650571
3.5900085750616713,4.259385410702941,9.47130398228121,21.565314960095858,1.365177688374127,1.1506353934139895
3.951684364609383,3.82852894996847,9.212021924704727,21.58054988684075,1.2235329660766616,1.2628913493442713
3.8483196006685967,4.039441170119546,8.971457499401122,21.489310585906072,1.2970258494417457,1.2356585450241344
3.791414131221552,4.1950750855744365,9.295973197850929,21.154891875850236,1.369457198791505,1.2376844918593923
3.579102201823394,4.295553377259939,9.121409744352206,21.64526156451905,1.320050600333983,1.0998806428957453
4.273169876092521,3.5778405598202423,8.550538260420067,21.722640252633823,1.090467283780201,1.3023922866333946
4.008792160441639,4.082598564545918,9.086759163516486,21.017341969928673,1.3467345104513575,1.3223878523295574
3.94027640093241,4.068951591378612,9.298282847698907,21.175515731112306,1.336055974533425,1.293804978641968
3.917092913772115,3.8325082020627135,9.02473717980301,21.631264951328383,1.239824118610231,1.267187443126162
4.18822209244444,3.726589212705767,9.071389722422111,21.265676519073246,1.2346614980105959,1.3876057347635553
3.6732091391798516,4.065716271307634,9.254459683936702,21.736968406801253,1.2690375173289556,1.146523735439019
3.4896486748619457,4.301288863637325,9.405932519564807,21.465571566515912,1.4186079165464247,1.150920896751543
4.550920281462918,3.3461275313234107,8.753154746433964,21.494377352230444,1.0635819996155,1.4465309070675825
4.558480308063731,3.26736266031603,8.710062252053564,21.589396003770112,1.0468715675621907,1.4605490488596322
3.9152590646707246,3.786712793818516,9.218029414865763,21.798865159956915,1.1903425648577761,1.2307507252017298
3.7774309505799812,3.890468248583995,9.232922712216089,22.10043058246094,1.1812164164023313,1.146896251441031
4.062234176760152,3.8494088104470046,8.997834448385008,21.067384220452823,1.3150343099633786,1.3877396713614094
3.534622873188839,4.233419236929611,8.890522832308786,21.846957837066054,1.2876014712628958,1.0750614000559724
3.867693272232606,4.0009004434910995,8.567473706834704,21.58745983767749,1.2535450853622478,1.21180918185139
2.9596622606843956,4.893630993279888,9.16797651652192,21.496975035073863,1.552701228653945,0.9390718742128374
3.306783107600534,4.5645960294032415,9.054136163128796,21.657813989327707,1.3959936813068834,1.0113158522521426
3.4176313816474386,4.358210877148701,9.049092867969609,21.677904768482303,1.3939573314985154,1.0931165230636224
4.369926707208791,3.455146023169532,8.293661112194243,21.56189750940928,1.0990141276257113,1.3899879066488061
3.8304913838116086,4.016276542968595,8.676830853994732,21.541270048238736,1.2856702648082503,1.2261976532449401
4.196906166445097,3.521224386419504,8.650155591444443,21.809093419840202,1.1094788389256063,1.3223748530726214
3.551566942525837,4.210331945463926,8.798481901792139,21.67942410526449,1.3247726121637584,1.1174935080340733
3.6601987152253206,4.140318892363259,8.960604757926276,21.588109229687348,1.3207912013261605,1.167629446874685
3.903777385437782,3.803565579965606,8.889253225275827,21.97467594571797,1.1514596864523416,1.1817969717394952
4.003205096578737,3.7520257713870016,8.872802058595793,21.881066724715243,1.1402717004107812,1.2166071772160314
4.474485664812885,3.333844115410591,8.682676431732203,21.693455000132385,1.0227818310827284,1.372716444736084
4.747653091141934,3.228065563576187,8.69214343535307,21.328575231190847,1.038075195355876,1.5267412674881295
4.968355007880801,2.8946786571114336,8.55011367897935,21.57622547525242,0.9131233285320898,1.5672623456768549
3.3918524094029565,4.61865544573235,9.669720737114122,21.227322364577567,1.4911049447792393,1.0950390127705605
3.795678126267225,4.134384494914337,9.490185937787544,21.195647279732995,1.3825075467373045,1.2692466462674459
4.658392457708482,3.205911733938576,8.75535697747369,21.584048652262965,1.0106980526312366,1.4686081764371526
4.1084792508402845,3.586537256898851,9.02049645206079,21.75145378312361,1.162681665095092,1.3318845321311368
4.5062209884926,3.486672571042161,8.77935644315982,21.134622225877134,1.1433662771478181,1.477701450491562
4.476625703603613,3.428456068989465,8.818777518385414,21.43231933032673,1.094780118737206,1.4294833361472048
4.125278912795665,3.659913299600658,8.898738123900285,21.62127717095275,1.1933620704501684,1.345100547899703
4.214875506853418,3.6544653359157264,9.056299520746267,21.407514046645723,1.1664931523432462,1.3453742106687097
3.7292939029735748,4.04503342870184,9.016186043518598,21.6609543730592,1.2951459027738401,1.1940518672612694
3.6315344140948453,4.208185166591341,9.061108535131243,21.56949872838281,1.335697507276929,1.152665881483992
3.4182676252488675,4.322259143787153,9.573873597012563,21.703811409634795,1.3881129788735136,1.097792033754272
3.223622084911839,4.547594588837109,9.739862537333869,21.5422807257007,1.486712814398673,1.0538758829077024
3.044758410173784,4.805961825047015,9.754535921944745,21.583220452445644,1.5193133210990537,0.9625423964036903
3.396532917987694,4.371759164137475,9.37011618347808,21.572541119133447,1.4327289449688547,1.1131242233240888
3.695438195765788,4.093025911133056,9.18468968195313,21.57732931583087,1.3088682919995567,1.1817276470998261
3.9239774635300853,3.8241855448153776,8.959233177249194,21.784054873033362,1.1858979659208722,1.2168439103663646
4.493724905748122,3.166902323460682,8.75190098358489,21.68297598362565,1.0317926978441323,1.4640781654435477
3.9731255550850846,3.983804862249676,9.095850635579401,21.388643886613195,1.2810711724931703,1.2776370302538258
3.625288324076421,4.330914431713228,9.532809220100898,21.34754965064051,1.4051506241279044,1.1762126062611835
3.1591821012098,4.463456159234593,9.857479360770684,21.93088020128465,1.4050610468620979,0.9944857867977873
4.559821687887603,3.3970832518606002,8.601061560524984,21.36646502876316,1.0823858118592111,1.4528599782988154
4.337764713211816,3.621447481993776,8.758460096445175,21.308013634178316,1.1679230129104607,1.3989365463231456
4.47284936344513,3.4238833567819613,8.909997075602554,21.39674041925435,1.1033680063289837,1.4414039178579992
3.9087328655536604,3.8154270588240076,9.06518215265044,21.86805577583676,1.1836663982768387,1.2126128167215524
4.340638266281759,3.3551900780228,9.029228075039018,21.628725077930085,1.103928691367606,1.4281620443454397
3.2592762998627536,4.717268605589021,9.372241710258262,21.402499447927326,1.4842136449659165,1.0254795224590127
3.719363756540581,4.23759050508038,9.097355913727052,21.338577568617186,1.3531142082415943,1.1876381020205318
3.6896088618047713,4.257453366919133,9.195793512519987,21.392403639434445,1.3492291901974227,1.1692736356054234
3.6084479105227376,4.448064504024524,9.329024781188318,21.109530604789782,1.4617360275372648,1.1858187554452717
4.5752170913538075,3.2227572691721504,8.80023728683003,21.648847616391073,1.016462649816509,1.4430305790165465
3.5604819015784184,4.322710941433383,9.167437066867318,21.519698868042468,1.3726973224340113,1.1306478825648243
3.3764673786455734,4.517565806800026,9.640397217962981,21.262151759108143,1.4953259319430994,1.1176194095609686
3.8330627346089226,3.8923073915460233,9.138285709569978,21.633386098526874,1.27048120304399,1.2511432588767697
3.6787941184328163,4.009517173818745,9.055382729129544,21.929363001729534,1.2345438298029838,1.1327130881699647
3.6117451715886504,4.3705181811675535,9.485949528514194,21.084296218298654,1.4718611797001782,1.2163288856541867
3.9283056341081424,3.9870997364069733,9.15677342646249,21.434161443852226,1.275801121178209,1.2569880523837196
3.5398943764234363,4.256565049371682,9.48613129064496,21.53858721664869,1.3721529761495632,1.1411258955343606
3.526849526136387,4.227063180321688,9.45416003465748,21.736406984906246,1.3285120383420366,1.1084438185606973
4.031394011322941,3.7088633208553614,8.92425788505243,21.786955342381813,1.1768968959083566,1.2792423682561842
3.5963901669388925,4.371264954952267,9.213331944757444,21.223965458032456,1.4081548737456704,1.1585374928437178
3.9253620672639506,3.8744617189669364,8.957007462696557,21.682634299008704,1.2099524539599233,1.225848081739105
3.983113768521462,3.8721987021977333,9.07165667910466,21.62568617002561,1.2217535282161904,1.2567493752878907
4.006694716229324,3.8432653363336886,9.123866424647574,21.616723986919446,1.2189766533441462,1.270811897889956
4.074277855622621,3.7873503127436745,9.153254699134475,21.673050069570028,1.1675900539904926,1.25604602389487
3.5374696176975693,4.170368532998294,9.110770986197315,21.877367521161354,1.2946485704089936,1.0981715278109403
3.7540443511969244,3.9767161699819877,9.043885619346852,21.74295578570227,1.2617453720486385,1.1910953369874286
3.099343541158472,4.6282982806526745,9.303694003725676,21.802812531006126,1.4431000488049026,0.9663730693861466
4.236816383012781,3.4556748151743673,8.3084623207747,21.920054027352748,1.0558720708409253,1.2945477590832681
4.126472256333709,3.7352301288383036,8.3206635336739,21.533328473378962,1.1753389129735883,1.2984483549567356
4.818245576808137,2.9616150341983216,8.035277570464281,21.79835441891197,0.905497246765278,1.4731516600433998
4.448950645199598,3.2599498528595614,8.335236389743594,22.01051505646295,0.9753147814960921,1.3310411270908202
3.596929528991946,4.444839385763029,9.612068452119162,20.976623981426478,1.4948793727711387,1.2097120484092412
4.475146247752733,3.264194520736088,8.529226117558633,21.840842565273093,1.0119324539718124,1.387339417305917
3.3291420368075593,4.6207097367420795,9.651064371988449,21.450971768566742,1.4552537736886217,1.0484853600922153
3.5515362723960258,4.530357998575302,9.58196222146873,21.201471596732794,1.4364944851881596,1.1261278404150392
4.096183985427206,3.6691963838573285,8.853799921912628,21.568062822409637,1.1939916423325994,1.3329374970426482
3.450321891859315,4.317571450398256,9.476282686440099,21.69822914754969,1.36251434330853,1.0888327201293
4.178367783065493,3.9263523958878066,8.730995153588662,21.1253975115109,1.259674757663819,1.3405277707818184
3.2915660295019884,4.670155562370206,9.481406419291666,21.479573990715668,1.4508832254697979,1.022595045058178
4.1133882960462955,3.833537483211817,8.726650531788083,21.47343984073475,1.2083357916736273,1.2965451166007296
4.057185935746112,3.811501069421585,8.874475519292528,21.677917460776403,1.1666418920348431,1.2418422532764237
3.6134981044211045,4.261634271270668,9.068689328568773,21.760694696252962,1.277533928264462,1.083238526411804
3.8921749565403103,3.9920044712323906,8.950190346975912,21.519579771968502,1.2479496944107937,1.2167417603388413
3.9312769957407125,3.926377265929424,8.961614342105568,21.576324251494615,1.2214203893492483,1.2229446009795828
3.706282442012892,3.92371460963462,9.149322229920555,21.945211619177016,1.2526999744547422,1.1832817578095867
3.6687602668477655,4.1387189192662985,9.39158657546932,21.51530636122365,1.3436521269844672,1.1910781167086353
4.6923527259456606,3.1613589221403817,8.511855116255516,21.475774031999464,1.025715956264045,1.5224532177329997
4.051789363142354,3.687083753286453,8.799019459177387,21.86809044570898,1.1517025923932331,1.2656225422606597
3.5113725092083343,4.1830046062995905,9.426050148883823,21.799926439559236,1.321279477168146,1.1091320401900373
4.222627378561133,3.602144451736654,8.85347994432847,21.334384066877305,1.2029249557918595,1.4101333027419911
4.180775599444988,3.6552137184399203,8.65418940512578,21.406819080460465,1.2065513899660547,1.3800343835433733
3.379677155898675,4.493883746933854,9.435782513711981,21.49828884727421,1.4321763084412211,1.0770847279172695
4.291832543324927,3.4576735741778393,8.737187919003759,21.788034971383762,1.0793815088899037,1.3397808055430354
4.0520888898102845,3.613697685080873,9.119855952541112,21.97464176794054,1.125637571803807,1.2621928827887425
3.862710888126719,3.704927549643658,9.128416062104364,22.204193830415853,1.130262144131482,1.178397102797338
3.554926641132799,4.248376010239364,9.270689739827034,21.562515314711334,1.3678529096848742,1.1445824800041189
3.818535027851404,3.9469199823482684,9.4299431770863,21.47236003501125,1.3248289338406454,1.281735052244884
4.250411100864628,3.6392839464849005,8.860048189872371,21.429763648697207,1.1649296035633523,1.3605505345341284
3.478083175612187,4.245925769659567,9.342626399760409,21.736349969712176,1.3597211240915128,1.1138261528312976
4.568758257784847,3.361854375353405,8.79477364444038,21.388657336301577,1.0898656850770854,1.4811268700622509
3.4238485501183504,4.5305846594337735,9.346575955024996,21.21493864881534,1.477451337373564,1.1165379304420961
4.1351731135635115,3.498601653678543,8.730016946720724,21.979860506997674,1.0885383481111994,1.286598177148708
3.9493819275031905,3.7217367809867996,9.000154801007662,21.902850427574794,1.162922292628666,1.2340540333377543
3.448374636775323,4.493171787150472,9.473696250234628,21.13431646459265,1.5205807583804924,1.1670001434984691
3.481995555541895,4.314866518524879,9.438804620713835,21.540643285998996,1.415294348495418,1.1421091730386495
3.8564423016194205,3.7519755815463034,9.170219932001418,21.879746723636444,1.2077183596235683,1.241345011252778
3.697709901320228,4.261238683325001,9.304422634562137,21.17475151600916,1.4297818769932404,1.2406999457633754
3.7088491607877727,4.33579366384092,9.424370213960078,20.973485501008184,1.4623635132547586,1.2509095472262228
3.0867837939803184,4.6680373244962885,9.8982132620483,21.522705438709522,1.5423948988905045,1.0199232025906877
3.8198194073674503,4.002000919419094,9.09040107659017,21.46431423097757,1.3013387070500224,1.2420983774960455
3.6269687592162594,4.100566848499422,9.470602069517922,21.561935650065276,1.360900993302206,1.2037226972411768
3.7943845824380786,3.972251113296706,9.22459845442659,21.56525405369426,1.3027590184608702,1.2444250359030262
4.0861850958628665,3.777867338013177,9.07044074057858,21.414910546839423,1.2308696398542356,1.3313228674587536
4.391020415837045,3.3971860972971997,8.791032635351527,21.635943567341954,1.0791892569510004,1.394902111366226
3.7455480149995544,4.101836734804562,9.420951223579829,21.4913250244098,1.3187432018351906,1.204196144623806
4.360384323317914,3.3055000028892185,8.676497879845126,22.097114586544055,1.009171032509665,1.3312278160204167
3.840830084079696,4.0775478135947,9.374817577284713,21.240587185925392,1.3494640945688692,1.2711223825567302
4.06997002837012,3.619075938842599,8.960534687997065,21.823839892974938,1.1571274383765555,1.3012918415587018
4.223224546312301,3.508240843170055,9.050156307367969,21.51715271929708,1.1666472575752773,1.4044113717767963
3.888824861594426,3.8225512969662114,9.105598134516258,21.714036886889275,1.2316428918760547,1.252996526779113
4.240138310722129,3.8929495858128127,9.001952668075544,20.939226884009607,1.2904908157770332,1.4055819185412788
3.6357468881371626,4.510117535265343,9.248868039055603,20.82013450776497,1.529171829281283,1.2327132666198564
4.226185322735957,3.6472790179668024,8.981620109202284,21.419551862773936,1.181162618860995,1.368640046183639
4.115985692997337,3.7654123732536187,9.085916740660734,21.263850247274924,1.2609401402966294,1.3783381639823942
3.742339348390839,4.027623374907616,9.313199693669569,21.551364493594104,1.312432800851538,1.2194707537315768
3.876405327314017,3.8867902072103093,9.244274184567017,21.44192320855255,1.2914780214671715,1.2880273993788587
3.9179002433869163,4.049244056447831,9.199929575525488,21.27720154339596,1.301536166043417,1.2593187248366773
4.2819477100017505,3.5115391542520147,8.88978629970672,21.581826127886725,1.1344664786610348,1.3833609499966124
4.205567660915681,3.5558990152600973,8.887318550935452,21.54485192796072,1.1688921838072401,1.382450723774917
3.955105448610579,4.0658439947915355,9.125441069830975,21.13942410092738,1.3380596318186582,1.301615838470748
4.37973006763104,3.7041772101239214,8.929155695059697,20.930263640601275,1.250248181250969,1.4782633877396762
4.573578997944969,3.4826487920911835,8.761459593481044,21.120104162821136,1.1288538957536929,1.4824642901380083
4.385751343355088,3.6663117616077914,8.932879887378348,21.227493034760744,1.18473196048252,1.4172116625792177
3.720616165430726,4.052609545895002,8.860938171565348,21.906341842737362,1.1958683707915898,1.0979017696391151
4.069091997373931,3.9889675128666733,9.013643208912452,21.46199800249688,1.2208140673328887,1.2453359761999683
4.420035637324892,3.400238639951902,8.853430296772252,21.796750684114105,1.026911288344247,1.334901744107289
4.228425265417838,3.7737257656800813,9.138432384890296,21.029816434112316,1.282651417018297,1.4371992018521107
3.447819446833744,4.138309761841635,9.411545384343299,22.119992897886085,1.2665586270067524,1.055229239970084
4.3522543814985,3.6182403608629565,8.867874143321766,21.143614236408073,1.191346935864685,1.4330294298815587
4.335752523063434,3.6305759319052373,8.837276880777473,21.163806809364253,1.1895340531098282,1.4205804722927988
4.172273759143514,3.78117757817735,8.852967493414962,21.330131675236558,1.2081980860911166,1.3331648848069377
4.511204989435798,3.2849157588523523,8.846765350736366,21.566194785158117,1.064742320701622,1.4622204105747671
4.625464592710381,3.1229667740253277,8.560284111490478,21.66817582148704,0.9995531768307455,1.4804505339012919
3.929491694922373,3.843546175818468,9.270211622721193,21.468941078529134,1.2772158438450023,1.3057756617021703
3.56959423820458,4.20853029943236,9.081940647392111,21.851500828300328,1.2869089978896466,1.0915313938882916
3.7701107190951406,3.859542514409326,9.059852394721238,22.153248534481634,1.1528538097562697,1.126140336447872
3.9863924278926777,3.979732579896611,9.0729516921477,21.300128441238506,1.2945028786454025,1.296669152943781
4.591510220452972,3.391020399715134,8.752771400604964,21.174008555540308,1.1096759810845167,1.5025237267722586
3.8707645375455475,3.9795548578742626,9.255754822632777,21.3104724894529,1.3337810010958522,1.2973190178992995
3.774570182435407,3.8893381914555167,9.188458739408333,21.66873430645085,1.2847169446454645,1.2468070487625917
3.798598610343682,3.825575016224455,9.195585636490032,21.800769703224912,1.2464517064117373,1.237662233718001
3.6832260841710465,3.9684559437465805,9.250750620908754,21.811939808170962,1.2805707270520033,1.1885306455111844
3.3934464764288705,4.392717448911247,9.543993477057743,21.56072905603012,1.4404786319083025,1.1127934347409179
3.9566655951766765,3.9029881162968407,9.093347289447097,21.466472911324743,1.2462933328566477,1.2634335039407363
4.110818637153116,3.6294697649691257,9.018195364160446,21.621758862308457,1.1939004214268076,1.3522383216072968
3.802986477009861,4.077088042641406,9.340825913860515,21.32040499130045,1.3573887309360613,1.2661318406190338
4.054616299679603,3.668665139357815,9.05659712129384,21.664537584837987,1.1829293436859445,1.3073759572174806
4.566106224000546,3.457583419846661,8.842249080625102,21.018155835001373,1.1558512958074656,1.5264244285506274
3.9989785394845834,3.8750491291769635,9.219892143052418,21.37395419090724,1.2570426904211516,1.2972446476511712
3.7388374418191193,4.104051908584046,9.227238747947451,21.70874747421207,1.2697398795901873,1.1567473094707013
4.307935698281508,3.501577082141857,8.966297862692032,21.576382693794894,1.1255667845411816,1.3847672686271166
4.091747136022493,3.9552872359458346,8.969598370052916,21.177107772941433,1.2565726445073997,1.2999251919406678
3.3641281260620826,4.195948349020649,9.256442875668707,22.20545186164049,1.296247058561297,1.0392742773035129
3.339853092242623,4.17026465217436,9.238477832721927,22.321764139513977,1.2719862303879506,1.018699650785044
3.827628066665219,4.209492930545534,9.180055416735838,21.043334417829684,1.4145836307723054,1.286259437211495
2.845227138923722,4.972101555047541,9.73911240320963,21.43484443445434,1.6356460478463175,0.9359793788365558
3.7775287592461013,4.1299742354589055,9.156806824212866,21.226614283212843,1.3823813179268418,1.264411080310996
4.862092617685099,3.1117456192209705,8.536004185801492,21.35048282272473,0.9909130186158098,1.548298435071359
3.2704921557342486,4.563056366247214,9.281650208089758,21.83265711740391,1.3634456688940029,0.9772262288653235
4.703715800273616,3.216377018963487,8.456531054951974,21.598788730153892,0.9854329916035898,1.4411235702120664
4.7390973554724845,3.25983257279952,8.46186560002878,21.422852566549764,1.0100736473192657,1.468430431300427
3.025174029222517,4.660443658352754,9.481647936129724,22.011767907789096,1.411923149668692,0.9165035684919083
4.392109981837835,3.5276284784479466,8.797990729260393,21.199897304476643,1.1802673909729304,1.469504008372972
4.107266598358867,3.6625690596265046,9.03027407543979,21.592822740693446,1.1780805701196246,1.321119382885121
3.831889107413714,3.774471917399874,9.139428682798114,21.84948307879678,1.214754726846523,1.2332335510364787
3.8174726718666445,3.849760393751492,9.175083674711347,21.758071192838457,1.2405298614080025,1.2301256078809513
3.423482857642127,4.42436111821902,9.547441134553015,21.471791180181963,1.4289695188268008,1.105708264104336
4.597311782230648,3.1779957147125777,8.729904853669701,21.597899251879358,1.0258650225514454,1.4840238246138133
3.747898057190751,3.9702022341468637,9.304770661487925,21.57701432821794,1.3125955705501116,1.239099194099131
4.3209303801328165,3.4881229303511048,8.940042461548886,21.591145019165022,1.1141177808504668,1.3801191822784673
4.2608306453151545,3.6873027822529942,8.92593819802976,21.255512276527348,1.1947117782949774,1.3805387997369336
3.998902779049939,3.805808763361544,9.017317599040265,21.6960120123039,1.1840546207248757,1.2441295944627107
4.30275815747161,3.6500118948724927,8.900673936321372,21.365093445245048,1.164082682166911,1.3722602558368044
4.467057845203713,3.3662960257490813,8.790792167457923,21.382426673858653,1.1116386696303209,1.4751389070421825
3.975870397189023,3.7952810088660582,8.988789312999664,21.64330991692503,1.2129605222336701,1.2706763536196388
3.3483010759503515,4.59510741442239,9.286617705423875,21.200534008206887,1.5192892343903,1.1070552479845075
3.7776117217200507,4.351008612773892,9.262563945251422,21.03662893857667,1.4122609967309618,1.2261464341201858
4.082978006357226,3.833654788528267,9.083820893470545,21.249230980105665,1.2718949596249827,1.3546131388995106
4.148318508476591,3.6982903939431786,9.006112811818067,21.43027482454021,1.1984382481533709,1.3442707404001852
3.299361032257979,4.335910555674337,9.477007483327547,21.85371317927218,1.3984670677896196,1.0641473547748392
3.529652907936393,4.0464189392147425,9.266257664814164,21.99191173586064,1.2844725190116455,1.1204332102038024
3.570069454692501,4.151602033422959,9.436651152740227,21.58246326424308,1.3667313850765068,1.1752874989822304
4.39359905130567,3.451788788513542,8.803497056527059,21.596912820401734,1.087234136932878,1.3838827243634781
4.319029685306029,3.653478200200859,9.024764555809867,21.144540739098296,1.2201722322695643,1.44245012658585
4.259886656021205,3.6626123940916786,8.976458898931693,21.33482090918778,1.2010997246104276,1.3969670112164843
4.350838777372306,3.3632598748629734,8.881681655869507,21.769502088703995,1.061967345786642,1.3738006815604502
3.7357197965339,4.239966276700261,9.435201098598597,21.105172735427885,1.4145797317898288,1.2463480044316537
4.158569893137853,3.567656585214759,8.937666053230826,21.707893367841244,1.1370362645940537,1.3253643293310764
4.047915013572753,3.721276132782218,9.075772704739865,21.638836081954274,1.1963147558671368,1.3013225271226088
4.163035811053512,3.7774640352788267,9.114901567245624,21.267255984741816,1.2393742726495414,1.365879180357993
3.8368937321108905,4.156847435529422,9.216099346394028,21.072365492416615,1.4035876878609002,1.2955531530917517
4.2810871650042115,3.7189750235965686,8.951739922169153,21.2070180807589,1.2154685852358447,1.3991830885400094
3.8208470048173924,4.337683546462235,9.31099078945098,20.591725043617885,1.5323337246783229,1.349755614858757
3.813918606345489,4.326904505839982,9.26599970427508,20.735441633066173,1.4985536731971048,1.3208892706321218
3.954791859758207,4.087095365540028,9.21039198813283,20.943373075566583,1.3943608016879605,1.3492238998325536
3.8362633746972694,4.140448883920389,9.348993932626382,21.09384953249073,1.4116905869339313,1.3079782040279049
4.759940211062983,3.4109879968281596,8.650201765424175,20.83301548127025,1.1362476089057423,1.5856023792472698
3.200836856226008,4.4814736188478985,9.600704045829684,21.846699010899943,1.4183972671467069,1.0130726264591041
3.8280406980422685,3.952611344217597,9.27648504755516,21.65220792670787,1.2593562197066184,1.219666302233888
3.7662518618434038,3.9303684358862916,8.815841800970253,21.947810420182996,1.2130349679440464,1.1623834459860778
3.725129945843739,4.102025617400287,8.867757217513606,21.617933630262513,1.295167287794559,1.176166825525196
3.612504355273508,4.245476133376108,8.96244036601282,21.566644532276168,1.339214667101194,1.1395468177327832
3.844928681795791,3.9654200426774584,8.941484366547549,21.5395655865426,1.2683481392538183,1.2298087180258883
3.722963261820608,4.101063427127829,8.982076741551456,21.5320024787221,1.3078498357826955,1.187271783798559
3.3094573093082067,4.617676596680966,9.320765930771103,21.302281691354683,1.5183015781588953,1.0881563813247055
3.493282807163789,4.211281835571497,9.000301193564702,21.804036965098266,1.3228394239318069,1.0973030057562807
2.8561760432964003,4.859138860610503,9.706275721543081,21.822488656410616,1.5357867379578114,0.9027272968314204
3.8562756359658796,3.9532762382022653,9.140782183190082,21.483017295488246,1.2897194781768586,1.25807393696974
3.7651328581848453,4.068180254934652,9.15327977888262,21.58854039594179,1.29187053781792,1.195636354745867
3.6910885899159656,3.942197999729467,9.164184639444994,21.935072475700785,1.2353602608265355,1.1566705080478845
4.208516445130951,3.7850402247954595,8.965251985313333,21.312742588595377,1.2140510391786097,1.3498809682762631
3.448597653744411,4.218176767087982,9.830934838553691,21.83674520375493,1.3436863242995007,1.098539430946294
4.307253627861139,3.540002167310048,9.150936692184743,21.68367015695773,1.0949397025335021,1.3322542707962022
3.9576653526535917,3.626475333234752,9.387330707040576,22.35477831846272,1.0685581357707468,1.1661448438596733
3.540800837020932,4.2708409483711245,9.697332821016687,21.808276853519097,1.2948145273030727,1.073484219497838
3.5916542716770348,4.304708632793486,9.467670558608102,21.556860350614215,1.327310252414495,1.1074476682598622
3.551746405428513,4.272337768980154,9.536380930271777,21.753295091743034,1.2918287266959425,1.073943186277349
3.894172025597659,3.742926514500352,8.771238065795501,22.13077336123498,1.1379630128003888,1.1839462285579125
3.86461137830657,3.661945545272516,9.090963648742358,22.334898009030105,1.0944221217474834,1.154991556287872
4.015819656996736,3.658676825710502,8.860743849466658,22.02264683932909,1.110478739320747,1.2188784531892054
4.142924691967235,3.514716556017403,8.765894613346815,22.08275016592839,1.0562989434929895,1.2450981196773185
4.097788901804437,3.8476360225264585,9.070373632877596,21.346809202320586,1.2342288289963597,1.3144718388480545
3.463657698695664,4.343761259624555,9.007633498131057,21.912387007845275,1.2968139536543266,1.0340622713548957
4.543583946522638,3.290317115236315,8.434161377714588,21.6921841624783,1.0117909013538828,1.3971774560395214
4.524197432138704,3.413176328521655,8.576167865264988,21.467410051169217,1.0650491834131068,1.411732743027088
4.039553908846935,3.7512938707340386,9.039722349768311,21.47532874650028,1.2405987651019754,1.3359298854125075
3.525134421399925,4.428347340604265,9.401970163135884,21.11809893215776,1.4881733261528605,1.184643076420204
3.7002871005118747,4.380500284151508,9.412233342060185,20.963920718003955,1.4759300992815747,1.2467446075481021
2.846314021018663,4.865198896291476,9.459250766990678,21.948694024997955,1.5025590231000325,0.8790503545739325
3.9117873673778543,3.797449964287582,9.366904266563992,21.715309390864885,1.2196374345783705,1.2563594923520889
3.4915693256446536,4.1900648491807395,9.48996561279182,21.897509455739062,1.30875545941532,1.0905822657513233
4.032735009507994,3.7463089008087573,9.09532900516954,21.64767376776166,1.189091094959463,1.2800037090112908
3.813347183356499,4.052700647287844,9.28468926709668,21.355646890567492,1.3488111102816942,1.2691500053710565
3.7549352504010423,4.084598033900593,9.113200850370655,21.568776322449207,1.293837707471869,1.189413689122495
4.485996261341428,3.176131481806866,8.96872565076272,21.943492645632176,0.990744851388244,1.3993368110637903
4.667494152508286,3.1220730107090926,8.480043263930598,21.644594474875134,0.9883805088012079,1.477627278240693
4.910957845694996,2.7778633534449177,8.309993462708276,21.656520158471583,0.9090474616237378,1.6070962447572885
4.086051057121342,3.7990147742668907,8.789023408390616,21.47140623492189,1.2179262665522175,1.3099472375444687
3.343288380301098,4.434181292222432,9.514318248528758,21.711501270070023,1.3910366569899604,1.0488151894115494
4.634062093607638,3.2489415972989963,8.678138569378783,21.485604707012733,1.036849736015588,1.4788896366839617
4.338292147869383,3.447909660055037,8.847528895467343,21.70534939127473,1.0731092876741561,1.3502272552141594
3.707922947449964,4.155843232525662,9.294805258879023,21.33356073333308,1.3770068418924077,1.2285918842866108
4.4930498961059415,3.355937203528697,8.826403904330517,21.5159519360805,1.0710954336227514,1.4340212390440514
3.6903190784216355,4.221246333065175,9.24692481837748,21.41209606280308,1.3457699946226303,1.1765057744727916
3.6377423425201343,4.2281059041910165,9.107258464555954,21.525820917377445,1.3387264132129977,1.1518022180021097
4.191340748255751,3.6023325889185944,8.912117374060532,21.533781608424835,1.1637465636931916,1.3540277785716983
4.235995227547327,3.6558266875783643,8.899114527540444,21.29612321485871,1.1986450031912028,1.3888663076653434
3.587731169700967,4.115070975489441,9.18267138772351,21.793277528676565,1.3085321026932706,1.1408457932681508
4.182200992809994,3.675187604815517,8.946808461349026,21.538828505438968,1.1626095597917827,1.3229982732964878
3.443716561512563,4.197355068770186,9.105492790347334,22.123466600814705,1.2542789907368765,1.0290721805490264
3.9769192263898625,3.667656469540301,8.92906959874947,22.141837043721374,1.0945599037039264,1.1868549744576204
4.247528172907183,3.665152715484871,8.967691532865587,21.36861170601717,1.2002534677164607,1.3909680754136784
4.404421727094198,3.460816191024931,8.939024034794812,21.49642253946236,1.0930412197933665,1.3910633305381364
3.667616840367641,3.993329068787102,9.38041716916976,21.84005647393632,1.2867595433971257,1.1818061796496235
4.2921443395049375,3.982781613693079,8.787956738919501,20.634009161962275,1.3310313735775055,1.4344192903177406
3.9306983382489347,3.7186773057369416,9.172043783166421,21.742184073382422,1.2204516156840128,1.290035876541779
3.487140239162164,4.201186893413977,9.459749240510572,21.70606586045529,1.3656601199585539,1.1335483229256178
4.245162666391432,3.3265997423604303,8.919565395989142,22.006587037946744,1.0559501941196205,1.3475262095898126
3.6381213158773122,4.363969771731804,9.348224548206176,21.086285085283965,1.4628726152382843,1.2195565785964553
3.865950329862259,4.080164722563632,9.414018039454415,21.11305885984949,1.397965847317177,1.3245706720331383
3.6586194176568667,4.00069659363021,9.2051051889754,21.874183508036815,1.2756742802528405,1.1665985118115372
4.3361406585103,3.6076734353634343,8.958101503028853,21.182354216177295,1.1872776427193739,1.4270146541179707
3.790499719363836,3.9626291940493785,9.218887562579164,21.721820253143356,1.2486260225180503,1.194387957130181
4.1640385861440175,3.5542117860730604,8.905986185435474,21.87903765632599,1.1081485577110293,1.2982831725362223
3.943208195692635,3.938397486633937,9.236639949474187,21.396558030626984,1.2861777780129293,1.2877488299722053
4.085135897070144,3.544883553878968,8.971034079827021,21.915455338874608,1.118832105268846,1.2893459338112794
4.22244596103729,3.748803134180259,8.884376829883362,21.23967708461,1.2401061157763482,1.3967874205169453
3.708809533083067,4.111483043256691,9.296306472138808,21.59760587434199,1.2893755635906932,1.16309573252713
3.865873817919223,4.001423737480112,9.249279682385934,21.38361810354148,1.3027498299585731,1.258618629105036
3.8879960987578364,3.769759853823046,9.110687974660653,21.993043786639863,1.1543852554400638,1.1905918529698511
4.7998128166536285,3.178149765418355,8.477543596464447,21.06227732873041,1.0771314565358894,1.6267418944686507
4.645299918002519,3.0070633626273384,8.48603566163203,21.877002043777885,0.9492756801293089,1.4664374199330596
4.68799480994505,3.2549900707802366,8.565106356676296,21.20500197491183,1.0786079584083221,1.5534635747050283
3.772884593087979,4.21894188560272,9.52579748144902,21.05116362601481,1.442947821610231,1.2903888587233667
4.069038934599844,4.001654467638439,9.180130992547914,20.935616004866475,1.3635886610242414,1.3865503374560295
3.709935924582868,4.147338664777419,9.306485994710606,21.445123617979387,1.353785851283673,1.21100762918739
4.347737561451188,3.5676023351572033,8.843368037549308,21.2722049389345,1.1697826662300899,1.425581541581476
4.375281037524704,3.448784969437428,8.75133978564163,21.46397446342487,1.1159478232236266,1.4157407298761688
4.38130573291965,3.4085255904001452,8.951820896926684,21.612945261781753,1.084004697301905,1.3933754841615003
3.8572872363706425,4.102530223926429,9.184478059840991,21.153210838552873,1.3740567585686587,1.2919177452891697
3.6522002113730445,4.325730797024427,9.332499160856019,21.17731097641575,1.4085882587409815,1.1892664101636075
3.379838714678471,4.506954151426359,9.703875501154206,21.479580987255105,1.4456080493791639,1.08408514650548
4.005430172124409,3.884774781868494,9.225956659828423,21.38254079036009,1.2745477018540596,1.3141332786253896
3.8662969658679978,4.181005046827593,9.17996158306299,20.95970087965528,1.4223230478698266,1.3152634887718644
4.339680791351728,3.499137618528482,8.996373952809524,21.588259989425644,1.107660226317242,1.373736140596471
3.640714410223078,4.06809766107879,9.18960269603697,22.087469616470464,1.214959814866279,1.0873194486320754
3.754745304866785,4.021051272809455,9.255482436759902,21.627870737319675,1.3109920921817497,1.2241677782431417
4.187638287238569,3.5889794755059525,8.932449485060447,21.629473117047294,1.1364813957940392,1.3260518869616909
4.421992861324408,3.5199023374318945,8.882386017272433,21.218598565982486,1.1605697103760062,1.458003797371362
3.8060533546396447,3.963888091684921,9.09119667222626,21.792164399221306,1.2189444636024547,1.1704083358320791
3.463774577044205,4.5108873379995345,9.312004852641172,21.27803886434966,1.4428498463386985,1.1079209569566593
3.741138200047699,3.974626755652763,9.082658086968205,21.846665086385194,1.2510277194391817,1.177536377184636
3.9083882851760783,3.842105412930004,8.956694525637472,21.80092030238397,1.2093960362787388,1.2302601808953335
3.904219394838158,3.9563601913161084,9.2616925902946,21.33063577493206,1.2974517910249386,1.2803526982971656
4.016300669474792,3.860719420749572,9.11914843723634,21.392096481240166,1.2432598811896498,1.2933614046947948
4.356688349596879,3.4201291542594054,8.859057636080799,21.63807887210987,1.1013254652018383,1.4029095414082977
3.8977562383380304,3.841057569485562,9.15553812547004,21.63394511062149,1.222901535421743,1.2409530454399433
4.195179904033079,3.5703451851836463,8.853292091029072,21.705695618395247,1.1105608056623424,1.3049165087609875
3.907679919117229,3.9884769165382377,9.320534476827365,21.380825624419256,1.288855324161985,1.2627461996812663
3.9969513654065825,4.064021304640553,9.047234845948065,20.838065802631174,1.3929533642861094,1.3699649765550348
3.988857257812726,3.7284836391478517,8.930828280756092,21.82370747538917,1.1732105910455566,1.2551401679489178
3.665086926843381,4.211952249709242,9.318222451913615,21.432367958780034,1.3525032188886394,1.176898875433485
3.812990400158117,3.9900628965804192,9.157785632721568,21.69595868535584,1.2530036886655025,1.1973974245716448
3.239779024950902,4.553309064369168,9.416320961673506,21.725775533139682,1.4080139323378358,1.0018327199712604
4.312372907336516,3.4927819835706675,8.88761134753317,21.473486599977203,1.1521423607777734,1.4224957427584828
3.8982988652488966,3.6855317013162976,9.379648150239158,21.939590936492454,1.1820402575400788,1.2502798966567732
4.760046036071789,3.2098319090518967,8.522290208666302,21.32513223674582,1.0172705204791814,1.5085694970394548
4.115519763594162,3.6682324627504017,8.926518874409382,21.49601670558931,1.2112927516073224,1.3589921874799928
3.38714705450759,4.351802930787224,9.477812314021673,21.65858203066046,1.4248585778733753,1.1090128877367695
3.550464810983407,4.280287686147917,9.17098995275691,21.614189330626544,1.3498189792090167,1.1196641764031043
3.503482859728349,4.432539225388076,9.159335777098113,21.376983626596385,1.4337218579129818,1.133215003726502
3.8550163084043514,4.046996602971129,9.122575905372019,21.414403420276415,1.3012226747782645,1.2394956369503844
3.6304366131459838,4.186253491429126,9.080801724259839,21.630333120988524,1.3218116337257584,1.1463121764090969
3.6555652815201074,4.170196040301624,9.025761703694226,21.708695462100504,1.2814683789467651,1.1233264024452974
3.9785390660304003,3.873413550968423,9.197056946497217,21.46703106215791,1.2544751159308787,1.2885219175334846
4.108234072662104,3.678422116116756,9.013458355126929,21.58875610240942,1.1783397642601854,1.3160250280945927
3.973979768069048,3.9337642755886684,9.238608926518326,21.317765979505516,1.2862492766239655,1.2993988057996109
3.9957271178304565,3.8061676245911897,9.09425526335863,21.604377333113092,1.218494879436144,1.2791798766938163
4.485364360159712,3.3083491644762946,8.712319299102866,21.84500183236881,1.01484295808012,1.3758948070561925
3.6094687263944696,4.277241880094882,9.292798283215792,21.451735831634096,1.354544910283679,1.1430701440848334
4.479167317182268,3.257459581901291,8.805868648929673,21.695910701041626,1.048502784208866,1.4417429548770615
4.510222646604472,3.2781236502390145,8.793431562134238,21.59944122183398,1.0564335872154524,1.4534993789344484
3.6885464613682264,4.332952029996887,9.241598502385491,21.17616726010079,1.414928760380977,1.2044976348826861
4.529873275830454,3.3929192611956975,8.514185092680219,21.400816542189435,1.0892853650683298,1.4543006435223407
4.620863289439276,3.413577529626202,8.63881495583473,21.19407717188605,1.093269955401528,1.4799285964701756
3.528102457052533,4.126807125519746,9.497612073589973,21.945605889584556,1.288256926101274,1.1013605162660514
4.087266181356619,3.6423161900021976,8.91507762670002,21.73534059907492,1.1631982383837345,1.305296018783192
3.803429997310655,4.0049392382036295,9.238750245753142,21.595545851507286,1.2943128084962139,1.2291892258385375
4.055092375625239,3.7504488305751904,9.1346366843879,21.556131317134184,1.2092199145835194,1.307443102837855
4.048258107318478,3.7652786487161896,9.062028897496642,21.490747320255743,1.2256491608079187,1.3177628045298864
3.8703726502591347,3.976798495662142,9.178702218364277,21.478062019822232,1.2762056925677105,1.2420522724515537
3.6434279608540634,4.006391044153088,9.377151876328767,21.944665672214192,1.2508902003861262,1.137564526731956
4.437467297035035,3.553083154824827,9.034499396514484,21.260448532903226,1.151207393266709,1.4377499588741898
4.069866111802031,3.764817658666245,8.92616815392106,21.343464392012862,1.2468679983977873,1.347896836620594
4.401198416608616,3.2984727359883768,8.786761889821523,21.934447924986127,1.0349460758006566,1.3809430590076588
4.492218525393049,3.5204583421003743,8.742549533891376,21.326093663020927,1.1326724977885356,1.445326682869694
4.196661781324484,3.6788347646564996,9.061021226168533,21.484465048771,1.1922464866867197,1.3600652338794914
3.316757532557214,4.660480926304248,9.66292249483699,21.092915525415954,1.5775196231255453,1.1226845845944986
3.7849838723063116,3.959969925083821,9.378385928467774,21.610334053442106,1.2952483094042166,1.2380129279954581
4.073792906286264,3.7806604603520677,9.150366195415874,21.546649551987617,1.202619280599495,1.2958640284277423
4.533023306880679,3.2231880869360805,8.828140807237457,21.80875256431,0.9932132714644435,1.3968340620578914
4.475345293522844,3.356884328148548,8.739132193759737,21.3846795284142,1.1031171051165571,1.4706583432711793
4.667284071100589,3.202962754525977,8.571219300852338,21.394328700887492,1.0434982590296666,1.5205617972635899
4.422876253641442,3.1710525607952142,8.868880423390674,22.218425236678478,0.9554911382055843,1.332686540104066
4.311716270930369,3.7701954839907454,8.959924523648661,20.82014843861961,1.2875041327243162,1.4724309499414685
4.218332091162741,3.8038535315059283,9.023488441843249,20.967405021504508,1.2893327864263127,1.4298221064829437
4.093078768489542,3.657741152993959,9.046369625205287,21.69324260648557,1.1577934087379185,1.2955918479150337
4.168477058220253,3.516224822943116,8.977324612317787,21.860977010998774,1.0913392852555182,1.293780404381074
4.04648599760287,3.9921997076337647,9.200959609668242,21.078079135757918,1.3340059811401073,1.35214591421365
4.445645554299721,3.4839580379320982,8.835924595754346,21.241558661233377,1.148169978281548,1.4651028238438428
3.8663685583561693,3.9791674516554054,9.151410926122207,21.44670225961854,1.3029414135825343,1.266006463930011
4.065211279963398,3.8008644598893455,9.149217223045113,21.543453845304867,1.2075872576132796,1.2915739019361105
4.105926078787046,3.7789259827173134,8.899865916001934,21.375920486190964,1.2211730003594092,1.3268442123020545
3.6945918559557076,4.312063051410845,9.339054509322983,21.07142374397138,1.450311442383832,1.242632303782645
3.835746558778062,4.261936965375745,9.229268375176913,20.91118507337717,1.4421354243140767,1.2979229951180125
4.486722701684332,3.222679031511535,8.72163432211808,21.824570089670154,1.00471687676821,1.3988008038290338
4.011312137933112,3.6556674349387395,8.86671129897574,21.931603948203296,1.123119347367422,1.2323829644306665
4.41259679019601,3.3686877269663733,8.375177492509577,21.615528160956647,1.082377523119527,1.417791131562848
4.256948377816675,3.539425434336639,8.545850672195783,21.699241205628255,1.1262529253707596,1.354570297528223
3.6948287959648156,4.154520200707613,8.680599285998204,21.638739386996093,1.2699180244244734,1.1294035071388302
4.056817692181557,3.7470667019098314,8.41879444070814,21.842577961751843,1.1358559179113645,1.2297513629002996
4.2343236104504935,3.777075982129291,8.471214261105821,21.431438817195513,1.1540441767823537,1.2937511790529694
4.378559267026593,3.6427406414013146,8.437820173954089,21.369822966803355,1.1258529195518285,1.3532705782523802
3.1954887313919036,4.641749645028044,9.470629992153555,21.624003850766748,1.4571818363199005,1.0031579670689177
3.8445500734148466,3.9362898786488363,9.291251378596307,21.72290620958603,1.2172062753506327,1.1888378700571214
3.3749218979721967,4.488066636197732,9.721012424643952,21.444355255590107,1.4633614070798504,1.100413799021768
3.7496856103759493,4.195920796270357,9.022350776979444,21.268919547866304,1.3654545395932047,1.2202387717342544
4.440799886019725,3.251261965934863,9.192464385799482,21.939741570763765,1.0070323672001138,1.3754748981583704
4.348752134955013,3.389678874592233,9.194654632773924,21.830821159605897,1.05999681994569,1.3599115445231873
3.557920100637057,4.270968280805409,8.977624246291692,21.628452058810858,1.3345791096708532,1.111767994515007
3.5836146632991372,4.220543598749194,9.017501064140198,21.78199335956095,1.2961149497806146,1.1005161848657523
3.5602715742423046,4.331036003240506,9.070922512555043,21.516243298335585,1.3700354262840775,1.12621972670156
3.572863495922335,4.44417015763309,9.4420385878777,20.86736259857725,1.5531398121740163,1.2486372803366348
3.524639772886365,4.348769593666546,9.59895988876598,21.14653362255492,1.505702445405493,1.220358680978994
4.094504137927999,3.785816921551697,9.064616088418408,21.47114571475193,1.2021745111588729,1.3001971866177995
3.660350830118591,4.155275083656673,9.330118690958177,21.42170646363671,1.3779528535298966,1.2138283915595462
3.5659904883949562,4.168258325621049,9.409752846064862,21.503653293353285,1.3866227140359078,1.1862708649439846
3.5686876462441433,4.239849293265558,9.237772451905895,21.5475450397303,1.3644592147332073,1.1484674116027351
3.9371590023270984,3.909314055694851,9.119249488631082,21.36541932433528,1.3062890252563761,1.3155933552939096
3.605462232512886,4.278455139082455,9.308802888623589,21.321816501617253,1.4086054859911603,1.187034505482917
4.557113189787425,3.219827985653441,8.707383295427105,21.62834861009968,1.0243283318541228,1.4497607240400576
3.5019917433478573,4.452866249782869,9.464253023834747,21.16938210104201,1.491878633244028,1.1732997046458407
4.777968059655524,3.0507690414485378,8.37206108575254,21.324399267106912,1.0198554739268924,1.5972486981754157
4.390413432412321,3.3687497127767463,8.74882468288556,21.580551770205783,1.0938341230509896,1.4255686637864153
4.000158473447123,3.886739215931009,9.117885326270068,21.363671451577353,1.2524635145032292,1.2890117555837548
4.226910813450482,3.5251765991308814,8.792349162064268,21.864658820130046,1.0990148476062014,1.3177886590517482
4.4616068708848875,3.4226332371873567,8.959323568932163,21.323581001473677,1.1158569292557103,1.4545861614383844
3.2508297431419164,4.394811364126842,9.132640225482213,22.334806526400996,1.2751286431091213,0.9432091109045578
3.9158948692217073,3.9333905016731565,9.184228086643301,21.231700271110547,1.312930202226676,1.30709031822767
4.0635367353711995,3.718154983989356,8.954944580916745,21.777839557477908,1.1738077521973078,1.2828434914242155
4.02961737881583,3.571265767573373,8.964812037131724,22.253937423364153,1.0651950012385327,1.2019067098820593
3.9394570268922697,3.823542784866961,8.883491922212713,21.85023459444303,1.168310837523123,1.2037292629994731
3.8495977901460825,3.8004415032939907,8.95293920257827,22.101046310627865,1.1541153308699186,1.1690430765582727
3.9342485264881604,3.8698152364792655,8.979539406486921,21.866932130867298,1.1729732439157028,1.1925035110161692
3.4295329679165003,4.092398706477058,9.407746680074663,22.323897820163513,1.2311594326729647,1.0317425465975858
4.479384550953787,3.6615912896411875,8.770626777222304,20.73506742841436,1.254005460280322,1.534079650419371
4.842224644726037,2.868669580915162,8.618631813954282,21.928725879382032,0.8712649394783764,1.470668002371341
4.941502787954643,2.8695404739212056,8.531664454763103,21.82051345291913,0.8790506255402614,1.513772381444985
4.527741789378338,3.2370626163747604,8.80548213963064,21.865918653977506,0.99555232807004,1.3924982039314864
4.988983775548259,2.946975529084891,8.45132920485443,21.423138943079664,0.9358502105391836,1.5843163509990972
3.5079638067916576,4.255287611018515,9.504732963669792,21.534412273278846,1.3880836329474984,1.144305060031937
3.6864141469977336,4.109969329783317,9.382244324816757,21.429548896161812,1.3513125467234055,1.2120522781417764
3.7975004570494524,3.924783861068195,9.223223201831322,21.814027312329998,1.2353315410516306,1.195268900864872
4.01562367231042,3.8886981010383206,9.132506049030095,21.275579290693116,1.3092051863019563,1.351937126881093
4.048642136491384,3.999697637862458,9.238519888797134,20.825177148668242,1.3982238302220635,1.4153339646715788
4.0713413694211305,3.8426131551086313,9.09155443891832,21.198352079470624,1.2925297924211891,1.3694665069518106
4.482554830781675,3.421170360481466,8.811285836260872,21.48804131144236,1.0880257867084047,1.425575090489918
3.922944052679497,3.832868900426529,9.241011746921863,21.633723522862784,1.2297455469721812,1.2586454442171933
3.770798465970693,3.9659978790386496,9.156261395350512,21.564857854689116,1.3038733457166158,1.239699001815925
4.372510906532193,3.454075737615368,8.806270322715648,21.408818218358217,1.12682063318882,1.426441075008148
3.3203321504765757,4.594504071773517,9.606030778922714,21.373037452561537,1.500430485403788,1.0843232484759355
4.148098732544912,3.965915086830375,9.211282169816895,20.798614131959233,1.3573901621392157,1.419745074683047
4.132243222831463,3.4388768339113143,8.97071422812491,22.050876139768874,1.0895667105321325,1.309251500670433
3.7956672319845244,4.074654401619718,9.276345170347131,21.28050347115203,1.3515715212072017,1.2590308843592668
4.334505313522951,3.5213876701360247,8.824393726458649,21.501855283448666,1.137119793255371,1.3996901925277463
3.7493561561109496,4.023047639217323,9.232811265248174,21.649548870422095,1.2812735961373092,1.1941074220722965
4.385687342867263,3.5635632165109628,8.850483150921404,21.24759866342105,1.1731335572160895,1.4437787912775826
3.70348461385912,4.111355341873236,9.345920828253954,21.389028522879784,1.3615177056704875,1.2264471093247793
4.402148434030976,3.561379444650094,8.76294532439243,21.103161770004455,1.203679342915228,1.4878434653879773
4.527856362670668,3.275408579393713,8.618100527757823,21.531628468456027,1.0571059015720516,1.4613211043538596
3.936263939821337,3.9529219192446514,9.127382467859015,21.477558058901614,1.2552284932501974,1.2499388440136863
4.065809737393919,3.6652021319344223,9.014305962642885,21.621411057615738,1.1958634021407755,1.326571602328201
3.9685728947873087,3.947732171382505,9.162516270896807,21.21042368537225,1.3281331539517602,1.3351445859599669
3.8282219545970233,3.8694787238308987,9.326894246735597,21.88406837453573,1.1933806479354183,1.1806567040881963
4.485341040000452,3.513789288867724,8.759187923790341,21.14463658007017,1.1592443510871333,1.4797717893309763
3.7342115445856803,4.203769796544915,9.366146877254664,21.230221234734177,1.4018318415270425,1.2452481699879294
3.726895428364042,4.1379807365696175,9.316229614172864,21.44142392058552,1.3420765714744751,1.2087487490067872
4.227793624951481,3.753979142868501,9.002839166174297,21.249912551123625,1.23082172338338,1.3861718559245413
4.2540821089145515,3.747786269586344,9.01557333037461,21.200798058538908,1.2403415903841466,1.4079017822908577
4.039723159166595,4.010680402776018,9.189562601850442,20.984196502575774,1.3554002944673764,1.3652152277481946
3.9064974731119757,4.135488006294059,9.33116015795054,21.049990781291328,1.3858793280752857,1.3091403203018408
4.6038633887141645,3.385640404050303,8.648652633838086,21.27018290261906,1.089526406354977,1.4815603946757672
3.9719653134616064,3.924796311771597,8.96748232242558,21.28819798245487,1.2871388084435185,1.3026079048775558
4.333131066844636,3.6440617222187894,8.957800776089694,21.06813292817418,1.2215213512786744,1.4525034205010294
3.841345685947858,3.8383714444355337,9.021002935869106,22.058515721313157,1.1623057539175379,1.163206390573828
3.8092309675392686,4.097304962832063,9.129321237481365,21.224275602888518,1.379083023892494,1.2821222264568597
4.149189709992477,3.857985595860687,9.14621334481488,20.884383675103287,1.3337740109670837,1.434448435395313
3.4030220652229417,4.3458879041379435,9.231805091717133,21.725176843440607,1.3778789675279004,1.0789400539391403
3.7825547907315134,4.0025131293958145,9.38050230292106,21.542287912177336,1.2958353473055395,1.2246226414477004
4.076917259349097,3.7807762545807027,8.69327416697251,21.585777789073994,1.1870060244469551,1.2799819460767958
3.916068705897114,3.8657901661806555,8.781374575315892,21.69520928668551,1.2171633338159813,1.2329937830617939
4.608973784813129,3.2639450325416237,8.481310890321833,21.42181664270451,1.0616062112846032,1.4990801465168753
4.559340013142505,3.2758015582486633,8.489791224794093,21.435392180009732,1.0679894836047836,1.4864536510013664
4.833851281398355,2.815561479380877,8.269033740517882,21.735059075206053,0.9215396013841793,1.5821303905570472
3.887363455396368,3.7864988489924483,9.004852861664288,21.66474641175413,1.246464312969578,1.2796675799817052
3.8812780681410297,4.002598582026586,9.180977541307735,21.31219571651541,1.3382971222225446,1.2977327510341172
3.6108383104422432,4.263897521175266,9.37732444717685,21.290847791478182,1.425354701820906,1.207047152926252
3.951581048691304,3.751716618020401,9.000129914564578,21.774017674387103,1.1917194804538556,1.2552057081546062
3.2314375142367107,4.6015335652426534,9.688934095045484,21.463720748976606,1.489702810485873,1.0461472199679718
3.71098504040342,3.980364197270409,9.227002836207864,21.912027215945507,1.2479079585729878,1.1634532762706689
3.905718199509723,3.8827630265877255,9.021685690991866,21.744931073793055,1.2048031058052726,1.2119259880005901
3.4907697687100674,4.622159084829126,9.182786580083528,20.93293847059467,1.5146752067401525,1.1439204761379742
3.000987655899566,4.827195551861813,9.417448895831166,21.59283306278654,1.543691333719144,0.9596873769125701
4.665880158166438,3.2166155480868226,8.867734150200222,21.349318551087734,1.0454022427045966,1.5164142275066854
3.273402558186786,4.573617139038939,9.293863796120426,21.614812296038714,1.442872090533402,1.032683989215771
3.339855268356279,4.270752373805544,9.353579446500937,22.124183248782497,1.2909312545658356,1.0095466030978548
3.795826866246796,4.252491588304039,9.252826190704099,21.028935352655235,1.427399863230263,1.2741148658890782
4.333442732783458,3.564640958397018,8.910557369608416,21.433277838723452,1.1527253412927203,1.4013386793845828
4.332087617833518,3.513821298346919,8.845675251994196,21.540350027388236,1.129880084079852,1.3929961447333015
3.0666950039637553,4.879119252032531,9.516777422963514,21.088980337981276,1.6494776221217442,1.0367536683600291
4.345252029163822,3.4501567458101636,8.902103855440233,21.73983395302202,1.0774898117341287,1.3570295890257158
4.024971012857286,3.754004677333824,9.026307943751297,21.705508815863666,1.1917797455557817,1.2778031307566993
3.5375532519859143,4.65401555673819,9.203040343785002,21.022610261266344,1.4682473378968386,1.1160261674193646
3.225233002324731,4.826271682187022,9.25603995829659,21.30449931583763,1.4991624375567725,1.0018392017381514
4.477874746199987,3.404226155786572,8.799611552744125,21.571386159037647,1.0623589210647724,1.397413087832011
4.399642118341519,3.49426681746919,8.832567241347864,21.536124061996034,1.0903812506613877,1.372902392993073
4.313109294753609,3.873778703652645,9.093621601302422,20.949609615980673,1.24158426538034,1.3823940511063217
3.284182126952392,4.604241861306505,9.369013939671415,21.662873933696403,1.4143286621229458,1.0088333874933801
3.7346500522369808,4.121052088474703,9.047432693812752,21.75905423596498,1.2452710598112353,1.1285107610213547
4.359056446932198,3.638271560069239,8.820405256355935,21.23438108578884,1.1935769847805442,1.4300387875165947
3.838367678438934,4.023003976104103,9.356723501322081,21.217217826787724,1.3785209233057607,1.3152535238587362
3.9314818468398682,3.909127244144861,9.139795653690046,21.257218525379663,1.3548102794485128,1.3625578516385835
3.2994073297384765,4.394728035523005,9.461586010411935,21.975107276136473,1.3307586470719994,0.9990868146496548
3.4900527184045673,4.3904598304401565,9.31597610339901,21.65288841512568,1.3296404140665339,1.0569542418859248
3.490331560297991,4.353943685260502,9.481055739732744,21.594175984803826,1.3764859051211533,1.1034575879366832
4.047241195147992,3.777245667079632,8.688968430963525,21.548240472865885,1.2027708905634424,1.2887443194492585
3.8099225834735924,3.9636989435213197,8.72049109798477,21.779847146969743,1.2184310375131415,1.1711605730838999
4.007928159120496,3.7771515523342116,8.660864220068754,21.851162657979103,1.1406021063813434,1.2102906746468416
3.3028022884191146,4.517656858742628,9.411843575299269,21.738323763276576,1.3993261916899562,1.0230298344183497
3.99602666861196,3.8310034162130897,8.958469924984323,21.433808535112775,1.2434537554559186,1.2970164283745877
3.9202071331815596,3.926827464841517,9.126685705495984,21.50111859160436,1.2723100867651076,1.2701650689806212
3.586611675758011,4.3641041374204,9.34853606496625,21.181121818158722,1.450897959497653,1.1924114086204416
3.65418181657143,3.9829035820231278,9.039157087344474,21.895923422531492,1.24385850152667,1.1411988829410107
4.0579306244906075,3.859433682638333,9.230702047387512,21.29412942552829,1.2741189216312263,1.339648926885009
4.15887769251659,3.677938478731849,9.030299284932234,21.524569143613842,1.1741131967372391,1.3276440621930954
3.8896409147355904,3.957415845698778,9.130146569176436,21.452293630097934,1.3018747707680935,1.2795787887050958
4.229411234933048,3.512087839183186,8.80760881836432,21.74430550566042,1.097252104648068,1.3213594281946481
4.296278834385005,3.574287038511083,8.947439615519496,21.41443161129254,1.1603606773193433,1.3947489288091448
4.226088427196652,3.672037136134715,8.969467406167844,21.397392973383326,1.1849587867551943,1.36374999210449
4.472397408445622,3.3890081012272946,8.764036130987051,21.559937977892808,1.065910370273701,1.4066578288558917
4.159695070824718,3.6818193962270778,8.950842071718942,21.696336282577313,1.1344514770733658,1.2816957350237326
4.525391549789983,3.3491604430239597,8.834345796611855,21.31308043457296,1.0956676486905157,1.4804680764369242
4.54553574771641,3.2011019385857074,8.74037741915308,21.909479597916004,0.9880214499757632,1.4029815065369828
4.054116351703467,4.027179212500023,9.247430522340455,20.877480017631832,1.357938288777558,1.3670213145840455
4.398420919885699,3.4467195385369926,8.731444475907011,21.63293187590604,1.0674365125254852,1.3621749709681337
3.413249632693307,4.435089960792578,9.556975173879136,21.347618606186078,1.4875669496505604,1.1448329998686453
3.760907617826392,4.284402749155762,9.360670630409128,20.959596314635128,1.4592016609777465,1.2809072732010365
3.7833730923564057,4.238938640110738,9.300783466527324,21.092835114472354,1.4230638223826542,1.2701248664849132
4.283423901100973,3.626880264012353,8.957273580607607,21.243727849839388,1.2093624912713794,1.4282832139807304
3.431638925847792,4.332316829923837,9.365923803476138,21.69907091902276,1.3677378934327213,1.0833885839192654
4.276091977719595,3.6742495702755313,8.931026729555146,21.324558937036677,1.1903296446071603,1.385305746600332
4.223555560188039,3.694165468378413,8.879225787918799,21.27906231296388,1.1953547712196086,1.3666543455071676
4.196375922702783,3.6181814737473723,9.038914833460378,21.41652604146613,1.1849982280917537,1.374363908745418
4.329703421747737,3.593951428324506,8.889478563294418,21.162600413199392,1.1998340234836007,1.4454634628793983
4.251336340098733,3.660837498053258,8.97144207432894,21.214903435834692,1.2191939112339976,1.415851805280213
3.9192355507645074,3.8972767461437834,9.097952657276092,21.490303162772523,1.2602231260044745,1.2673237234741903
2.9945267142204974,4.7198981981749935,9.478726672097045,21.723382107757672,1.5128876572756993,0.9598475041428378
3.416838026405985,4.343183132530982,9.195105217499272,21.62410286742294,1.4031285697941656,1.1038592909655875
3.4746294006791145,4.396623141550949,9.509597562004958,21.372250449895155,1.4345118429923553,1.133687574488208
3.4525660624347565,4.4021645649832,9.539926162823885,21.418690196426812,1.4259281755728894,1.1183387521704917
3.566401736950518,4.194279822835468,9.49277961218309,21.551986115867777,1.3587530285512774,1.1553495154827544
3.6514956733150723,4.095796594425412,9.41219382553702,21.591705080948834,1.321357793139585,1.178020478633467
3.70535467135449,4.058700336713881,9.126947866650967,21.655097969330754,1.2978262867544719,1.1848390606057544
3.7234523826298855,4.121138741220014,9.229531165513297,21.42349179866199,1.3551434834068425,1.2243732979984117
3.9610058553939784,3.9935167068857247,9.151477070716043,21.02208029682169,1.3634645229006883,1.3523646838686243
2.9976395950183794,4.815522924102953,9.838711720367675,21.41357553918017,1.5936430198708165,0.9920350275519295
4.451617763382462,3.5112761368963814,8.612019306702786,21.34051218159211,1.1246129121310662,1.4257912569066826
3.393940519518193,4.2951686332317625,9.441202813375353,21.78826104717134,1.3697858491681185,1.082372333552907
3.7616487617588215,3.9914547095939326,9.286838518271214,21.661168338120998,1.279097385879492,1.205454013093896
4.310171139184576,3.613715606006602,8.864453422830074,21.34941344342957,1.1664700201636244,1.3912786626807179
4.050871875423639,3.81478183192035,9.12032131627598,21.532994051549768,1.2215101117916278,1.297107193915567
4.766564992783808,3.367881743250706,8.602031133320832,20.83045196544679,1.1382004563812445,1.6108957688404004
4.468130608461993,3.5138943817362174,8.848215453029656,21.21431906030967,1.1539713252717083,1.4673447860394544
3.851156280145232,3.9638867419404358,9.253969273270952,21.565410627293858,1.2557842154181507,1.220070497106937
3.5371933081116036,4.3786572375896435,9.559801194676451,21.407725686279054,1.4033815950194497,1.1336881873316895
4.672161487612157,3.1856924756358658,8.54026371434479,21.62544174325346,0.9923025720968173,1.4553187091556439
4.753806811049394,2.9280243346451282,8.486758413554032,22.02699375603561,0.8878807996764474,1.4415227848211971
3.8443431100379186,4.10524495625877,9.292314576729446,21.067619991862998,1.3948553604760106,1.3062077054306238
3.692786035019243,4.096748529365395,9.137701739287682,21.78431126153148,1.2669408767821129,1.1420133658291078
3.6020438454136157,4.287150025697565,9.267060383510945,21.281192057947237,1.4205054344116494,1.193502169676586
3.9461766530456615,3.8530862168525717,9.048729424400713,21.698780679110268,1.2099987993014991,1.2392323304712487
3.1925643552182565,4.6423622184961655,9.305662587377437,21.535955484717796,1.4783317078594298,1.0166524914615176
3.8521927457991727,3.909195823818268,9.090907993814513,21.776440768570353,1.2280542393786011,1.2101470086401307
3.7489213793840475,4.131268018768461,9.245610040357208,21.355603187136253,1.356680724471302,1.2311206510597867
3.689407643504524,4.245494722809442,9.283893962049083,21.22419482836867,1.401814203437345,1.2182005572044339
3.628398627742047,4.261705538060853,9.342693312036381,21.468440463346358,1.359713274553767,1.1576543089268425
3.9313133320524254,3.8695223786652604,9.078861773929336,21.464523761124745,1.2667520949393194,1.2869803846329142
4.224874379622278,3.6271869370036454,9.150485921873795,21.264708845914797,1.2260282787597039,1.4280530762782317
4.493714055428829,3.275621659427336,8.763629833283673,21.590083878927143,1.0575691396775724,1.4508431686178698
4.28682737228941,3.5516736234606827,8.798110492550723,21.512244177740744,1.1349284251955662,1.36984496733601
3.8603669683710686,3.838529515101172,9.19548680542068,21.657195134220856,1.255789645266907,1.2629338518146098
3.3598666642488957,4.275720265225033,9.48119905618283,21.852646188305947,1.3661849777145814,1.0735499703181022
3.9093468920380023,3.734250227255621,9.19547766023028,21.829807208731516,1.1983857292402003,1.2545772888687503
4.462799881334717,3.445050109783939,8.302168169713998,21.286080175619297,1.1289390408042452,1.4624544946463187
4.566928663211448,3.244128642620022,8.281611896041968,21.573911396791566,1.0498241874762748,1.4778921249084498
3.534141168525025,4.318405935420649,9.02427821240548,21.461536863610398,1.3838069322298765,1.1324940548942495
3.6223566574923725,4.112780927501215,9.191396860998836,21.66393698688335,1.3159244985822944,1.1590084549173885
4.20976360712091,3.674346488906569,8.787956011042752,21.695364315222335,1.123906795165192,1.2876798468427264
3.60570536097414,4.209662264061342,9.112902119462861,21.70650192983987,1.299774685948985,1.1132970436120577
3.996273959997639,3.7393673095313833,9.16562182699208,21.64717532460819,1.197494066943925,1.279765789464367
4.024026403795183,3.7478062217060124,9.024663229034184,21.6969810955122,1.1954993742568496,1.2836098675187981
4.245413932396512,3.384764134748533,8.817140646034552,22.0114779009618,1.0518130132655892,1.3192593170529563
4.12788122705137,3.803670170368252,8.993516983406796,21.237183135083388,1.2540539069766643,1.3609449159515918
4.4161247398884145,3.425523887042959,8.881540269277966,21.668733563201926,1.0782058789828928,1.3900039275393243
4.375870042443305,3.5769159629520675,8.93610257162892,21.208409222584294,1.1732782719370243,1.4353463415958014
4.115827447657627,3.5904718791400603,9.179656911022683,21.80989865038302,1.1368398920625635,1.3031815841609906
3.935399488106739,3.882252643873394,9.107682764435829,21.53037172473352,1.2535656858967992,1.2707266144493914
3.28113547249964,4.571704753405893,9.587590369380063,21.56888322613042,1.450383009347855,1.0409471734010534
4.4765562894444475,3.2948835326992048,8.734214928970923,21.469879581000463,1.0825927717235846,1.4708524392654867
4.256200921939374,3.535861703493832,8.968649502183837,21.501999874664342,1.1539463362381182,1.3890326805802937
3.6759197995933603,4.2965998886905945,9.299123147707652,21.196597903319265,1.4050121072502786,1.2020462592535361
4.554531429635503,3.4533896845876586,8.799645618137752,21.161915680993594,1.1454279911913423,1.5106571405908782
3.162771311814564,4.468622830767691,9.45278705048925,21.96721919002596,1.380598651943713,0.9771506736779766
3.1988563167309283,4.487669764233812,9.471509190310979,21.92279939873497,1.3785971008314433,0.9826779321794687
4.533794239175686,3.342159525282742,8.71042381047642,21.284343659581168,1.1190676094595733,1.5180670589285226
3.1847450516007947,4.502804590681006,9.598568363254,21.908611161781707,1.3820872535730002,0.977523108776845
3.667538345988622,4.109418988545577,9.363174108879264,21.67773788547337,1.2797555740552438,1.142145070732116
4.023694609186986,3.914872119323453,9.21282721151514,21.313020684078772,1.2501207139459634,1.2848705715594702
4.081238047705371,3.6564011400848537,9.045501620724302,21.70104041809192,1.1916329291929977,1.33008864815314
4.0949855448202435,3.6478594934500452,8.912179745246906,21.774541549255325,1.150144741127799,1.291120477043082
4.019325619794145,3.7210245168351572,9.046618809658852,21.631395308340572,1.207973582512562,1.304812463949252
3.950385200942508,3.8357010212189793,9.066738012632145,21.536664820536362,1.2548396653120923,1.2923582979961201
3.9957450609170224,3.8697654560651498,9.15721101054521,21.476869174716736,1.254566198400099,1.295408403368167
3.9017623976806,3.9628736516450855,9.21908430506283,21.499670170593372,1.2690371437650187,1.2494673926197117
4.354551817108613,3.519932442808054,8.89316707768792,21.4104799303122,1.1405133868509372,1.4109431705985929
3.527374200077652,4.223716119198427,9.404047348312222,21.541626335966285,1.3895241391172464,1.1604405836908998
4.569523752830636,3.317925211845064,8.724167163801287,21.373420893951312,1.0682835456042332,1.4712649395982305
3.6852470456240236,4.092585382989008,9.32442114487011,21.54835960770781,1.336394918652726,1.203382450179939
3.836654702417169,4.058560923017683,9.269318108702997,21.216022262568096,1.3599401291339581,1.285583927508997
4.204858211851857,3.618639437063235,8.934744534150417,21.569682831647462,1.1548627342947322,1.3419502374632508
4.455787729602383,3.4854127337582357,8.804314347919508,21.221102953324404,1.1486670133241859,1.4684678040554688
3.6891472554475104,3.9858158802302417,9.293458434921348,21.886741416767038,1.2553483975509367,1.1619114466441305
3.8715773612265765,3.9072618635202616,9.29835306701942,21.447817585480315,1.2996249035018657,1.2877556023211765
4.046293725591816,3.699194571316336,9.039985340238312,21.582423636679852,1.2005113812377366,1.3131565738850182
3.688267703489994,4.246039323744217,9.37898131618388,21.185959637746972,1.4289500706021612,1.2412391863234626
4.140683195675955,3.7730446409091147,9.140296153953505,21.16842517519538,1.2769297251251481,1.4013514172498174
4.050494529119007,3.910453949624949,9.267264587640053,21.13317032292875,1.3133722266733872,1.3604065122279794
4.25086597846497,3.5555887861827236,8.821018144019929,21.547630466214567,1.1472019917689862,1.3715314707338662
3.7779499143502497,3.9793780302737183,9.054899459219893,21.650307784700342,1.2669152783981414,1.2027865739571508
3.836668968768585,4.016337738030566,8.863927295326846,21.54288858438091,1.2653955810139743,1.2087887711539516
3.825683241033142,3.7386229182248485,8.810268272948305,22.134473464831743,1.173708030678579,1.2010398590733187
3.3854403384448157,4.333825961083762,9.290271707276176,21.760419130735126,1.379745374700673,1.0778110819951396
4.478994151709215,3.502158946255805,8.834675623855631,21.184593587801242,1.1467495429482921,1.4666051927288655
4.106120500892341,3.5768804710281894,9.013499845371019,21.956529951800093,1.111290377351923,1.2757183914444408
4.373732293543516,3.409659301751871,8.775987099243332,21.6955043454051,1.0678549076282244,1.3697883222270333
4.225899113878679,3.5994949854567397,8.876347294608003,21.603247049167777,1.1361185402458476,1.3338322047632611
3.3153212167371744,4.399917135424154,9.584935190720977,21.652569238394634,1.43763544197117,1.0832529649995055
3.3882602878826833,4.391236731235798,9.366576467964316,21.743475064400577,1.3820228897341191,1.0663632049081477
3.328124311263574,4.488587119633487,9.452971279628601,21.559891703917422,1.4477849585190923,1.0734799591731126
3.8636256583416055,3.9303513633401304,9.139930416851717,21.64536202026295,1.2433560971750992,1.222247599618861
4.101323765096637,3.801101368563549,9.037813917445984,21.189373158698892,1.2848532019874626,1.3863347648534543
3.985735308896235,3.6748346395729468,9.075653799250828,21.894300798810946,1.1503088293877886,1.2476279797881755
4.37165006316268,3.4645664113706784,8.902374933437727,21.372011032612008,1.1426052254611319,1.4417591158487786
4.155119210988214,3.9386454097683385,8.967773836075766,20.873707724681765,1.3279777345968127,1.4009653631430543
4.093821744145787,3.7946792189194616,8.754529797069779,21.305214184858443,1.2532104519078522,1.352003661451
3.9113883689456794,3.8181415786065283,8.776389998271963,21.846861804028762,1.1838478496898386,1.2127598242619735
3.7809964750705394,3.9751692685817783,8.918173810401541,21.64636406646032,1.2753873604689314,1.2130892519208314
3.946124668032542,3.9284317775360718,9.168169932247933,21.508594262420882,1.2404016225055634,1.245988149476486
4.217373760103535,3.62233542922832,8.78447467842357,21.511127926120796,1.1501597307211593,1.3390956091839674
3.942669039372545,3.8806979822807572,8.938926692285383,21.676742502315488,1.2163936297733302,1.235818279519577
4.519095224107751,3.22279397352024,8.626745718847813,21.931411417882735,0.9703670498076817,1.3606768339669921
3.1433722115178586,4.676861465121129,9.307481104294045,21.6599219228806,1.4623240353370428,0.9828447498805843
4.104273499943859,3.781058189267437,9.003843984746528,21.29240214722015,1.2698633781426112,1.3784148115609094
4.076875841022349,3.769150233458457,9.006033599564528,21.417471814225927,1.2448960182455275,1.3465333528807581
4.11651380031667,3.744674178970172,8.981221749124005,21.397371365463506,1.238041548752193,1.3609769174111161
4.050420851757082,3.8445834970370507,9.134676264653926,21.080202191586345,1.3234455473676041,1.394302255459936
4.182060018636497,3.80342312107453,9.18243810157135,21.02902878672179,1.294386623461575,1.4232448965886362
4.017492995641321,3.65762212247396,8.79077927280662,22.020609193297503,1.1050162001239106,1.2137379683894902
3.9303778101552966,3.7981311781146703,9.065526118566055,22.008298660178614,1.141492380894268,1.1812378546006912
3.8317807409298825,3.6340469507937505,9.057267440176647,22.457868829025276,1.0847205896055832,1.143741817543919
4.18049071399157,3.8508092536416982,9.016243805193884,20.875426364760987,1.3232438967942652,1.436531507672843
3.8798448208487795,3.7548119201375183,9.120260910118374,22.002614823591994,1.1779789119433246,1.217204876777157
3.6259664402447056,3.9253307056130224,9.035112936260834,22.281846984253427,1.190619498714357,1.0998172304988045
3.2029304597045014,4.394092213560452,9.25832911553025,22.26624162350989,1.3147727400003244,0.9583607834947981
3.2535560640197376,4.412287441331003,9.274881438181133,22.11457524308026,1.3339370136131061,0.9836255949707783
3.207683764235886,4.469586568429476,9.309317063817137,22.112641416956322,1.3483871516782897,0.9676956712044421
3.345021947075575,4.506421598546362,9.392827979976126,21.676655422079122,1.3988884727913933,1.0383654837149836
3.309902519825017,4.402387070412523,9.515132113033518,21.70464192288844,1.4087746761240192,1.059176936464069
3.787273496864356,3.9771791525197493,9.282191078616789,21.38286646367592,1.3428586566247924,1.2787387254224765
3.7228393972898384,3.9884652433001624,9.163107522827548,21.60727800222232,1.3193824193036117,1.2315135148603857
3.800338229512109,3.9885938055670414,9.28245214880958,21.372470027916613,1.3449182110375646,1.2814401120112209
4.654584582087578,3.2064005420914907,8.84636935053105,21.561537927143746,1.0117202853638285,1.468667928358076
4.078613402211262,3.781196553964573,9.021423808549647,21.408629466536297,1.2424146217601395,1.3401389890988509
4.416563171032312,3.4620110883357693,8.920976404652802,21.344286852677605,1.1414352968659311,1.4561539422098675
4.243815999050251,3.5320954258322645,8.953175539326724,21.563466499527674,1.1414747374207102,1.3714829779935114
4.019119981726783,3.884792493014371,9.139133635463937,21.275888093844188,1.3004670125928288,1.3454342710162976
4.251239420532712,3.66273752271664,8.948296183194646,21.177385600311517,1.2447817181033873,1.4447841476870553
4.011401103290446,3.9759168836635643,9.213843701691621,21.198448911196717,1.2985749841381808,1.31016449198943
4.0147499705573715,3.92704079702144,9.290191624989015,21.412517684669645,1.2451542866860594,1.2729644009819918
3.636826950298897,4.147516911066951,9.049683893983739,21.67667990339918,1.3164361699706582,1.1543414153472185
3.502360163315772,4.153122438866681,9.041924188361401,21.979571905989758,1.2847457214573423,1.0834359692151179
3.896489739740039,3.8254149942367555,9.204435501902346,21.984685369495246,1.174913426525822,1.196742868012438
4.15686955214538,3.342821837767684,8.857461293775092,22.205718285292438,1.0352768081657524,1.2873885749114071
3.4790573111838787,4.506090688390492,9.151319969539214,21.248518172407685,1.4667015969670079,1.1324092804878194
3.366480274429107,4.400309769451971,9.281862987654554,21.83904658903431,1.335725247945733,1.0219036692560561
3.8659836877427183,4.197534613831832,9.15690138726628,20.930683324336737,1.413388479234475,1.3017490760310573
3.478205916791088,4.438040911532793,9.562898342307443,20.95812762229665,1.5675414477035579,1.2285222346755504
4.086338824625283,3.7059311113851505,9.0854999434913,21.650666799336456,1.1882966956429213,1.3102733905824486
3.3053473526656947,4.697869669543381,9.559407168285103,20.797945813910275,1.6534195738657487,1.1633200569086855
3.436677046419609,4.186964604760232,9.376444473671029,22.095844088509132,1.290866868871203,1.0595486126607132
3.9443269781286867,3.9541396804861426,8.927846104557378,21.400759039657274,1.2685583315283102,1.2654102420989484
3.818213678815285,4.090671904087946,9.1593731294093,21.45333622615059,1.300690481024455,1.2140583021555462
3.82543960854426,3.851937264942865,8.897890219334231,22.098196149201296,1.1533380132253064,1.145404147151206
3.450099579921512,4.371565025666982,9.255152001597533,21.586034321849112,1.4046883773598968,1.1085994951912201
3.623121038443242,4.147756310536133,9.107108031605858,21.83231459223034,1.2732255599496376,1.1121796864534053
4.107408309050426,3.8049555574415472,8.91476251805967,21.401370209199314,1.2245582123198069,1.321897325807485
3.5049425860075236,4.334881078670967,9.530757964444945,21.32335144601562,1.4499718208586991,1.1723661828796097
4.029174345421697,3.8313304152729857,9.105012645556421,21.594488701968572,1.213886126370103,1.2765693136610494
4.043667427506313,3.857403372042397,9.120014656553723,21.530885668030507,1.2222713365925846,1.2812916655737596
4.427134008032831,3.5159144839297642,8.849963506162421,21.228740139534395,1.159095837350163,1.4594986947369408
3.7060812049504306,4.0031759278529355,9.239392902193991,21.751784812643308,1.2955123032000417,1.199366174308216
4.073657232865867,3.9236674043276913,9.111461605205207,21.01492573506407,1.3198268350644222,1.370279786421372
3.670136697120564,4.119810936411715,9.3664176583337,21.355508912711258,1.380687283537029,1.2299863136366391
4.101889667340055,3.7296767473949095,8.95285337721272,21.483606348147337,1.205143767804421,1.3254142660671708
4.166013002441421,3.701856397437984,9.062040059881207,21.36629885570851,1.215949903153057,1.3684115651700899
4.207760461519875,3.6509164793663675,9.064417190449356,21.38172565805108,1.197810467132776,1.380502553942477
3.8723205798722344,3.970155357266404,9.221049295463686,21.45730712740845,1.3038647795173874,1.2717342181219229
3.509223375478444,4.499698565933717,9.440971414767063,21.066389868724812,1.5066142705064431,1.1749778209406607
4.266879429780088,3.4409375097732418,8.900678920040356,21.88628030527739,1.073728787867484,1.3314601805763089
3.7075516590439506,4.13021418280698,9.237043251685456,21.40939681368181,1.3457004271525006,1.207989133356422
3.4254772882747844,4.1809974403452586,9.306422291470476,21.96934323964654,1.3319413827598037,1.091255142117536
4.200989741817563,3.5296285596988453,8.904313712322441,21.741060066666208,1.13062062935531,1.3456729470180369
4.368792432925879,3.698467961659716,8.895366284617335,21.03821782982604,1.2213880439758977,1.4427570819873958
3.9916210424167495,4.072208244826599,8.65414946703541,21.036041213969334,1.3500575553597842,1.3233405126798223
3.6056832230861238,4.026203517901098,9.241195481581745,21.938771983162177,1.2609712873098224,1.1292680549384055
3.673497138912173,4.014053527762135,9.46117837135025,21.745623207900422,1.2871408573192977,1.1779385162747118
3.4215794506124513,4.281958949206915,9.619394582498707,21.82157395733371,1.3489263932413016,1.0778848845241877
3.700019608214564,4.148237385358163,9.65412378780124,21.37931440222829,1.3651135480038936,1.217612789683119
4.354510777396648,3.5298459357552128,8.836913908042503,21.268170738443633,1.1674543366052257,1.4402023723956807
3.9557459379578783,3.9636760483432214,9.267418567977368,21.260853166760576,1.3265708232804045,1.3239167584844216
4.094454754744497,3.9173701592267727,9.084097536429464,21.0926870962727,1.3056277546687753,1.3646486164802798
4.268816926763173,3.776562486340933,8.998079038878371,20.971140116198278,1.2784039989853415,1.445037027680123
4.357262968766698,3.6351155841179232,8.842936811184822,21.192056771987694,1.1930409069936658,1.4300488784949454
3.972829072682912,3.7788098377731174,9.087169462506417,21.536899993996897,1.2438577026438324,1.3077223399672682
4.654269375002748,3.2028233124391803,8.665815692663772,21.460753327317164,1.0360209813893337,1.5055219271113738
4.402949762596911,3.526723875102025,8.826104493088827,21.40193800665427,1.12917871731735,1.4097268006835617
4.435028426917657,3.5462843987557884,8.783868781396404,21.289226321260433,1.1381091193943187,1.423333757218951
3.1283934058643106,4.43885233947187,9.388213481369256,22.208035927598395,1.3462041880127165,0.9487714351919567
3.746176035466255,4.329223140587296,9.177655876763838,20.844164130944783,1.4897562306376033,1.289120220572422
4.090130794259759,3.585458181364909,8.811896635594458,22.093648492683677,1.0680901685047148,1.2184296311006433
4.233517529551751,3.6189244346345566,8.837100410517538,21.812772869901053,1.0904131247075914,1.275595321561072
3.7498162961827006,3.98264800508222,9.204242774793274,21.487468620995205,1.3288285611232844,1.2511432059711318
4.339921713687334,3.5867353688969708,8.909703363623338,21.35255770763647,1.1637032665066844,1.4080718411501827
3.896035177485867,3.9464253472545208,9.153459645296053,21.520513914494856,1.2798779970273435,1.2635357977258312
3.6012841986193522,4.186793578472389,9.157936287735438,21.686351028545573,1.306769190758027,1.1240217960868633
4.878009079151966,2.78001936407931,8.395994201342381,21.858231051044456,0.8967876722566396,1.5735640060148324
3.519480661046367,4.285984203796963,8.925153864283562,21.652984946056623,1.3364393074984426,1.0974310855453133
3.5951749942851197,4.203259194951051,8.915132027555595,21.64442865490095,1.3239823164238687,1.1324422064193482
4.037093587225552,3.7602789994051746,8.895243675821572,21.372141574232344,1.268753677607891,1.3621535360673758
3.1723522665050328,4.698241438844551,9.474990395084983,21.441839488733848,1.5305308199561523,1.0334468713123013
3.099813288269769,4.5219285307561305,9.41672224194621,22.036227557850697,1.4016111385414007,0.9608141311138887
4.178200645020838,3.6911168921958555,8.972260625685385,21.39554968359278,1.2095343074197438,1.3691457548041943
4.251533551240577,3.6341656789039,8.97909923806111,21.380624948180326,1.1922350996733437,1.3947706227737757
4.025021570445944,4.034217343683594,9.112948048401103,21.093275172658487,1.3320062351133943,1.32897000125544
4.255522015600961,3.612537268029639,8.902762753948835,21.444605281943517,1.1510655775697352,1.3559403110103099
4.0056186601575705,3.883141247755856,9.036412346535265,21.45607684758422,1.2382340330489556,1.2772889349027625
3.6430038305658354,4.237595927669059,9.12226564589728,21.489276899516188,1.3358272618257383,1.148392606296059
3.655878979198237,4.153821695656843,9.1823182185997,21.66546960077973,1.3138605040166424,1.1563604194314594
3.2049146355943616,4.567048183815515,9.44079562323748,21.71704514962208,1.4468007000464271,1.0152887711583356
3.82528403260031,3.8938117895065103,8.933865531898157,21.769728026285115,1.2182279768961084,1.1967882065194182
4.023838951331164,3.632631335131537,8.97191924239298,21.965464748955167,1.1446878099774338,1.2679622488403104
3.9548754467001612,3.9962434575437484,9.25600884454878,21.110776300419808,1.3537693850381523,1.3397555374848311
4.44765426909964,3.42040430931811,8.752164838913075,21.58874402792472,1.0761840291728795,1.3993943577511871
4.461357353759656,3.4871710161324576,8.76239723727374,21.405185740295863,1.1069169195145256,1.4161484813997247
3.912145261592564,4.0751869903677225,9.341585906441688,21.17054092033616,1.3471842286587556,1.2932855373500332
3.895540014389729,3.9758127519113278,9.325202729083024,21.328002788312553,1.3219880184314712,1.2952967218760103
4.202613694981324,3.6487230840463907,8.980557351533788,21.406691351946826,1.1873172595125672,1.3675567205778578
3.706507680225185,4.038345937128503,9.185984178979211,21.771261607828826,1.2614063962259898,1.1577543301853161
3.8284366396728067,3.9971750598950284,9.392410894077663,21.50316049727557,1.303510029587178,1.2484831118664068
4.074965795549907,3.7328766028546845,8.857242554788483,21.4699855047984,1.2220980610375258,1.334093871125384
3.6987225941240136,3.976098433588085,9.043424609150941,22.105579360296495,1.197800393097232,1.11424086983716
3.496812690367547,4.1401697383855804,9.147632662356905,22.151925063874394,1.2537766115847169,1.0589473966796943
3.53711312687131,4.1006810830297855,9.100014746440472,22.13046350645761,1.2419998194473019,1.071308345123248
2.968293327693512,4.72877120589867,9.511255157615121,21.96386304163154,1.4536230174711788,0.9124525835293433
2.776608191191736,4.952875980723728,9.481197160422013,21.880612325077415,1.5251201250174784,0.8549903224219466
4.164277316203063,3.663566281319921,9.23492241151506,21.448069292170793,1.1967646072603022,1.360330160330337
3.553347485841452,4.306085655147916,9.620985567842688,21.443546030891483,1.3849363372432146,1.1428384026941987
4.47411444159573,3.2894376729103,8.579538388494527,21.80368766837764,1.0289084229477163,1.399465346950016
3.9790754487965727,3.811671886572783,9.19613305686281,21.60766319802724,1.220106036054172,1.2736914712134046
4.132021696381055,3.9789942618695076,8.91565496672686,20.944674473217965,1.3410464749924174,1.3926215434953868
3.6844920039336193,3.949933321749992,9.201380432121452,21.9632662616855,1.2124056520621294,1.1309302124036165
4.424201280632682,3.502502381621296,8.879745984015623,21.20896862271703,1.1628170867807714,1.468817515006418
4.427196674452641,3.5374522807366087,8.771586448515293,21.19506802401277,1.1698605413361116,1.4641053185028767
4.380690708738587,3.3362426681134156,8.893622636910596,21.82496224037802,1.055182784915967,1.3855195445108865
4.068962090984107,3.629671167225114,8.950536125316104,21.790906215684778,1.1600714406973234,1.3004722735363903
2.956353747187895,4.710251688851981,9.722549754539775,21.663039667428208,1.5376199986909913,0.9650755299636828
2.936254996625469,4.697151463544227,9.742041566599749,21.751196025441473,1.5266483747982504,0.9543292255705026
3.4497022040325724,4.182496340965974,9.470635035735702,22.01884551163602,1.2893017570430407,1.0634096841570024
3.481688302561697,4.088710630615541,9.143586796303111,22.256055594346023,1.2366513592742538,1.0530543638115064
4.203377635460735,3.7554706248182597,9.138338470514157,21.153172150272965,1.2396049163964,1.3874499637818252
3.7049218246975726,4.035332592698207,9.141260551977075,21.686239592395147,1.2774566246990242,1.172859193196587
3.250087449118626,4.59413642621851,9.554032611639819,21.431899668489912,1.4997542470025407,1.060989923400563
4.158336096470493,3.7271639004496757,8.940268409042858,21.36998287206314,1.2148789733159846,1.3554206958737105
3.2937515476301664,4.494124590916037,9.348434189769423,21.51864121543595,1.471494316296687,1.0784606842960924
3.676699787607046,4.286474930568339,9.384620017832917,21.174126339830725,1.4245906333710932,1.2219346115359206
4.469969600363837,3.4409933676198614,8.814150083312876,21.32256717600101,1.1201388835245045,1.4550992177597135
4.377434063361027,3.4905522262830257,8.854005940735659,21.386555955890074,1.132479128901774,1.4202201810854924
4.321769440233928,3.5056400847204516,8.867560121142725,21.491173274757763,1.1317524797507734,1.3952297334270964
3.8274545156756843,3.91652508271789,9.24055629939011,21.561940339454093,1.2788984811197153,1.2498134604708244
3.4226270620416304,4.439041169900054,9.402193561480185,21.528610147751465,1.4130019022679872,1.0894646758880147
4.023933235426337,3.7103464957636563,9.134146713214134,21.54343730731271,1.2253365318354934,1.3288980963542225
3.7709495056406444,4.0278556730888555,9.153797072408727,21.561571009201586,1.283507489349776,1.2016423440361017
3.8945250292415343,3.918923230649713,9.051584053271483,21.54232888934,1.2461344778158954,1.2383763671865156
3.881477330400459,3.888819675028906,8.985001760626778,21.60582317722337,1.2441877470975211,1.2418386396600276
3.549293981336949,4.231382292836882,9.258949846994094,21.689274759099398,1.330073338097465,1.1156688209519012
3.330309106247871,4.487613053489638,9.512856134901286,21.355588233333147,1.5119071515150209,1.1220036341093107
3.764333823385751,3.9604388771117955,9.118551906170582,21.772939834271064,1.2482136312020131,1.1864070969254477
4.356890825803447,3.4022857605579744,8.772766524390278,21.75628366268284,1.0767432467076867,1.3788532485164247
3.9492450905372594,3.9705308741936127,9.201101849127165,21.22333627835372,1.3138751451675001,1.3068315374037964
4.001296584896613,4.021433481326258,9.245451652312273,20.927941890758383,1.3729557142901199,1.3660807859468986
3.80387655110589,4.082523356996967,9.348923373609145,21.29801331370276,1.3560019736780917,1.263449994006055
3.867862372422022,3.9810530013891143,9.250508954265635,21.31314464889055,1.3349186813660214,1.296963827433904
4.397702817355165,3.4140397397601223,8.768420954763709,21.71476087021108,1.0567898292692048,1.3612751941358494
4.210031864192348,3.545088391095975,9.036640211303933,21.568888557445767,1.1652142368932705,1.3837705932106987
3.542354462933841,4.08738083954267,9.282411804411762,21.88543139676291,1.302968490593322,1.129225885452811
3.8414675697092466,3.946864342910442,9.210998693555116,21.592563491178893,1.2788851794550793,1.244733924307049
4.620330131699513,3.4779069372534623,8.720098254599597,20.731748448978255,1.210426706752417,1.6080277840437307
3.2134820964832884,4.453930757512751,9.40889894495401,22.066730642501767,1.339603444016252,0.9665151790858874
3.793616402186682,4.009758925337836,8.804406828233386,21.750608586255723,1.2501305875054762,1.1827433992771708
4.433170668188878,3.0888148293415245,8.556635344853436,22.461397824981756,0.8963151899873121,1.2864216307038938
3.2098641396193845,4.397786335541348,9.57544934425458,22.012039884936524,1.378568071674323,1.0061917245797607
4.314107316571509,3.63794539516345,8.443388560205499,21.48592194259719,1.1322185578313082,1.3426568663707588
4.375384732417469,3.6119450215397193,8.406772262914252,21.382248194676123,1.1362778012560752,1.376447458018445
4.052890879786966,4.003070293001616,8.685360301448064,21.297569101888293,1.2418331585389455,1.2572885095868842
3.9275865119317137,4.025618288926443,8.827892097209226,21.50300710485798,1.2395702816609933,1.209384290665436
3.840018898706672,3.9288624006835042,8.815055860133016,22.001651902054242,1.1574329937341423,1.1312599212312773
2.6740745748549166,5.262575483442836,9.707674226278662,21.364607271737817,1.6878562303167053,0.8576510580609504
4.169792329624185,3.590529174744571,8.775453616754831,21.86725104964227,1.0963507956000227,1.273226010869433
3.740279469557432,3.9360151701799184,8.976362094887243,22.25830665864102,1.1453642497662821,1.0884059647488735
4.109577291368904,3.501277294623813,8.724973408287976,22.403326536213676,1.0053707824791138,1.1800404793490853
3.9946522300501197,3.9031119768566422,9.056295006239482,21.47089473790986,1.2414866377655638,1.270603404548387
3.7141778549715463,4.0388509420238865,9.280927679610015,21.42095000844259,1.3433130875617818,1.2353275210536143
4.4912167042670115,3.410300464453692,8.840116807978397,21.47594582986971,1.1029589583119999,1.4525487561358719
4.138861341294125,3.946292360942991,9.123544629618875,20.893780150916207,1.3304934191453481,1.395418097211392
4.186536403372804,3.71868604956493,8.973874785925245,21.430775682717638,1.1996351380074686,1.3505620289244409
3.9137019909123727,4.020580537004099,9.21428321635912,21.15069796199196,1.3733200129499343,1.3368132336547904
4.25028512947305,3.7904774149962455,8.977669047271458,20.982000016239674,1.2980898926676647,1.455556006137055
3.875813084118455,4.054962381415041,9.069206660091057,21.182623624437994,1.3571061820461228,1.297148876403851
3.9790825409103414,3.802517980396477,9.248063811643195,21.601962515479727,1.2184132941726558,1.27498859741091
4.011258808287121,3.8066288396865473,8.970507918352727,21.673197371851174,1.1963401264027087,1.2606508466781192
3.8359007231653464,3.965064584290104,9.37983343632492,21.405253545993844,1.3085831282523066,1.2659554116402092
3.7210048558835718,3.976471163323493,9.140410249185097,21.801691541128207,1.2471503271388638,1.1670278074949973
3.939090803356418,4.050437819944081,9.085105491796629,21.233010473285685,1.322941439181449,1.286573621942601
4.370936370753662,3.400168623860082,8.824884381705996,21.51764386420345,1.1052671321787146,1.4208272711939884
4.137830151289534,3.674968338484428,8.925927359330887,21.51174255254513,1.1921365237826838,1.3422859731618293
4.0933685266295905,3.785756173004632,9.026357701472605,21.55588206121262,1.2010357742735551,1.2986261695416264
4.107713706894727,3.929507943597921,9.062337409009302,20.99667689518357,1.3113287691113593,1.370798389121488
3.9064303575602497,3.696963405289018,9.073531336386088,22.305198612675454,1.1013530814378012,1.1637548550158845
3.8631798596157254,4.070325402172042,9.247889636266875,21.159568740527728,1.3501265343216304,1.2814163782927066
3.394099205846368,4.4175962193219265,9.543963795396174,21.466090457650026,1.4261605219879245,1.0957385090825815
3.250867496672277,4.63961625167746,9.538189275284953,21.443324862203887,1.4703782246237564,1.0302586504898634
3.8521806492183446,3.9039761578099155,8.986437544182358,21.669447824551646,1.2597338681680177,1.243020508825067
3.421416467743901,4.544944467045496,9.513053506912259,21.326711603091397,1.464371679898844,1.1023732890097713
4.031997424943718,3.9317966843349743,9.164425454984134,21.212392519886897,1.3074285491199482,1.3407480006156942
3.6749293775092213,4.2602088176084925,9.356074962128492,21.425346221170983,1.350615865205799,1.1650644682626343
3.9745740739345408,3.675879911703256,9.075581177877442,21.907612923053556,1.1647587287739123,1.2594045390423696
4.035281832607225,3.4668031840136213,9.077069748824165,22.279978045067924,1.061642074541385,1.2357277724570894
3.3495107676671165,4.585164769171863,9.118953435651532,21.416750745162467,1.4676097200479425,1.0721042334366002
3.2413671131061945,4.809401209575969,9.499932413680378,20.743575092873343,1.6923642197581545,1.1405939089463808
3.46885583380013,4.473840041951563,9.53230154984738,21.368726547639845,1.4460669453546262,1.1212286788131969
3.860089101942177,3.8773850483794075,9.335477590448367,21.62694616032266,1.2440100061667179,1.2384608202680845
3.7966892473243017,4.06457280403144,9.233949204180874,21.361012029654866,1.348257626707714,1.259398091938954
3.957104058115957,3.959332234780724,9.207320854933926,21.258370619759823,1.3142742167863681,1.3135345882411242
4.134615316309616,3.7879090512873073,9.048434788057248,21.277491656938388,1.249325281200487,1.3636756777327803
4.3058703546612636,3.450661520694333,8.807302785317393,21.585613548208727,1.1082504634397847,1.3829182571070517
3.8339090393655213,3.9739737542773432,9.159632202285863,21.453846028985577,1.3002590207480682,1.2544307339214176
4.076924262900061,3.600893917865649,9.120397175544078,21.76332577210605,1.143255400972421,1.2943912787296679
4.171156024004743,3.5266193623723705,8.920451247580793,21.794514572486193,1.0990901801655169,1.2999635500321924
3.767169238933415,3.9625721277057124,9.392936048169151,21.661218523430733,1.2868845465361483,1.223425523001557
3.03702805336666,4.7886612376156155,9.797363840821218,21.483932053504834,1.5456584816560095,0.9802756839092615
3.6742130917544413,4.156354125576555,9.164769506572378,21.649021874750403,1.3033719916661841,1.1521796003225926
3.4799058840607784,4.289275508799272,9.161865179484108,21.906383496267814,1.2912091158981456,1.0475629720564885
3.797184322725724,3.972487515371327,9.197776810044054,21.809111936970396,1.220920584155031,1.1670421828911053
3.7905988756735183,4.066817787388665,9.067762238828562,21.563164212066255,1.284534985109103,1.1972891643725174
3.7543532639537465,4.069627851885586,9.269472670194542,21.487511937094403,1.322460602747278,1.2200094114438622
3.3938141079038826,4.357604682341633,9.288601674381985,21.778302384585388,1.3617321942663054,1.0605519015562639
3.7682494140030514,4.257313683663497,9.20350624815919,21.205476420483187,1.3726467700734606,1.2149622441049466
3.7593110546932995,4.250107150123706,9.203738990404947,21.25899961682873,1.3652250949224565,1.207570917673762
3.8038846897953813,4.174399379308523,9.191023898784083,21.289719173767796,1.33902449389942,1.2201742834794922
3.7370395416446383,4.063097070435503,9.195288002706562,21.58375481994282,1.3147672099709227,1.2092590864910104
3.5619422095043944,4.163218815269546,9.415146587615858,21.784349229197687,1.3312026060348907,1.1389424775000518
4.357541916682176,3.537601647517372,8.584579145822367,21.68628137058847,1.0746624486969485,1.3237461797790688
3.7988682499395696,3.9974212344555013,9.079005962075103,21.506830769120327,1.3035139345975915,1.2387680479640775
3.7397023887383525,4.036244785419713,9.04395493362938,21.63560897437158,1.266377337889474,1.1733367541673805
3.4746422251948283,4.217026412158239,9.161415211435418,21.74693273623967,1.3255689389414445,1.092209855355257
3.4053288133581914,4.238953330192147,9.277277433697089,21.842451631075125,1.336241951865588,1.0734591456565092
4.19420300603558,3.698275757035949,8.932699459383922,21.391673787914804,1.2061306265043674,1.3678689831962747
3.040750829317828,4.615280607283845,9.473429971535486,21.953503887782887,1.4252741328136793,0.9390335864993058
4.374564608153249,3.5013301681947566,8.720597528622328,21.47957914406098,1.1260593294176315,1.4068993932357277
4.013116300576032,3.8331949712958404,9.024300742066968,21.33692310705847,1.2770677680568574,1.3370103830634719
3.4250981784037484,4.354630890379241,9.454593453091334,21.706906324850053,1.3654974142463938,1.0740204678387886
3.8653621475960507,3.838376848232952,9.09109302040342,21.846955354324145,1.198533457363377,1.2069596191037308
4.339240133249632,3.6576257411499866,8.9665633803166,21.1046491018091,1.2244788183263147,1.452665747350379
3.440762398387763,4.193071393412449,9.216561341904058,22.092885691998678,1.2775117516013303,1.0483042109214031
4.117565431048365,3.646269885557259,9.095374998765044,21.5066083846024,1.2021215926702222,1.3575008074695025
4.186603146666502,3.745240043208206,9.075356100305672,21.304357865299934,1.2266807484687579,1.371240674094497
3.8120745419489546,4.142952226712993,9.28230196326369,21.18824503596054,1.3815134762639936,1.2711786339867466
3.6761022262188585,4.2257475085310565,9.310113882634692,21.30301065193015,1.3947573752196651,1.2133405230031151
3.868941622015413,3.840652566565697,9.12637905789161,21.652044204328554,1.2553246438564851,1.264570975786271
3.549149466920577,4.272181452753545,9.411471313868825,21.635430611321272,1.3489230032232007,1.1206287492121445
3.3840688281189237,4.325796158224639,9.45146130234258,21.86500545880189,1.3327189591752637,1.0425855776429078
4.303989152167604,3.5724170781615245,8.789091909543986,21.200002598831837,1.2207439532171467,1.4707321729983167
4.4236054558820435,3.499394951546546,8.630877269716159,21.080447563454698,1.2004853222521723,1.517540459065381
3.6518823570122754,4.353604640472609,9.415142385208373,21.153500289664244,1.4503219335204738,1.216556283447087
4.207543391700092,3.5220506318308655,8.848806209754612,21.659132863895977,1.1388330381523535,1.3604828336714772
3.7521145351065517,4.104218704279625,9.29213632941423,21.499525783736914,1.33675128116878,1.2220703313558026
4.150383618695197,3.6536195152183946,8.957059660988794,21.54574918506095,1.1856278727972414,1.3468316776362421
4.43772398868464,3.3824671065016476,8.764269678634331,21.54196353416331,1.0923217437852357,1.433102600300251
4.226595758412759,3.454831626785681,8.900815871053993,21.813705239856205,1.1066366980657059,1.3538448409134491
3.75462854245964,3.7812656990968327,9.209575595860612,22.330033016666253,1.1413054656294728,1.1332655300951573
3.600915399384401,4.32958721108678,9.344020425204402,21.035313097518582,1.4909478873066249,1.2400205713224184
4.094745335766047,3.6945690234811877,9.154138199935062,21.560338099090345,1.211671359248053,1.342913237032269
4.328777755953498,3.6514336121285087,8.933481744174196,21.23343020818248,1.1901876070037996,1.4109684540057437
3.8835642619070514,4.058742866546642,9.126218428061076,21.22856477349808,1.343335118740735,1.2853556952093832
4.2367136218732515,3.9321539207486405,8.967256644128366,20.834197037632645,1.3229749138552103,1.4254441590780393
3.656032239804436,4.5268878814779425,9.46555880133277,20.682110527701703,1.5555153430128486,1.256274595806585
3.272022205940285,4.512994542163098,9.685424493864387,21.67305900066296,1.4243164306946356,1.032661339600182
4.575273579055329,3.1707364519402725,8.676126233421789,21.475881286780012,1.0600528027479266,1.5296230558198092
4.195910901095629,3.4492974158867145,8.913287826157156,21.845481820867768,1.1020427978634422,1.3405841339548354
4.204611736576546,3.5758599796162924,8.924436500334675,21.41398765469745,1.2020428684422502,1.4134008549917423
4.232303008506209,3.8136113628436963,8.969574438250278,20.961193046086077,1.2780144981722867,1.4183261194963066
3.758113905362885,3.970799683948986,9.047274962606707,22.080902416570453,1.1751110430752723,1.112169210947132
4.198055289730621,3.652498283527603,8.799536975921669,21.732369713873943,1.1263114894593416,1.2945434984961928
3.762592929603981,4.141881815872092,9.18308250776861,21.603830716574215,1.2842601148523354,1.1666552168143798
4.382246529319849,3.1839644318178797,8.593561098659277,22.42206226993998,0.9205863707752695,1.2670482081879724
3.9242405133808176,3.810991489726225,8.861618351593696,22.106793552841623,1.1290866610594554,1.1626390744749977
3.915614464305184,3.624497374589144,8.90206674776527,22.506481851715414,1.0475619505115294,1.1317013924292503
4.227245847158465,3.4911885164034375,8.882663623079257,21.96831416271501,1.0693370592449234,1.2947884715095639
4.22832122121423,3.594090587475357,8.942781320497179,21.473685072028672,1.1567366722980057,1.3608600283695336
3.9918778159185693,3.7857613505135803,9.10829804037987,21.560050527561188,1.227075821527906,1.293884187851088
3.70405110724653,4.138382094054221,9.233543682561717,21.2768961033797,1.3787695652709635,1.23406510535052
3.7921147933331967,4.066776404188576,9.251401553816162,21.20374547677142,1.3700447361146728,1.2775147672239269
4.0961144998618355,3.563937541283739,8.954197033447533,21.908547126557664,1.0996829596148887,1.2638906445332985
3.45699150403677,4.385720005157125,9.627941710189106,21.463704473265985,1.4306736385023444,1.127711437924954
3.5499170355286513,4.27794098832237,9.518791546373217,21.49430776428466,1.3933585341315053,1.1562354904882397
3.81499063221317,4.0383969345641,9.17124064571425,21.318266117472312,1.3415000452486865,1.2672875372736714
3.9065504264128075,3.721244888686769,8.88454201708154,22.16033471126755,1.1265794736973953,1.1826793600013805
3.34692287741479,4.395002391358317,9.29952017890794,22.01199925045314,1.330773152740377,1.0134226817063516
3.630578470152181,4.210613545963695,9.156175326334953,21.652766939640102,1.3307006631359668,1.1473893590709325
3.671934176040107,4.178750953122717,9.156404381962203,21.601742232456758,1.3195234039461592,1.1594859653968923
4.169183388782554,3.6212453557606215,9.05150821377813,21.609029639841328,1.1563703879799645,1.3313431538619003
4.094333700773448,3.7720070919052837,9.096896419670692,21.297772974568947,1.2615450613189725,1.3693469640306484
2.542208120508413,5.196900207942962,9.84545206770669,21.830907567432618,1.6216668339495484,0.7932833860701598
4.496451642742296,3.398753499723105,8.960638778996618,21.367864338824525,1.0990060034254285,1.4539528535648454
3.9045780710551714,4.0023210855546445,9.348220013264575,21.256827719146315,1.3283638344221893,1.2959230874773424
3.3325837535129406,4.548714355742039,9.540535817799201,21.565466753509664,1.4335702497567724,1.0502952153564165
4.777538839443831,2.9234981972833465,8.452787926630288,21.755024394114663,0.9351186550015474,1.5281574990912747
4.640567951725269,2.9832658878232072,8.519651122421127,21.972641124449858,0.9412115720774227,1.464085475921979
4.414014829098976,3.2480955100155544,8.678864983045436,21.90623909809642,1.0093553890043663,1.371668302597082
4.2108421850557125,3.516229534410184,8.869371822453175,21.727474122898094,1.1132791948129797,1.3332016443715171
3.892255113460474,4.009520206604147,9.247805600547728,21.263693026283747,1.3291023542905671,1.2902305433649994
4.012566499090341,3.779274991298461,9.009799883334464,21.662809861986506,1.2001011566335722,1.2741824047508554
3.792584574680688,3.8785964189779216,8.902403098788996,21.90691467685646,1.2129506885144279,1.1860522658659025
3.972810478719229,3.5735059931123634,8.705348316798403,22.31153390574049,1.073557636305328,1.1935172447572127
3.7439090863259987,4.133994140285939,9.0758428497184,21.53941223976246,1.2995861963367497,1.1769568131493438
3.7754533404082706,4.025828500642806,9.263796250586697,21.40887265215411,1.3479783380759727,1.264144589982986
3.5439248152133302,4.2543161968266565,9.48276983941097,21.40250019181921,1.4292155130024924,1.1905632041632093
4.3626515902502945,3.454482361206838,8.736609617029671,21.650684969497707,1.0772765322782691,1.3604881094373937
3.3486688526829425,4.343519786826119,9.428277393610323,21.73956027497489,1.4132675279770675,1.0895691014920388
4.370217340087771,3.6746510990749424,8.925805865252096,21.133817967563562,1.189442364094991,1.4145891689993366
4.426813995457429,3.3751930905637493,8.746659978042223,21.736544891804876,1.0501738142081092,1.3773802012680911
3.896179339603573,3.9022523961835947,9.195946619745055,21.382210673701657,1.301883039207548,1.2998569249138108
3.78775280583055,4.020435121392034,9.233678408188732,21.432201541280982,1.3147207769138451,1.2386314319916
4.322807476594844,3.501227516534054,8.845964987458839,21.595348833391046,1.1190759495447606,1.3816725301983142
3.9521289959196992,3.955716320815286,9.24300275811826,21.335461851165775,1.3054482984021207,1.304264425039889
3.4225405666545226,4.44215343739474,9.553517934322093,21.311815017388014,1.4822182000962687,1.1420028573885428
3.274516270851123,4.67752531330919,9.595566112531356,21.161541426213613,1.569680069103202,1.0988594570903165
3.592296753170338,3.862969307204626,9.331204277449622,22.218078408933636,1.2212972742088606,1.1357227779712913
4.069210629933428,3.7319968205325056,9.094040386499259,21.513543285005554,1.2348332028415119,1.346409613092985
4.095518818184383,3.7259270065419376,9.070286546767356,21.47393425459127,1.2332869361228929,1.3556223313671663
3.2336309208500524,4.456998856067961,9.475314516963651,21.640452678960372,1.429734865579131,1.0372977465901274
3.5452033543245696,4.289638026097512,9.383708374445998,21.49614482028747,1.403286844783265,1.1597568836667347
4.041264556035998,3.7626569604748425,9.198484584410163,21.33667631685004,1.258709796820663,1.351911519349527
4.202995403290681,3.5857340029451286,8.76928683762204,21.79397280336819,1.1077825673096784,1.2984803207443543
3.3937024452884628,4.49524924971118,9.429115170081593,21.269748239642183,1.4939812399359391,1.1278857979925014
4.522545666108193,3.3015141066711604,8.831078691023942,21.62505640049057,1.0456251938315466,1.4323390832045928
3.6795031537983562,4.250736588401936,9.218175300573217,21.224352776441947,1.401294975519591,1.2129825442240703
4.052031555599665,3.6429445881595144,8.963162327765001,21.901565349510612,1.1238295537327165,1.2500307662217613
4.95139564152208,2.881852040369318,8.36770386235657,21.5002108006587,0.9247697861806083,1.5888744545397164
4.142523355398368,3.7490008332969005,9.073547505108108,21.479160164939398,1.1825299521403143,1.3066569368808192
4.712010527606673,3.2647231927060667,8.661445903723859,21.40599208691677,1.0236243171979367,1.4774081213767178
4.382792523327166,3.3902595535092632,8.837679780593472,21.82148267304285,1.041792730992831,1.3467881500476075
3.876124066930454,4.037201753368633,9.17966784084026,21.32702484545913,1.31219399860854,1.2598396238791711
3.5226822216082248,4.103462904793608,9.388542455712303,21.82468245853302,1.3334163128156304,1.1446921900209714
4.1941896776073415,3.7388755718409468,8.52872339003062,21.7279177549923,1.1046802641461868,1.2392064062878605
3.3521147857624825,4.528713000643585,9.394483937573165,21.705382016614024,1.3726669252975783,1.016036365202041
3.13026062847471,4.8138678147856435,9.510113569886208,21.532379804689256,1.4720000923082666,0.9571812337495362
4.448066366702496,3.4694071029802185,8.713593811821415,21.42832369690004,1.1106638550945336,1.4239627671005832
4.673454331119478,3.192167921826428,8.630907247903464,21.52923722915766,1.0094027857505863,1.4778037798873194
3.471942922269704,4.113612247223439,9.383785968810264,21.933912970290184,1.3226679321121546,1.1163491572424
3.3714593254586758,4.2133376921465375,9.378143571885712,21.979697225253467,1.3492573689660943,1.0796586154306202
4.158024944062148,3.6877940426610594,9.07146469384013,21.426988097781198,1.1945230173117052,1.3468367389233151
3.536553932846292,4.1618284797999054,9.171230691040906,21.797221286020765,1.3331705721629488,1.132874565355586
3.6989522310525143,4.049490280361424,9.193926153358875,21.700804372226646,1.2802437233864659,1.1694213466512355
4.088983511558626,3.8446144242113505,9.063718960503984,21.26281294800168,1.2664562064709743,1.3469539399736232
3.8603225141605852,4.026999732250353,9.094635537554037,21.580143380388595,1.242042464831941,1.190634419996572
3.5986405428352795,4.223006768094469,9.225594166672872,21.511064185068307,1.3538443974565546,1.153680210551955
3.719697130488469,4.055516965387362,9.198111182136893,21.6469973881648,1.2970037306617663,1.1896044564357047
3.9681223653415874,3.922238210150245,9.121570366997627,21.289593669156915,1.2969587951802528,1.3121312185381262
3.9823135161249863,3.791007174440824,9.061950887695279,21.61585582270815,1.2184060278688857,1.2798906912187802
3.767655252827367,4.162625373659536,9.391178033622047,21.148211011558658,1.4142380607343368,1.2800482820268135
3.962340577888064,3.8633913480564512,8.930756774439253,21.71617270603152,1.1761533195997298,1.2062769738334214
3.4837799239367127,4.5161979214070485,9.355045225441723,21.009633594267036,1.5497472185842354,1.1954698047419576
3.9759234984720275,4.024663468493322,9.028623027388361,21.22679782277788,1.3203587595892616,1.3043687900269554
3.489707533601477,4.25469092289101,9.374404725601027,21.561375432771044,1.3899218247383158,1.1400171600739004
4.169990853958216,3.652153303244805,9.0260945574694,21.664128199361404,1.1405707663766254,1.3022918999202355
4.295415536739029,3.5351146063363843,8.944281063031509,21.674836318802097,1.1016969671538779,1.338640128104729
3.639372632184742,4.318464668269664,9.376102359126659,21.11969135431167,1.4544048979690536,1.2256951922463872
4.171234094251934,3.8098557282425634,9.025503809871672,21.055155409724048,1.28062468470972,1.4020964907418985
3.750570813242539,4.090251118337504,9.038171860518112,21.622308137884232,1.2961670028671355,1.1885251025901449
3.2361955681845127,4.622072721549067,9.647525031320795,21.21355991968549,1.5698540807748707,1.0991507760607777
3.9748931616226346,3.986779883937127,9.181763684993602,21.111647821919075,1.3435799460307563,1.3395740158839389
3.8439523492956176,3.8965757278728206,9.19907358238096,21.6913219973734,1.256691223823346,1.239719569056609
3.6339451520014476,4.192389957489837,9.429146052299467,21.460568294863542,1.372607986763026,1.1897705580046958
4.046332739578583,3.823356534194484,8.971192656656285,21.364781854056588,1.2595698618237394,1.3330273345165922
4.734299812256171,3.1453238207947214,8.559116127650341,21.373178467014135,1.0375023623579576,1.5616348329074583
4.66615259211827,3.2088658243474533,8.60359119981878,21.402526040141318,1.0502939466659547,1.527278512094875
4.7758168581231,3.1238571337953367,8.507067584872143,21.339628277997264,1.0234359373332125,1.5646498522122232
3.2873563779526362,4.623567655891073,9.775011824931168,21.204126216149675,1.5439187861744261,1.0977261817083193
3.880497545443086,3.7921622890309137,8.792978254388078,22.09764594108938,1.1432370321646463,1.169867784932868
4.255225281199578,3.5809720288328784,9.066186877517188,21.420959109565082,1.1838228202120624,1.4067221839398636
3.8040373593235484,3.9537579729354593,8.907907112124278,21.78671393775162,1.2265644263982713,1.1801169756913819
3.7007474095065165,4.187088486737809,9.411874702180208,21.344949093301317,1.3633757514013143,1.205016157686557
4.470801050681888,3.3982637383584993,8.858876420105705,21.457420079435863,1.101403178520875,1.4490206961199745
3.864670758042459,4.04837431072557,9.162929955189785,21.192886636427218,1.3534081691650035,1.2919944090175641
4.161212870287719,3.861940081052691,9.033602430144285,21.096593170930333,1.2740603910239683,1.3727909769142808
4.057712236356207,3.5880691406236487,9.124671629718769,22.003150524761537,1.1240030526760962,1.271124039642333
3.479808762313758,4.190172003326348,9.271947782227935,21.842171970913647,1.335500936693254,1.109092385203803
3.997429544847661,3.6717127354757064,9.153294104343026,22.09254095401603,1.1117456429781372,1.2103683484434373
4.04931418228111,3.7935206893843447,8.8111089224254,21.618355440567555,1.18166208345816,1.2613404341251988
4.055002683335057,3.715593690394994,9.06155980358816,21.593468411913662,1.20449903930513,1.3145266257402783
3.873821854350457,3.8868242688795362,9.135791983307467,21.639649841937057,1.2570620261449386,1.2528568343425803
3.697771888152325,4.088013359028807,9.125787477231741,21.57669212280677,1.3101043984096192,1.185041923672849
3.6582222864635066,4.263003864346052,9.270245199750576,21.53226863390982,1.3312239456178425,1.142366570873405
3.551286027523805,4.059263077572434,9.342141682494432,22.13401678489783,1.2407135951919706,1.0854504304261732
4.065352453016179,3.9325517205486493,9.210854729186325,21.24639047931723,1.2633757888527746,1.306039494778042
4.0112736291926065,3.844210840021533,8.966607390736812,21.487932285116067,1.2223160089796625,1.2754357597442834
4.170702792030497,3.641403883477226,8.896324283212213,21.527351200377588,1.1688759285403778,1.338778738832276
4.140027388987233,3.6664789855341042,9.035113846785354,21.42848786484027,1.2198841573898371,1.3774397297547423
4.072795556715617,3.832760136661994,9.136884679139117,21.209282146897028,1.290570444439168,1.371395387220362
4.356752154752442,3.462563485511894,8.929575987306603,21.46517016360325,1.1377336542515057,1.4315473407014851
3.667419963447128,3.883132231574519,9.258764262337829,22.01303638537252,1.2371809657930526,1.1684542018561357
3.8512441425077912,3.8630705922143793,9.170339134199219,21.553661030571647,1.2877680556098605,1.2838256673516406
4.280824282751621,3.6043409568780276,8.952689669172663,21.531320784062867,1.1384889888911653,1.3521671139325482
4.140581953460398,3.5857338938604664,8.942324398848523,21.53595186491318,1.171240392998325,1.3524753866192625
4.010354850302494,3.6969716783385786,9.059107473987376,21.541383853142435,1.2156351519803983,1.3186815459007482
5.061481191521935,2.8170942904314766,8.20839780014639,21.37790260132901,0.9101131012039331,1.6352027546780676
3.430014227813919,4.303076283950677,9.502762666286946,21.69767940788281,1.3762465740374659,1.0970164176580002
3.8553486485373205,3.785663344893268,9.157326501168138,21.921884435421003,1.194313789981018,1.216298343682386
3.919250767715238,4.023980472172059,9.265134628627397,21.210520800873226,1.3311423601030197,1.2964975234971667
3.9705986363747847,4.101098206285353,9.21650283271257,20.92669897374087,1.3758851427714343,1.3321035968667716
3.982967164399377,3.811582308678281,8.551741319781556,21.589636337117792,1.2304854147211635,1.2858132413795957
3.976072094903458,3.716656250421044,8.82169393159394,21.842979228192917,1.1639074769976532,1.2451461013688299
4.5982824042861346,3.3967603158052384,8.645303131430268,21.165365342521817,1.1153407197478722,1.509865615933125
4.633152625374173,3.3774165258786213,8.678962809080039,21.150070701439695,1.1075768743642747,1.519378099782822
3.4215925850936837,4.3095355959452855,9.498503145019603,21.69255472043308,1.3928847282171286,1.1058927236712088
4.529196059417556,3.60102187411265,8.654065064449398,20.92481964947666,1.200022614093926,1.5093320410072406
4.3128090396569325,3.7201591714480395,8.811901697717415,21.164791682278015,1.22330508676669,1.418186962793879
3.283054308800067,4.588273716817185,9.569585658621184,21.19645211913582,1.5623041275650926,1.1178777933101833
3.4585084407413684,4.428972582964691,9.467006115712135,21.209512365609456,1.4983503822387847,1.1700360178549805
3.525272285306818,4.365617805120679,9.267483028783252,21.314072734919684,1.441097727898426,1.1636982684604278
3.9297287165764376,3.9446482217162004,8.982034130835038,21.507296749959167,1.2577375401066995,1.2529805071244453
3.0401489778192774,4.684180943467009,9.579735621006854,21.66791561904123,1.5028719552077099,0.9754009705347237
3.837291913296524,3.9125495365011136,9.024017095319776,21.68314097869412,1.2400600348056727,1.2162075647015032
3.542650545580787,4.393887422462073,9.536135388277119,21.17674876778319,1.4742579213498213,1.1886468922023965
3.5121024676217307,4.488773148220193,9.49144512925564,21.043822101538378,1.5231511224588783,1.1917427410805348
3.6179478522133017,4.3928037109561915,9.46512107683045,20.949243124884035,1.5183165608509148,1.250497518614311
3.9299258674035533,4.133669309274801,9.22512946033843,20.87813342109435,1.4107667137272386,1.341231769244076
4.012950063687089,3.8055459880911777,8.97317953291272,21.64058501911871,1.2093035916351065,1.275211215487972
4.618198644190193,3.2676777339896983,8.854496130455196,21.43594220757081,1.0495249154730986,1.4832902557265981
4.243412439553524,3.4785902196945884,8.901535439204762,21.877887089350423,1.0692455188937793,1.3043357938863767
3.874102723942798,3.9735921084673067,9.156763490398884,21.590901398464254,1.2449814853977306,1.2138100822074809
3.689854524625542,4.218474220596195,9.364046429327136,21.384561710237186,1.3608323154902022,1.1903055498247235
4.298113073572575,3.4339673727613014,8.753956246928384,21.86454482268973,1.0620943807013128,1.3293666618007205
4.620711439382007,3.0471321262669844,8.506603868740362,22.03321313114069,0.9261611764928288,1.4044430518917865
4.513457426753289,3.0373063704146688,8.635708256819996,22.27577992306178,0.9073661788347412,1.3483521644500078
3.3122888670973563,4.3011401094287685,9.476620666636865,21.88778375004862,1.3917460308540117,1.0717774279705827
3.1202655727035453,4.547822340838889,9.540378772820507,21.830495845160975,1.4464352799389937,0.9924007291597373
2.922505144418765,4.731049809190927,9.637246837665494,21.8967231854108,1.489709200501249,0.9202360951041021
3.9399747597131003,3.9070208692438793,9.314611671835534,21.275875225772367,1.310722182736926,1.3217775102335128
3.9670929127779133,3.9193860107984264,9.210267144090833,21.22613956044391,1.3099884557061516,1.325933680462899
3.3584801239253217,4.309785529914514,9.406720214341204,21.95682178609196,1.3416355760519867,1.0454943487201953
3.9185933397808843,3.927421561070821,9.187820463768732,21.209986090720598,1.3243242452774486,1.3213473742400164
3.571352524906295,3.996929194889566,9.048701299304568,22.476814434861787,1.1534011679411154,1.0305917299268506
2.638215001728965,4.9754143663584225,9.34646912179597,22.349361819070914,1.445281468891129,0.7663609444734981
4.649393599819343,3.191635708443229,8.74897352157296,21.811225597534374,0.9600421809117806,1.3985349141443948
3.527255581874781,4.312609883747356,9.25106531608154,21.658861326401194,1.3415532895309685,1.0972477122759838
3.077354682905744,4.647863603042501,9.47245640354395,21.96747902832402,1.396796086271474,0.9248199483173668
2.818997842820287,4.915818063930026,9.73707355987543,21.88640000405652,1.5149129913817219,0.8687336266776635
3.9630754550102916,3.934144686779539,8.902613833449523,21.5502101611553,1.2346399060751096,1.2437191555219156
3.689697412754317,3.9980223888462993,9.103982548674031,22.056300057340156,1.202223347704152,1.109508638058649
3.28327129530613,4.529424069535729,9.623580838132256,21.52382193094316,1.4605312555535526,1.0587042135244196
4.117164481256871,3.7967751231216447,8.998402768850877,21.36534800615089,1.2288108338605408,1.3325035471668
3.931776115127573,3.824067519916383,9.051315033893337,21.61603413910229,1.2358787495977628,1.2706884811930477
4.0107383799853755,3.9681258428924404,9.02061750150403,21.33385465480832,1.2577538071188625,1.2712604555674323
3.879761575508743,4.1092530586318095,9.088555736697808,21.24260682863946,1.331658126341426,1.2572883579026022
3.76162417094783,4.103604187283882,9.240338055189065,21.70273933114526,1.2684923943890325,1.16278067611475
4.2926106528347505,3.623376298987593,8.966300896785343,21.267933609931994,1.202962512042701,1.4251486094883883
4.183742377764384,3.605463246363144,8.788628511383395,21.870709438989593,1.0947382612031729,1.270322991248293
3.1914159323478657,4.524187546088378,9.41943624319148,21.69530558623651,1.457901408112114,1.0284210665988378
4.644934605791395,3.476628197574752,8.787856457506019,20.998649248042014,1.142200362799709,1.5260320317303016
4.238936992292776,3.6783422619886568,9.082622719079351,21.203742175783212,1.2249059883607054,1.4115867791313081
3.7640383809249416,3.9621652554431073,9.264878717862597,21.81067074611242,1.2433563230324731,1.1811826663793576
3.469779685651423,4.448275490542685,9.27420678266391,21.294066100210685,1.4783719969229383,1.1531716355394461
4.030769569384164,3.7768288525096914,9.063084861916654,21.571281017474902,1.2026557597973933,1.2835181122424146
4.5493924611158745,3.457398931839833,8.516489374372677,21.171932040537214,1.1255548830199147,1.4810529534866461
3.9504824101916953,3.8275392064423523,8.901871587589932,21.75735604548496,1.1938200626406357,1.232166387860307
3.768933885565387,4.276865521865341,9.1040043612998,21.231257115634172,1.3553219483383334,1.1943604003510861
3.767995402280089,4.079550515352033,9.087141434858205,21.622851466680764,1.2888294411905472,1.190401587246956
3.8532045887956072,4.005497448464246,8.920773037993868,21.59677427076596,1.2616061145485362,1.2136386384904243
3.705171694241494,4.164643460736225,9.28438499010025,21.385188727390187,1.3534135818928479,1.2040957987181178
3.988318829528483,3.9063638966069028,8.90051929518892,21.537863989949127,1.2309813681977995,1.2568071740183977
3.81678290540499,4.001961852916094,9.063870914265543,21.74602092222362,1.245903068046376,1.188252588776173
4.080489181450127,3.6935049084178706,8.910729742447243,21.491298721864553,1.2072612956363356,1.3337512141381445
3.524854792554663,4.325881948184347,9.272298828057968,21.387316176590048,1.424413333035617,1.1606535323130351
3.4657298601791733,4.448763225951619,9.409414630716135,21.198756625687015,1.4897951428587746,1.160598406774302
3.942345157765953,3.865034309292782,9.160874812546187,21.418193207931616,1.285220212380064,1.31092799584141
3.5288683903483835,4.265260157201061,9.403691834478035,21.431733544063995,1.4025149047580234,1.1603724818607255
3.1730079957449506,4.454967295545895,9.434289897278797,22.03575737301846,1.3755128728498265,0.9796959336079246
3.7318770277014224,4.072303121386184,9.083005629947799,21.539352006652432,1.3167038117860748,1.206633337701721
4.375466266994278,3.3984929607463115,8.928590442336906,21.681077678163106,1.084412601385287,1.396151415250503
3.1824577489842905,4.648296887463535,9.3052482453528,21.614011460870074,1.4730046796824077,1.0084930611442524
4.464574276379997,3.4370782604423296,8.794230350620273,21.51900359174941,1.0837851711493898,1.4077769051476168
3.222337430818761,4.435355403192324,9.487326032128191,21.93797496035503,1.3901086228676436,1.0099301276164485
4.195899204646343,3.58017976128389,8.895840273497297,21.622466108717497,1.1486028124964658,1.346139565260315
3.079435670720852,4.835343183531681,9.548359824558466,21.375402174060117,1.5598575516688153,0.9934105612631687
4.246190506096329,3.3772919255198715,8.825774352637444,21.91389226414468,1.0762316896677635,1.353121046035669
3.670651950005445,4.061073545492691,9.096042138338097,21.821196161574107,1.2780071967061954,1.1551427365596896
3.2683235891709823,4.423218530436836,9.266603868215142,21.871697606263833,1.3767740636942951,1.0173006642939848
4.286114972220092,3.719213393145358,9.141082766025741,21.019944137750652,1.268555092942601,1.4619147658933034
4.000553704686224,3.866686458857376,9.184935542552967,21.29982486053222,1.3026961368132868,1.3477963397499912
3.979752615856058,3.86522559606662,9.214586850007514,21.226545451099675,1.3159602116972204,1.3549522439761466
4.074684048869903,4.004500170882453,9.14168658820867,20.903573176165544,1.3739658853325734,1.3980463572866677
4.07688483250706,3.8307154448581384,9.105001319384263,21.1102030263528,1.3311727593148135,1.4167165664005914
3.7146981894498037,4.2956428636514055,9.38406474278366,20.964122763349565,1.4800170656755745,1.2798588916087368
3.4640790036094136,4.461337430959329,9.560992085169907,21.159397130657993,1.517360416871021,1.1781795128329196
3.8159507098831984,4.186252559896781,9.287638687022534,21.009185812901986,1.4447102462489756,1.316916027131731
3.8730225462858985,4.15330351835383,9.261717237967236,20.96815016671482,1.4341867747650063,1.3374023087172584
3.477338895876034,4.567586007008308,9.608397125621872,20.708671517479814,1.6478437117594549,1.254516285940506
3.932935022599529,3.83662708921706,8.955628849947306,21.79982003792734,1.1748482890050818,1.2043396125350676
3.447266765928113,4.465848564078325,9.425328893916502,21.381289703839453,1.4266281766995323,1.101239289758116
3.500671963166163,4.216284961273371,9.203662638400637,21.999364012819484,1.2812999616305047,1.0638301000251031
3.8847451360882896,4.018178649258005,9.204793225938824,21.40389654746335,1.28490186755431,1.2422335381365128
3.7726380160449793,4.198418987340886,9.1153788425043,21.234581266415645,1.3861378861044316,1.245563270451456
3.702128158096235,3.8998591549322033,9.206794906891403,22.12246419317927,1.1872248053927064,1.1270300304245398
4.123377191632029,3.8223414283556676,8.865997520059627,21.18704841403995,1.269110595198496,1.3690618119771731
3.458079010441997,4.227324582969721,9.078751395166586,21.8851188957004,1.3167845072061972,1.077169442817203
4.111537684429075,3.7247009216318867,8.93395391645422,21.404848233448227,1.228107557617786,1.3556552888185727
3.5872103847793326,4.349981767791717,9.455841746083584,21.061511201747123,1.4956868860660595,1.23341747540201
4.241169006899796,3.403058030904617,8.906443156442718,21.864759495166506,1.089709721738934,1.3580853033904983
3.783953254147238,4.118627762699129,9.201077166826522,21.376825969968593,1.3288791514763603,1.2208961040708464
3.707148082583499,4.189249149351668,9.240480291841308,21.42062607941468,1.3483334721395512,1.1931665240533273
3.4241253700593326,4.4715108143050735,9.452166251812939,21.616173136505974,1.3625040582640011,1.0433575823601406
3.478542434359368,4.36498114436991,9.425181289025486,21.645459259306364,1.3425288463331821,1.0698885990252378
4.01970664231042,3.9810894995394754,9.186439354904886,21.12313489926815,1.3088784557703537,1.3215747657131833
4.473191548187215,3.2756976260422594,8.694559295439952,21.663951177133228,1.0565885806182485,1.4428447458513072
3.6986074442312145,4.175544098407025,9.384801538174829,21.403828372769595,1.3493426715285695,1.1952188103194394
4.254787785784541,3.379681698408012,8.802837237475604,22.00374168198971,1.064009862852655,1.339515543890495
3.708282836916174,4.4278055860843315,9.266940400070936,20.986468717189368,1.4401888967111294,1.2061567889013918
3.8252948184038686,3.9300930617556658,9.068154397738935,21.846686596536117,1.199980156905315,1.1679819801383473
4.015053664932399,3.820780563379927,9.039235480485274,21.405619340744664,1.2621204402124013,1.3262947753738872
4.295809427340078,3.5564939497893078,8.806393809357719,21.697202422320288,1.0983775212045819,1.3267056199121596
3.7089255482345758,4.144663211398298,9.271869339317869,21.38072548713182,1.3485068539881702,1.206735328692432
3.8866369362186024,3.9835159716570017,9.189501294879381,21.327601613239274,1.3083988602468466,1.276578623940203
3.706735956864119,4.094985508919657,9.36960518964309,21.510962506690078,1.3250439068653863,1.1994152075271733
4.1970296144597485,3.756414315338452,8.85132493655551,21.197408745825022,1.256329775682969,1.403693211512509
3.630901334880079,4.385452089880966,9.482410820317682,21.113105995411868,1.4507988474555809,1.2011777495012903
3.6378265536146213,4.160446930890297,9.201298712261538,21.732762512994206,1.3018172679112219,1.1382876656830876
3.2451775646263745,4.510563991131928,9.524720115971295,21.607424085299428,1.465830634620596,1.0546088467795038
3.7790534608895388,4.059346984938105,9.271784155473314,21.403031382373893,1.3351192807871755,1.242930736761361
3.6844366128071147,4.068178495441035,9.239515183449043,21.571815717501934,1.3248399909913913,1.1998708941581346
3.549930557617482,4.224725064596238,9.403488265678403,21.490805248342937,1.3849319680775873,1.1637236124310528
3.844361892168947,3.9321082330440014,9.124482758109703,21.683863640225802,1.25759574509427,1.2295320656653257
4.173653985711713,3.6731465381286923,9.087880921691452,21.57029662120652,1.1711640483846277,1.3307482965144661
3.7345460585590255,4.193622290868323,9.302169495394335,21.341089628614345,1.357830443592178,1.2091886153768643
4.143061015447722,3.6406959497239244,8.918908736321576,21.58414237201202,1.173211617243082,1.335098393657063
4.2240165005589105,3.7194623071538633,9.100639490301216,21.34187002021818,1.2010758149317349,1.3640046979199079
3.8839368383960364,3.9436212778475417,9.057587780431394,21.39318486457685,1.3018928995526404,1.2821894994385947
3.657719860987157,4.276117227166533,9.483841636950576,21.249946202141377,1.4123766884612692,1.2081236294831967
4.396095723989907,3.443231966587548,8.778118421011378,21.50203079931412,1.1139927945307304,1.4222739008332197
4.195003798921712,3.4758558027053232,8.854049982525044,21.954201682516203,1.0848384951073327,1.3092895294015714
3.857065213945113,3.6567753787753885,8.955692878584712,22.42204308678788,1.071215395086595,1.1298882783483
3.985711113393285,3.8113576618222407,8.87191910579846,21.768158604075005,1.1784646926640554,1.2323744552609226
4.149820091105108,3.706360953681496,9.070451056653145,21.47545270464815,1.193013640482487,1.3357554852608438
4.121449853996124,3.7247043326385025,8.937618975261564,21.53335277834391,1.2033308413962007,1.3315064170659205
3.7392332572620015,4.219658377321232,9.425915634827643,21.154242397523397,1.419813911570393,1.2581623730017664
3.435607443294661,4.456983271713625,9.460699135738896,21.41166097600776,1.4565843208547364,1.1227890322753649
3.835514231034255,4.026820620093455,9.375230625875028,21.425283594147665,1.3150213680279623,1.2525472691823873
3.538930084155005,4.459426653690833,9.302255724985137,21.175648596935527,1.4708346154028606,1.1672309634149238
3.511301966338164,4.459296136717905,9.608925547593932,20.938028140080085,1.5560495893056374,1.2252516574667252
4.511231306693208,3.310448155437959,8.788703333291433,21.64580780578966,1.0457849490104196,1.4251175612868712
3.8228907816612185,4.19661908659229,9.043871893609074,21.052462252442673,1.4014666322266767,1.276659558229203
3.5750504135612298,4.23881007792207,9.630921471944177,21.408957131126318,1.4035319129241164,1.1837513956760006
3.738100045872118,4.0781876108635045,9.325435869548656,21.44621654747305,1.3411334811399866,1.2292938936932616
4.116331371465605,3.8108941762887882,9.077932118523371,21.238641327924867,1.2516786303722094,1.3519987107623594
3.9719548129400155,3.808521706056761,9.196497336793412,21.47615807500135,1.2596551622590493,1.3137100876759449
3.7646836134871093,3.9801657361570753,9.272511066927079,21.594664946438293,1.3021025064844425,1.2316080018254343
4.252313259400508,3.666750288061015,8.883516985734115,21.373575419788537,1.1727116348666244,1.3599882300775905
4.850466249470762,2.9302084945266733,8.444771221533268,21.70930938803776,0.9214782536900351,1.525351925466574
3.1746099221939845,4.7523291262596254,9.742398550016095,21.16503928056879,1.6039224096325821,1.0714384169886948
5.092594932906273,2.7673383218164096,8.399113361160975,21.484001521550994,0.8957849923979936,1.6484685220075341
4.196163023581623,3.6138971712133188,9.126245962009202,21.470441615599622,1.1731839784688132,1.362205673565533
4.359552312876836,3.4444709610301807,8.813395320660492,21.631131881210806,1.0946728024748296,1.3854909511111702
3.6654854795950436,4.159731948182839,9.419612850820547,21.33831573225012,1.3944578427435723,1.2287726801042724
4.006445635382164,3.530505150073327,9.01687092778802,22.10472245412791,1.1111787520922134,1.2609745835824042
3.914695863007221,3.8682235798031708,9.113805232965346,21.381983637216216,1.2992176916366862,1.3148263066155867
2.9552261773857635,4.74548311394013,10.004201143769766,21.666073105626126,1.5606818176720973,0.9719068957607434
3.848688902384396,3.7551271747155583,9.185619847729054,21.900740292397913,1.2080951712410382,1.2381957420474727
4.959997645015335,2.7655874321755785,8.418160757423365,21.913756802098828,0.8504517945306559,1.5252596424886111
3.972824138225438,3.8956122614935964,9.181281700842248,21.317695026954905,1.284285353943508,1.3097401671489621
4.148676617343328,3.870849294133471,9.127535286854982,21.090090101392057,1.2773412984967838,1.369021518216164
4.084527287304427,3.4771100216452955,8.887949123000006,21.98152464417428,1.1198763672961722,1.3155078649090808
3.4177192900334252,4.316356296467525,9.629045726003584,21.481357736106368,1.4533676498455284,1.150786059170493
3.852165340696035,4.043619300245684,9.211337792171234,21.14692199989056,1.3827270323151748,1.3172588104929595
4.176627468479726,3.8440397834299613,8.907316638451276,21.057047549870923,1.2898806945067558,1.401481629550565
3.814111003989687,4.124906540062711,8.928658386971373,21.283832803533734,1.3548632902401616,1.2527796530701785
3.7562664310480574,3.897398333675191,9.335555456980343,22.124591558477277,1.1957097898354856,1.1524109573370789
4.2831011562810355,3.5641117274623526,8.95045268853314,21.439979851858432,1.153065460582311,1.3856737344775025
3.2091102828444087,4.5657815823594,9.543631443960791,21.676608537042803,1.4517141515439593,1.0203534110063681
3.58734575760507,4.1235298123927056,9.299578959558815,21.91429596762244,1.266436439577161,1.1017612568580917
3.9132447300728397,3.8679067863672065,9.078754935981607,21.640906347031812,1.2408758880848136,1.2554209028090453
3.7268133634476825,4.179085924750956,9.573663885308791,21.281480416027485,1.3777602069562653,1.228655079930438
3.533617854502007,4.134675621849332,9.341849615783037,21.96842426566098,1.278144838827286,1.0923409322010096
3.668601166036217,3.9788877323013607,9.167789388114777,21.995313704060727,1.233324223367298,1.1371456015746895
3.504746008673479,4.29927262024443,9.405843509017792,21.500506374003194,1.4101223296237961,1.1495248250178118
4.224665428358881,3.662302217356374,8.78521398590993,21.391961270624265,1.1903150649654242,1.3730933727921908
3.8692912350722497,3.8367942030210362,9.209929410035315,21.750817151113452,1.2308074321381393,1.2412321738507837
3.8579163578030955,3.9158917912960916,9.238253608696406,21.716955000687896,1.234995939985216,1.2167116183546034
3.817006820994058,3.9972796761576923,9.37672303412285,21.573964140778195,1.2850076791640328,1.2270552660237128
3.961595724314702,3.966075594729709,9.18293686516232,21.33029582520723,1.3013303378888743,1.2998604235764477
3.6871852190425356,4.238359504772365,9.366249287674334,21.258478818605504,1.4099612954719005,1.2266039353745841
4.253319578825829,3.6441352757221646,8.992881480224451,21.397712550311738,1.191828958237329,1.3910651112362575
3.7105388713775547,4.048555045027674,9.248035789735814,21.529527507831887,1.3392698760144244,1.2274534689406824
3.8308738087103773,3.9910228468462754,9.271268253787644,21.37212647089631,1.3334252462830465,1.2799184689948386
3.5920738118555784,4.399659332231872,9.419503228840641,20.8920087648115,1.5288303856422187,1.2482038213282862
3.8346782249362628,3.74937049657853,8.989518994867648,22.266101604440433,1.1172462664241098,1.1426664645858473
4.610014364110637,3.2521336021227403,8.460202313732072,21.460166795396376,1.0505281364859604,1.489160776156784
3.8291123640802485,4.080006182770261,8.991388865351148,21.511786882983017,1.288807734004481,1.2095544487258656
4.530526539639914,3.4121716317112316,8.729293606295924,21.34314532707257,1.1011305104431186,1.4620310874186364
4.21570155543002,3.718789683610231,8.973650269395364,21.10406511469873,1.2623574029424551,1.4310360412548895
4.470157069564878,3.501525332362149,8.795291229736266,21.144116931457603,1.167189042578286,1.4900701422828833
4.626770404428521,3.3061655590631243,8.731504878169865,21.270334922650036,1.0845733239991309,1.517792036504617
4.007213612970858,3.8460489027910882,9.141177957508999,21.51387877355198,1.2286611746858171,1.280146953242526
4.382339118503402,3.4941864047995326,8.821115371308931,21.36689363291849,1.149939495640881,1.442231252670742
3.6987503626446077,4.058662927792641,9.343873308730542,21.684276164444128,1.2929835437987078,1.1783248416049095
4.013539703651243,3.896710108317844,8.894953538312635,21.41618091322095,1.2522091680368812,1.2897523997138391
2.8091367115645087,4.820270896461856,9.64252023420318,21.828812648954916,1.5503980297346989,0.9035342860215304
3.5865384966267135,4.32040180330872,9.369651299783964,21.293162712348263,1.423603089965736,1.1817899164306065
4.271137240415036,3.4675757877042446,8.928549285238951,21.571551376980835,1.1295764962768409,1.3913398104384989
3.7720820373238784,3.9086667326156,9.241162822345185,21.754596108359706,1.2585748949559572,1.2145951749417268
4.044298067667212,3.816121555530831,9.083326668673648,21.30028050331443,1.280043832998725,1.3565812107905877
3.429830374409423,4.226842620809493,9.225120844300012,21.981639653621876,1.3054242402749292,1.0592738155762758
3.8120337731168124,3.933607205443816,9.111143008674379,21.75201063441645,1.2270183695956056,1.189095713130675
3.3518122793611043,4.482176410057407,9.486249634883329,21.40947324487003,1.4774277187166527,1.1048338834569689
3.3545826941573496,4.475123116196336,9.479878776170953,21.4238333979901,1.4733174764585997,1.1044087908196807
3.2379665231205466,4.578923417434018,9.462490579612234,21.530448396632785,1.483504017282583,1.0490536545308071
3.429740165364123,4.28297094183203,9.703378931086018,21.9003923290887,1.3168709229904896,1.0545308755348863
3.8904909606361526,4.045993304574651,8.863929165700535,21.530348499295947,1.2529420668609224,1.2047869134661484
3.861305210521974,3.8687114993943568,8.983789828495386,22.054674179311704,1.1435885388286364,1.1413992447778813
3.9245548172215097,3.8213822376556594,8.823687719085031,21.96718910087833,1.1397436194263466,1.1705152831717858
3.9756272568704105,3.7438255311033806,8.780564577839714,22.085839399271183,1.1043349755853036,1.1727106920920822
3.5750937488587904,4.049151495861045,9.131422068608565,22.241847303438497,1.1957597102442117,1.0557651571202127
3.736033301732594,4.058666239770087,9.096770123269724,21.900131220083633,1.2184365354408695,1.121580145676783
3.9504852898375096,3.728426101621404,8.990671875577004,21.710937216563117,1.2178280802290458,1.2903600032205829
3.3043437476385624,4.659411629327443,9.472285590206285,21.1149585471875,1.5584360628190452,1.1052057362474077
3.6048144322641953,4.4032150547382045,9.224858027708581,20.92848244096817,1.513235364234364,1.2388522051710071
3.8208576765619022,4.092962486231684,9.100363727945545,21.42610350587939,1.307167642830504,1.2202656485279941
3.730128878036822,4.191942191388965,9.159758497983763,21.372883682729352,1.3598475442104252,1.2100373437416276
4.074619726986786,3.6313212335145497,9.036163200154352,21.73028073143593,1.1578334337019083,1.2991775296509964
4.110544891834001,3.7192051369341192,8.976092639299145,21.304470893395937,1.2422907958085534,1.3730063002367001
4.308174328036388,3.4612188182357575,8.861586659431653,21.58478805328312,1.1025938734367564,1.3723970858946377
4.552189780378896,3.3332899988075155,8.77679163385409,21.351659456663484,1.0891659500558046,1.487446369429141
4.292054281041858,3.6120067415478068,8.944105222576043,21.299371789607715,1.1840261371957146,1.4069476650086865
3.756169644993317,4.005188780066367,9.202888530688625,21.701079218964964,1.2844913713063328,1.204629235498043
3.93468772582698,3.8705494860298684,9.041573511410842,21.66662267841865,1.2330580083135794,1.2534908100401596
3.9639778869520166,3.756095407015118,9.0621692582586,21.7643586851291,1.1963748114659671,1.2625886148419643
4.570200044275538,3.0576929125454466,8.581242990984322,21.897125232239983,0.9777948352435643,1.461467232692914
3.8258923029591827,4.2127571138249955,9.330008023376195,21.043460446648403,1.3983997192132989,1.2699822414733914
4.161954790358649,3.9340090837938746,9.016444331885532,21.0931560162503,1.2798364039485353,1.3539931247825472
4.171936506328613,3.8969763509622712,9.011773402306375,21.135354132363844,1.2665332204268507,1.3558963932311217
4.2217607081831545,3.842749736768764,8.97306643292356,21.166581554529944,1.2448349081874126,1.367613158170296
3.872493003974588,4.088469844947979,9.324488097172791,21.29091288217718,1.3332356452589975,1.2628063565871077
3.934164707742028,4.004291241613493,9.204668048076098,21.327882129154382,1.3076995236523743,1.2847979839276675
3.7272340106595814,4.183187253231242,9.30236693798198,21.40770455132402,1.352763754843175,1.2053170872387724
3.9328377548603544,3.8830049698277342,9.171431565430419,21.640563168922423,1.2347294530492157,1.2505754300400653
3.5390177024292235,4.0405105469738345,8.953207773959356,22.129505014234965,1.251778941742332,1.0964128871466896
4.539508828249731,3.309105172466869,8.579350498981789,21.46076495775538,1.0670830279130117,1.463849763975753
3.7253344968418047,4.030366889899291,9.352062625242745,21.555187951481862,1.327157065740757,1.2267131342613153
3.5104953703123956,4.236725593530483,9.185607312119659,21.70406587869304,1.3571187705164869,1.124490849286319
4.0716057389327185,3.659227070417305,9.006594671553984,21.815053299469845,1.1576889643870167,1.2881553783323154
3.8301109721632414,4.101746866541541,9.154292093899716,21.223032852612153,1.3451206134212748,1.2560407523860049
3.089673410101197,4.567086389681846,9.462795449085336,21.945542506162692,1.42026297660602,0.9608201771888285
3.2256338884891287,4.639487687781862,9.445932022698953,21.43912339966265,1.5007256396681115,1.0433892288121076
3.7598077336406606,4.186543776491628,9.245083155639218,21.216228134695577,1.3822893993636052,1.2413921008159268
3.707497854990301,4.0440923082786995,8.964099363761818,21.896769361140617,1.221637227401649,1.1199589561534262
3.7376358036035864,4.086374916015482,9.229302845179072,21.402301667702268,1.366841833552923,1.2501929166920382
3.9464351313036437,3.775968118019732,9.03427996682188,21.92505028539933,1.1412372830095028,1.1927587220159588
3.430122444804039,4.5839779852997795,9.36991954187292,21.041300482487678,1.5561337458805828,1.1644317023291506
3.859832603905199,3.7933807794543704,9.151262965517775,21.947929749410672,1.1626783442834236,1.1830459534740347
4.2483296403247826,3.3790018024110644,8.786374292350242,22.100667645361455,1.0366470781877082,1.3033489670465592
3.6101338252476634,3.928394053952632,9.327544375952211,22.235550958622852,1.223833649657894,1.124684335233834
3.6073150411669754,4.191544031913562,9.134120068499431,21.71306086795217,1.3209683328568298,1.1368481160495592
3.170687152263881,4.548174923190019,9.40273159775191,21.841260965429814,1.4321766001237752,0.9984189312139394
3.368828518853454,4.286563680042142,9.386628597359385,21.930442478243997,1.3483831010846696,1.059699979828467
3.683551012308545,4.142269304774286,9.185636537097086,21.503731330066692,1.3483622419875574,1.199043503933293
3.453904534625966,4.243928443022763,9.453753762306258,21.647018828328584,1.3843987000504294,1.1266874576303558
3.4786181344689195,4.310602212792745,9.382408440436379,21.526378959416608,1.402070227390158,1.13145836197177
3.28242957728811,4.502944642830441,9.44759847033657,21.569795526505732,1.4339469129361464,1.0452781751995928
3.9629937611289403,3.7806116845209843,8.895692434812062,21.829036484783575,1.165199497509577,1.2214103760000692
3.6738124562971537,4.202658744591556,9.301546365035682,21.57493673549804,1.3324372869154029,1.1647685428192753
3.424554355128476,4.292312226897118,9.121198626153639,21.834977250289796,1.322011587345889,1.054746323113691
3.380830696501524,4.471879979271016,9.150771137227624,21.51997617527097,1.4093169227967388,1.065471778262483
3.6773534591497334,4.055487332189165,9.30954882858323,21.738054933407245,1.3050881734386077,1.1834016767842324
4.070311134500712,3.5796914543544163,8.987784779304954,21.778722671261125,1.158309886707091,1.3170636880815771
3.600834036016595,4.276887135727297,9.32943619318063,21.26949198799018,1.4422240684000163,1.2142498383170413
3.6625133638518714,4.083566554167416,9.299616275680423,21.703066596542335,1.3019183989281673,1.1676786631168878
3.5948484650566153,4.0339451475706225,9.256208659086711,21.90661795271639,1.2841812610536791,1.1443975726674074
3.533416334747595,4.11522672294835,9.37474772935568,21.907429341055973,1.3010764840952231,1.1171304064540921
3.281500216586032,4.411470851112751,9.654831684776827,21.607524267611055,1.4532337609266421,1.0809970330027294
4.101297957683352,3.7580128504192385,9.004677580018557,21.38143553740143,1.2382698185985934,1.3513826802143036
3.4424446777794033,4.493083579512198,9.28108538886232,21.34295786316079,1.441499417783011,1.1044268175638916
4.207593398210595,3.6478124781717813,8.842111164560588,21.54373651826142,1.1408000855626637,1.3158633941340188
3.390848025949974,4.594728742545727,9.673534882131495,21.07973106623844,1.5411705095263681,1.1373631116653005
4.398681765804809,3.324279097549841,8.716831912384308,21.85327604700436,1.0244544593921512,1.3555568044052042
4.390829099407422,3.5628314796366203,8.89647137553373,21.132434671843633,1.2049775031455339,1.4850127813180576
4.15395950536222,3.607424114030476,9.071861369526504,21.578294420163772,1.1620984568775976,1.338159800046367
4.248527880130402,3.551436684231418,9.016084349084776,21.490416787519997,1.1506879612360623,1.3765499203035385
4.10166461825313,3.6247025527056196,9.089788753120105,21.784865415167758,1.1372928664081707,1.2869452990718073
4.030557821232979,3.70650769603593,9.095732671895242,21.67103378381386,1.1900359223310086,1.294077602868399
3.8043704233016404,4.042457012363068,9.22032988460307,21.49335140937034,1.3038379849475696,1.2270464847348246
4.295346399564877,3.775670695132166,8.96369502808609,20.89610565459359,1.2694712680036597,1.4441987346514882
3.9861770719719045,3.6661119590510447,8.952660371020821,21.87191589414309,1.1749627940892087,1.2775413851329243
4.511439290695213,3.2309529763234908,8.79491284745728,21.539372725948493,1.0690331324929843,1.4927106993899353
3.9615264099675582,3.8695253319321856,9.1399551334383,21.458063000555427,1.278321164558484,1.308714278733056
3.39995273315023,4.425910005801902,9.363473614084393,21.637572117537516,1.3720770396096416,1.0540198681848834
3.570178154624772,4.289893886851116,9.321597246158994,21.504426845950434,1.3602274657246154,1.1320220293409733
4.215027248785461,3.6194285288891055,9.102255876577575,21.427105542833175,1.1927854605393158,1.3890654776021882
3.6650256150473006,4.274294110463141,9.316124986414174,21.217553694196937,1.4235526547373911,1.2206359247037863
3.8524863135884324,3.9815850271963957,9.196561051863203,21.503667999777793,1.2808268668231721,1.2392974006101094
4.189762465863918,3.6564130864361024,8.627614324487762,21.547690976008216,1.167808164521662,1.3381526374010804
3.827858902541463,3.942446255390582,8.831165812676696,21.51957456568959,1.2877996495813235,1.2503697029729766
3.5749165293601224,4.145211641509385,8.96618253543141,21.843241285308068,1.3045807960801685,1.125097547514987
3.439881944692721,4.473326603121524,9.063070837959446,21.503827591501505,1.4214196167029616,1.0930379355526203
4.149901574506769,3.571823892270301,9.047508306600697,21.679734577374393,1.1504226573443959,1.3366114738728787
3.8962768667124017,3.987953002870047,9.158916168908956,21.372493807721455,1.2977122227099485,1.2678800651250979
4.315974847896388,3.407813451840475,8.887107321542583,21.736796620679016,1.0952796056523335,1.3871649068279555
3.5386378478988068,4.422884268627551,9.37542666918876,21.250928932501758,1.4310480112654158,1.14494532238699
4.279858531932684,3.4194138892417785,8.663971115359379,21.790683758425175,1.0928794503397994,1.3678863078338415
3.753861669126858,3.881355235488563,9.055544507091547,22.006685587282842,1.2128333622078513,1.1729945839026565
3.7414182559243274,3.9965813915658055,9.397258427786353,21.61937685187425,1.306606484848579,1.2231857371998411
4.062910218253414,3.837271939193553,8.732254051362977,21.501316091713335,1.223872741604775,1.295838592235109
3.2848437237116497,4.5468026375170565,9.726652727859554,21.42332051968804,1.4936743512841935,1.0791070581335624
3.3140101996494042,4.506935796837503,9.754036025781755,21.499989132310212,1.4677790008386171,1.079277539969307
3.2181306703552437,4.5243866575449205,9.750302013362246,21.73984848486809,1.4394538605137956,1.0238626730444758
4.596706189434163,3.3055030422000677,8.924889379698177,21.347158319529562,1.087212755058639,1.5119022843444507
3.5321596529824335,4.186945691459027,9.253508823555812,21.614355203126642,1.3593457560515434,1.1467610491754454
4.41529339378504,3.556918943277216,8.814131816864561,21.447345054012786,1.1101909454880086,1.3781080833224764
4.250924055578875,4.0166024875425235,9.008526644880533,20.38625720845159,1.4277601131879045,1.5110531424432438
4.002456553034293,4.112295415380867,9.023918059587652,20.84087515327108,1.4108967185507304,1.373211855280815
3.9278040129655585,4.1153454541269605,9.224333784566838,20.941332823844593,1.4007081035173539,1.3368760827773531
4.0251460862399755,3.9091033782868028,9.012810557431475,21.394324664743827,1.2483567376688927,1.285414518523533
3.596291577869636,4.349979484574926,9.235366193256368,21.309086298800906,1.419998500191061,1.1739661451124406
3.9223699821955456,3.7968493275640536,9.013475071429854,21.65965703250169,1.205892652700662,1.2457584525056296
3.8755818438854175,3.6869390921147636,8.851718814845917,22.195782854753244,1.1214049230738843,1.1787817620323164
4.947202943753743,2.918599287399895,8.42515451089905,21.562830099275132,0.9249146685569277,1.5677865031901173
3.9209139894932816,3.9256900609276024,9.090237457468877,21.374463902666,1.3041089029959745,1.3025222985564555
3.9019532922180584,3.9073076557719753,8.968954389719672,21.730611260567755,1.197076649155136,1.1954362399152818
3.8535716631109196,3.9721018454727903,9.218979528824603,21.52503293458803,1.2910554216453802,1.2525294622112524
4.325884489921833,3.521999451871098,8.87466343997688,21.481482029793224,1.1439901385638778,1.40510220534189
3.6445984402245983,4.432473250753248,9.472033546848373,20.936445667407085,1.512031409816447,1.243266909022211
4.315173281366355,3.274322682572957,8.759149150941672,22.062847355716553,1.0008820010853499,1.3190450934695743
4.213416357711955,3.563572137536632,8.966844607385331,21.59475864180792,1.1523086230540331,1.3624407796791775
4.021062697492258,3.741233986855838,9.01773791783739,21.683631666469388,1.191823988884911,1.2809674563309286
3.6182376582125717,4.159604571809729,9.421608021443515,21.519745817178418,1.349077486666075,1.1734968749633452
4.135919032167857,3.5971036952244244,8.873239557682668,21.698669172764376,1.1646000513341137,1.3390471683013045
3.7922480165152948,3.924311855002617,9.130421650819546,21.83535191148274,1.2272650731543815,1.1859642432533175
3.5864381213212315,4.198350433354744,9.492296368607821,21.52288074157314,1.3695191340930628,1.1699108276832082
4.007850301425199,3.7307296904631113,9.025485267071025,21.77839519198905,1.1781691853049145,1.265684227009229
4.322327766802725,3.458401995073547,8.79234350241558,21.578884219502697,1.118916016316375,1.3984267222069158
4.4185213360099755,3.408876400825048,8.782875646346056,21.488625516922475,1.1082734351618566,1.4365231365415687
3.6447988326430067,4.119681621907953,9.358602237344337,21.655558932174714,1.3185431473352551,1.1665524099338644
3.6963017790445645,3.880366118766705,9.292255814790591,22.152815437111904,1.191633689620367,1.1351087995565543
4.604402705440662,3.36614669007676,8.662062858290684,21.078816079254537,1.1263763365772572,1.5407202148289025
3.760365835601955,4.015880741308166,9.277481749615019,21.710178526553428,1.2695870492148644,1.1888081526133953
3.548546772826527,4.2938678508448405,9.518759777674555,21.63643155381137,1.3503295539901436,1.115942024187171
3.7703466966549497,3.8898986348993323,9.283223950210594,21.73062786295518,1.254742155845923,1.2161789770056095
4.0957020067898116,3.818212366360432,9.071560683579126,21.390952145149107,1.2441210599824575,1.334537902331703
4.024693614174785,3.7095952642138426,9.050655787912804,21.64662797576736,1.194956331781741,1.2964576389599527
4.4201793961731415,3.4543756247663127,8.806446406421344,21.479411843974933,1.104742688436951,1.413616062622686
4.02301492903079,3.966662544093346,9.082795095759499,21.184464428984477,1.306213675743338,1.3247703981889243
4.00319927345329,3.8087203785092965,9.038667267408616,21.44832677823694,1.2531087479829088,1.317094333778984
4.139297068277261,3.6464075346606637,9.079303917938201,21.405437791986614,1.209945265660163,1.373495102595311
3.652563742762652,4.230771150284397,9.248883628001321,21.448536608633034,1.3454941939773593,1.1616093460146153
3.750212434855904,4.336812276335611,9.08292317492399,21.100836601570897,1.4229017926720788,1.2304392388794831
4.080950600496933,3.677818044088652,9.135116305160576,21.52046783588292,1.2079941597081132,1.3404046726512775
3.8428066057943946,3.8640955927274043,9.07790956364168,21.733982991652802,1.2354171767388349,1.2286107250087301
3.762753161165237,4.031671106683503,9.214579022132936,21.570631618875858,1.2917715777846615,1.205608656855702
3.7706030216829154,4.094515018487164,9.195601913232304,21.295256190552408,1.3781393589737185,1.2691164662442547
3.8053299524651187,4.144721877857134,9.21900701110661,21.137786397786805,1.398019208954311,1.28354194243448
4.307451233950265,3.7343699677066153,8.96762983121264,21.058795707447096,1.2349995904015632,1.424524231826518
3.623787866915406,4.113223636729957,9.301098741900592,21.593418052905253,1.3533687796087126,1.1923303462554093
3.9638035639941194,3.9509262243677488,9.077921642991939,21.326021651800104,1.2818043637802161,1.2859821765738737
3.6397892263364855,4.15266853017997,9.2641666057888,21.48560269085756,1.3511108171442316,1.1842405817097883
3.4346541767118945,4.44377488148563,9.308932480800859,21.442454237251333,1.439940838919439,1.1129499014943909
4.519389354540333,3.59481880262947,8.838967156686957,20.73120604127837,1.2402152214611357,1.5591927651848512
3.4693593290775357,4.281099715016416,9.329881291208247,21.777265488812912,1.3397738459918627,1.0857389925168173
4.627113127706952,3.32302671534885,8.604487187839831,21.164448345968992,1.1170873152875038,1.5554763244866345
4.144186342536532,3.530913350153722,9.099379084853995,21.866964948372015,1.0951945557699028,1.2854153785009759
3.593542572192501,4.365530129535554,9.166451364056648,21.18962480209747,1.4548283406292206,1.1975607594396516
3.682079506243992,4.095429801260508,9.22785037064658,21.472674148008824,1.3598549739664525,1.222605287866179
3.7780122845003126,3.9902697345745146,9.152581493739417,21.528391232533576,1.3123301406521042,1.2425223662811729
4.053685115044064,3.8219152598364654,9.031613487250429,21.594978986901793,1.1887016450821226,1.2607872852481752
3.570227430922674,4.283162354079074,9.358841794072685,21.586395055418357,1.3435744712160256,1.1199357007923314
4.438551685891319,3.303371143170853,8.846674988177044,21.738011439796814,1.0506640404999514,1.4117174383832924
3.9610336239529484,3.7306815136093934,9.072050785019943,21.67045154392907,1.2207242678050332,1.2960982739244744
3.707715520720869,3.9972711027110215,9.247931362159967,21.978050386633832,1.2236807937453726,1.13503941934302
4.25587911453953,3.634670077104448,8.8996387013632,21.379193797476425,1.1722668347263958,1.3726214024228378
4.469455267107833,3.3881571877000547,8.778346802500774,21.4772781284399,1.0895158640900673,1.4372244697007197
3.7700060225420984,3.8491123498184914,9.355387429562636,21.786834540875677,1.2667050098250037,1.2406718957033573
3.847966555819038,3.7245011796915626,9.180015703332383,21.84440876460767,1.2319453935094868,1.272783775359793
4.68343112802553,3.0190754967019755,8.620674326183611,22.008919099495074,0.9249177600839298,1.4348063283520909
3.5783104049766736,4.074106876470828,9.426722980957791,21.851858763487417,1.295587747511238,1.137921821406825
3.6642054855288997,4.0184245116263835,9.42264063287504,21.779657343477748,1.2827193683492484,1.169649282274854
3.4781502401727216,4.13337215931205,9.355889213900033,21.92531876992823,1.320918473854477,1.1115265526562719
4.081481248557587,3.957101197374354,8.902547088242823,21.310298940338892,1.2459589342170991,1.28512205597728
3.5950658783753213,4.261095399586375,9.263166506042507,21.53482979184249,1.3459783343477867,1.1355955051642093
3.7635700646129577,4.020975349034755,9.055292653414785,21.509298324800945,1.3198308160749215,1.2353410102167555
3.3564933781260855,4.576351165175323,9.514379850563904,21.384670685370963,1.4614944449315526,1.0719230779119815
3.709881142863836,4.048688824357188,9.071856193959727,21.579659124042664,1.3191446750215134,1.2087542824061213
4.38908729321219,3.468568756317664,8.649608154260356,21.507106885984452,1.1026274976011543,1.395252243465794
3.0607764550049725,4.618481112531435,9.594936712998454,21.853477308226417,1.4613207152279157,0.9684517332428927
3.770898291378808,3.9081080093787515,9.072946078846316,22.011909652658346,1.2022932892839808,1.160081988373159
4.276478827591139,3.5920417237472924,8.944311037925,21.31876297814415,1.1795602410710977,1.4043167604262858
3.353502501002534,4.292600371402011,9.396595672829612,22.09142360644792,1.3208388897582983,1.031877215902854
3.9782472038002634,3.687576642763846,8.838690286755256,22.028364767257635,1.1170048697011865,1.2050519704424218
3.5391476488788087,4.111441853320644,9.243574952767622,22.095481478192887,1.2450982388156762,1.071786166930374
3.818876562420717,4.159514224764081,8.93088501645796,21.3701344193778,1.3011074680313512,1.194555072146029
3.7374838733495617,4.058904115025129,8.903786625018173,21.796657722839726,1.2317980798056207,1.1342533176514717
3.9173196168329225,4.029681582219376,9.203979287195425,21.24574556811404,1.3279218190714217,1.2908945993206635
4.258572190689618,3.5975647888714755,8.969354521622993,21.457328537607836,1.1774940998034185,1.3938438700632634
4.409752010662925,3.5325397706648287,8.931862391524575,21.16918696695418,1.1870254182368383,1.481791590358446
4.268961922448529,3.6543423643540525,9.056221347130151,21.283535437899232,1.205130386411268,1.4078198532678428
3.096544381825803,4.593528737391536,9.675331647163354,21.679517989729657,1.492411374284605,1.0060496669578176
3.8239519269035513,3.743149693319138,8.91631921890871,22.08339951443974,1.1642537940973554,1.1893861865288151
3.7863844285277524,3.832678498512248,8.958121555479098,22.059052951836534,1.1832276154011492,1.168935672558505
3.8481850077160957,3.8770458969597357,9.028575890378491,21.69588705639365,1.2546216165258273,1.2452821615697682
3.6738849689265916,4.286187069729081,9.290858879687194,21.086619985570813,1.4487463618914618,1.2417860900962843
3.8271846266278704,3.938635180031847,9.3181647045262,21.481373728710246,1.3060798303088725,1.2691220230421132
3.3947815910671095,4.281148397866523,9.35687092226236,21.753019305283168,1.3820395515317907,1.095902779264753
3.893197942831056,4.042878359667068,9.176827433903147,21.32102740399124,1.3245441741671062,1.2755052700821043
3.302631767077973,4.38025214177741,9.320655005458983,21.741982561207205,1.4026869666765691,1.0576008835720787
3.8293388080313853,3.7477108291660666,9.046833694215755,22.157409296326154,1.146228122779496,1.1711938389849532
4.406287938744665,3.5489996644292883,8.742477744037627,21.11766191583886,1.2005291220244991,1.4905262019344074
4.054984291166625,3.824348467549762,9.039808553744837,21.334751514453444,1.2616007678466752,1.3376844026505943
4.009142181395788,3.85160462688673,9.198229716857062,21.41636918212871,1.2677320530133314,1.3195845733915454
3.867819952176564,3.834680660532276,9.070349734329884,21.634092334300462,1.2392441467432171,1.2499536886406903
4.016478222822571,3.838289747801805,9.163390388937176,21.619765246343484,1.2279521833851523,1.284958543335214
4.107305290008162,3.844748235194395,8.750175395196669,21.346968248035694,1.2087334405008148,1.2912775949626634
4.286681483075513,3.6759092806286047,8.846252890392702,21.523826410462696,1.1305462261380959,1.3183925944217885
3.914540515129667,3.8565659464679225,8.94897743189061,21.824098794492194,1.1818135132155323,1.199579351948315
3.7907955364427366,3.931725746905665,9.102294142768077,22.024059159337128,1.1714121105428281,1.1294235879691081
3.7782932408351226,4.007502193232812,9.11833381539918,21.87324598317786,1.2074274949046109,1.1383687201719142
3.8935608217200186,4.027037680341201,9.224526691893418,21.463980495962637,1.2690446338035242,1.2269819304925853
4.189316612264379,3.5933407573356644,8.839971776396423,21.740910285942135,1.112077364504138,1.2965216749147783
3.105581920783252,4.909696167824974,9.414716964419886,21.317365954359413,1.5579218947314823,0.9854487741985583
4.215356333682812,3.5065342817761187,8.879056507793496,21.788122026857344,1.0993492709879906,1.3215752478089375
3.5081746153772353,4.370405373910235,9.421920175864146,21.409651820237556,1.402367502186127,1.1256965090626392
3.565404351083871,4.155062010468546,9.318464697006457,21.852844711457074,1.2999028788121154,1.1154296538598556
3.845301751121598,3.9385589436430224,9.208345354418885,21.6564119520283,1.256025310772877,1.2262851454244348
4.122335359479635,3.792614709740476,8.978860713745041,21.419376924476744,1.2065094458045225,1.3114004270490478
4.296085423250212,3.614396456374915,8.88674466710847,21.522608515230214,1.1200979660681105,1.33135271758862
3.8753417028582446,3.87968621618333,9.191336128623314,21.572251025494182,1.2766383470319693,1.2752087540182715
4.077822498239352,3.720846710228111,9.05378888759655,21.557543103065576,1.213378147585985,1.3297889148448092
4.26417968899704,3.3744252690709375,8.91037765786583,21.800517581745996,1.0814614535822142,1.3666167116120977
3.6478241842291204,4.12171707861573,9.40982106140472,21.53072649515827,1.3508337856745904,1.1955221715296558
4.524601359760883,3.343993346063474,8.747728588798399,21.465593500473414,1.078214582936802,1.4588818407227975
3.5837318935722884,4.2039597982369665,9.357208271637841,21.534464672695623,1.3661540042134082,1.1645995469519734
3.064008910794443,4.7767904597907345,9.683595793362397,21.397065754198646,1.579506227817314,1.0131533290869086
4.179160271734646,3.7163398506745353,8.908804707103355,21.54420694342334,1.169289345994449,1.3149086943853199
4.350891447670853,3.7915533341086762,8.790264679074863,20.722665021544554,1.305967051467317,1.4986261235079874
4.638920613082909,3.3036549575215224,8.56210040610403,21.133306169964506,1.1234974650721683,1.5775907643150784
3.1783295733994725,4.604433508298967,9.668695237078675,21.55166717084513,1.4833908949598462,1.02394901389382
4.304341881877797,3.599230804677773,8.565107828902235,21.48449649376108,1.1290166959880839,1.3501978932734413
3.962034270551953,3.801469377720502,8.888580161025418,21.786228462872845,1.1835039250434185,1.2334922748125665
4.309534382548681,3.488945748413772,8.781682364857074,21.407000321301584,1.1509024021536898,1.4215908846659944
3.1552602126794387,4.473661909466165,9.367372512580925,22.223431908880293,1.3343242921653338,0.9410948871599735
3.719163906838709,4.16934733724168,9.093531486198994,21.527701675308972,1.3169531202487714,1.1747556909154517
3.8301814086817783,3.9666648639087234,9.05984015622364,21.727991640921005,1.236134523934967,1.1936020900792588
3.6512907952490985,4.315065274516857,9.549074367868167,21.18724181253407,1.4170865885747974,1.1991001034192794
3.1846353468267328,4.8742255839832875,9.905799739369696,20.975887959144007,1.639309148182878,1.0710628319777649
3.3405696516774923,4.3483549705789,9.615368459056189,21.769850747354894,1.3695478978350257,1.0521381476400742
4.768047682559012,3.226350205674959,8.589320129571403,21.079090496042568,1.0850469652297787,1.6035319597145894
4.089326983053311,3.8215094262604827,9.016965395383153,21.13265517824083,1.2956875575433542,1.386491435624506
4.327969625002674,3.602811152283802,8.91852187322315,21.27247823042891,1.1876426498874715,1.4266863004496904
3.131796073094264,4.675641090187906,9.514031697015938,21.56928644306171,1.4993817423163733,1.0043024607919466
3.5203937456306504,4.185607550938433,9.403268288201389,21.786634455068565,1.327456064739805,1.1164849955561982
4.0275997876382,3.821185582766193,9.209475518120122,21.379836670829185,1.2689719186066526,1.3375197093147084
4.206666201140507,3.759629562012058,8.95078427675309,21.15952829698776,1.243809400401196,1.391703857794001
3.7243156108268596,4.021473212058604,9.152045588079655,21.794482049862253,1.264376472256595,1.170948253358354
3.844063307167801,3.9498607266202623,9.014366616730555,21.632449660964756,1.2643244510115443,1.2304593925890603
3.7363331155375126,4.080031576010971,9.037369550861344,21.542538770032532,1.31392104868691,1.2032374343069245
3.7972096397408337,4.13228012949253,9.372306023889534,21.280666520149474,1.3718466896114672,1.2606089884518394
4.497664963079088,3.2757293482638796,8.708249423083071,21.509586267809475,1.0660888605938812,1.4637688300968104
4.13538894632507,3.7035516283895693,9.104273947030636,21.411643406693347,1.212924085978558,1.3543520817794719
4.251681481161669,3.644612825693017,8.990798510157843,21.336799886515294,1.194115269034854,1.3930142976881201
4.3369954763971705,3.49352930486484,8.875516291641457,21.513630907484902,1.1273035339146804,1.3994759741406166
4.091479340445571,3.7965841224499535,9.06871583629303,21.508133403420466,1.1965317541466767,1.2894709545166307
4.368120640562447,3.459009120876096,8.684526192798556,21.685863313617386,1.0796030294688224,1.3633488990170939
4.040666954565113,3.897145818720501,9.009379564530564,21.292225290474995,1.2823820925229612,1.3296086893881798
3.497917822605979,4.2667839524600675,9.277647754452936,21.563053615874196,1.3652081056178813,1.119200272948815
3.755692132288234,4.161793350164431,9.371084033167529,21.38344062562908,1.3602070822473258,1.227480224811542
4.150002597488753,3.650341670444764,8.828343101543252,21.58367952386737,1.1613246435597877,1.3202874476989994
3.818739188293822,4.1789244411271165,9.298045601028319,21.13119201265951,1.389665254851899,1.2698887577593903
4.318122352939496,3.3470252704658656,8.774062807400174,21.84645266972008,1.0619247147423923,1.3700287501055444
4.39527536190813,3.325559981865558,8.76677779247014,21.641001539919362,1.080211599818432,1.4276775809846929
4.2613464764825855,3.579795142055963,8.909248728375859,21.421924747194872,1.1781347302995908,1.4024378721572772
3.6865445910872556,4.094179984200609,8.922395913234679,21.66263110170854,1.3030728876989481,1.1733329566548012
3.738337696308429,4.02192308330341,8.770470418506711,21.6013975882816,1.2892204928754263,1.1983176872221546
3.720858282017609,4.1007793685465135,8.891983257062263,21.684754344457613,1.2887458243166194,1.1693485903202192
4.1909928943165715,3.519457999282685,8.56662380930695,21.838467731198524,1.1100885312528306,1.3219004595284702
4.161642715049958,3.6412910199697373,8.710137193084112,21.568933186526635,1.1780089251273116,1.3463500265794883
3.833990563661545,3.971099742434794,9.133505947798776,21.537220446718592,1.2934875707643927,1.248827645281843
3.5906695693134503,4.249819045957251,9.43408426911933,21.473240965231554,1.3915885571116855,1.1757523393328977
3.4551923073261515,4.50434845848553,9.208192737708579,21.169064911214527,1.4903502004008533,1.1432167371390234
3.4224277441835067,4.445569385395595,9.12608933028633,21.455170380546193,1.4296757810160536,1.100637878740736
3.507180929260018,4.209014527207038,9.271421315732757,21.830866333140428,1.3064913514381198,1.088639994561257
3.1956965386401754,4.692416057644912,9.34447540544657,21.516160694721933,1.4972065112323159,1.0196490692208584
3.800957014851983,4.061730722880897,9.019608193833678,21.535088480445197,1.2858687221569982,1.2033125958174742
4.098270017816757,3.9142379540194665,8.958835701756676,21.27753092770323,1.2452181872555208,1.3037634457631784
3.567554992851359,4.089846576090205,9.107136385704305,22.081752647176085,1.2460364670767543,1.0869120727859052
3.9130795793713204,4.046361907926368,9.20292143608895,21.220175558094425,1.3243250176938994,1.2807033332923667
3.659857493895199,4.201733437055371,9.19749034996687,21.57035674484375,1.3121468545856099,1.1429260258384337
3.204515378380609,4.790987466283555,9.674751955216259,21.25701739926798,1.5272329949968926,1.0215100025369515
3.3329092065071997,4.493312631208782,9.65684660497775,21.526963380771832,1.4359692982300019,1.065128489188821
3.466244644679729,4.416182814749662,9.557797980234454,21.319221590956978,1.4555498934660827,1.1424554269900529
4.278678681854721,3.4424986468930348,8.690831882033796,21.83301242738802,1.0781201523337562,1.3399946333840171
4.11057838027006,3.7717652188928033,9.122201373351636,21.302197680890924,1.2532743953891132,1.365854536339563
3.908854672209829,3.861093394884774,9.06170209476619,21.680191055080876,1.2292906264927985,1.2444968089184285
4.107102949613937,3.6780982298768192,9.10346516256831,21.470668905308703,1.2188216886347385,1.3609821814391352
3.6415007065664846,4.01863051599946,9.254528268859747,21.766139971424785,1.292569258425493,1.1712676368486477
3.823386136548375,3.8737903941880893,9.077322748514305,21.736132510556146,1.2513887968952655,1.2351062113891436
3.6236701160504454,4.228962550507916,9.340358865118588,21.41849181920695,1.3927275388834253,1.193386108809645
3.9438054359696926,4.026102351040338,9.1701289809346,21.121899101045003,1.3446485908447408,1.3171628437792153
4.2212897871382165,3.55177709819101,9.020233939354931,21.57151420542614,1.1486572661177334,1.3651800358909039
3.811012506369229,4.200257417662693,9.228512641581917,20.995860774023036,1.4352949527589238,1.302283758202784
3.9999362676944576,3.849374101827238,9.033054673682075,21.643810203212077,1.1934946643161668,1.2401763161527897
3.898595114362314,3.8895387715084215,9.023614347030462,21.753193465819358,1.196563103617869,1.1993491629295951
3.35652375927447,4.279629048010699,9.280119210257183,21.99773963260327,1.340193014631475,1.0511167311837952
3.5594800022729243,4.187125818991039,9.151120754061925,21.710363272659286,1.3379224369660856,1.137369251569469
3.9809078582449255,3.6219400811846243,8.829779523455446,22.187495944954314,1.092304398198535,1.2005618715155078
4.21960167434106,3.61338118918395,8.707928899384322,21.41893957551715,1.187700838378227,1.386962566041608
2.945438047166421,4.865562203322533,9.871806168575315,21.646180419676238,1.5308307541251647,0.9267104105448902
3.6507543851429514,4.057899967986881,9.371702037869134,21.788305734238996,1.292713560910344,1.163010359658638
3.5443412685627065,4.307497121092721,9.233181778663496,21.36072157095854,1.4200352838108494,1.1684487575348999
4.012044328517358,3.7974245530379167,9.06890646034549,21.775078537817087,1.1654831077847538,1.2313529412532656
3.4325434389157303,4.339182385639489,9.337096552377876,21.70328684325662,1.362838558694491,1.0780838732268967
3.529517811886262,4.2787196221503105,9.187418261844575,21.61246150688799,1.3691377974386476,1.129402407666494
3.7127253810307996,4.269251180787829,9.139346434916176,21.26955100802502,1.3626808423607173,1.185046167450717
3.5291848666001133,4.074541231274251,9.21684831994264,22.186881020713585,1.2365693596203915,1.0710609177241965
3.795913304592394,3.825323030761524,8.851474840169132,22.407600464307208,1.0985828324204698,1.0901367430272924
4.509408672862515,3.2780343587757934,8.706670364622372,21.617922982319048,1.0400280149576269,1.4307084177181688
5.134909495559627,2.5546544911255142,8.396603238620227,21.801675496206833,0.7966807177174227,1.6013450729042091
3.9926460590022748,3.9357214492618877,9.108970894427355,21.252795794821985,1.3099561581823347,1.3289028097792184
3.8552105354469908,4.082339200190386,9.333526072301744,21.227710067863853,1.3429839385143005,1.2682644863158272
4.310872502771654,3.596062295975463,8.719346860774003,21.436466401550163,1.1560723629907261,1.385871586932313
3.0440773546818263,4.913351070866192,9.736562652489066,21.24953900289917,1.5957355663779302,0.988641444832698
4.200978022308413,3.5467801271702,8.835956766589124,21.7544032946945,1.1143106935068912,1.319843510339218
3.8346287996445994,3.849675293480084,9.361717602407506,21.971694353654314,1.1867211375899167,1.182082826324697
3.7906340014204796,3.947802531442941,9.355913601683687,21.86941399149799,1.2194290401163395,1.1708815587832913
4.27063755788552,3.533541568698668,8.837670399340942,21.45764543046816,1.159320266265216,1.40115421722729
3.8289267777534453,3.9799045086630436,9.217888367734986,21.248834298946402,1.3678802312119924,1.3159896762966794
4.566180433139456,3.2116493739138736,8.759304725778735,21.877749891241876,0.9648091405909953,1.3717227837084678
4.327590295057833,3.3904577147647297,8.908650454648484,22.02732769764345,1.0141291062608109,1.2944374026780932
4.303612698703009,3.5549208511283847,8.885215575271681,21.432225768682954,1.1583859432762995,1.4023503375329878
3.5408895008946386,4.2892033679990496,9.241566551836858,21.618459971615735,1.3450456312745938,1.1103828719192281
4.5907685948631025,3.2918100383800994,8.769116014861877,21.51101426071253,1.045791067376383,1.4584634996928405
3.4840857524721387,4.237870611916928,9.460054442861406,21.710139647064196,1.3514731907542434,1.1110883082447496
4.011279784920053,3.8253480764018426,9.294163229386088,21.33041523563457,1.2703034266126076,1.332046745581056
3.481142137060258,4.254347227801887,9.171602606140322,21.560017352817585,1.412232654489233,1.1555668443675662
4.248223959274956,3.7174122421724753,8.870207316286828,21.112078065597316,1.2529138345849051,1.4318182176857692
4.195263135984593,3.526855725360566,8.963128429101818,21.79571867935473,1.1128637196934366,1.3237729303846868
3.4784217885521667,4.336599351390679,9.486797957100265,21.30160981195681,1.4635053162335057,1.173889577328847
3.5557839470919266,4.2785137004635505,9.451242959372712,21.268141062573484,1.4472279467044664,1.20276111307462
3.8258188966987263,3.894725946359981,9.238711629678365,21.752259507688375,1.2446480038227352,1.2226271933751218
3.7228088405633613,4.131986683119699,9.24340467433212,21.403646404723958,1.3585329316208434,1.2240016234069804
3.145516232429731,4.817392184199853,9.725930447125343,21.153950398561356,1.6079895754188223,1.0499367951911522
4.534596407457025,3.2333728370935653,8.570470517824829,21.514948725377412,1.052094642823262,1.4754947319776384
3.814386822242875,4.029979844095498,9.385477175090859,21.486339286335173,1.308130301284254,1.238148868239605
3.3904178400315597,4.454210100850343,9.55295356030027,21.533613759961813,1.4260390668624576,1.085460313591723
4.00273484967043,3.82183326678811,9.122988355561626,21.284397980274758,1.304176782524593,1.365908320205028
3.5467978720445945,4.285725823438019,9.584368519567812,21.08375701531894,1.504581469777122,1.2451674640825052
3.6774482576955765,4.11194242683267,9.366175397033645,21.43348443811452,1.3693057076990294,1.2246160977767309
3.7780363213231305,4.0293568626211815,9.391795332499958,21.406159351813024,1.3456387115555026,1.2617080345492115
3.878928441501843,3.8606918669986756,9.068893567219693,21.581194194807352,1.264029842663646,1.2700006829156247
3.888685672237879,3.7219832225998637,9.114590311468865,21.88040449003048,1.198523429460566,1.2522036261972052
3.787334974867773,3.8086427943215724,9.188599852877317,21.90403818000822,1.2197225120323372,1.2128986567973785
3.8436077675452256,4.100956813776123,9.266975367845507,21.282397791099598,1.3423733662422093,1.2581348528475518
4.155862081100419,3.654917113880289,9.051183447103732,21.395050628539572,1.2143900900594113,1.3808350694946379
4.443876899305795,3.512629247933273,8.787245947085626,21.29211514659965,1.1348315322259486,1.4356914079759124
3.638565284503059,4.069877387169145,9.297782281079684,21.712550089007493,1.3142845573642985,1.17500104043932
3.751416279220458,3.829659914005671,9.275922180757957,21.975577824141354,1.2339801586371502,1.2087687573554067
3.7831476090962126,4.018700387236551,9.247988780479567,21.40906355011528,1.343255107214603,1.2645213271944469
4.517600153814381,3.306368879017046,8.725121949511097,21.491011882769133,1.0620880295265478,1.4511656808782853
4.050042384601768,3.9729655897329157,9.159407343609804,21.114709960588655,1.3177565282695354,1.3433214236411435
4.095398972653701,3.7944289990116715,9.009375677642272,21.31560224438285,1.2473762115050242,1.3463167334112578
4.16302705373898,3.7310225332160707,8.99817465229875,21.34128051385229,1.2213305991441736,1.3627450063706124
4.580686984767069,3.293816268612511,8.747417442401424,21.473860424267173,1.0634412184456796,1.478920179859013
3.8780817069815634,3.8387659913447147,9.081671076390531,21.668385849998536,1.2290730730573107,1.2416609431036174
3.6922795207572525,4.193619192247769,9.241340356676233,21.236921127488735,1.3964124891548584,1.2294738744441336
3.8545246890580827,3.888590795889625,9.065054736393767,21.79849989603793,1.210736184986336,1.2001294972715588
4.439018110415669,3.3556009646719374,8.781771443959457,21.44567926580084,1.1056239619106998,1.4625948799937072
3.9448543347335914,3.8437700003476944,9.142901748718224,21.539716585681795,1.2491064650475727,1.2819557498864247
4.299873665054325,3.588972585192993,8.945696735403315,21.307606694808722,1.1866648533460373,1.4217185645829606
3.8030682305725136,4.098187446056348,9.10792450428938,21.21836761813689,1.3589013053261092,1.2610439250997083
4.4244713312459725,3.4913546628661924,8.7352900907478,21.23274149283629,1.154084271009282,1.4625305258247758
4.49263765314657,3.5168187384097798,8.75964648497521,21.03131407637167,1.1746250043156852,1.5005506155549846
4.174541891128383,3.6486504806071407,8.754803889909331,21.563095046815512,1.1704703268371508,1.3391738774856148
3.4980154936352927,4.2990467438534745,9.48472070551798,21.5135092393973,1.3910952777516545,1.1318957723954515
3.5249223645134466,4.264760273675113,9.440603714703986,21.503613506352536,1.3832127206545308,1.1432570979454015
4.3808244791468836,3.3605784733889577,8.828443200836665,21.711229876925543,1.062609704308124,1.3852099099229316
3.916515573288546,3.792681556869483,9.201542602795055,21.80302262695553,1.1952865306128004,1.2343135698297614
3.62657031905654,4.330417088830681,9.097938504660165,21.34385545830338,1.3892455097675784,1.1634437118310257
4.28589904065551,3.2892457107603152,8.968546300575271,22.008112622300857,1.0436324082209039,1.3598567971247886
4.038035443942275,3.5978506080206127,9.168938927647767,21.92865689976317,1.142289668084955,1.2820449400242797
4.1077883030449485,3.5577836514883376,8.998220816790958,21.880393166444293,1.1086133799665536,1.279996065224671
4.028890357838618,3.6803988354745214,9.188376762752423,21.696598470829652,1.1754991912262347,1.2868054710619028
4.314414000626089,3.603530076108863,8.893630052809385,21.27377194149971,1.194451649005454,1.4300862789258888
5.019045678508283,2.9834509121367696,8.348905809631479,20.960046073175363,1.0171392358076614,1.7111286346807608
4.802888793813416,3.0835733514408488,8.731541157131394,21.338223347506386,1.024637842628825,1.5959476397017176
4.170507484986057,3.6633813317795743,9.027532119787521,21.433881552566795,1.1993426001980196,1.365368996068642
3.065030453622145,4.648099219315305,9.489055503367075,21.894242296852347,1.4446085412465153,0.9525978176376946
3.95989262761531,4.04858594510523,9.014533433491264,21.245794114898587,1.3070516524684141,1.2784177667710481
3.0017112259336693,4.745728060868778,9.506625066530937,21.81536542363908,1.4699198621703595,0.9297361532114222
3.971181215557137,3.8840962026625716,9.139338972146527,21.327355338688694,1.292588299441588,1.3215693191823121
3.8640288267334233,3.8906336058439366,9.058367847896973,21.610895185001027,1.2568813157977308,1.248286558963085
3.566307048706684,4.402056336988956,9.330437309498453,21.190413069644126,1.45799600191945,1.1811892035412053
3.5685881891157614,4.182811450835161,9.319858742119463,21.600477107238675,1.3462111763424103,1.1485273387094594
3.2469877221470957,4.496918279152095,9.476528924143409,21.805216092264374,1.4105246001606562,1.0184654855172628
4.063174560266539,3.8170422463465035,8.984171202643857,21.328080747416678,1.2546140981651046,1.3355147146970927
4.268356722298947,3.4695836873317796,8.802472249622188,21.743616554430194,1.093345284049398,1.3450569617345092
3.4118642013720524,4.658849837741059,9.503764163692587,21.016823310247297,1.5513758145295056,1.1361352670327942
4.716279999397314,3.292413632322895,8.628206236506529,21.247113163479774,1.0547913336989598,1.510955738314153
3.6248851848524435,4.315589530315169,9.30538208972603,21.20585575335086,1.4276891396444258,1.1991893979995505
3.5706871867864227,4.1946964878539985,9.350926465275203,21.665417443725367,1.334905947030216,1.1363233488829463
3.463374725649719,4.28395021522679,9.334051356040781,21.74399096355399,1.3422989105221792,1.0851863087590898
3.798256693059392,4.358706400882756,9.0744856292344,21.073552670252194,1.3872987736749736,1.2089175933751528
4.3195747918305845,3.608130065620546,8.940765398941089,21.36851032879251,1.1662473946420626,1.3962060001480403
3.2526139160169603,4.448511659000851,9.361378733963278,21.722324725557055,1.4388654662361424,1.052053854750842
4.034806783343269,3.894191069089079,9.213318464025212,21.40180580944113,1.2480035204040394,1.2930677977596978
3.5884615130675317,4.276057056511144,9.267860965740015,21.34744126446286,1.4230468927447857,1.1942190991416428
4.186517929349533,3.6401142690484325,9.027482405434888,21.685798165290485,1.141310344687643,1.3126280846771237
3.637043915300844,4.153621855083889,9.248935129118724,21.381936819370097,1.3857398003592138,1.2133980138124283
4.283817974597564,3.338735254277573,8.994915581017265,21.95260038929685,1.0553921890187297,1.3541379250648522
2.989513084736403,4.715121406480723,9.743096717850955,21.596744666845378,1.5625780551271136,0.990716280455453
4.927873127908625,2.799396821311362,8.375455858478064,21.93924237539304,0.8552190062620809,1.5054710098089663
5.001554281720535,2.710298783212541,8.31489416218403,22.02597196182777,0.8146035092850843,1.5032599708214098
4.449076573694643,3.1747188931859216,8.739731358643944,21.9698084546663,0.9916419600630678,1.389695013148636
4.265391130247053,3.7594262087038786,9.063090106015057,21.06365169094923,1.2555212736071102,1.4244964542412373
3.80663553060354,3.888065767868125,8.92001725632513,21.957754096736288,1.1908682713898755,1.1659271588470919
3.930664053487751,3.7499374306575817,9.23880100534144,21.893178866870898,1.1812101456896924,1.2381380610031474
3.957216488849225,3.962797246215979,8.915964472360818,21.338572644072997,1.2784028668845677,1.2766025082556072
3.6724847859496834,4.187999392821238,9.03525819116679,21.453036358069102,1.3518315971179642,1.185430203760704
4.000945725779252,3.903361189226626,8.875349206055198,21.4012873813746,1.26021153555189,1.2917169875696342
3.618256867782566,4.105575363155762,9.138353021095094,21.637691717612274,1.3318841688344514,1.173793832704587
3.922422780884065,4.030449675997872,9.072609906230067,21.39375824840444,1.2820064174727217,1.2476451962868338
4.093518971480452,3.765386179465345,8.938075107629453,21.61180088723415,1.1808103972784814,1.2837115590802897
4.4114333804861525,3.4490664985331176,8.901532319523906,21.587284870308793,1.0811802143121891,1.3828537344137743
3.1254385440854078,4.787664109794102,9.512169785863865,21.513844093391878,1.4884662381680462,0.9716867444446285
4.604273491100241,3.2537933874447678,8.704426621498177,21.428138864956978,1.055720031064386,1.4938944100782388
4.592891905151256,3.2908333292886356,8.809554605613984,21.523367420404604,1.0267949445967846,1.4330589602689576
3.8349011743436003,4.256508072190192,9.115189352687326,21.03879263786321,1.3992611899994571,1.260664443655394
4.6523623464643125,3.02613970902487,8.526758759842828,22.031756621646828,0.9115534374123001,1.4014147715518592
3.5562662885906735,4.387299952922116,9.331883598577125,21.353989791299348,1.4167580711780268,1.1483985644207912
3.888553762532666,4.084078705211544,9.149742747782467,21.24450708235576,1.3430441189875586,1.2787459887764159
3.4661939347242816,4.172688416886106,9.24962243544256,21.907366446186803,1.316409016978278,1.0935225673216151
4.057200281186363,3.989471751000788,9.039352913612667,21.137971704954246,1.299923964220458,1.3219925349347563
4.063535280514768,3.9339879602447483,9.032965685224726,21.277163835950354,1.2653800610126815,1.3070493791915576
4.253196920513509,3.7512820329192484,8.754520659770556,21.201176582951987,1.2253461409865285,1.3892952829652525
4.626059901523891,3.405314449645252,8.567442502914664,21.08255930969996,1.1315461866746834,1.5371856309608454
4.502431178768172,3.4627256341936747,8.645012011279924,21.206810366360678,1.1399761092877743,1.4822612357225615
4.29165479386426,3.6692996825935347,8.8307923398135,21.189499454103558,1.213380737307456,1.4191839611114545
3.821614135925204,4.1732813547575915,9.219693595664474,21.102458002505212,1.3887939550544655,1.2717653470627082
3.5668350799838766,3.8645553144356857,9.372375025576067,22.374616356765586,1.1758294692604223,1.0852451207958236
4.107946268960729,3.7547457273075944,8.85303237482446,21.69632972747077,1.1603331905021992,1.2694831412972332
4.553273194024064,3.45677073661055,8.787754244121949,21.436373853702896,1.0650981032601106,1.4029517755451062
3.551103875283955,4.175220864431159,9.213715453245122,21.808783803627005,1.31420377236949,1.1177550267415406
4.038640708108123,3.724814217987808,8.946148877054375,21.798698280259444,1.1546303223897034,1.251911303468485
4.12552624743541,3.6228885496564094,8.948718161056227,21.58869765088373,1.1838166947879838,1.3480588153790272
4.198334326809609,3.7213063720191473,9.037007950678772,21.3819053802578,1.195483473359011,1.3487304730068304
4.343911017713205,3.422230357235071,8.88069195652539,21.50813455357993,1.126715747597644,1.4301646700880417
3.848662510154186,3.905301229734936,9.160349366790472,21.614362380458118,1.2834210032942563,1.26480750383968
3.807951900230252,3.962526052776617,9.16400046893376,21.62263368849174,1.2888799643774118,1.2386020543841072
4.144940136377621,3.8653347869748083,9.02604087606577,21.153425649987906,1.2613959646727373,1.3526411164836762
4.161014315596588,3.824582019025912,8.99952030456986,21.206235294402802,1.244533967414192,1.3540103543067945
4.205112305700443,3.8202224568911283,9.034409587970508,20.977501197791046,1.2926908169915747,1.4229302411935816
4.07250512484979,3.739940955095532,9.138180541357121,21.46976419459313,1.2231462488824731,1.331911232509666
3.6511301634548685,4.121728392931843,9.366298757946614,21.676909920053333,1.323464602350494,1.172358066628821
3.9217848631873315,3.8286196018688385,9.13922969957589,21.70682565595847,1.2227135647442406,1.2524669590802722
4.235468677150565,3.6208316017879496,9.018606200612398,21.348154384011085,1.1933702945342786,1.3959452022695562
3.5014139329425467,4.2574074431526,9.152786168904273,21.91278119878472,1.296520368925893,1.0662955201533002
3.9389847982031787,3.9330000491600927,9.032022738849722,21.65540136467365,1.2273657094853727,1.229233361573739
4.105802546642809,3.6834151460319404,9.028454697485675,21.8909303490301,1.111121697755108,1.2385370954418735
4.122686519820093,3.6639064513360564,9.004763646232975,21.87728282150374,1.107802067063221,1.246516719018565
4.016498346215089,3.7738273634694313,8.885145517306333,21.7604593942902,1.1729617115568771,1.2483874647383506
3.6265559855886877,3.998206985281626,9.231680068073478,22.15983661581853,1.1934335406003074,1.0824986215068315
4.452463445344568,3.373844904503368,8.753026693104097,21.56182341781441,1.0924763146563967,1.4417410976478693
4.464737038955467,3.3610833563220326,8.738695329114371,21.574621770006495,1.0856624549762859,1.442153276388878
4.221366078462371,3.5797173890760536,8.900225469013831,21.569862580131634,1.1466732477963955,1.3522094135418188
4.197673346970044,3.6558151329389084,8.948244079953279,21.424792482352863,1.1922180956871566,1.3689264752340498
4.106951614323039,3.7183668377500534,8.976456943716327,21.516733143234596,1.2016102241629922,1.327183482762384
3.91461177123493,3.863900237197971,9.038041581505174,21.703264702815318,1.2267350232268353,1.2428352357234729
3.8658242174156796,3.7920902909174066,9.179576532037972,21.740373901164272,1.2329566835205021,1.2569304632841327
3.3556532406998447,4.373063489944531,9.700233525322838,21.63498049721953,1.4167531084995533,1.0871399811001616
3.2777419656032247,4.504498608887759,9.790597403256605,21.39676317060968,1.5148290226290595,1.1022799848107814
3.9020919472958804,3.8595041302890225,9.06605672705747,21.597601901435695,1.25888951442546,1.2727807694837072
3.9108017216794173,3.892867854870867,9.181726082280747,21.495410168290306,1.277610293220095,1.2834960549993377
3.6151707880676582,4.163340653815609,9.389597509506384,21.53055096418688,1.3476862416595388,1.1702419613113018
3.7160064366332937,3.903826065101417,9.115804689344184,22.065322518901358,1.2031374261630072,1.1452524639209305
4.239022697048972,3.68594904843447,8.920094703372015,21.246001186052858,1.2148512362956922,1.3971386735209228
4.031521379705496,3.752880615709553,9.286109857127284,21.638255989821904,1.1950096062116253,1.2837356872554644
3.9058399246327222,3.8691307818228706,9.204866695718994,21.658066122990903,1.235088736680808,1.2468068851162801
4.099178793441815,3.7620877042872447,8.925596912004824,21.438233932071757,1.2211189226454477,1.330533784811665
3.2217139309175122,4.477607252663558,9.313218913204919,22.04834808701724,1.3360009085197686,0.961275184672836
3.6263312592893717,4.059095091713824,9.128031785216894,22.00837115753522,1.2510531374238256,1.1176710564217331
3.8139914574967464,3.8137395967433227,9.024588314245733,22.04204914277281,1.182429448606433,1.182507536678322
4.09177058988127,3.8909420724747594,8.992652504579933,21.23524567412683,1.2628624635330181,1.3280443119171963
4.5389058767547645,3.342380631485935,8.748496284693621,21.42184587679742,1.0771264757983146,1.4627226010568422
3.836033520842285,4.060437785091833,9.257145254140713,21.286475656255295,1.328468266695157,1.255049103603644
3.998410219842366,4.027624687387893,8.74628674376824,21.45267075487174,1.2549071248056434,1.245804627349739
3.5683894393084663,4.312823833093923,9.26394651494281,21.443156297306853,1.3549304378759142,1.121056563547495
4.232998470816356,3.8968165988118924,8.86202501561671,20.91570697955313,1.3112353699473278,1.424356824378044
4.203355267244081,4.047087922075822,8.98619249175611,20.529507677972475,1.402421411253121,1.4565721178755857
3.076250888254084,4.5604537900110955,9.596987946588158,21.775790724222365,1.4942675630936364,1.0079571310040356
4.328630885744961,3.7135850989188626,8.8334012144991,21.207332058551604,1.1948170488639966,1.3927032349502495
3.439977280540245,4.465239450787534,9.410060104359108,21.35793533109458,1.4608903449068091,1.1254557904960039
4.020228586352312,3.6997218219825214,8.992535393735327,21.71492569916382,1.1814527500188998,1.2838019579821727
3.971557828293167,3.822751512890279,9.064935233548404,21.51877681413479,1.2401920919532714,1.2884684224898155
3.8175258378303507,3.929212009842324,9.084136509320642,21.64339878605333,1.2642052266517094,1.228270733412714
3.7943444417785113,3.973908618580314,9.165360689215975,21.57074693404661,1.288584046004218,1.2303583655296262
3.9892417094901367,4.02025801683634,9.02198534075296,21.17508721185358,1.3080046683445206,1.2979134068797729
3.8662764552023092,3.8506342064190644,8.89272133880024,21.754580735510253,1.233542617517219,1.2385535792117301
4.295135418486618,3.4664305344748874,8.969344659500504,21.582123475985128,1.1165632564255739,1.383495310798354
4.015506936231371,3.7628429763479043,9.084704048906662,21.541109289657378,1.223655425472809,1.305820327722576
4.027366322803873,3.7357661802868476,9.033616650948757,21.650907099482865,1.2062623316913375,1.3004187244790424
4.3702279781855005,3.4513128722956976,8.74812843397433,21.50142369410294,1.1367238054538793,1.439377524402666
3.069976935810787,4.708597266704811,9.54671033001073,21.627647351023377,1.4888649276677846,0.970730926766314
3.6307360702458578,4.245637864731717,9.107723355780166,21.426225484638522,1.360209432459205,1.1632083580520713
3.277922773006356,4.431989481738955,9.281137615530797,21.676668724030755,1.4174578482743747,1.0483592932201884
3.9268667151831127,4.081298412749722,9.242443539800453,21.07877788088625,1.3684239754307852,1.3166443660651852
3.689801855465053,4.2126210596832925,9.349538271011028,21.361916681739885,1.3863002693219473,1.2142495689750898
3.64541232410857,4.184179097884608,9.384900389613147,21.3724189112792,1.4078701374091007,1.2265887835084013
4.074873052648454,3.9203143706563846,9.247212043528569,21.15980003160591,1.3066456192942937,1.3581602188020425
4.128720105781093,3.879643174098321,9.118716580894116,21.11784098737067,1.2799000036864623,1.3620708507136725
4.498382546976369,3.563706531209176,8.903858987472438,21.02105673634046,1.1887951282048983,1.5005880001103722
4.031792673696055,3.5850219939144874,9.00660861577651,21.875312050950892,1.146318827632661,1.2891747550822568
4.0117222464318445,3.8389078126388063,9.117799939028302,21.37009546064803,1.2603714750707729,1.3171090664544878
3.4025611881464792,4.308095287207931,9.297754826589752,21.876921066191215,1.3518017981980406,1.0676616987263199
3.206584017110377,4.550408663001753,9.444021515250638,21.786071700433638,1.423842872514794,1.0033542338746
4.196162945572854,3.642138242523322,8.825417508911986,21.50816289491854,1.1721837681718938,1.350490773792578
4.45966744641201,3.2543101666061625,8.844493796804677,21.89979169242335,1.009451048856218,1.3833395561140887
3.4760756715523806,4.541415663261099,9.432324932798377,20.86503346253303,1.5707240892327716,1.2022585462663031
3.8763874636572457,3.676744408012885,9.078519990613298,22.232648532539642,1.1249682132029646,1.1860527126033455
4.120231401732304,3.564338758704296,9.071962012617554,21.88432843649363,1.1203470839007517,1.2950759028317294
3.9299453731046188,3.869420658039806,9.039184862291433,21.73264332193117,1.2169667819668766,1.2360023364416388
4.296522160179774,3.4602108283260926,8.880400270099294,21.6535382238971,1.1118445668498989,1.3805704499390345
4.332622417993278,3.537556303806215,8.802710953056959,21.42559134119697,1.1561655184722373,1.4160138282050756
4.400154814564829,3.5180123022764525,8.793532719105459,21.310050845116145,1.1661300160445922,1.4585374250075482
3.755960709339601,4.031356495397315,9.249758156002631,21.598874771811673,1.2789110705842397,1.1915442698600713
4.632406405786288,3.1638841660796126,8.65608505607674,21.46095338571193,1.0382779891619838,1.5201964912453283
3.816454325304118,4.004219666795158,9.082048059065052,21.584032797682802,1.2754583855652466,1.2156497588534794
3.9393749157125386,3.796641751486592,9.219426915620083,21.626514364260537,1.2183557076512668,1.2641592826758832
3.6690879118468676,4.127964760676983,9.451025891818638,21.535564961183102,1.334583899854019,1.1862275814333199
3.8627915566888658,3.975183370134924,9.236135657498224,21.340165055296623,1.3243925820431253,1.286947546141478
3.913444364655328,3.815913073784125,9.10984386800034,21.674716903546987,1.2407197089380797,1.2724313838327264
4.154689280060878,3.8390709714431663,8.980019599760539,21.3498818225603,1.2012463517872773,1.300003406450889
3.802619699811366,3.9087763849693618,9.109982740458687,22.050453936683212,1.1612541312545686,1.129716156947814
3.223358402078637,4.509715004952241,9.21198397050351,22.068563119231563,1.3434698150040147,0.9602568480218372
3.336287053239034,4.413749188902202,9.225751027209512,21.986080067103025,1.320893498805064,0.9984436564387191
4.182472846186669,3.5356183507912076,8.986662974551233,21.704943742586945,1.1421020493132499,1.3510538567483819
2.68569157161354,5.0832196369321085,9.832259791243134,21.54397218099395,1.6521230076138413,0.8728902455010262
2.863467094153383,4.809938057357098,9.555724446109545,21.759646379831807,1.5524576278179463,0.9242138421147809
3.014263834035338,4.811870285268996,9.495490853350084,21.595948751833326,1.545799760501657,0.9683237569817734
2.958679780843834,4.598250188733662,9.317080086880333,22.290748004594384,1.3814030097028094,0.8888444487032356
4.09994922379134,3.7604787997733595,8.90270970806377,21.54378404188905,1.1790165694625643,1.2854501583937936
3.5963209310086968,4.04439991287821,9.11376085425876,22.15632473786457,1.2135902662889149,1.079136626035891
3.6217652330555654,4.038230922828486,9.072465221799188,22.099975694425552,1.2178506454762674,1.0922528233602855
3.459047640305445,4.196503089065611,9.188316497009776,22.0883209765505,1.2621051965153092,1.0403142590788796
3.1032991875024782,4.711472783092867,9.424111693875158,21.501265869488535,1.5363282850880269,1.011931202480805
4.343778958537688,3.3497730599697895,8.861221373031412,21.95207587110477,1.0263943569133436,1.3309648537092875
3.5704495678809987,4.07441445898074,9.242417211422005,22.17725867294954,1.2292257729375926,1.077182666122568
3.8615650653134748,3.7769930289432834,9.161006396798344,22.057275337969834,1.1620412131635716,1.1880609042221029
4.046463157816426,3.9625735027256224,9.002376353730758,20.895238141953495,1.3622985862662758,1.3911391259948027
3.997661328438373,3.9117412062010204,9.025488565690845,21.17022995509302,1.3119065128391036,1.3407221123395074
3.8855316206747434,4.160635346553369,9.160204242143926,21.04522622813787,1.379031955007504,1.2878495279672393
3.8431895917302694,3.8905499193397315,9.184171339272973,21.8869005483348,1.1897094881020072,1.175226951626506
3.9667581457003407,3.8582796351715363,9.195465949016203,21.59521618190349,1.2195740104430748,1.253863275255946
3.6206931327252874,4.218062850941324,9.39539476652153,21.379808046306813,1.3883861890748372,1.191760416569436
4.001769319085648,3.870302654064648,9.155140550750314,21.27329850149361,1.2973872645672095,1.3414569904151976
3.584163103041243,4.112268922008676,9.322686358734426,21.900889697741228,1.2763082978558324,1.1124022275872443
3.7769531239898897,3.925029554907327,9.048632235212061,22.034487886962346,1.1872714799633344,1.1424802444264635
3.095109785100173,4.454399603265158,9.524681866132225,22.27238319927971,1.3586012016904574,0.9440149622675592
3.4027763613951523,4.043370211176783,9.34592592417906,22.373795081053498,1.2338976769710033,1.0384104418564577
3.676554225825182,4.215366483737296,9.436103096545072,21.14163367437414,1.4400833797992427,1.256010516752848
4.187564313802608,3.649520827672538,8.832754062594363,21.596487064712086,1.158928013983659,1.3297870659691864
2.9856227137337954,4.856300581336342,9.454593087528,21.71932306538117,1.4832287747769162,0.9118796181308296
2.903048788905087,4.981517606047014,9.470880308970475,21.636379966937273,1.5271200229423154,0.8899504696588555
4.8607371841093965,3.0819869865984053,8.54034148026841,21.439905872097263,0.975870184013398,1.5390877738692066
3.271914634002271,4.6059410114175545,9.340539898939467,21.572494033555124,1.428513915732431,1.0147710476913674
4.174452256728564,3.7067050229894485,9.027277611766426,21.450961356519997,1.1965323958148208,1.3475222141981147
4.2295029266504365,3.3404413598427665,8.826345924473262,22.090361027046864,1.044686211291447,1.3227304155689503
4.5033794790652895,3.708684995561084,8.747841456103153,20.742868205007692,1.2607879062391563,1.5309486762037918
3.6639795164434608,4.121104083850677,9.357499621286888,21.649175840089242,1.3116233103091155,1.1661343281997276
3.7683581247703515,4.087775655895098,9.418649659024192,21.447688545372507,1.3130080773943258,1.210410030502168
4.043496852108956,3.8320602284468346,9.254369973887629,21.385246786794617,1.2485224678729212,1.317410574905713
3.6360944114985583,4.1218757545163145,9.25372695538116,21.612408537185573,1.3198213079770085,1.164274511878163
4.371594503222228,3.6837038067848775,9.022356370543786,20.95945000367542,1.241600655985,1.4734557628938356
3.4978463140213356,4.225704214004003,8.977479932594186,21.932085046006613,1.2947612420209036,1.0717446391377297
3.5457003768950686,4.367367185983434,9.280784316514112,21.44712002780341,1.4032154882994547,1.1392176278871842
3.6214719465302814,4.2857045569956895,9.260955940519315,21.38679147236396,1.3883511715267554,1.1731734543878993
4.26200451168454,3.398901326846883,8.874248815419755,21.96667270267354,1.0526976187776733,1.3200153723886354
3.818728359756875,3.8984430428852606,9.17585214375199,21.722232128287132,1.2451752899912332,1.2197141629235708
3.5679007499512028,4.155662536582861,9.466069934208676,21.608379001286405,1.3579041030359436,1.1658470881438847
3.574608832594146,4.0988544902112904,9.55093327530922,21.65944144415282,1.3505371535121193,1.1778027371354964
3.6386854235164416,4.020829207597833,9.482457393841168,21.727959479189053,1.311831804159385,1.1871539469719907
3.847347932282845,4.266577919319309,9.144405734212956,20.82942374943861,1.4519347338831587,1.309268974303936
4.06936434200966,3.6798974201357186,8.902782656142174,21.85168442974642,1.144901878838409,1.266074118085894
5.222145984786735,2.446848554100519,8.40038868374383,22.13098664709215,0.731388930079579,1.560954705648543
4.874930922032564,2.829645032443729,8.673728756561907,22.007147838994182,0.8599569274124014,1.4815394047635537
3.972717856494453,3.8189760503618855,9.15050051169252,21.415196451313857,1.265778407490176,1.3167352755000457
4.221357161177329,3.739509969059013,8.843184769703731,21.570624909353008,1.1412339275471615,1.2882853776271648
3.7425461508463136,4.02071125011704,9.36766621340752,21.505264031159633,1.3182496950658928,1.2270491500675584
3.778760278068867,4.148043499034043,9.204729900239313,21.231443126371445,1.3723347667041679,1.2501614570440784
3.6604941039426833,4.327222937904462,9.282310351510557,21.12570742586655,1.4376750598475077,1.2161613014802881
3.673722654992817,4.218312635301803,9.145397868505437,21.402520747132144,1.370517200557571,1.193581539360099
3.631465169765242,4.133602934590972,9.126663325282687,21.771559806129495,1.2821102474439585,1.126363315748068
3.2521473346889818,4.568970154670439,9.372759374368538,21.667453142841673,1.4286879973466793,1.0169258509871533
4.242574849056572,3.5941018636957707,8.825355409928397,21.69508030053519,1.1158366793059695,1.3171637340323947
4.106515806343407,3.5242029289919534,8.834890598291189,21.903031069721372,1.1228465829386816,1.3083773363343993
3.6929035754400497,4.2542023955257475,9.048706287368399,21.17510173626997,1.4223185142704575,1.2346580248011056
3.8672353417868206,3.9018881573442075,9.138817293037313,21.456857417536355,1.3016490403780039,1.2900890462680321
3.658028633952668,4.143676544281303,9.274869359573682,21.654201010718005,1.321688891925542,1.1667840769360462
3.9800308540939273,3.934324900584652,9.156905492342055,21.23652892042388,1.3152177418252222,1.3304969275766338
4.275705521753256,3.2780189737814567,8.850416121927205,22.095394462390278,1.0230814445810563,1.3344629841334648
3.7338958900640646,4.34182374192848,9.41980892965296,20.936705392684097,1.466772576481576,1.2613999140717422
4.395326728622306,3.2669340935425137,8.685744442608938,21.809240093887244,1.0463390633924654,1.4077425258198537
3.9996709175835474,3.7177913847490967,9.050486365004867,21.790403469682953,1.17572857784362,1.264871240237798
3.969467346882173,3.8599908278568127,9.276772586885066,21.419092638868705,1.2480870189859095,1.2834850881453592
3.751740611016298,4.034938361875382,9.351401165546196,21.50869113752426,1.3003402063195435,1.209074023603887
4.225902747623109,3.495651092594789,8.96531848877727,21.724257441027042,1.1105001553257807,1.3424868596206598
4.026708143643713,3.9049502478612967,9.074060843296921,21.153269565625884,1.3210746394193669,1.362266270056739
4.514546646391046,3.17203410853087,8.719963606646083,21.727519692873933,1.0291986829080806,1.4647905108891544
4.281208134782348,3.3448336493392543,8.79808272057311,21.944281453732906,1.0585079508317305,1.3548335507590339
4.125610388695767,3.5050540098540957,9.002578890695421,21.947837680241552,1.1073081109791172,1.3033527681168873
4.189935878982645,3.4335411651170853,8.950938726334662,21.957268145486367,1.0823732832871396,1.3208155766911809
4.277507386887362,3.339345175759904,8.884010361178857,21.998209757022707,1.0461159861341809,1.3400138717949797
3.8531180334100967,4.13373035414046,9.146181028415132,21.209016931337345,1.346463052506439,1.2550603509337366
4.346748129420062,3.559657541418528,8.96214092638996,21.423585759199852,1.1473232495568566,1.4010126341715552
4.446079384707085,3.523284768527662,8.680520569195691,21.397769957387197,1.1067103090821344,1.396572293561474
3.4103282752003126,4.376770260628344,9.398628097708174,21.58252966680692,1.4160968755838281,1.1034061482891335
3.916158968529611,4.143039633535099,9.214310936480697,21.07271780982219,1.3684581018648387,1.2935187549973495
3.947077263353021,3.6453009827691023,9.023946657285528,21.9269257638664,1.1620709175908561,1.258272970848724
4.148186188507638,3.6467682431869597,8.94929621390144,21.463028783996393,1.2015686975208348,1.3667802128394002
4.16622236723556,3.7407588056725127,8.94748735278376,21.15417997169726,1.2588861065585977,1.40206833089406
4.2750886819791605,3.6951753722737903,8.934383920771982,21.0791618022795,1.2492069670820998,1.4452549685445624
4.337618415765945,3.345960797975142,8.677261858874282,21.850784088204186,1.044035287304857,1.353460773259389
4.323036131793757,3.2580914602577553,8.730202083967475,22.01665746292636,1.034702768563865,1.3729072706309935
2.958566123180541,4.898503454585542,9.840463366667313,21.29267681052921,1.637742846899185,0.9891532281724492
4.360261061310932,3.6375098614958494,8.947426666662867,21.20369127405008,1.1860938615669239,1.4217635351023992
4.178651470043031,3.5022368048115795,9.03371797176917,21.872017616258013,1.0984463748289888,1.31059800200733
4.145197295033075,3.513113351429806,9.015504173110449,21.72556050980043,1.1457885681261548,1.3519403441233526
3.9143809746826697,3.9526372335812443,9.13190031586289,21.408244332561058,1.2844475401576554,1.272015800351018
3.8338866033890526,4.042051772759572,9.210904513861394,21.385519019020702,1.3164060974572966,1.2486113452761542
4.309504893628047,3.4273355161420365,8.812006509421664,21.651406014743053,1.107342737429819,1.3923641042441541
3.945111638732446,3.881086481196473,9.230595151215086,21.500040494103946,1.2609251356925903,1.2817262517833863
4.5003249792477344,3.2700237937070633,8.656806432695285,21.551680895343715,1.0766747987083594,1.4817587873453308
3.7245177180823736,4.070553760786101,9.317352233085881,21.58156190113395,1.3066963433276968,1.195614643334813
4.63925349210208,3.298740875687622,8.42171937198373,21.350635836834186,1.059605260844705,1.4901981064514018
4.638478091365665,3.2571345004053427,8.374390491471011,21.434360752969717,1.0403827253849436,1.4816067551809124
3.1059149504564743,4.789205397553807,9.725475473918397,21.367220150547283,1.5511411411926395,1.005952357599674
4.256340417255384,3.5310290724418105,8.802429910031757,21.675940099399554,1.1117954484078119,1.3401701899628657
3.8512107484249,4.091439079197624,9.333172453635418,21.119393705767955,1.386352698727264,1.3049531744447653
4.799821869640152,3.0149742818583762,8.538599793354377,21.681964417899458,0.9512623378057226,1.514404219047133
3.2462631604011527,4.482261248437259,9.658326724228813,21.587166190164417,1.4811563861184676,1.0727227050243167
3.423639198544411,4.2043724733596415,9.493187150640965,21.850851013829207,1.3578178370042275,1.1056771018043936
4.369114001595146,3.4221355262096944,8.830163548281494,21.63555577209013,1.080055362717017,1.378929902572096
4.346590316283989,3.680628781539507,8.930776011266085,21.18943362967253,1.1923898662710668,1.4081371835062224
4.29265899218996,3.690978204732728,8.965211252373491,21.270128701014837,1.1899903601123527,1.3839753411184277
4.29075756950207,3.5975729511770282,8.88410419587781,21.39360384869138,1.1693177107529698,1.3946232325670076
3.947499790928026,3.843700305112427,9.102239668668432,21.770643409396577,1.1896362769798667,1.2217625157747722
4.353866842435096,3.5291030200881703,8.819211464508193,21.28739405391368,1.1908169112625566,1.4691150232354198
4.417530693352483,3.487491870553783,8.813004414018788,21.284120022310486,1.1655315574829594,1.4763536720257122
3.6046531766078127,4.18784887021741,9.308214827119457,21.541529879838087,1.3833183375717801,1.1906787934133571
4.513692975748624,3.316354124862617,8.727578781587749,21.55007090501031,1.0501974072009783,1.4293614256978189
4.170864461476037,3.7004766212714304,9.035990995783852,21.35090269451029,1.2137155611552428,1.3679975901654353
4.338604883371217,3.432339053329551,8.84020940674392,21.659271554883002,1.1057073764027034,1.3976554612769914
4.412578715244731,3.3977168261970747,8.878688196202162,21.512787907055632,1.1149087180057746,1.4479200975731117
3.861090219084309,3.927632745634156,9.200572998560304,21.5781494823839,1.260695381533686,1.239336496594603
4.175819502175974,3.652835111032694,8.97924341280752,21.42887805908834,1.2071666771549572,1.3799993702468327
4.216296057898961,3.6401401034447898,8.959570406527348,21.343609056711514,1.2076877151290433,1.3988387281173278
4.225207006113754,3.6560396211687074,8.95301128472729,21.257696715583258,1.2238747000051904,1.414405885298987
3.7120529736926233,3.828683231806007,9.268785001576967,22.24005682911924,1.1597930632530058,1.1244631714506212
3.9979723504820823,4.0239786159464925,9.218704198567501,21.281203173141087,1.29155068864098,1.2832036238885898
4.560440033522605,3.557183025148974,8.629638175825749,20.986722575176163,1.151688781470021,1.476507558942596
3.7789311965075982,4.329830688392098,9.125354075270932,21.042255029265174,1.3958347026421394,1.2182377747756907
3.9564605943313484,3.8816206966454363,8.852484582188968,21.664736328389225,1.2035427920236361,1.2267477948961496
4.0573786935775615,3.7068097287159114,8.632320952930264,21.85518243231597,1.1268124346535635,1.233379940870447
3.537428919151599,4.181330070573815,9.173669225776093,22.021407103994058,1.2478349976984826,1.0556754747137955
4.278777262244974,3.5892719250326213,9.018344271986715,21.730416606860945,1.0903268220798827,1.2997804881247115
3.4672883495238156,4.216975254965623,8.756323296005972,22.018793656996145,1.2870620256515866,1.0582502615829668
3.562475491550592,4.068065647571982,8.892170974714084,22.143985153091293,1.2194719265565062,1.0679126708745341
3.773550434119426,3.8523667492418725,8.859457039427458,22.122104298361396,1.1671562711520242,1.143277195650617
4.076404309286488,3.5589160904071244,8.790689561723195,22.06526252147862,1.0795005097721608,1.2364665021952796
4.099239139205504,3.504906666385979,8.990888517786493,22.091906970486725,1.070111893533867,1.2515724311216962
4.248755848438746,3.5568927200246323,8.869592782024306,21.600839390960946,1.1406586948413957,1.3625320419409008
3.811126278116431,4.046747789516087,9.14960262773264,21.586490433671393,1.2790855172091065,1.2046108826507071
3.820513606380613,3.941808345990986,9.032729841083624,21.625061189081574,1.279538369748181,1.2401652547315836
3.9465822189998074,3.919273707452786,8.95927821400768,21.53076884453116,1.249035961161194,1.2577389289848382
3.5424817855852004,4.342292543998582,9.365569392497758,21.41673418560452,1.3955023485369535,1.138463519291422
3.7381365543464002,4.212649743373765,9.210823344193175,21.251497245043346,1.3735977798153685,1.2188756209256282
3.820193816720272,3.836032478051621,9.171766523781686,21.805804141213947,1.2350550414455512,1.229955601167359
4.123341284840389,3.6578975921709396,9.004323198660028,21.56058700648785,1.1825079624177264,1.3329744144629516
4.217084715223344,3.5854529114914238,8.994770761883512,21.514227856318726,1.161293233501356,1.3658726151987775
3.5672827275268815,4.2921460758595815,9.189935657225462,21.558539967569182,1.3575339605768377,1.1282718164775112
4.072961742108204,3.750799423944279,8.765012750683944,21.601453137202718,1.1932382664751153,1.2957274594710126
3.50970266354067,4.247253552212004,9.00461957110541,21.787481531923376,1.306142368536667,1.0793260382180352
4.140279149334564,3.777574662757134,9.147641620240911,21.2345741306398,1.255041382303741,1.3755443983499316
3.8357524504910385,3.8248328159758676,9.13612982415517,21.782840388161148,1.2236663827047303,1.2271598660308054
3.696190498408144,4.267464560400884,9.239080551588035,21.280863253393363,1.382727940799798,1.1976258512121218
3.603764794413955,4.312181355140406,9.097099527147753,21.499113734092163,1.3437663479690556,1.123008857444359
4.596021814057717,3.1902204871222506,8.663342471504613,21.799689293759645,0.9881496131979205,1.423587239860987
3.200629850360468,4.594466063314961,9.632849318509436,21.446832758278944,1.511009653291335,1.0526103651351615
3.4979125027170683,4.169830028735964,9.202315599353971,21.868056657091188,1.305697235130677,1.0952999647592834
3.3824327337426268,4.322917134657077,9.237097041706042,21.837332294911473,1.3522467486076295,1.0580549023062213
3.291527365816459,4.428051596438462,9.320198196415902,21.846545715198655,1.3717928056126698,1.0197021108642792
3.2556809248854135,4.427292165373547,9.209684438252363,21.890875552894123,1.376844754379859,1.0124850667009997
4.042219025754668,3.7877989149566087,8.933078531809024,21.580501287508383,1.198331780088259,1.2788217192608569
4.174317155685872,3.781916062964659,8.696883185516352,21.425696703338545,1.181283510650287,1.3038502024211653
3.95294060051017,3.9070827506591366,8.748012833064616,21.666279685364216,1.1939816064199247,1.2079954967637785
3.2255369238619016,4.525743093453342,9.587941188278265,21.582119386143525,1.4656009737127258,1.0445467095108962
3.5920588838601186,4.179762405758345,9.408784613882965,21.404170464454396,1.4056236386414938,1.2079832268910737
4.34153104778936,3.4539008867526326,8.941850222653569,21.661732113468105,1.0938175394133358,1.3749215636712826
3.7510703899655136,4.065379022333863,9.265653236928467,21.440487619470574,1.3362069025013847,1.2329000861432746
3.7663824586603187,4.02990900390901,9.265047985952643,21.498487568564286,1.3072212494001274,1.2217385500647477
4.128905740066596,3.576717904236529,9.056976569767789,21.701015472926613,1.159240047227023,1.3382081039830873
3.6873076107243232,4.152309740671334,9.194308612358032,21.569957614607475,1.3141173521445633,1.166954109055489
3.6863421830275387,4.149236869635061,9.194557793620813,21.56896724406203,1.3169782946322575,1.1700543483461237
3.9519428746390175,3.8389152872612575,9.010403999811157,21.696247623628594,1.206765304961781,1.2422955943129497
4.195435739607442,3.695151357076871,8.957179290729213,21.2934653685991,1.217047884519257,1.3818232862766868
3.7711095990219423,4.082187886467414,9.211047795415608,21.415357733198526,1.3357107984402212,1.2339245408603976
4.4132624464966455,3.5650039052199753,8.825719978656775,21.247266791476015,1.1665268982186856,1.4440908031541346
4.147150489515959,3.648780376907583,8.883795235497088,21.49885784221376,1.1899953157794143,1.3525312971944035
4.205174162063369,3.73677613718497,9.11474656052871,21.40082188160065,1.183761258614527,1.3321435579834995
3.9502023590130637,3.82724978305234,9.07502998227277,21.450417844918423,1.2732468456694568,1.3141506247230605
4.223531945695271,3.6244063414204293,8.97091511738989,21.39439025147994,1.1957791303593488,1.3934451276478919
3.638495442179285,4.056671852554008,9.13946887701021,21.79758138088432,1.2840019823306243,1.1516424128606406
4.1351061939598255,3.8461670060224185,9.171276505943952,21.163104064538864,1.2752996197659758,1.3711051414542135
4.154614497649544,3.5432302879895974,8.804096554982253,21.99919034909285,1.0871420801858112,1.2747283919577161
3.084180423388191,4.694856055694991,9.515574837944353,21.697312542881722,1.483342581564475,0.9744486512402821
4.025775589805979,3.9558954219997315,9.249668169685922,21.21932571494303,1.2911742464778717,1.313982602965053
4.412706338736824,3.466077426522726,8.629966519062163,21.502049693988717,1.1073712910438096,1.4098081819904666
3.441722845781888,4.364380845427855,9.447160712600397,21.506938014141397,1.4236777265698946,1.1227031576998114
3.1598817881424486,4.517698580682056,9.51222861875521,21.783038401461145,1.4331792752437085,1.0024301112851302
3.433377876033096,4.369640902887328,9.233092735005716,21.68453680818629,1.3583975802713488,1.067339926234849
4.080380943943329,3.775156832447041,9.070898247915654,21.361255742820926,1.257724618696851,1.359412547513286
4.684810059506166,3.133301955954636,8.53898237914834,21.540971091412448,1.0093483222644133,1.50914442341045
3.162610239842418,4.6692602459193475,9.68724465124615,21.713363167091543,1.42736246240902,0.9667893631601681
3.1353507216380367,4.70569223242525,9.706839609872205,21.6561425014795,1.4512577767142405,0.9669570156224805
3.4700101269343318,4.273020480942661,8.963033802255078,21.68428141308722,1.373658442394852,1.115512721578958
3.2132018911869684,4.69287094716934,9.72430471824736,21.468103032650202,1.5081401339303409,1.0326213495052403
2.732051001310524,5.158750956930216,10.052842140896791,21.39131242418075,1.686553173078844,0.8931908758036655
4.489763438313391,3.217307809435389,8.580689220529788,21.85350475378095,0.9967978606149008,1.3910346336315216
3.490928268581285,4.451832514421247,9.55286157472732,21.1651216548169,1.503368189164236,1.1788742035192143
3.4088859869651422,4.496512453033594,9.602074937152981,21.220690166633304,1.51965721154285,1.1520791341129288
4.198423914015709,3.4609541895487848,8.873767662158428,21.772907283753483,1.1118885757587926,1.3488128794895107
4.171953416436116,3.496559224094891,8.777666784091311,21.782487022524165,1.111410088385405,1.3260896836378662
3.9333413113619704,3.829032306283519,9.006109008193064,21.70740308160659,1.2082324409360377,1.2411466379802176
3.6100439047572808,4.298841760134357,9.254724576032462,21.39460759514596,1.3809890095879027,1.1597149266652202
4.269824823648891,3.3497750547063934,8.827059306238818,21.94216507212454,1.0576225941328439,1.3481093902516286
3.959278250908543,4.0663367442955245,9.265443525340602,21.15854406438358,1.3369205736538754,1.3017221355033137
4.151962969923894,3.9296484305609245,9.316219170092248,20.800033752849167,1.3534040575412927,1.429971059638556
4.278973644909498,3.71023438250292,8.992751413630973,21.147198898401633,1.2226890007971716,1.410114152088263
4.021098915377126,3.7883223533768073,9.09456952511455,21.55234956659139,1.2214572413280549,1.296510679431942
4.196611053879145,3.5400659995349555,8.968827567404055,21.71017178409945,1.1345808310689136,1.345001606695659
3.5750190961307102,4.262734742061315,9.440251137998134,21.422595291523187,1.3941072394159066,1.1691930895413536
4.585430243786495,3.2250400169822804,8.720803999401953,21.60880902962092,1.0293836152089584,1.4635994396293321
4.165537896505723,3.5487422010697034,9.022300607747065,21.831091154906122,1.1092700197176097,1.3020687451453998
4.096745069005257,3.8185115206874687,8.96257201758295,21.424679145968756,1.2235886489332042,1.3127447008737683
3.779582847819958,3.9991130872470264,9.216060432977983,21.64049860926992,1.276053836262048,1.206005203456498
3.9878815410627055,3.83535462704839,9.04000556096318,21.461741908897793,1.2588616681548273,1.3089249097806315
3.906876572934547,3.9988485500947997,9.092532315563657,21.396650148611535,1.3051374691550188,1.2751198098212413
3.899177995716303,4.04477509518367,9.263640947483939,21.174965632203282,1.3411686315667726,1.2928914695348817
4.441133228158819,3.2560665205550254,8.68298787760308,21.822226747296142,1.0168479687523269,1.3869364380313622
3.7339610441058126,4.328638409718483,9.42255092139106,20.91506840272441,1.4773269779895692,1.2743687190028823
3.783763997754932,4.054687133655441,9.321527387261018,21.376565530859263,1.3590737082813145,1.2682641097030987
3.9386684667688723,3.9743866934443695,9.007187338945103,21.50403737450298,1.2379287230901752,1.2268033288721496
3.43371020860436,4.294135609039025,9.202437407677715,21.789071185715237,1.350565224396645,1.0799494987152027
4.447739608541103,3.4144241146713363,8.824421342097093,21.57578519362705,1.0821624504208363,1.4096599110025774
3.7380806097591237,4.110401214877466,9.04101681659524,21.447784343819702,1.3435490659974867,1.2218502402361966
3.6818779119526175,4.16564262270422,9.092298106301275,21.46767465394213,1.3525252561616845,1.1954536951580819
3.694825090484228,4.159872038317677,9.094568750033151,21.4538614406652,1.352115131015865,1.2009573528423207
3.267647263168217,4.506744026200076,9.565880580374786,21.666975632641694,1.4344880370275321,1.0400858981540186
3.8731277366230055,3.9806318763925765,9.106109052691064,21.38520554347612,1.3119042427574206,1.2764739036913777
3.5093843442779793,4.125883143196197,9.19209829295295,22.051454876683714,1.2632498381965043,1.0744921877850893
4.370727468781825,3.364870527359741,8.599525749906682,21.881991432039776,1.0347801645761436,1.3441058289432364
3.490334502223806,4.292299372100356,9.170560723597035,21.667964382766336,1.3650821200492367,1.1100328306422875
3.887222878091881,3.811619935800456,9.172369143727058,22.02524333648133,1.1661453647763795,1.1892756931411061
3.4359144221657645,4.359676269207113,9.210895271516076,21.952204048770163,1.3008707518158802,1.0252322194442884
3.649006435734488,4.1931832003785106,9.027312738269837,21.868572237218267,1.269987740339058,1.1051731384841004
3.9052206981844373,3.9603097853576763,8.86291371663139,21.88068737808934,1.1807031277503122,1.1642791960238503
3.640175381444792,4.216729568617963,8.970736849281739,21.900508027851593,1.2376255799430462,1.0684048133140265
3.452531681275185,4.4227391946806565,9.153719209728076,21.798778979416454,1.317138488064401,1.02820043382585
4.169830539095946,3.587698453582377,8.600460095799162,22.034061772007316,1.0558413070282688,1.2271598027112076
3.6840629357865837,4.1381411546321125,9.11244960448503,21.90911870695129,1.2216161837059802,1.0875682428354376
3.511359200842051,4.282329056247519,9.21278772833888,21.941348331753105,1.2666797725050538,1.038632859662491
3.8510821094323076,4.127841387182064,8.824058388633112,21.465409230229675,1.2741996365474881,1.1887684055377554
4.245218788164508,3.6051792301894903,9.022829108355827,21.781731014225123,1.0844860538890515,1.2770184996406424
4.129048870917691,3.8166565686554494,9.124610648557015,21.501617954383377,1.1873042832755842,1.2844848159921927
3.6582961288109193,4.3016833603810385,9.043302124778357,21.51522651049489,1.3284834457949934,1.1297869786749537
3.6273964231769447,4.284207366759009,9.031321801235594,21.640825697598835,1.3004285829373918,1.1010601463749135
3.7725839051458325,4.007536769387302,8.910664802796735,21.888918793405885,1.204833546483423,1.1341968664053093
3.590619740781331,4.1743290000704745,9.055206479058544,21.916125771237688,1.253777302712644,1.0784577673651468
4.486283467948005,3.5198119470281193,8.838181476401893,21.339812107437574,1.1138447645680911,1.4196847525792957
4.172117155510861,3.7953893374781327,8.827101250656575,21.403336953768953,1.1808501884036715,1.298060591696958
4.072829621859678,3.6777591469199087,8.785150686933058,21.873469549991775,1.1083124866995337,1.227369097807079
4.770650952886956,3.1763565235532845,8.312654815769204,21.492210802053854,0.9930899666495764,1.4915471738038353
2.8477685593775384,5.044299996056516,9.706593108250924,21.38638484088915,1.61939355086991,0.9142315173624362
4.102208527028602,3.5952008626151515,8.758317843009124,21.87166663460598,1.1357644004227618,1.2959338257169637
3.776342813711119,4.136181129791113,9.120586546480558,21.375061542563273,1.346795947306624,1.2296277744015245
4.6727078212165605,3.3499714184259495,8.738526517678677,21.26650795440544,1.0722834123326426,1.4956745779406646
3.962167796884618,3.8799777977470185,9.095835132733477,21.453645446179966,1.263703898792388,1.2904730783511573
3.675816748682002,4.267248918567618,9.399563873218053,21.180888812448792,1.4087688872260231,1.2135163355845997
3.975948905022744,3.776115232787096,8.815018381768967,21.830353101491447,1.1728778839877512,1.2349470953842094
3.965949265536443,3.949587083644251,8.875261778101802,21.293396911153465,1.2840858580873553,1.2894055145299803
3.9073742810219296,3.9703624047690877,8.98484946256412,21.532807411952128,1.2594969608894864,1.2395155732115295
3.899429700019801,3.9136676028835486,9.227515961221329,21.526379586276352,1.261640710440971,1.2570508679436232
3.4108737809907708,4.358839079107814,9.2565437415344,21.56103401661231,1.4006722157715168,1.0960524235538416
4.391373090259065,3.4816941292343837,8.800438529949396,21.546059268466244,1.08677065334655,1.370716445858139
4.066112359933358,3.729493382810592,9.162546727299537,21.545925304398526,1.2193841339256128,1.3294440798082456
3.95701041259149,3.8782425085166317,9.066633737040704,21.474804074601643,1.2682491988269922,1.2940076012520196
4.459500649361909,3.3784879004194845,8.764773183150115,21.683789502168086,1.0379433603945558,1.3700534754336955
4.28095088044678,3.692313498503891,8.931896154868928,21.131534724269443,1.2240524397726218,1.4191937851108534
4.127706755499498,3.700309814044372,9.005644607168241,21.615725771096848,1.1592786418521808,1.2931788206808101
4.411918167962839,3.646098005428378,8.825170058433716,21.0620319075053,1.1965126809816438,1.4478261493688571
4.146812488854606,3.61352394001564,9.006454969605736,21.711005230436875,1.1410790744428163,1.3094810039226268
3.9785117610417435,3.841342993964762,9.026379043084829,21.64524088803533,1.1870665898671384,1.2294550099655717
4.211796616315001,3.5545158576905633,8.941109310575518,21.51794433087563,1.181888869080003,1.4004370043479677
4.259733014989629,3.6869366163394766,8.997063447296696,21.315398353851805,1.1748956659539518,1.3574255210281216
4.201547327838235,3.656236688678261,8.998413262294683,21.298392170376047,1.2077890240586837,1.3879251204769751
4.290568442764644,3.459427026082127,8.93578049911378,21.747300905466922,1.1017060613903822,1.3663954246080645
4.455804215893171,3.4361700641598234,8.76590906261679,21.271282271301594,1.1262772592384596,1.460483871948986
4.53548314405255,3.283461101075165,8.622063517532542,21.565359932943906,1.042090756633237,1.4394521256047055
3.1669244120632007,4.560331552183251,9.68215289262609,21.718609095092738,1.4759422674546518,1.0249688085420647
4.675748222768847,3.1754033086100306,8.394974602797488,21.497652993183422,1.02008941502238,1.502071014545878
2.8460644728406543,4.837571261655053,9.606825575771154,21.99427727252857,1.482024184763229,0.8719119888896892
5.043546097397194,2.7859130799430942,8.465429329222708,21.608011913616224,0.8791403574780311,1.5915733161040575
3.882443535266907,3.963592662073855,9.276001303527284,21.47883176033677,1.2778117509534346,1.251650306866172
3.576175521423403,4.142281013273637,9.415936330937933,21.759196682782356,1.3137623503600755,1.1342168103202548
3.7226798525012357,3.84612487030054,9.038645083897322,22.383790197497685,1.132482557511393,1.0961344580128787
3.567559930757853,4.027909514901497,9.310425808892795,22.3515297674468,1.1788757469374567,1.0441420946913094
4.3768532559964735,3.5755981352382338,8.780202608441247,21.193057585403338,1.177176402929747,1.4409696440067061
3.9260438936269177,3.883563254565621,9.398788469920255,21.604541978964896,1.2444859247976765,1.2580988245814104
4.119725372094713,3.891487339915284,9.168720339150388,21.211577378696386,1.2641521580356982,1.3382954291613671
3.8751677274858864,4.123889577430029,9.25105973496005,21.20340920756603,1.342744719778448,1.2617605070745392
4.980206048173575,3.188394493878326,8.497307685814144,20.970723990281265,1.0347712589639388,1.616291237568877
4.311148065746585,3.772585810828025,8.864349820417248,20.974331793049686,1.2506786360113566,1.4292215082385382
3.911610590922441,4.028526421500294,9.26567141852264,21.310916597885477,1.3031107929685777,1.265291931987111
4.559023971419614,3.2945294034628323,8.686169537112127,21.46919407218637,1.0743675569381388,1.486727494691112
3.165650843707992,4.483624872543571,9.432710673007811,21.81933477247547,1.4240096486415854,1.0054180431721096
4.500904433328852,3.29091551619773,8.705726503618768,21.532154810431123,1.0814429486747907,1.4790629957302546
4.1683727816157825,3.8147685953638626,9.136015569932454,21.219469155628463,1.2553302575662837,1.371691190898807
4.273846364019604,3.5827944200014477,8.88904465069229,21.436079008211593,1.1740384997272735,1.400487883219493
4.071904909455598,3.6785353417607816,9.048403499190728,21.745400744575377,1.1674386100056915,1.2922803686574804
3.9278764967544824,3.898175699200702,9.233570970451062,21.52039020136074,1.2612790297158305,1.2708889077744567
4.252086892244405,3.7314732094343492,8.693742845175864,21.252811807318103,1.209654587350339,1.37842512228445
3.7206882131349563,4.090144079455452,9.317199965779356,21.871307949179837,1.2251835505321789,1.1145147718118578
3.919325863532001,3.5500124516357427,9.07163802465203,22.243512220257333,1.1263138080278534,1.2434860154427796
3.7783931808926483,3.886425717108339,9.20784008478,21.890911257603136,1.2326739673526306,1.1984088341136387
4.2241438948466685,3.513247511830544,8.935745803558383,21.73574507436236,1.1236868963022886,1.3510619809024886
3.7209826242931925,3.940651055723744,9.229283110798537,21.836141183780455,1.252050842980703,1.1822562732865949
4.1233751130136325,3.8204908274251306,9.206017070595678,21.099000890372764,1.2873155355549277,1.3893724868541193
3.8895475997588127,3.7728715789166825,9.218254617714365,22.033730545651096,1.1634405653727755,1.1994199547621676
3.6160720435033054,4.372685168765331,9.217631886974818,21.110991732380782,1.4544044697015046,1.2027463994895509
3.966992215778442,3.654443840188497,9.00104949787529,22.14989407141058,1.1014640373391247,1.1956673718808122
3.8051497285231974,3.9269769093125353,9.272478998490614,21.811806924684447,1.2270285601565694,1.1889622731159246
4.201333489794012,3.4363964479882627,8.84542489977941,22.07291377279302,1.0638057891964523,1.3006074696079626
4.0939106999543355,3.426016821153912,8.916054486993428,22.21352780342935,1.0797279272804636,1.290218333792129
3.8870471395167696,4.162980987160301,9.147671007913832,21.070449603532467,1.369988956648266,1.2791823146763153
3.927095095937163,3.998348988800264,8.96721802631999,21.433762940909567,1.2643015643402393,1.2417706625944211
4.462690443935466,3.311404493492886,8.90642014912449,21.48462003161727,1.091357019792936,1.470792394200841
3.896136922034283,3.9552652990004655,9.028640552965722,21.527931878081716,1.2633894559527095,1.244502690499694
4.039762541008881,3.8096043831969357,9.165800114468475,21.437386965085434,1.2383845173106434,1.3132018134121002
4.0239066436715,3.7979453446059392,9.03485510872444,21.56857187124524,1.2249343551475405,1.2978126440761273
3.9546369796115615,3.836939645926303,9.200645293977434,21.50580451434867,1.2508817584992946,1.2892522989082906
4.352450967336609,3.5583190863065823,8.859824125262968,21.286728348503594,1.1829056201231056,1.4469019179268534
4.171838277440067,3.547088491881251,8.871587535208725,21.681497752775282,1.1497440555601568,1.3522488292084083
4.254923430376981,3.4454107997202565,8.694589089644523,21.879583291843495,1.0790190754935292,1.3325387923303351
4.03763937241915,3.617695842057283,8.990731468260588,21.872986546161144,1.1559462214795857,1.290128905251184
4.742707465717976,3.2284501226916005,8.533445934814592,21.28218756965243,1.0470215414517212,1.5381116922043818
4.49569284639009,3.2721578564202303,8.66963537553424,21.682378209891066,1.0429589774923933,1.4329452978532304
3.9917018005583667,3.9380201303441282,9.29569028588309,21.223509117793675,1.3028221611680069,1.3205817630209085
4.791063434490714,3.031099582768164,8.527197002268707,21.530537184238064,0.9747776512697286,1.5407681055110825
3.679143194360486,4.136865377254246,9.363807425766174,21.471385831496185,1.3451062615134142,1.1962773976037473
4.2690579325198215,3.50366243823473,8.822227158832582,21.684643034025054,1.1169397108103043,1.3609417050415265
3.2490909604706717,4.595631942076179,9.745878882711208,21.34599021129808,1.517694944481247,1.0730034491487828
3.703512432923582,4.244830001020315,9.451957477998365,21.256750333230215,1.3917445165125357,1.2142637323799692
3.6378356070494164,4.260761951947306,9.505392456340338,21.292551297585323,1.4075229877684252,1.2017421532560384
3.5978729594359073,4.249493661210723,9.379641827901468,21.563246997568942,1.3501790301292602,1.1431415152447686
3.9337986889365912,3.8942407008083113,9.295542785366624,21.463588270887396,1.284722176119264,1.297772480015609
3.559032595413508,4.202607534016684,9.315530965655249,21.613377337281783,1.3633794788735993,1.154595561435016
3.959105428775032,3.8873081190873884,9.116292441115014,21.33882979912929,1.300295999968474,1.324312041850242
4.236747969326843,3.546311042398889,8.962604964142429,21.562760727188234,1.1411494505969446,1.363321648809629
4.655619563538223,3.1257729871748277,8.691881063586242,21.602000603531742,0.9969431710489174,1.484876908820626
3.286612823006984,4.477445162660159,9.5939036748977,21.624080537370357,1.4458562826835044,1.061312785809655
4.091969527373011,3.737059551614706,8.739357414363942,21.58698705308783,1.1872658444043784,1.3000209360041777
3.378581209721784,4.581788082093792,9.6257808185877,21.18620551397736,1.5193112084157983,1.1203303619681104
3.9285025954129127,3.677168955334001,8.888453361792102,22.01652097615323,1.1521327837084068,1.2308807906401096
3.892396663262506,4.051456670121461,9.133874226435866,21.3739095549221,1.3120260162672357,1.2605159338108098
3.2992999150872553,4.3755697488395,9.480809958402581,21.63367088127743,1.4450596266121207,1.0896146963814
3.5724147764277965,4.191083966110052,9.163083384497465,21.45741160385034,1.4009867616916858,1.194179321988722
3.451033717347842,4.399213871876193,9.697152221371809,21.615464598973162,1.3756251261652026,1.0791311427653631
3.019207941383801,4.743171583642854,9.566882455731568,21.741781264281137,1.4990253801352733,0.9541862975499457
4.658295861235054,3.2096261934886967,8.671231842418706,21.36547213821376,1.0566449006888603,1.5335631849152829
2.912295641622445,4.870847962123234,9.43815842099069,21.660130360715048,1.543780539445273,0.9230313431274098
3.4070263526260054,4.343471795949726,9.170882903017676,21.88435234243309,1.325310416387304,1.039575649656999
3.927227940028542,4.080483266331631,9.154824716963475,21.16667660111353,1.336095179158143,1.2859139409838842
4.088057841081747,3.565253693389092,8.49526065242976,21.990793563596586,1.1011519896175674,1.2626234799857163
3.8952095903108774,3.705640314101485,8.765958876603476,21.99710058337758,1.167954299526654,1.2277032855154901
4.003851513018935,3.7945246402233432,8.720125293807664,21.640214994254514,1.2057691000172674,1.2722859628529013
4.111704631755092,3.759328049325759,8.747114726769432,21.320760999493288,1.2548296007934565,1.3724497074872755
3.86956220774156,3.9089871023240192,8.896947850874863,21.628791968573218,1.2340308075299178,1.2215847356384428
3.7185749760227984,4.1730568689854035,9.137713758239146,21.329897196941182,1.3843597894576711,1.233591065856019
3.2859781336507434,4.503006226257329,9.438971826738648,21.643832919605316,1.430102794969777,1.0435887220723008
4.325085135138963,3.6786282163904596,8.963380127210106,20.962574770057657,1.2606684252204967,1.4822096568405903
4.3171742265684285,3.6880339579688757,9.022854058773804,20.96621821791718,1.2654146249391423,1.48128121025184
3.525660557085815,4.187706681193951,9.411415127209251,21.604630188305414,1.3600514060262512,1.1450371200469898
4.323285208832858,3.5625928065389516,8.692211660147432,21.36951169266658,1.1694522533270548,1.419156188707651
4.177445915721871,3.5790342272347653,8.92994792683741,21.603185128257444,1.169972652069382,1.365591152971372
3.863194467244125,3.9296798813088207,9.07099158558389,21.62749622860847,1.2713809897688413,1.2498707665211883
3.915373708880125,4.086002296381045,9.33674931715965,21.12425447037133,1.3555961492818327,1.298987405723732
4.274168656434877,3.4229916973847794,8.619117677333227,21.90347807330435,1.0586718213684077,1.321926056613225
3.7918582735588675,3.8665560793433333,8.945819462478367,21.944324584936886,1.2019045988238461,1.178685063285738
3.8801504738582437,3.723420770902893,9.004745384432038,22.113304581234573,1.1383301142140583,1.1862457680289873
4.454129616575566,3.3761434846712497,8.782665351422308,21.3872798573911,1.1253626371003078,1.48468543296647
3.416521370471419,4.441742856214197,9.462459847666633,21.52258776872737,1.4145035487267017,1.08801471838274
3.4826287274415586,4.323458131964014,9.454243266607204,21.595789711436773,1.3834334293486457,1.114382250618424
4.594972033762075,3.139783908115139,8.649295672991007,21.819548491183028,0.9846253104719015,1.4409672441657655
3.2543584322869505,4.5882713974858955,9.514981235907333,21.398502217848623,1.5029400980432626,1.0660018463531402
4.461577182760084,3.304786895645745,8.68012224622204,21.79091948253191,1.030138827988855,1.3907232251755335
3.53245564805496,4.134739074074236,9.171269518966195,21.88071497853112,1.2956094194513321,1.1068855203248298
3.6401381317342185,4.4457702204587815,9.362687171222754,20.946918182376812,1.4843231540690929,1.2153442587020016
3.5283448768555354,3.991789180076363,9.061945733772433,22.24975184560044,1.2236706987912025,1.0816032726847509
4.13510952061726,3.4815247707688743,8.86107213493829,21.939152421667483,1.0943543789628716,1.2997969307508845
4.0826619969350375,3.7141325716692317,8.83094022893472,21.677115203042387,1.1857734384180418,1.3034300904958278
3.257367157595621,4.499990889495006,9.4497111538176,21.630522241390846,1.4258429860784863,1.0321118928445967
3.2456427516864865,4.630247277495739,9.285816683553437,21.498164027929988,1.4904513265546497,1.0447546869224544
3.5756417800231155,4.125890920176701,9.244344415581207,22.071054800444124,1.2103864568576486,1.048963355756628
3.726802848228376,4.230457517792368,9.319610013739743,21.38891831732787,1.352027916951059,1.1910630163724973
4.273799739176137,3.6558186716053473,8.895690063785564,21.195224142548856,1.231207460657559,1.4393312680137285
3.0469088046323813,4.753178427652703,9.90100816790662,21.296929165784324,1.6355358033233103,1.0484202340155455
4.085119764155116,3.609963793404794,9.014498516221819,21.58877322740227,1.203635884402584,1.3620626193543555
4.146424875584981,3.4633011198568644,9.058196613615738,21.738506254017572,1.145907854272013,1.3719340789743564
4.0006245312831545,3.917581169835087,9.063007147702328,21.494919204333943,1.239173799303283,1.2654413233829052
3.9291914002731176,3.884004384927726,9.034317965473766,21.689336822964627,1.2067189607051338,1.220758087027071
3.5718214159681754,4.330354724816969,9.592880850596874,21.39217908500106,1.4018141619727698,1.1562632077799242
4.516085984836686,3.305023355604994,8.652199111224832,21.573404113914194,1.0527719315686623,1.438540080911584
3.9507454590972273,3.747306448860108,8.919240055174738,21.888521033253337,1.1624565099750865,1.2255655737947708
4.4669107766521385,3.365941088927969,8.80397766133697,21.48408259029457,1.0930941816374056,1.4506356620183758
3.7657392894856057,4.017050598825074,9.278670752199368,21.547372237062397,1.3020525923001112,1.220594683381688
3.2088991452469324,4.478376315009452,9.490443453621118,21.72792384756785,1.4486758115919882,1.038022320272035
4.575875680589845,3.31514797416888,9.077259534536996,21.359556608529967,1.078588114937419,1.4887676697908863
4.338486952267251,3.5528725472608182,9.06583664124654,21.26312225138541,1.1870859668736642,1.4495754941931698
4.336696444066558,3.5510529520505627,8.993583032643851,21.33007512709797,1.1712722745120583,1.4304073683207263
4.402637209418187,3.394164433736239,8.862300982059917,21.560600690457925,1.0961358096642393,1.421819241942635
4.1365874549192405,3.7705814951516716,8.915693225000815,21.255281087092047,1.2504950160274964,1.3718791126487244
4.255608068143932,3.4469695723007177,8.995866689966764,21.736127280717625,1.098103825710088,1.3557124315525813
3.655930913795055,4.263053904552335,9.13359735578537,21.36210172701236,1.3824586125257645,1.185575714437489
4.171083558897895,3.59709931472095,8.988525545162245,21.776767735121723,1.1153393988096179,1.2933125893764095
4.663064529932782,3.23715372418525,8.836618292977352,21.38851421285183,1.0507757939993685,1.5136245453229555
3.829187191942355,3.7831100979571457,9.299004370419189,22.059970456813712,1.1529960867666749,1.1670392173335633
4.128971141583057,3.6840852427170043,9.198929604190614,21.581555329662024,1.1721687868439545,1.3137185420752453
3.848013591945143,4.186987392120355,8.92141656696035,21.584197368282563,1.239771441247737,1.139400936770143
3.2182481652333554,4.681935491114486,9.466640491916563,21.158920260837085,1.5962615183005215,1.0972312011245622
3.6545906390392355,4.087025940414578,9.221279316417208,21.699684090025077,1.3083433150066017,1.1699116426913767
4.474566094794471,3.2538109286671406,8.75764780605789,21.712602424431658,1.0277288177157915,1.413309077635322
3.5846563805719938,4.4147731208574115,9.362980470168788,21.193725042874817,1.456377095634397,1.1825322175040411
4.238658386702948,3.3816524176705705,8.740004071738346,21.889540470433065,1.0644999074094799,1.3342741662650832
3.435628038313746,4.529526685614244,9.74433472863073,21.162163009567756,1.5214955729212305,1.15404836163131
3.458471992944896,4.456663852098638,9.682679108755663,21.310280447699938,1.4716195774048408,1.1420100913214217
3.6076214568663505,4.325962686206762,9.514713474571844,21.258539373331246,1.4272517158391298,1.190251578181195
3.8691373312257284,3.619216114985834,9.041712721007965,22.203284781885728,1.1340379918277734,1.212347809527332
4.055207775151574,3.765385861209359,8.869475478849179,21.618386863336674,1.1906140663867233,1.2822556829980674
3.797657687967045,4.038711932057677,9.16450701955104,21.627544649647504,1.2626718374598567,1.1873081050536332
4.4921960668356515,3.278870795737965,8.779688818772781,21.47548445131816,1.093456060323079,1.4980825166474452
4.077812172565872,3.820067254471225,9.205317021173185,21.2956316874005,1.2566566047260563,1.3414448642204688
4.369516749274354,3.444334245843404,8.848579868118186,21.526134277027776,1.119545876365244,1.420267055748856
4.049745140875457,3.7809520726594896,9.113741733715251,21.409463782172626,1.2491553123010175,1.3379594766012253
4.290027022000847,3.5028325289974243,8.893782182057295,21.55984127380633,1.1207161989729204,1.3725756906123106
4.204147794426834,3.5371009489130416,9.00574332073617,21.597610280960147,1.145493782401775,1.3615175897917156
4.038914219879814,3.9446771469631052,9.100782247806617,21.18584282045149,1.2983477856708998,1.329364898197767
4.055645902788564,3.7479487554149364,9.097730414868009,21.520856104744546,1.2249337310560071,1.3254977033416797
3.884105222910348,3.9457418659142185,9.225507034937392,21.433083567617036,1.2961902334358089,1.2759423770381182
4.667748660261089,3.098452809339335,8.560110481678722,21.622151096431637,0.9890785494633128,1.490024330928818
3.8667828375241666,4.248418384147586,9.44626303349311,20.82111126809466,1.4736135130033883,1.341238768405454
3.9085638307531525,3.7786392204329577,9.062713403165489,21.886449217132046,1.191026207097563,1.2319784141782273
4.585321779527408,3.0279468116880643,8.628377458683472,22.02674142088944,0.9453509925987358,1.4315768291994015
3.999211871789681,3.9821338729917963,9.081505344702471,21.191751270032977,1.3042660030550015,1.3098595501186416
4.746247457905188,3.203355031882325,8.639076245997872,21.398546943617895,1.0195866154752862,1.5106693868303946
4.317768199225285,3.8209579599708667,9.064756221898026,20.752067545623074,1.296804461260415,1.465418128674305
3.637773642045131,4.216495372116602,9.249714363247742,21.53240947342715,1.346759762075922,1.161914512475191
3.6071373069999146,4.117561700315227,9.176861495101743,21.692767298741572,1.3227264292345438,1.1587575844902176
4.443371820786735,3.4088762049318357,8.859565265426951,21.357907208657373,1.1330922041820266,1.4769530096550463
4.40323279282259,3.387717471399361,8.799703679337536,21.610467221790977,1.0901596595087484,1.4169501449536184
3.4423774760269734,4.600654386490711,9.582420692961659,21.21486873962347,1.477301455582245,1.1053708513577887
4.304321747983487,3.5676085375780886,8.96737503622687,21.45573552259729,1.1503388181349037,1.3878844442414695
4.193667269595113,3.7178405773431025,9.093232738715928,21.270321261833907,1.2254929203476828,1.3823372579507796
3.747459846182364,4.207097496106078,9.322195866348418,21.228317017133033,1.3845747208360333,1.2333059015567356
4.359461263774808,3.4134311782502147,8.8100976887524,21.629832796846607,1.0986239388574235,1.4031068021590454
3.321338829517024,4.291740444703404,9.56710713700989,21.883291089661167,1.383272491070084,1.070501978297366
3.6900762253473687,3.9122912857254524,9.333292393148097,21.9614735276285,1.2459697951171744,1.1751996931410147
3.849975843620089,3.9888180869299625,9.07248754579959,21.591672802420508,1.2835700278221132,1.238891694986608
3.973714478240016,3.955762972271705,9.18861126489639,21.206403904608365,1.311571350437668,1.317523345309526
3.981182691819789,3.86919162223618,9.187975867809115,21.514926694325112,1.2486156577479568,1.2847559724861601
3.802349732420716,3.9108962571768946,9.232514513149875,21.64112339499003,1.2698302634215193,1.234586254616201
4.812141157838547,3.034670844686898,8.536981589651647,21.454656695953506,0.9839225207953032,1.5602265618800057
4.883650908742006,2.9530744022437596,8.484345817263991,21.4935646937423,0.9520891642090005,1.5745187823442106
4.409210592679748,3.4728982577934673,8.811842744441616,21.436672005011552,1.1153808543332837,1.416093623463406
3.9588923987942994,3.942959299658738,9.119742788781096,21.36953785215995,1.2732704635169405,1.2784156204865682
3.7956692928523394,3.891781640521931,9.142474342390486,21.65697245297848,1.2896464508626333,1.257797041130709
4.226384253125634,3.676007983317053,8.953555705255514,21.46603474809215,1.1674378690109293,1.342228049689407
3.9669118313213536,3.7517106614248124,9.094491043448645,21.727381577485865,1.2062501311073552,1.2754416180925414
4.094854195153659,3.858423515357583,9.154650452584631,21.267761378142882,1.2520078349596084,1.3287264902216087
4.129091219513904,3.5713969644833545,8.863657269073425,21.709263098639774,1.1584929630340532,1.3393983276301933
4.000553287588595,3.9047974148202047,9.201979543113458,21.321761178086398,1.2733341855368314,1.3045596790282832
3.7580283419227727,4.055568400584062,9.306919072783424,21.41496743616232,1.3473516005153494,1.2485020596724468
3.434953559960601,4.378911771153029,9.46356166893329,21.286975118823683,1.4780203286623992,1.1594047688008609
3.5694015095439653,4.30884875291997,9.461790501774983,21.22211209603892,1.444166959592068,1.1963315542482653
3.4942375377852843,4.410066415361908,9.550763339320884,21.118034056928693,1.5047826387128038,1.1922877088839425
3.7216612052743043,4.30172099021276,9.345332156891942,20.876993877646356,1.4816963592250625,1.2818990052284533
3.625749944878985,4.437307830103982,9.311130113023898,20.754358189985282,1.5454656224029653,1.2628089169798726
3.673648277768698,3.919600813359377,9.414080215340825,22.000780086880848,1.2557771677266947,1.1769779243224805
3.82116708022974,3.9913103511020096,9.1261604749192,21.43467084097844,1.3074733439876538,1.2517378156133838
3.499808687616725,4.207991565071448,9.441797629466558,21.842943307292657,1.3457490638673948,1.1192665651161338
3.463769030811259,4.309281111294879,9.699721773026456,21.65518545657741,1.3940978386822322,1.1205657729990675
2.80523592666287,4.973656524832422,10.04442472154183,21.73521710828554,1.573276649602172,0.8873576528673753
4.566476429553898,3.180449230180427,8.627563985885747,21.574640228357172,1.030800712774584,1.4800195877314666
4.268914276511516,3.5042602464293195,8.99883109201584,21.376923585654666,1.1917419842617625,1.4517883983408686
3.4205391064520234,4.42259499193377,9.565835103556878,21.351694948055666,1.4848868701181608,1.1484464702646182
3.924530320559061,3.809881999163516,9.215141887620446,21.56451250107722,1.261204261335815,1.2991568676188459
4.100215574882452,3.6798284832371944,9.00844420896264,21.50900037839476,1.2197710094322658,1.3591188049787946
4.103336537532526,3.6747288027033074,9.021186548908936,21.52198095700184,1.215397249688893,1.3571570066874497
4.038864300246691,3.7663236196389196,8.908176482705203,21.461364314467087,1.2231403811031247,1.3116499054059392
4.640240277788896,3.2640897939629596,8.6657239826069,21.693292987436287,0.9911320706083085,1.4089964568839835
4.579507734066271,3.2574032717782297,8.664321601096455,21.949783126158586,0.9552757314265257,1.3430000019142323
4.687571889865882,3.1227712201012277,8.678535036707117,22.00506968374884,0.9148572917934735,1.3732864247771888
4.266586706714836,3.540781999133371,8.826552133360627,21.909922401909405,1.0700452949071622,1.2893877770365632
4.59308011436001,3.1453924420567003,8.733678311552408,21.966498738066797,0.951992684719267,1.3901536134998578
3.160332117101526,4.590849583995175,9.40621178746931,21.780029585461946,1.4462729581546614,0.9956115520940167
3.7389589869514865,4.170994801806395,9.17278096401508,21.459073107902626,1.3588703943137155,1.218117239254572
3.27955438408844,4.483860942680248,9.634955978990527,21.581185417302503,1.4208787845605604,1.0392492779623077
3.728955934938576,4.159297833290796,9.098363459699875,21.416039144533098,1.3577754957582506,1.2172932057659434
3.783378024226571,4.023250593303304,9.045189458750087,21.57545602877754,1.2970947181298194,1.2197598777667682
3.228969981669981,4.498995190222365,9.58203626346438,21.56422367861181,1.4929423115721916,1.071498346766033
3.8764179617443797,4.2204735694809585,9.21995825360874,20.968268411733824,1.3946663911138322,1.2809723269561308
4.135351114900558,3.7813221965923494,9.205527177748722,21.231653937980155,1.255033424381866,1.3725368008661472
4.165261042444091,3.6149582907553897,8.785451416729211,21.661996252199124,1.1510981572292276,1.3263290817483235
4.655379214100986,3.0621234011856213,8.695887305579399,21.756262984469487,0.9750141150043835,1.482324468925387
3.962520554046076,3.8360839622372915,9.170693833017829,21.54829632173406,1.2399947161847087,1.280864704255527
4.742202818066304,3.2420003030080133,8.596836377051675,21.23054612991408,1.048466999112328,1.5336343902333418
4.236856419776112,3.5704986111638446,8.946529313050846,21.424353427738403,1.1815167368418005,1.4020217669064912
3.9325574371297427,3.79955267165599,9.031019419645583,21.560896257168583,1.2489070456784108,1.292625504945506
4.303773914513228,3.504357252270384,8.872645994697768,21.53154262174525,1.1348462839662345,1.393728288048216
4.310975994829123,3.731823676321635,9.031819483617845,20.919393779624052,1.27485375544002,1.4727019316295296
3.83004656098604,3.9904878398046963,9.203313398056155,21.550020506932903,1.2864754102786624,1.234751468675581
4.074405238138394,3.8612030856100983,9.019024387179686,21.271426672457068,1.274490336507977,1.3448632428522904
3.936425524711382,4.0611256228020025,9.296638791733388,20.918268731439383,1.4034681930293305,1.3603735839004774
4.028523738230498,3.7541533140756216,9.173035431277603,21.450151794420155,1.2447435191552574,1.3357149789606366
2.697836211332972,4.9249492846471705,9.702118070938218,22.03395901474645,1.5266092736068115,0.8362607492694696
4.158028161978889,3.7426074730661667,9.113494614652678,21.32214479395447,1.2268053630315128,1.36297789321001
3.9695759131763575,3.949304269985499,8.936660283238801,21.362895864797196,1.2689932596394522,1.275506958461425
4.0948724911325645,3.8081300515364274,8.770025626622838,21.418142465078123,1.2010021717632362,1.2914345593211944
3.817871746117191,4.166976917861797,8.998482154002568,21.247614509813445,1.344306608649721,1.231681941237144
3.4175711551547057,4.274809175236897,9.607968139720635,21.78445737651486,1.3606641409893692,1.0878068071520235
3.4165655216340443,4.552447417674632,9.643596495082814,20.94919772023815,1.5703301436724473,1.1785168139722093
4.119945994454492,3.5259218858728394,8.880458984130069,21.809711195100952,1.1327760416144665,1.3236186921674329
4.359988371712947,3.6342129950286064,8.930903221911544,21.160853053823885,1.206152135467626,1.4470283641463324
3.555385978575021,4.449332991527272,9.565391084655355,20.956472337106682,1.5209489114219346,1.2153642903545179
4.564081755895432,3.2522250381741373,8.74050918925828,21.614030411086112,1.0327780243550033,1.4493718249874716
3.9007311534773534,4.002788196733394,9.180136445366664,21.28003432881107,1.3307312527296482,1.2968022786378322
3.459136950310378,4.191381822790998,9.509911913461433,21.751671897384675,1.3646855248860712,1.1262715553658866
3.8936323438364786,3.801419797768952,9.205319936517956,21.564364124131536,1.2697234304715848,1.30052361475907
3.904515765052639,3.7985845243829255,9.094399263194315,21.630341825591103,1.2467921044612138,1.2815614333085783
3.878375745636392,3.728292557917567,9.182263848753042,22.03269576490566,1.164121535251131,1.2109834883271013
3.6551987938206274,3.9950655397118666,9.327896014062038,21.95046915632185,1.2494583475913805,1.1431648866953288
3.718109356652011,3.876309777498433,9.163345611472465,22.11648200955277,1.1851176571123176,1.136750492755116
4.309778153721517,3.797081590220692,8.983181092135503,20.766518675176478,1.3186169725370365,1.496661708824704
4.08146405860546,4.036780034906127,9.13267020365156,20.83070612767849,1.3687679378419613,1.383919137175229
4.090604541733367,3.828487262958989,9.097079350661062,21.328292815892695,1.2620299256579182,1.3484347709987419
4.536468924399964,2.966470447539296,8.610192926350448,22.25936567119667,0.9063074799571733,1.3859688783306163
3.796955247011578,3.900019692509904,9.173686064372895,21.788148955880253,1.2414860667773406,1.2086777521649703
3.7146772470609504,3.8818657663269955,9.079513832352328,22.01082211456196,1.2203348489610555,1.167776108219332
3.465926782214177,4.158864922923811,9.336997592233974,21.90693927112462,1.3235414077935905,1.1030167359742593
3.439531942706707,4.161559549957365,9.499377449247255,21.87587584368609,1.3387873605952627,1.1065087104921
4.0330106275250275,3.7032419368874105,8.907996989233274,21.778305098116512,1.161598866286218,1.2650376757698103
4.535139229372079,3.383224217089069,8.62372951945347,21.403858289505806,1.0831897788096245,1.4519925797176523
4.831146950636498,3.1124245101179486,8.420399684790667,21.336897601277336,0.9987213083465154,1.5502285718637763
4.888378440722679,2.9899702578604606,8.356931939568346,21.499522689359466,0.944394751781897,1.5440150055023465
4.498458193367886,3.5023098874704814,8.72511125826184,21.106293286302485,1.1574000073266715,1.4865947655257559
3.9225777966829845,3.869323407044982,9.127733736803739,21.41034279590287,1.2784466593746746,1.2960422153330577
3.398000364064298,4.331787865586317,9.344930459638478,21.760523075605747,1.3827141315694764,1.0846475562196034
3.5075400110805965,4.224936408878702,9.237623218037578,21.775493904611345,1.3321075312068362,1.1059149801522887
4.114390143067521,3.69239467933686,9.055515257197872,21.548924444800303,1.1869132436488024,1.3225628824765763
4.045570347396331,3.8419727515170927,9.056711035995576,21.427663215168018,1.2238804098450162,1.2887374833340848
4.158793574911026,3.7203611524658964,8.933228026498105,21.4437083899445,1.182948434761414,1.322355047889916
3.2234133180028426,4.605422239535668,9.505522350943345,21.409702087351217,1.535895187832568,1.0749991523068543
3.677643029158033,4.200679189490406,9.1268938298379,21.30414911189239,1.3965839772100521,1.222692116377358
3.8400829098228804,3.77595830104588,9.058623631683757,22.165331006404763,1.1332284104328922,1.1524732809214948
3.908957709626476,3.98781120588279,9.010699380457408,21.561793366579217,1.236951147655814,1.2124921355172669
3.6896617237748908,4.3308609214796565,9.237324539454129,21.1858980884395,1.394836210235536,1.1883258015320817
3.808672314313818,4.026254321762428,9.291166941091037,21.5430287257519,1.2923399724122315,1.2225008855011872
4.0469900989886085,3.7291313539263755,8.99920481318588,21.457611107001576,1.2361426610793718,1.341507347296412
4.033056409246839,3.751069120189269,9.078725327814505,21.593092860797988,1.2178506499619937,1.3094027894337543
4.095851610801561,3.734507879164723,9.075066363758728,21.33333306599984,1.251213519548402,1.3722785104004778
4.587503107392475,3.2800691222272236,8.771406563931187,21.487758492933132,1.045102132945021,1.4616793438707478
3.249814115218104,4.436014135442132,9.17286095134935,21.941839916372114,1.3569361822144776,0.9940884369998195
3.4245796368485424,4.29518040206283,9.036287198311705,21.852888355255452,1.3150172413476702,1.0484731362298902
4.151098788054943,3.671628573247197,8.858455396447813,21.825132961570322,1.1159729240378176,1.2617054694011463
3.233862034177504,4.4765328383925125,9.217582000969443,22.067583664506326,1.3334558296576218,0.9632928736273785
3.4925418220170132,4.343110380379377,8.96252486578318,21.770362330707265,1.3120658241561467,1.0551066776489064
3.4849891740014436,4.302643740153882,8.931270372726177,21.877969705663965,1.2895183863930102,1.0444642614298172
3.2751808727825553,4.347136949531995,8.937127167029828,22.114837413254254,1.3265592602325484,0.99944436215518
4.137109072602006,3.436113228958415,8.659678729378655,22.436980773659045,0.9918797678858303,1.1942315381425113
3.7212972206014814,3.8744367394605863,8.998504440004039,22.25362134811266,1.157926190978594,1.112158438996791
4.070290658496787,3.516956967082535,8.873788747891243,22.30104329510714,1.0451392599068934,1.2095742445083608
3.3614290743754136,4.502027664351963,9.483969021032868,21.22421840819723,1.5150323163045774,1.1311955537211456
3.6488020994874892,3.754425112194806,9.145724077657423,22.57936690427614,1.1291808927028264,1.0974137155146557
3.2615449216111494,4.121889256995844,9.192957385623341,22.745153883647703,1.1980998198903656,0.9480255629173966
3.4771306007848652,4.089258613482487,9.30018377714396,22.294057813898817,1.232015963415616,1.047593417771065
3.5896755672452643,3.8624889934341198,8.968975466547699,22.64184071780683,1.1161027922512097,1.0372707678103368
4.2272112895691665,3.789319747709877,9.043169551200458,20.99539356801511,1.263222478634264,1.4091997188011245
4.752303946145953,3.0464906387018624,8.53156937881972,21.700098217972588,0.9454826780857094,1.474884250421975
3.880982837252837,4.05476829716641,9.04520475173027,21.34383331989045,1.3118727127156093,1.2556464659811977
4.165385261769827,3.625315342359079,9.182875499520897,21.763331409812345,1.1123061246444086,1.2780084215116054
3.502586388726125,4.386277402906509,9.538802941002503,21.481417348779758,1.4003831560104127,1.118251886666629
3.2126409628969106,4.6091805412865785,9.707943859479418,21.585870227868504,1.4726270817982798,1.0264345350932824
3.2272742726626142,4.4712646567738,9.542451275574496,21.882298593070345,1.3959980523427593,1.007604994302359
3.1113041189265864,4.696784442552502,9.818954023803128,21.52947594129867,1.5274014419814848,1.0118008300821184
4.390265816655908,3.4374831543522744,8.669871835081288,21.502242263633534,1.104173069642638,1.4102216841954338
2.903193530449325,4.91481146659325,9.853236766987612,21.588567354271635,1.583119111462066,0.9351530966279742
3.638552682035964,4.199057483811566,9.422714624404492,21.17064570400783,1.445609755980696,1.2526447363674524
3.8064819336634628,3.9220515398310347,9.244494785326822,21.705952719575336,1.2633487230679026,1.2261221050863467
3.815441017181163,3.982407035659,9.245553957644281,21.4338929273122,1.3111041160318109,1.2561348896057858
3.8639857747655566,3.988366940322544,9.099644787882864,21.552562981478758,1.2870032211802245,1.2468667535178366
3.997836451051328,3.7260623983852734,9.090009035785169,21.65885141776377,1.2344333446288047,1.3244712766186901
4.0281650329171,3.7067127166788105,9.066656735025319,21.668283783014136,1.21791646286608,1.323536212195839
4.139571970117479,3.6965504037312,8.987915711185705,21.481274592675447,1.2104773708997218,1.3555498093520275
3.3328317703419272,4.313583611503361,9.335258686498243,21.830856672218193,1.364525255718422,1.0542818995242178
3.910579557081784,3.9535836407262805,9.036542043155537,21.553337940048927,1.2616977337521134,1.247973942931697
3.6948700242048433,4.238230193037229,9.220176538755005,21.295310255342677,1.3719868088390725,1.196091930521392
3.7400221786798866,3.9401195551735158,9.31648953689089,21.970259866786392,1.2120927763583007,1.1505371354139247
4.058989846193704,3.757128435798186,9.199331947452135,21.6755335061867,1.1779061407977602,1.2725434189879097
4.080340094036493,3.856082079971683,9.090220727365152,21.36204204187913,1.2414008237892302,1.3135969227383055
3.9839476771054074,3.9272345088710487,9.014271483198954,21.27175821149961,1.2936108080919195,1.3122918334351683
3.93501082955297,3.926621044646604,9.017456098996833,21.569164417930082,1.2270370483145898,1.2296587876651535
3.664505510237123,4.150963147874763,9.170716587114965,21.42278311555742,1.3666296378242262,1.2064722474889422
3.7117697787271013,4.082960798780748,9.119739424932728,21.503175371188455,1.3263360900546681,1.2057559349994502
3.6292406943755693,4.103913378972464,9.29633701015741,21.683754496439015,1.3037833400851384,1.152983291199635
3.6630332315236265,4.144592315854063,9.318374895169088,21.552180323041895,1.3131188182909785,1.160547890305034
3.9295393919210877,4.066015755530349,9.213180963215128,21.24556659929618,1.2983212162566153,1.2547428906806626
4.420963918414476,3.573417839845207,8.788898098406312,21.285607197713336,1.1398020676903224,1.4101412264767248
3.574172888193833,3.973985489431166,9.253164707009617,22.077040161614562,1.2623941949663948,1.1353879167052559
3.706074789798297,4.087780986870314,9.305692796480269,21.48611117559774,1.340962948434848,1.2157473683669369
3.988258417866875,3.8013745236713055,9.120212477533709,21.61835367476177,1.2190790986107278,1.27901169611253
3.776205949842094,3.9603840893948745,9.221111061269742,21.485485542577177,1.3065720587351537,1.245809767619532
3.803990260501307,3.9552621368117027,9.08125146170002,21.574581310142,1.2940687738255021,1.2445761726476003
3.8938451841304667,4.070939125573874,9.297980391531592,21.262754025171013,1.3272961003118864,1.2695560824398284
3.7885449643558546,4.257410219748658,9.260117466114542,21.05520044186111,1.401445999232661,1.247105848194024
3.7235056712075796,4.214028701489862,9.131188706277126,21.336443510887527,1.3726923910925781,1.2129077102036925
3.7127474501047075,4.16942305958708,9.184344200533305,21.455693305734595,1.3407890628293644,1.1939328542594576
4.081808441718264,3.8348190011009384,8.928274014130823,21.552338222555246,1.198158623417797,1.2753285049907808
4.1720844990601025,3.754685791064978,8.899103902908367,21.283013900177888,1.2348314808090077,1.372104502670897
3.9973799324213486,3.8637012381403615,9.177697763576017,21.25226416304412,1.2943047390259022,1.3390858845779203
3.607065770374315,4.203360023721139,9.532394837623103,21.434356256332034,1.383758242522573,1.187456454576499
4.5760074350243585,3.1965196781806102,8.594760665615137,21.66642682317599,1.0225718638319272,1.4638722494600656
3.9495314925741574,3.7242716611780597,9.230559129976818,21.79808029772648,1.1882750485083624,1.260146990576765
3.765561419888536,4.090693369865198,9.032827390590889,21.51360647921748,1.318054849562735,1.2132946769789243
3.722564709518639,4.009671891762383,9.24306022224634,21.95515029253945,1.2035805176285583,1.1173997476434314
3.5849824654521565,4.136185345793148,9.424559629983092,21.928485365530037,1.2590410947792392,1.091256766976851
3.626709761376896,4.111886829596031,9.369654611834537,21.892951666012088,1.2552827570209693,1.107167200081553
4.249245784586359,3.6914083359914533,8.972498855647322,21.1820721081898,1.2280361750129472,1.4136142807923169
4.178523032180928,3.6777073002313085,9.03754104099096,21.51858351336744,1.183638833060805,1.3448221193179954
3.826403796007686,3.962938008317826,9.24329339583753,21.768940304747005,1.2214005108269037,1.1793198736049906
3.89182483034373,4.033061236560779,9.053996331235307,21.476828884922114,1.2650295350845024,1.2207286393594179
3.264981106279249,4.480642616556804,9.495115677982385,21.606948304777497,1.46771179655893,1.0695008942513207
4.076325748463896,3.8283552856559835,9.01446461092467,21.39633053253391,1.2229244139908384,1.3021357489608743
3.3333747728572773,4.554257690238359,9.416654555012036,21.27717696092658,1.526593673157518,1.1173519779993977
4.532453207048364,3.3291423776389184,8.81823595950982,21.622258606730654,1.0453730004340573,1.4232206589312213
3.628637423249946,4.090440414370671,9.371559925004377,21.526814237076238,1.3609923562567867,1.2073388917536185
3.9962775071904866,3.7577095698429326,9.129346377582905,21.71622210365715,1.2056556368752234,1.282199811749493
3.97773447879885,3.979853393009155,9.076457021856605,21.238330156171017,1.3214957312480173,1.3207921535512315
4.116721851686544,3.945882088008387,9.0933536963958,20.86431247213698,1.342371141167427,1.400490051821742
3.7533990871293246,3.8973801910193226,9.221202597137927,21.868245782271448,1.2484381577174728,1.2023170467976925
4.580454217249536,3.339496615002603,8.687182493827857,21.294936648776613,1.110274336196496,1.5228524989929373
3.944688648524692,3.7609846279517236,9.101973222831294,21.782491183528286,1.1942682650184784,1.2526018940091612
3.808137135108327,4.075737463370614,9.1551813496921,21.366651915201707,1.3368262844782175,1.2490544012862663
3.814159085030526,4.153264273829863,9.288251096223227,21.181835990069096,1.3630316128765003,1.2517429825486905
4.275851725697838,3.517002927385467,8.801232459574424,21.61209905512429,1.1336622165312908,1.3782677026422843
3.7252763192971545,3.9914890767210918,9.293758621289133,21.690680537242024,1.2977733641101634,1.2112182416657566
3.5507976724223234,4.3623114524475,9.091964436610253,21.278149557868907,1.4280445931459838,1.1623877553752149
3.824669220368342,4.028628187114684,9.271891717785126,21.428927320191278,1.310469764828796,1.244124089136587
3.5293419420374965,4.14943723624753,9.489262237775481,21.848235618410463,1.3156548735983153,1.119042333276921
3.4594822514428425,4.260377894882914,9.46363204360622,21.71800296999019,1.3668464910261295,1.1098971248140368
3.704275157144823,4.0818314074260496,9.273554037546566,21.690663834895027,1.3028688539571722,1.1823576838453085
3.5975854070392392,4.26555735231523,9.312170758906511,21.328766068369916,1.3993357272847011,1.180204455414399
4.116907473463402,3.70846455104651,8.85428338674205,21.743651276269773,1.1480627482116381,1.2745080997966234
3.9446713935790627,4.006884987909655,9.065353886944663,21.432890587005076,1.2597655764647373,1.2402056078701036
3.2385073224627203,4.508642985849573,9.185783343315592,21.7257353480744,1.4216863621385183,1.021181253091258
3.4382020842091467,4.514917291311944,9.200105638391237,21.363812622124854,1.430787786822068,1.0895742343229426
3.6550754901513502,4.145248333950173,9.220593147185328,21.589265288995776,1.3358950579257745,1.177926360562771
4.4601138056171195,3.435898139208783,8.8008559376053,21.347805414488914,1.115895396027084,1.4485355094348302
4.234894356635223,3.8338502668385375,9.071538060456078,20.947164132508682,1.2834959072093486,1.4177573968446773
4.237735836907487,3.838014182781743,9.026480389028901,20.966526345364862,1.2857407645176384,1.4196481449216876
3.943983227508453,3.9418002404730847,9.14077422259076,21.39951643086214,1.2909158883412752,1.2916308034754986
3.9101871488293924,3.9977719967266983,9.070495057563221,21.40076029998086,1.2918976035141445,1.2635941747054666
3.588503002320403,4.152916375105421,9.392120664209873,21.642635625877922,1.334183934165865,1.1528580450359585
4.2597957541986196,3.662384417108293,8.860214653637005,21.548472970758006,1.1385593269523955,1.32428211637174
4.450843153098643,3.4702259754330176,8.646326122799032,21.541099736724526,1.0886014127144574,1.3962186262608058
4.818074628094414,3.1290441746023494,8.536781211180141,21.452556546746877,0.9893967544941267,1.5234643980546922
4.44449610102285,3.521842452120038,8.926805041280181,21.185326039387768,1.1700069136358775,1.4765257777769545
4.365387667333148,3.550023511734809,8.832460416046601,21.199963155229234,1.1939288296587276,1.4681486394209118
3.6964002512091385,4.1134533564346025,9.31081790168637,21.52009296284571,1.352963836426691,1.2157900993386432
3.463636144501596,4.265338774720333,8.96301384517258,21.80556161933528,1.3319127216608242,1.0815696683713956
4.462867570529255,3.4999455772094272,8.624488206270458,21.44863584444484,1.0973269466958016,1.3992288556044425
4.395567820824762,3.5718713510233235,8.763285302209397,21.379524370135258,1.1292611542938118,1.3896760278611986
3.6717342343993327,4.063122055530369,9.281672688209088,21.574575389984545,1.3324046729309953,1.2040583041347463
3.3874673744018566,4.444000442188008,9.467044626139154,21.721677651156636,1.3762024933716517,1.049019033079055
3.833282895715995,3.865995863020137,9.032940819188365,21.71561332073191,1.2513911245459328,1.2408022055733232
4.38683401679599,3.3076715885427306,8.711551098260522,21.838294919793,1.0543932299811343,1.3984000420061298
4.06116975964731,3.741483762358934,9.150751704136935,21.638669282254302,1.1887099538847616,1.290277661038107
3.8444824163731455,3.9535771953278362,9.223616361199955,21.638238245085056,1.2717377632397,1.2366455054401242
4.485029644558503,3.319760841958161,8.810702339055549,21.516797352682822,1.074858911641936,1.4521449923448213
3.981853839865198,3.8513619361198956,9.132929107625884,21.423497484414707,1.257193873446697,1.299790135403907
4.344155888468121,3.535652741991651,8.884430185819458,21.373622650555266,1.1634232060479983,1.429464978646878
4.432489907169589,3.405476436387128,8.852334500085416,21.475755941852654,1.0959930335023758,1.4265193578849995
4.4109291592673685,3.4119471487841753,8.86616510723652,21.524544019310934,1.0913776307301568,1.410921449025146
4.204104803423268,3.570550677320922,8.95142475121107,21.494172981190264,1.174408259827163,1.3827938188021887
3.6356526943154965,4.0530520555123015,9.378853929137486,21.969666713788364,1.2642974012392316,1.1340950449871523
4.913767683736389,3.064121068021681,8.551452260585833,21.06988920636917,1.024846545852108,1.643491796180333
4.850486646150946,3.1794847327705322,8.583026198710053,20.941899240403643,1.0688256194933095,1.6305548949432458
3.6405072898232413,3.9981342548411396,9.557203726061914,22.06005694825217,1.2378826806548822,1.1271559771694297
5.109594525473343,2.885395106860799,8.15773348139796,21.105735695721037,0.9519285597901994,1.6857202489116097
3.865752665469184,4.015463084363837,9.372446960308334,21.496441874680812,1.2799440728622473,1.232223309581891
4.207753513971602,3.536135872093885,8.859062546208786,21.75776995300223,1.1176535733389583,1.3299293128788061
4.331183612335399,3.3131712893759624,8.827416368644068,22.03099247943312,1.0256057647209578,1.3407356556300463
3.768894250827495,4.209911667546299,9.395074357292852,21.00495611206053,1.4254928796440214,1.2761626235776116
3.3802074103324777,4.621146663447744,9.776342630806134,21.004220471048626,1.5782769226579971,1.1544544542858195
3.8850074879224916,3.9915682781195603,9.188367433186968,21.253954246712965,1.3384187331672555,1.3026876751260654
3.676316951146457,4.07729034540846,9.195737300390931,21.707131366427355,1.2921578038792163,1.165082992754457
3.6206273097716744,4.214481938319394,9.163116393119116,21.6136649032972,1.3225988280664682,1.1362339444926008
3.7847133690411376,4.073315011392371,8.979481522228237,21.721643896555243,1.2333532590058938,1.1459679781835608
3.7881952057822774,4.143365586347915,9.184930076087092,21.355830063170526,1.337392648761612,1.2227510014999161
4.421723897122677,3.542401512066577,8.69894522371708,21.41335255081117,1.0998490678110238,1.3728621359838393
4.138202044497119,3.9786863458846353,8.974351131113071,21.111144753809015,1.2614111487580104,1.3119843438126637
3.3389298013719566,4.2638559582858315,9.233173733516555,22.033251396037638,1.3395113352072574,1.0489412306969943
3.4332369167545567,4.449938509489958,9.28243935816695,21.461020723944806,1.41168800684053,1.0891519893339108
4.600132714172612,3.267331835664751,8.645290918741308,21.57766446719578,1.0257927882247417,1.4442313179110924
3.4935717259605776,4.302267052424172,9.314211486159067,21.459580866052242,1.4144306397849775,1.1485607079413673
3.4980505751459243,4.285015798383903,9.31099629521785,21.48578172735466,1.4059101176947912,1.1477074828196772
3.4908455101079983,4.406601118159503,9.411524351042248,21.24824751786785,1.4500426089427587,1.1487027291926306
3.5129564318340574,4.41520516380119,9.543612263734913,21.26011099459967,1.4539076465831289,1.1568011063747943
3.6403751237465523,4.291247498152675,9.32401794027886,21.178118591232867,1.4509143850263224,1.23084782134091
4.023451649745806,3.8683280513515124,9.134634720579047,21.156730220918693,1.305030985394684,1.357363957103158
3.9236795999809915,3.7847014871743716,9.165103917893028,21.718912958415768,1.2082617654670693,1.2526303743283131
3.9685663670078966,3.9238791605025383,9.100822134816365,21.381651076182703,1.277385958191102,1.291933503557769
3.552055978212422,4.565287774669338,9.387025816304138,20.843239158104517,1.5549914691227344,1.2098726337939967
3.544237716372978,4.487135715310522,9.34780889078647,21.136068196922956,1.4805717176425028,1.169453846817856
4.040646809517292,3.7828051315725415,8.945753463378903,21.460384820278005,1.254165436647292,1.339651236036334
3.555026176090388,4.309722094552266,9.574262626123165,21.459829839016862,1.381139484431227,1.1392815852770408
4.100828156574014,3.6785037386696433,8.949219551613819,21.63484722271747,1.1785344797469393,1.3138405507744386
4.167781953184034,3.9968566701476695,8.99165700709656,20.73857548724444,1.364546440234917,1.4229011689034334
4.153226998201317,3.8884366616017862,9.058683506953516,21.13066463401748,1.267927751124508,1.35426965282488
3.7442800128959743,4.269430011840257,9.299233147977407,21.37172816587581,1.35204342911204,1.1857388864911929
4.254693609752569,3.4299675493165287,8.838355786084989,22.006888941496626,1.0427775888052966,1.2935105302576884
4.186810680228848,3.543090038810205,8.934609277438248,21.87616705775278,1.096685074317348,1.2959345463152094
3.6809847289757904,4.462688990757383,9.486761522133797,20.721020461583066,1.5482492873233566,1.2770511221123007
4.389409361319109,3.648653151610458,8.807268243478527,21.017245416694237,1.2404118491591216,1.4922425224735327
4.592368453968109,3.519414024279002,8.873379072688355,20.921555794578587,1.1899366110554814,1.5527094331995828
4.55342731612329,3.5326718603389184,8.9490230322706,20.939724711599105,1.199777605389266,1.5464499216545835
4.254502322371101,3.7083747995948824,8.85665233854236,21.24705175272169,1.2158939948934042,1.3949571185728546
3.762327492633329,3.9484446956196346,9.229235604312683,21.698396496651995,1.2684270522611547,1.2086374101722301
4.258203689181524,3.590784870638974,8.910282789610282,21.40977226855165,1.1746474581159747,1.3929790616353648
3.822729224549352,3.9135316699191365,9.222137427850553,21.781817639963307,1.2312523189019406,1.2026845875397913
3.319775329632587,4.609202009153669,9.586748731332303,21.189476917312902,1.5411626495082056,1.1100215899905808
3.692186576211797,4.2531917581959195,9.368898393662162,21.304082464367028,1.3819651304665874,1.1996809440037661
4.2854928044625895,3.2683022075182024,8.653136982006247,22.330122174538808,0.9697196559793979,1.2715245849928039
3.7945020091138293,3.986640258052926,9.186332678631294,21.791737368129358,1.252395264331825,1.1920354080387316
3.330701628597534,4.58671678166395,9.440773529784927,21.290270996514653,1.5073699562212415,1.0945955041644693
3.625379014816428,4.212427743507168,9.151499086237202,21.532670439075755,1.3402467628936774,1.1534684473483645
4.555090810711298,3.446048725463387,8.93775628199852,21.210453562522368,1.125912877696867,1.4882654922904115
4.50901780361694,3.4575721954887895,8.985777986563182,21.22544895756486,1.1377257312306353,1.4837074362309346
4.24775331114621,3.766108798692477,8.97535137155746,20.91791446052285,1.2901699030200964,1.4551686556154364
3.331505568470653,4.515449776456893,9.612385107307691,21.39445568539255,1.5020951191595888,1.1082480155009944
3.5086147861357952,4.419761064080506,9.516494015969988,21.21601626873482,1.4824985716765477,1.176877286711802
4.063014685858862,3.9424906225390126,9.038214900107477,20.964161232370692,1.3557879045395316,1.397235071546304
4.044957593568003,3.8879305433965032,9.047226748739924,21.136263883944437,1.3262616899030422,1.37982719437808
3.5155373838598765,4.34098488266831,9.541347879037819,21.413683496319955,1.4003972807507838,1.1341087623666044
3.811497800299463,3.9043664324555687,9.14302119056506,21.67471150450259,1.2620962087065022,1.2320761912261593
3.5519910807199784,4.4003429050462755,9.361049582231537,21.267933791169654,1.4192070413506062,1.1455949823345255
3.451521702848336,4.530498969533566,9.415962758520402,21.202365291140467,1.4663676131647216,1.1171395634845538
3.618038163173901,4.006070836519325,9.359043754228832,21.963347047741095,1.2647427347091467,1.1422382847204913
3.176057681806128,4.565333641315583,9.54189059396697,21.413839472369965,1.5492486077223204,1.0777970085371449
3.4635390378088133,4.328593981179241,9.678867540011336,21.33337270463565,1.4739701887113132,1.1794022057428581
3.29900439889968,4.203531376682731,9.4995279696618,22.0528152796471,1.3486048816132832,1.0584085232476195
3.756757640612918,3.990353254830388,9.20610471297377,21.5675621414706,1.3212259104513926,1.2438812348394466
3.7714199580774967,3.896143072241246,9.354356602514219,21.69216398105585,1.2764599349200076,1.2355979708605362
3.8905059385141176,4.039778298773714,9.081122934650484,21.391470716275762,1.306353584879553,1.2580829946326206
3.864424718299296,3.9173294568852395,9.097865585577336,21.614854113193402,1.268078097722123,1.250952313178106
4.107123312057515,3.6369221603466806,8.988806008515027,21.709821932607092,1.1652835812403743,1.3159378041827536
3.872867051913203,4.221032158536749,9.07376099123022,21.100427270885646,1.3515539586187715,1.24007318556702
3.9483192114224903,4.0849722581042585,8.968958873366446,21.248248114975382,1.292239989402635,1.2490111691222652
3.9624878511357022,3.6501526449478634,8.991508408624417,21.938308186341985,1.1675663638397187,1.2674723448930325
3.8939013468563326,3.8969063190859763,8.958133498177917,21.66585754069282,1.2345855526741056,1.2336335422850608
4.437461087770792,3.6448644814022804,8.960477437685544,21.045047397821683,1.1959141579714692,1.4559725244629358
4.764977034900782,3.105173406552897,8.598144808575913,21.661519426037536,0.9603224945233977,1.4736422200595938
4.026643826139988,4.098092829513843,9.08481196018281,21.106620597594997,1.309522131640474,1.2866910111426946
3.514259363403883,4.23444901087922,9.309811101082776,21.680855369158788,1.3569322613237855,1.1261469656643208
3.9105687338977986,3.863118536334796,9.084732046226053,21.642173327387802,1.2342090994863517,1.2493687341322628
3.7288950152919766,3.962333957722549,9.14010908294457,21.848072332283113,1.2557568816038966,1.1817745869464271
4.035797770017156,3.6962354481973203,9.221997188953752,21.593164477443082,1.2172530948994447,1.3290785705595576
3.6306154260782364,4.041359362054023,8.941635421194341,21.981785169684464,1.2398125910042874,1.1138041225956246
3.567744393582523,4.2578308154528965,9.259285395399191,21.534245591710608,1.3727417443445922,1.1502551121682285
4.094198121216253,3.6161948238391295,9.112906611111839,21.763227754247783,1.16910951154459,1.3236471481313217
3.4680505209353036,4.473082888619371,9.348636008988846,21.310853904653797,1.4515522222617079,1.1254109449631255
3.715510030344697,3.889925660578612,8.956105522089363,22.11063367142515,1.1928832800617029,1.1393970422150614
4.097120052014982,3.613151667017917,8.897872072497034,21.709781852224506,1.157750381997421,1.312826790142634
4.435546727008487,3.350534046153036,8.797260622258511,21.454985781517557,1.1102376579124704,1.4697689806821612
4.0366289819290495,3.7910374230594597,8.96444275343514,21.531454484802474,1.2263141204737182,1.3057573870263015
3.560203640858025,4.47896326382421,9.28435559490604,21.075342770455634,1.4935255667250773,1.1871620388842414
4.164186065638972,3.885016268121248,8.913529283194379,21.127842757792347,1.2788620331698193,1.3707585994165739
4.126116283608529,3.8626397326587663,8.902980998675348,21.338400254828827,1.2429030056340193,1.3276833164460073
5.051517332317586,3.0153589083493326,8.3678911194012,21.03524643835638,1.0125560518124255,1.6962970582077588
4.142347021112162,3.563272914722816,9.010180851286428,21.87000632574634,1.1033032006946613,1.2826030551568237
3.933540328784389,3.93681064626048,9.17255639547849,21.284285539430748,1.3130046210417583,1.3119139051439894
3.939991089706916,3.8644467188865668,9.129756244474189,21.60718303790228,1.2267358988987584,1.250716819942934
3.414741408667269,4.359508883305861,9.51821581156265,21.41473501151183,1.4512219932374666,1.1367215817481682
3.876919248987896,3.863977058992525,9.233739772528203,21.557685421832353,1.2648066360344603,1.2690430400143617
3.2182949137214476,4.575498435175676,9.383281187024206,21.826567214486563,1.4002580269233544,0.9849076225882345
4.308641303221448,3.6073295850427436,8.832407015045804,21.13608770788427,1.221089064486339,1.4584846363838797
3.4301601198355973,4.328697975527637,9.293562729660117,21.899951490343962,1.3261739693625425,1.0508908423247016
3.639691488080479,4.178759495414536,8.916402080387162,21.75654742762601,1.2846681295183546,1.1189434714170798
4.248596648327406,3.640061390534317,8.706978411546297,21.57096480745988,1.137684830803224,1.327879791141105
4.219649644388099,3.5934205165284094,8.857901632276882,21.363932989128713,1.1985771809308734,1.407454471867032
3.2802039642004153,4.312847541036344,9.629938494135224,21.918981515442766,1.4010716986029372,1.0656070951170298
4.425545103887818,3.4608408964734116,8.755651750042555,21.24540671814221,1.1532714688533492,1.4747441604837328
4.31751965991159,3.6026231614558384,8.93886495472788,21.19124645412934,1.202191520624908,1.4407517224697872
4.415286381619383,3.2204643466206315,8.710773943565188,21.956153290956173,1.0044582131566895,1.3771214930884959
4.556758930485736,3.242251405570205,8.617148650749165,21.655664951978068,1.023806663288525,1.4388890842998425
4.303958692466234,3.4154878968387257,8.9251986170531,21.621696163882373,1.1127486384555512,1.4022079186529985
3.764006200661896,4.039303792713445,9.244939724998652,21.542070709641045,1.3219552130399868,1.2318577344580586
4.449273239004295,3.412702670959855,8.802957187097526,21.291862987445025,1.1499039189651648,1.4991744747100635
3.5603501715795653,4.374624385807916,9.363740783257663,21.26942401182513,1.4321529772369723,1.1655780356310865
2.591293807842507,5.19284980338827,9.756095338692086,21.668823794278772,1.6393625709568145,0.8180614190222396
3.537478993896226,4.419335879638626,9.180444022723496,21.30284444975022,1.4170690122701455,1.1342998134409326
3.818132072431537,3.800081594177718,9.148234816356013,21.960787948747694,1.2041697604880268,1.2098895955854885
3.2904882303078393,4.4365635081897015,9.477238643791246,21.572549002271046,1.462164183207149,1.0844506174067998
3.649509754007232,4.031054757603439,9.316381530592416,21.879136800207988,1.2729953866822363,1.1525045825140507
3.7379688295515843,4.02126072303326,9.024545128662076,21.735859015578992,1.2579912443269539,1.1693676145415335
3.3316920100848146,4.3201985923908355,9.30695390861601,21.962091802957357,1.3436231804244367,1.0361881564123856
4.063370024476965,3.784392023915234,8.939358684344121,21.709801767144647,1.1665698589652278,1.2525671141948804
4.24254024247934,3.591244839713861,8.85655991190005,21.835766059460216,1.0925751462631053,1.2907206923611763
4.221840748484514,3.6220138408364164,8.94217374298998,21.703026972397065,1.1151825777791242,1.2998634063145051
4.27731957043064,3.4307894428545525,8.817367136721405,21.94684216271672,1.0526123676303036,1.3123392021389362
3.6616054990866163,4.238553931603385,9.309364778619686,21.28604833178408,1.3917915850255564,1.202342073157068
3.949870023244855,3.831830494414111,9.034170139985632,21.756094153786922,1.200506433813768,1.2374880315155006
3.551229743515772,4.345296050737653,9.547449503038036,21.20440948730715,1.4709632862485211,1.2021571172023315
3.3521125095901807,4.578551870719707,9.658989518778379,21.327131396702374,1.496839637975543,1.0958868692514208
3.464146053928503,4.485355530701913,9.57732804398602,21.254467326988745,1.4766476662644188,1.1404498820926516
4.0953322956566,3.7416208362925496,9.026863100670923,21.42518532031865,1.2313025395876465,1.347702847703248
4.173796893050123,3.7806836659767082,9.102385103329647,21.272334973568334,1.2264796245528828,1.3540082425874242
3.736070830845184,3.8983974391709624,9.165213989191491,21.885746610630207,1.234645404273085,1.1832356124065895
3.8222056634503345,3.9833422647469625,9.244327229390674,21.450315278036964,1.3043767180183006,1.2516112720228458
4.656537184430677,3.108043531362231,8.514521169254868,21.660125682833243,0.9961473090656748,1.4924491690764097
3.218737809331229,4.692453237032431,9.914447752101717,21.228080370853384,1.5625043583737341,1.0717830528073544
3.3904489218495133,4.499929416647012,9.988554919591738,21.26014346725262,1.499462144179398,1.1297621227746455
3.8325278582881706,3.92951602401528,9.577502221178946,21.661881740616437,1.276047481855469,1.24455212622147
4.404417122192717,3.5773605054174715,8.827031586539691,21.314303427807715,1.1324091004582468,1.3942128627606993
4.128391590495049,3.6548715156106644,9.023465450959534,21.462762859894095,1.2139855458486597,1.3712678262581177
3.8916490649628908,3.9851212363969233,9.08273750320124,21.414705275728554,1.2991719133838784,1.2686994603249868
3.3396598650380627,4.335406923562329,9.439912866813096,21.941983042296158,1.3481651530535657,1.0385214427337621
3.765183751025333,4.148349753355337,9.228850472250462,21.39064856885158,1.3231753884455724,1.200959120744889
4.049560310966587,3.881660059851988,9.178139117737134,21.161467687322407,1.2975861865937193,1.3537129579267628
3.6217855708350046,4.112469194463869,9.252119948811654,21.547193367813904,1.3545720436888788,1.1929498436348633
3.8522990733341405,3.717590545581655,9.211277130633336,22.135213174683997,1.1519167735299372,1.193656984226361
3.7981004469426045,4.007013370346221,9.175201759230728,21.375005145468982,1.33845680439972,1.2686739267268041
3.9016108287695417,3.897849458642398,9.082889782262745,21.38876894622149,1.306044195819918,1.307304510174028
4.146705428387629,3.6721631793083027,8.967706813088938,21.44586311857868,1.197061471311437,1.3517540095088645
3.968666068452129,3.8866525069772204,9.201703087599585,21.32333529818222,1.2783210651201506,1.3052953477632987
4.003522585443703,3.899785151380517,9.096977872845253,21.421654864064422,1.2671559474541074,1.300863318871802
4.460713200088231,3.391742390476327,8.792180676084474,21.541252525191254,1.083899035482609,1.4255100118205517
3.6497051944180265,4.165695834118831,9.375551376721804,21.513778812984228,1.3594514572741967,1.1910608077851457
4.107525152967774,3.74439682044834,9.095301766292197,21.502925239781128,1.1940752657810472,1.3098756419051392
3.6822038483562616,4.205114598117649,9.14970637358755,21.428509746291127,1.359933679648419,1.1908243906009717
3.5896187809717817,4.248739343341087,9.445883051855924,21.357468507201162,1.3992041832481121,1.1821411502857857
4.006354390944464,3.7384905092380967,9.004867479752898,21.675243786699845,1.195805500161228,1.2814852958561727
4.260773793304723,3.7042482786941315,9.02033753951244,21.21657921462061,1.2222717757051254,1.405905640875766
4.175757710005049,3.736004578464757,8.947145438282094,21.324934754374965,1.235290247142802,1.3806923051792128
3.7916529247403976,3.9411616476123545,9.260987436956215,21.7102145664874,1.245509437251297,1.1982607979062896
3.8186099983501065,3.9712625404763497,9.371156902737553,21.56420781724497,1.2680533262331923,1.219310247217843
3.582955327375229,4.344621863953998,9.467400314213444,21.30267665700284,1.4170985523554245,1.1686634571591228
3.856771346074548,3.8531472401472264,8.98330205869472,21.95137947421626,1.1659479830589152,1.1670446239950114
3.6324409010076195,4.21668348832962,9.163567516277078,21.543304000105984,1.349706181704585,1.1626976395870547
3.8752687195417286,3.82381398346352,8.966536855189828,21.653756748812167,1.2510973100457834,1.267932564630593
3.1609181796947468,4.739651175786991,9.673503347714497,21.404749694110087,1.5248576189512675,1.016941962693865
3.7218406802714545,3.9303089430049347,9.261167463000916,21.838593091253124,1.2490580235011743,1.1828064997689145
3.6925229477012103,4.284807238042673,9.398544308189955,21.248078922795948,1.390924802941641,1.198658765273875
4.235176192191749,3.593558271628911,8.991926216921245,21.347717468897088,1.2066320452352703,1.422072198205826
3.6678042206205883,4.028205795692304,9.253967193658642,21.818261864479666,1.2796770723821207,1.165184999270346
3.7772888030980543,4.049040810618804,9.317750757466447,21.50457147335633,1.3221932621821122,1.2334540545193755
3.888368560880578,4.010467156031526,9.222638941839861,21.438914989697857,1.2928834410614376,1.2535216296549752
3.9067712790961986,3.7382918461169257,8.915970323514669,22.016675089181362,1.1431942959103343,1.194716417426924
3.66590886250923,4.191732161774151,9.408229579660787,21.42794483019012,1.373692615198415,1.2013725443488104
4.130593229240354,3.765431155000755,9.044864904976702,21.3458024110778,1.2279575578447361,1.3470418035639187
3.885830359236626,3.8724692470772912,9.061328329875334,21.738379696022022,1.2218767751132453,1.2260925949417685
3.6492520062132967,4.156817587833285,9.349799116093061,21.348088584408572,1.409499547955014,1.2373934974165293
4.265943637416734,3.5384984585740025,8.79421420488629,21.773999853369475,1.0905037222812597,1.314689682673975
3.597394051652043,4.312477718950421,9.277748993065565,21.295229129059237,1.4149641582946264,1.1803385380942413
3.9092204193677427,3.8812398883204873,8.981395149149487,21.734696547337283,1.2036138964717598,1.2122909576605
3.683691197416631,4.178120943566351,9.15998454235725,21.506479742348372,1.3304597286365514,1.1730160177489732
3.6798522772299322,4.1454826020137645,9.264768717628943,21.658852691231772,1.3005343415756347,1.1544552752767627
3.5651663156091185,4.34623255398155,9.335835771498388,21.442434043591298,1.401851694845952,1.1499233830379976
3.8468318652800852,4.024553030607607,8.844402080172383,21.612892824212096,1.2450083650107868,1.1900297535253705
4.504511837732957,3.5237097777455753,8.762506456858404,21.172537807308892,1.1476659749244216,1.467111452384675
4.406558937214378,3.6450502533750284,8.98035421671265,21.038824887010612,1.2029910069380623,1.4543148666065957
4.221273857282835,3.766805956301374,8.992516128061691,21.196006183691203,1.2387338125395422,1.3881879554368801
3.8557637963312024,3.864300158470596,8.91192393445673,21.76601033553527,1.2310879623715605,1.2283684498489071
4.555816420965194,3.3109714671623536,8.584130627403345,21.46742678034623,1.0537260256523548,1.4499014499148486
3.5863038671265692,4.184959220291568,9.477387803865566,21.559926154314,1.3812356026534298,1.1836508607278085
3.7363632515837883,4.0425541629664465,9.416666833405925,21.56813754373161,1.3319646937573095,1.2310790983960338
3.856884110581221,3.93848814840838,9.092594776357943,21.508020013730327,1.2840314289645072,1.2574267661212726
4.248592266576842,3.556616132291223,8.83758492672195,21.64913125150601,1.1192105108033379,1.3369643908709639
4.301938197608843,3.3483242318364037,8.850709499966934,21.919064559174,1.056801322322938,1.3577818816223617
3.970644532822595,3.688929507160203,9.110804820227603,21.979972420869736,1.1529575040764366,1.2410062055271132
3.8842379161456844,4.062887115983196,9.23516351006785,21.193386113495773,1.3496740700019558,1.2903275546388437
4.136425060088297,3.9303203394545223,9.185721987359338,20.99337183571567,1.3157088324254647,1.3847041757872416
3.9969524036107345,4.037325329598523,9.39270280503938,21.07522970686927,1.3415099375019932,1.3280949468839258
3.7023268676349574,4.2196352699611275,9.306218658726594,21.31929254525017,1.3885802215095073,1.2183464998880127
4.021313355226546,3.9867976126469906,9.173438736050239,20.93902839670762,1.378034795432128,1.3899651462766056
4.415586005995656,3.597097475018915,8.947311703951724,21.104689779442808,1.2114804791193234,1.4871424217126803
4.069347940391222,3.9884332254809736,9.144449894506298,20.99718804415916,1.3504465306069928,1.3778435032647014
4.189698676688329,3.9180861664003257,9.103907478896726,20.668597498547943,1.397108889917472,1.4939603211060832
4.503963700871468,3.507396187329261,8.854239329752737,21.01354652631566,1.1980082829257648,1.5384021454815093
4.319012286169336,3.2554745455922762,8.742932530527233,22.04244497345178,1.0200252171002573,1.3532593737596106
4.077424035559226,3.5412406380066725,9.088626540739583,21.825478553647557,1.1492091256434658,1.3232122269500062
3.624058990441181,4.20121200829811,9.232239582808596,21.59477991273107,1.3419463443601656,1.1575927861679682
3.98750035403223,3.6146931652114453,9.134726571133168,21.936268783865337,1.1575763458456474,1.2769648426324576
3.9857002635171623,3.9451882192940473,9.116239039139773,21.474833722385725,1.239317736932918,1.2520439472362888
4.435881161693576,3.3891696651550616,8.820112528870656,21.502803886136306,1.1019625103146724,1.44229272162265
2.9651674944803608,4.687067024430273,9.384907874785345,22.01644975238832,1.428840808235065,0.9039239885588476
3.51325916637543,4.196063506844992,9.150793736732123,21.85453190924448,1.3044600926332681,1.0921918531830435
4.304828045527082,3.9230895312894427,8.887403779561252,20.76622715405223,1.3067694642672063,1.433925428912377
3.543229553878894,4.025209642579152,9.313118959216943,22.04706530266001,1.2608636441044798,1.1098873658515496
4.11976199274767,3.92348738016667,8.881534008898052,21.351789654083667,1.2232607960387707,1.2844550896770583
3.7183849465214545,4.163176429441286,9.10602727137075,21.641892576417636,1.2807251490956393,1.1438931776590067
4.009723730240883,3.7691721504975164,8.771486073694572,21.66222141487604,1.1938081621012564,1.2699979533438974
4.656140331367046,3.22478407788057,8.540121031233491,21.464061948191606,1.0334394872555548,1.4921430894065817
3.4560202504696056,4.343094443043063,9.370248707404112,21.647977064159498,1.363953812673148,1.0853671406695882
4.010779712260565,3.767689415841971,9.150238831654004,21.5117982347089,1.2368716223405272,1.3166742430242477
3.9386589230550904,3.971767301258991,8.898778262575844,21.57325150492236,1.2310701460617528,1.2208080302579332
4.209309578981827,3.6496854194877875,8.538629829066087,21.387023641362106,1.176781283688642,1.357222927583802
4.1249951889962,3.683219434955906,8.647503650121864,21.626637266789707,1.163783693009383,1.3033711999712572
3.9817555017090274,3.8844142445557686,9.026527089341913,21.26407411641444,1.3026897627728753,1.335334442563842
3.686021684536804,4.210284472543231,9.223559569874864,21.500143350895506,1.337255292261714,1.1707408459411803
4.097674222606571,3.714301786566926,8.952590066447112,21.49469222196958,1.190981200755,1.31390857457857
4.062848130109804,3.7892282916841524,9.029284827378694,21.421153986395193,1.2282306773353941,1.316921105468076
3.8119547042943003,3.91883249058148,9.266246600969268,21.698082621896432,1.2685608130869763,1.2339635263187219
4.570353601236179,3.3285969974540017,8.626385712474569,21.29235872235862,1.0904745668840319,1.4972838008407088
3.993368352023028,3.9754219216088957,9.203939657516162,21.174045226785168,1.327604081744751,1.3335973460423194
3.970531819883476,3.962490416677089,9.237596147825318,21.176612116036516,1.3380522436611146,1.3407676616106963
4.091127991634729,3.7309221801700088,8.879258732398371,21.546651029223042,1.1984521545495284,1.3141579800758822
3.777449219935485,3.8919941012588324,9.33250129225168,21.826957099020625,1.2401683888572568,1.2036691195298252
3.5291592771158005,4.224326502273186,9.476405549097736,21.45801690951097,1.420956364411926,1.187119729770543
3.878790300317775,3.7821161693349645,9.21621426629802,21.869024136671793,1.1982922256289015,1.2289216019858158
4.1889197588326015,3.7211022041690933,8.883385616160854,21.24806782724503,1.2333117908767908,1.388363943300668
4.003435588959589,3.9111025117283518,9.252487045151682,21.30824031106345,1.27233681467648,1.3023740670935116
4.504887497596407,3.163147933742797,8.473687645840638,21.904330771401263,0.9865368439955111,1.4050046306797126
4.839629189825522,3.0293920884963903,8.513084153720031,21.514741974461884,0.9611403190828303,1.5354772864876134
4.167966417626351,3.5691793910669976,8.872834541329732,21.735248487752983,1.128202031543925,1.3174759978559556
4.068288958860766,3.8654075439201705,9.10439360574584,21.345764354194205,1.255340492260456,1.3212288241913581
3.839434963635043,3.8010681684641487,9.114998397147444,21.8084061786717,1.2230469156035872,1.2353919692610482
4.383998237642992,3.5928281348054716,9.11612521207492,21.215981951318522,1.1793399059347984,1.4390401865075972
3.5355896712450807,4.13260663866781,9.03434749544645,21.953645378672444,1.269361272477515,1.0859830118011786
4.215482718102669,3.736790008752118,9.21911976188165,21.270276654932886,1.2329631413323274,1.3909089893118438
4.55031367193018,3.281101875744143,8.672261717665672,21.435049635134703,1.0749164910117233,1.4907209195156577
3.6125724130955628,4.095498545164673,9.273184298039519,21.899867593613457,1.2618854229821412,1.113088533002864
3.958446951850146,3.656479597083106,9.031106173313404,21.959960674001472,1.1552408246691659,1.250645436313253
3.802798169575646,4.172465253423535,9.138117982034226,21.284715001397856,1.3538835193285192,1.2339337673085982
4.073622670568921,3.7207509107987478,9.049129760626784,21.705592437663416,1.1573405888577684,1.26710144628534
3.2063416916696212,4.444019459736041,9.03573649970793,22.12744991158057,1.3396799974320153,0.9665735868576186
4.4456741646604065,3.4957438870016073,8.982251672799217,21.1331666362929,1.171233943167853,1.4895039940642725
3.7043905122649603,4.209536270988413,9.163151284898884,21.439431469480475,1.3432045065153209,1.182019517033065
4.475294576874965,3.389403435981003,8.70221480831179,21.557216976135336,1.0706210924261061,1.4136248042823305
3.6585820529778648,4.357791008870839,9.427653035150747,21.030303430479577,1.4651651940174053,1.2300789717928367
4.342832376206766,3.456551947447481,8.82778709660052,21.403160013905065,1.1579047048364626,1.4547983415783259
4.672657409991567,3.198834803942856,8.623008651077637,21.27327039512288,1.0715662494112839,1.565276821871778
3.7460818895621197,4.079401043825603,9.127824255028154,21.599432198161814,1.2963905642262001,1.1904652575890746
3.698071631979852,4.241411813009331,9.242606648256357,21.173402343661028,1.4175197715759953,1.2359303661476873
3.892086973881197,4.2307273499752185,9.166290648770195,20.916906970819074,1.4164228008055049,1.3030479812308677
3.8526708381990824,4.211847312902253,9.04863299769671,21.12163001847314,1.3823299741714299,1.2644481113891592
3.9326346937322154,3.923564801544294,9.05123826323573,21.60748177733423,1.211059606822123,1.2138591477046135
4.450813115195442,3.5342818761639965,8.645797352942846,21.259306737937017,1.1260220931759939,1.4180289167391205
4.452462837609867,3.4401839626286237,8.855560234151072,21.57583471664576,1.0642322073555663,1.3773840019350458
4.4831032749424615,3.4039748790245272,8.837341609505337,21.562708320020015,1.059436264211734,1.3952988357662348
4.435927089993331,3.4453162106696014,8.852081458778812,21.51793089693715,1.0822275893068187,1.3933939259558636
4.229309152902305,3.7642256531305187,8.868263811409438,21.199930816562087,1.2259595409378976,1.3774312130476245
4.1518922103770315,3.569491824862413,8.938733485452325,21.782455093570483,1.1169676427748982,1.2992127403062619
4.661878077961979,3.169911619075535,8.52897134829038,21.594215907510236,1.0049957237250675,1.4780120381544883
4.622560709570162,3.1372482267705903,8.587982267123254,21.72204641929622,0.989833577874394,1.4584647038928797
4.319418040155654,3.600884848907028,8.767813364414039,21.323150204733473,1.1810325038707021,1.416699871637863
3.4390452509804335,4.369934196778607,9.547581885771324,21.504315723446638,1.4137833400120474,1.1126174130877906
3.5335848956006335,4.26259036600592,9.527338040139584,21.568039330569153,1.3645348534516226,1.1311665756414797
3.2134450212909007,4.385636010213066,9.520105258532599,22.210984894400667,1.3408642483627653,0.9824786035809117
3.5028238912551637,3.99079623433351,9.23615501252075,22.466235120271,1.1775150076581495,1.0335350288375007
3.3747047381004833,4.3489729918650895,9.406394943193153,21.856242161334954,1.3655156577912606,1.0596092845180671
4.314103854127928,3.503774503556339,8.868023643799937,21.43504205901873,1.1437605763492344,1.4082818131188195
3.4301456619140165,4.34309603660708,9.63157628405079,21.763858625763874,1.3709286747347793,1.0827494963958284
3.756951249519271,3.9979147438591336,9.293215305414886,21.764385452659596,1.2630159865494934,1.1868911152041133
4.232709385413317,3.60034769842823,8.972608432585151,21.464080423852636,1.167032045301372,1.372008457233644
3.587080760834927,4.055880632510372,9.283946612033008,22.040035708543844,1.2550808827380793,1.1100120776914817
3.800327997994149,3.960435898061394,9.317101584963913,21.615252050145227,1.2898439667095645,1.2376996537501344
4.191457765905599,3.547367313840601,8.852204644831872,21.61431021072823,1.1451089776053043,1.3530247906004258
4.636773647891598,3.211876332995309,8.742966579436702,21.243321365134577,1.0842074103857662,1.565198602972755
4.341905025156641,3.4072278269100824,8.55885451235163,21.7450467324345,1.0784337551994334,1.3742717478465047
4.676218678582957,3.3367573014427676,9.000345521617447,21.083185609861264,1.1010809951682121,1.5430836141459832
4.770632891365478,3.1758165186999543,8.849841293146067,21.26350424083565,1.0311821302770765,1.5490162478599157
4.3969523903061924,3.440025273407766,8.722442136516182,21.54404821199278,1.0863924340281774,1.3885990450525778
4.505169442881023,3.481345800462946,8.874924653704376,21.29387614754151,1.1273939243589648,1.4589474729675846
4.178846412321177,3.8443668018173756,9.027140375409445,21.05705862138349,1.284159858621463,1.3958883464268597
4.042839212257955,3.74066674119621,9.10568020617722,21.804088911816162,1.1682845340743142,1.2626589996412643
4.615481239387387,3.1982211214837513,8.66153452752291,21.426564428868982,1.042037109936745,1.5038055684615155
3.49762883510166,4.284663625330944,9.524076275339139,21.614627255050802,1.3721318939457259,1.1200898127578303
3.235053908986617,4.773693549384617,9.562035694341615,21.084743247113344,1.5973525569684788,1.082499657758047
3.1943908483894448,4.76995959829659,9.518551974872228,21.242242402781393,1.5686053262044946,1.0504781844592503
3.8730327956805777,4.110568579940205,9.115819826350082,21.21671233646933,1.347317253145876,1.2694603693234467
4.108067940833401,3.8501500725760085,9.211024147315493,21.01847254798808,1.3285287464657627,1.4175256156132188
4.116254805845646,3.5904723194646944,8.964620977373475,21.66261833269566,1.164865480917174,1.335446344480909
3.7240550832558106,4.233967261251826,9.24859315143087,21.383908204708426,1.344408356674027,1.1824963363470178
4.322962720231404,3.493910403427118,8.88373005400177,21.505601211400673,1.1412405587653154,1.4120397550891084
4.184895429485787,3.7288641487256227,8.977155609268193,21.311325276772173,1.2234508444695424,1.373075993924566
4.276514059001724,3.6632901960497413,8.84186545596443,21.257542548637915,1.2057623303001104,1.4076033514635284
3.614762902325394,4.188973114273381,9.393784955701673,21.468602143458806,1.3792162121090839,1.1901579365191173
3.747593795725359,4.137472861763926,9.402987034395684,21.21022611225616,1.4005933407045854,1.2686137382230511
3.673801553092319,4.071605618358878,9.24616872095736,21.623666373848355,1.3287085139888992,1.198891017413158
3.66913392871335,4.147752704113769,9.488684569432687,21.38243968781009,1.3945985669558592,1.233672613576435
3.6632119383447184,3.881662555019452,9.201878852623498,22.087259969712388,1.215479769736632,1.1470754966987093
3.8652922422603004,4.051688030239225,9.412927656948693,21.25396656861331,1.3526987153057666,1.2904685186431153
3.847364905525525,4.0122345641536885,8.971724596322739,21.67428412617854,1.2341532046718298,1.183439714646349
3.7369010800943356,4.116978178742626,9.112050499717911,21.71415355290969,1.253074180856128,1.1373910806857173
4.345962746202683,3.4849369197632063,8.650385980511633,21.81436868131269,1.0628404881158537,1.3254372382789732
3.876100294947285,3.705384154560588,8.93445535503034,22.36734240056269,1.0720043363102845,1.1213942066014522
4.269295480692867,3.5957409464000545,8.675752889287159,21.62949332826899,1.1216689855728732,1.3317801260777575
4.486712456726122,3.198091378604684,8.628815332692277,21.995910785470613,0.9712582607423642,1.3626116396562087
3.5301939920808203,4.306186773863964,9.41785918721627,21.448514757428175,1.4092809597624776,1.15532266447497
4.117030951803515,3.88553029439373,9.123905128243731,21.053489573241727,1.288506634249026,1.3652761123652843
3.705067458793656,4.057169272731697,9.119151915682766,21.732372816231763,1.283084306226315,1.1717317149765205
3.3521958044798974,4.333650549846934,9.318482950058321,21.994526309471325,1.3194876257540757,1.0206593337970415
4.555652398890899,3.483908698353099,8.764825695065348,20.974146456587473,1.1757519245745793,1.5374447321827904
3.8289096953448,3.8392597076532726,9.29887264062628,21.73411571055521,1.2485766219659755,1.2452106648832446
4.288403358655818,3.690012064806452,8.709690868356578,21.38273214386742,1.166684374610067,1.35587990030908
2.9991848349471204,4.839429168797359,9.601282332575416,21.511967535081432,1.5483186078730313,0.9595540148288256
4.419616114231865,3.4643366865406673,8.6328729495821,21.51966092424768,1.0920486235307703,1.3931774336000768
3.629280005848033,4.216407901219159,9.306528274955024,21.361685582629203,1.3867580753094648,1.1936542843052937
4.075364457060479,3.7121186294760498,8.92875303745984,21.61960236125166,1.1770434139225034,1.292221874437767
3.424740592262914,4.371359094076439,9.466428331037992,21.493530305573195,1.4361669815773381,1.1251647950269281
4.2696530710953615,3.5521182736770323,8.771340146177945,21.606151865297736,1.1306551321574392,1.3590496671070789
3.5925805678915523,4.280146586269993,9.453834479601857,21.45133136911632,1.3834978234133783,1.1612516758325886
4.4754400419133,3.42987418818265,8.775151343563879,21.222667261105162,1.1515573323215802,1.5025990788197419
3.798972459500844,4.217814369637513,9.300087546616119,20.983728532460045,1.4324043167013807,1.290162172425416
4.514254001831768,3.397211554637311,8.837702436123443,21.240509683649073,1.146002883279432,1.5228218845815242
3.074042884885841,4.641295717234986,9.392111005590726,21.856819124405725,1.430740458107458,0.9476141563295405
3.753130463179512,4.1635682436996175,9.019829955413307,21.537082437971655,1.3090688849643317,1.1800230050257172
3.5764306628040177,4.2367423415527865,9.244693173068477,21.678310157205402,1.3390120398857943,1.1303221511356205
3.6499844867074205,4.110076784097638,9.171306080953114,21.65912219390799,1.3044451109322568,1.158422255536862
3.7717269245390717,3.8997847883387227,9.301588633316847,21.83791328184303,1.2355427770990521,1.194971059105405
3.827200058511603,3.920996030689555,9.217381524710582,21.600241598598565,1.2795297442065254,1.2489215172792079
3.7373630081519567,4.154090428682346,9.193299024754362,21.368897305386945,1.3514817182104524,1.2159046285941186
3.932131648792785,3.7722199677056554,9.142942303187588,21.693100483430825,1.2174366282321054,1.2690461153522463
3.2353257070532737,4.6453260574593225,9.760086636912735,21.196327699033837,1.5738248277300373,1.0961202422760756
4.522100586613511,3.0727873810035673,8.545350419824281,21.862239254787966,0.9979112758316222,1.4685868582135968
4.279317147541611,3.782140747628383,8.975508000818124,21.008984354910606,1.2813333044164634,1.4497693098131859
3.8525783305869266,4.048678814349633,9.30769804590146,21.202186150974917,1.3631734405358111,1.2971472173160061
4.314476786206823,3.593355465955237,8.866858719819549,21.388414316891616,1.147099318806876,1.3773013634069398
3.0606221540506913,4.607293774188753,9.590031638721046,21.701655921465115,1.507430155061501,1.0013848376919852
4.35151740036331,3.8178672135217626,8.971596244687824,20.9252706552016,1.2564853554052349,1.4321131620248244
4.337877110110085,3.5581264319052406,8.892301547344427,21.279250284469455,1.1739815881872226,1.4312554532698694
4.012784464888268,3.8054785566075093,9.049917081959606,21.444067030897905,1.255730050214239,1.3241367577393957
4.557763057729289,3.261528831445236,8.705842819145182,21.598803038313072,1.0264495354041967,1.4343928920645488
4.186455438305715,3.7080495129840014,8.917386845060173,21.330017651560095,1.2205202327206852,1.377989573209271
3.818101011492878,4.149550219934175,9.287624088380399,21.14082458271038,1.3861362408992841,1.275417311018457
4.020688825937338,3.997367911822836,9.25366465924697,20.96574822695009,1.3590629366947102,1.3669918015682982
4.293942188237952,3.520675397617718,8.894990133194701,21.483991188661193,1.161780055308307,1.4169486901056916
4.081995060374579,3.781359838871519,8.984901423686189,21.33592897314748,1.2587892484389418,1.3588686909294108
3.720221616308482,3.9504149872245793,9.281116804214962,21.705505843107844,1.2864571967047336,1.2114944599779804
3.5219653466409166,4.13029526423709,9.469366415562126,21.750427215849996,1.3559949434193437,1.1562774318570113
4.4685881006968735,3.3216907780467975,8.71706699297498,21.436924419044512,1.1029457259363744,1.4837654905168063
3.795490746656087,4.069381344121636,9.195098004309582,21.473046446019275,1.3052123946149925,1.2173647901881082
4.0298919032827,3.4102455035588988,9.00670989310969,22.47995759503773,1.042881537430704,1.232374578132018
3.3161535574534335,4.314068392652392,9.353626784717905,22.258829757083326,1.291484961267801,0.992743289837527
4.117566014328994,3.5894491280175562,8.61150889945742,21.75901612993527,1.1357040193816752,1.3028005428581046
3.7922841880140203,4.00139012897507,8.969799533474829,21.549561790711277,1.3010311965747117,1.2330414870461581
3.60893936329457,3.98549697142348,9.220376303412072,22.206227846373793,1.200608037318505,1.0871722238993502
3.5946837346453324,4.161804943003972,9.064637388370954,21.881125322680226,1.2814696362648499,1.10684621720839
3.8934385021054014,4.074734160539273,9.19226199570749,21.126767620369897,1.3666898890612649,1.3058822551027627
4.398620888225758,3.5711653048341203,8.852563400050483,21.17420892835974,1.188748117871151,1.4641865765858126
3.9739430903156827,3.853598246536958,9.106338614265908,21.545895352093336,1.2232997770257672,1.2615024673796496
4.052467732760733,3.776265382832443,9.080214047574774,21.53987343678495,1.2003114266199852,1.2881042068057755
4.000316594505167,3.809962282266034,9.126188918264535,21.538212929524942,1.2185325581832767,1.2794131942288414
4.057747646259241,3.9545975142801284,9.124974889433542,21.079180303877457,1.3306325901997207,1.3653402758236506
3.495789795033273,4.477253398478305,9.523775759020257,21.182477816414245,1.4758542396058314,1.152330621162553
3.973141468191253,3.6816111922656116,9.22097290985867,21.901152096946007,1.1347775245410896,1.2246354665037489
3.8394775818758857,4.020452700387332,9.403507630902956,21.388663708674457,1.3110911863974508,1.2520742297212208
4.047192104502747,3.7701471859430695,8.930469156528126,21.568114920056814,1.2071894661068197,1.2958983919998561
4.103182691613942,3.7809571470674106,9.165292633391969,21.45953752362921,1.2135705930203395,1.3169950514236664
4.092960614157567,3.813855367423355,9.15170900274048,21.367998059318282,1.2380171035994114,1.3286175684499528
3.9836827894512132,3.778469090289697,9.01512064587464,21.54102282064848,1.2370415818627987,1.3042269611697432
4.247349412073356,3.6154728770025435,8.928840506737567,21.205874712807343,1.217774760503241,1.4306053700365164
3.6987248463290174,4.041215562156256,9.160530939946472,21.987561355695544,1.2269886025165146,1.123002017706987
3.6771823212597665,4.137008204719602,9.194797144495546,21.770243540229806,1.2801971975739554,1.1379040769788151
4.310595530219742,3.595018896746711,9.026385847775312,21.17041917761549,1.2217769153807156,1.4649675736424472
4.2327905980923,3.7106079102521763,9.042256098449883,21.137731065274814,1.257996777851383,1.4350308797131466
3.424046356098516,4.249739205841955,9.371107650764824,21.86206841981735,1.3306678289262652,1.0721289260642566
3.502868030616058,4.417455778008181,9.161543958923346,21.35488708046239,1.425547426902046,1.1304028288594927
4.621705511348254,3.3491626485512125,8.737126525577938,21.663473831334123,1.0073760044327655,1.390137094028834
4.49665740826109,3.419293655847267,8.854969117081769,21.638540053973493,1.0353872913314897,1.3616209669571273
4.451164000193092,3.801096169827304,8.732830396330902,20.855593397729976,1.2297694028908344,1.4400859778655206
3.886134816998688,3.780639524496784,8.88693029611279,21.969038792376928,1.1553914641893774,1.187631607604025
3.6003389152140888,4.2535168041082345,9.140167618783464,21.635085014146107,1.339529310129161,1.133828717608419
4.0502225091414505,3.81003646415267,8.920918436552041,21.636516153618043,1.1657402223028357,1.2392288978348505
3.5796617566239957,4.38470237108947,9.22376942149598,21.28520878348966,1.429062956347419,1.1666839798236557
3.7496735463701,4.167661594186802,9.109312980245326,21.481870574278283,1.3223006484938638,1.1896829072977835
3.0886733070204,4.688736857610735,9.60608066159413,21.876797957710608,1.4313275048893999,0.9428771953324725
3.539692060848474,4.008334905968023,9.120505750579097,22.37917607950923,1.164649769922734,1.028482310229741
4.081804131055124,3.727265371616222,9.081308993674073,21.341857600435457,1.2653171994906982,1.3856746051158344
3.9778955066414086,3.5039760525238637,8.964967025592884,22.229368188411126,1.0975488736999288,1.2459944553175715
3.2330967255467757,4.625007771236329,9.727547140091545,21.200075759581253,1.5775317790283832,1.1027684885076983
3.6944339023118924,4.057605793250659,9.275380161666458,21.478844095612807,1.3355273145582809,1.2159922968798051
3.9356980308917846,3.646831228856427,9.133975741078071,21.954281200160402,1.1633115761421982,1.255457900905432
3.733465791796529,4.310743633064101,9.266778988705905,21.047849915497203,1.4406512130801477,1.2477248660045572
3.7128104862273537,4.32510192833645,9.28325587687813,21.02538101681599,1.459326592228557,1.2527341931431897
4.389957047515573,3.338431037235286,8.49057655558543,21.718756739260694,1.0556886928937026,1.3882054071691126
4.190943443933418,3.6437840751916846,8.553761349728827,21.470191829029538,1.1780400183582131,1.354937337051136
3.6392998766469242,4.302279602328293,9.039198287944764,21.199784920953128,1.4214793951213973,1.2024299361022088
4.031577106516399,3.70214293355793,9.031394459158234,21.782347386895673,1.165446442752193,1.2691533746254247
3.957999842707741,3.9767891461595593,9.051710788418267,21.246694187960518,1.312660414661072,1.3064584326213466
4.094912316004638,3.758530482050115,8.933710220042201,21.461572842198088,1.2074197595076304,1.3154816935522804
3.2858083409140133,4.551973372816262,9.5743857153166,21.57295240435444,1.4374334123223724,1.0376006863140301
3.5162392523760513,4.392989923616917,9.447991592180083,21.42997878736806,1.4098798631389984,1.1284967646413906
4.212567649645902,3.635523378365141,9.199135301982885,21.658180789682554,1.11173191248131,1.288190282991316
3.9181707542427677,4.008054291299614,9.25554368727801,21.267011738005383,1.3519448708788842,1.321626522356451
4.100921719813608,3.626624694504784,9.044906344665097,21.621788208620494,1.15950085018958,1.311142624680686
3.807583402736189,4.031432967719994,9.29143834362527,21.496926845676434,1.323648985643705,1.250151980484477
3.9100800056968716,4.189828804858093,9.228640988496045,20.88111421361382,1.4060448452239003,1.312165267957608
4.0075012903420735,3.822754838216501,9.066752974489264,21.386348785894086,1.2626318194231119,1.3236524076772378
4.248386254261413,3.5665053813020156,8.786941674932205,21.412598405241845,1.1856598547986197,1.4123463981756676
4.020372922544471,3.821715108683366,8.92100226512371,21.667727522254204,1.1827963313534369,1.2442796514721257
3.972670956797363,3.8827186605165585,8.923430889289888,21.654220082861876,1.2011365979511677,1.2289637480950433
4.465477625871262,3.4458358271470946,8.656533968755994,21.498272214048818,1.0888700891043848,1.4110727452740357
3.774799286292813,3.9822449367833728,9.165903378073372,21.540581561719968,1.3011451910604608,1.2333651034900002
4.362110758095714,3.450431294549232,9.014922181572226,21.46720884617475,1.1262848499704023,1.4238739570028
3.7109688786247017,3.9422747944035335,9.346555876227816,21.79308074685772,1.2642440355636027,1.1900667801299898
3.425324505647618,4.202642010817334,9.591453504862724,21.787690308506342,1.3622308363651816,1.1102736455163935
3.6188894477916365,4.073379347665925,9.315927010759896,21.830742604097935,1.2793175127460725,1.1365768449493072
3.8917731889049367,3.836104855819601,9.155724179669216,21.71616033556389,1.2182275776569074,1.235906108644887
3.513956146945199,4.359809808869267,9.478901532621599,21.344797057763117,1.4302123013251167,1.1527345292572448
4.096258260609344,3.853077387465978,9.121353010119357,21.17368391089006,1.2838958166421162,1.3649268664548682
3.9651413376284506,4.0030059896413555,9.25058335611811,21.132838499595742,1.331048313737556,1.3184578551315842
4.296804219452772,3.4914041804217035,8.77553029905143,21.624029541918738,1.118243976549248,1.376201433153496
4.1134079490972235,3.720662559859384,9.050824470773097,21.52155560922572,1.204714824221613,1.331882011502739
4.103193571371211,3.6719793266872625,8.908804566255093,21.620935703161535,1.1716231441046365,1.30921122513425
3.802568976816113,4.060155641258859,9.302150676923576,21.353178368653396,1.3363289492717925,1.2515488208591596
4.098859618444691,3.658989570447307,8.813614987429977,21.73789061219498,1.153778522624486,1.2924814635194888
3.2306915118550625,4.519896065874943,9.57428966692506,21.602388715267203,1.4811453468300155,1.0586800293827263
5.100527043569808,2.8235122343788768,8.33313451934316,21.370179758217645,0.904568035607524,1.6340548031589963
3.9604604483855637,4.071178422383731,9.247282442725732,20.978886154693836,1.3814922044056068,1.3439217513090085
4.818398037955777,2.8566989090124046,8.535789554875796,21.999470425075152,0.8731103214978475,1.4726763981852657
4.254102136407704,3.730310215437974,9.063999329291486,21.17136492986567,1.232032560426358,1.4050285484951972
4.224883934312195,3.6248053701614555,8.718977893328535,21.46822352012964,1.1615950736855438,1.353894585730999
3.529705399666505,4.145872867965109,9.368546078398689,22.0899888006602,1.2589726556410072,1.071861757987206
3.9962341747338663,3.929543410544636,9.122038023699433,21.3285554808741,1.2922836921913967,1.3142158552895973
4.185175707534456,3.7966586689526864,9.080250255224877,21.080892869222186,1.2767502451737174,1.4074017647110988
3.4170319460884846,4.508143975391405,9.42464834403151,21.329871066010817,1.4770662249790136,1.1195699393791887
3.985436999386523,4.034577535224847,9.101224249905862,21.09169438364291,1.33793737818513,1.3216415060378925
4.091625687354703,3.625661299497014,9.032513427414983,21.753248052860393,1.1538895855389473,1.3021856920880086
3.578690049323921,4.394843576490678,9.318319745773566,21.213761296240538,1.4499572475363594,1.1806899343268302
3.490705521360662,4.483530816306351,9.404934029040053,21.149400939535752,1.4984003154213519,1.166597145987472
3.858067739095791,3.7573936696439567,9.067551568871643,22.036742669836983,1.1480972067765562,1.1788588538369325
4.032572640760454,3.7751138731706244,8.87353481780658,21.58665217011702,1.2100160128454303,1.292537823285415
3.116595935469151,4.664786106237271,9.529206919641155,21.690293676784925,1.4684051427054652,0.9810579510298933
3.8568160853516535,3.8271053437717115,8.93919044797944,21.974495633672742,1.1729541513022557,1.1820600772029306
3.547641854305509,4.165108962487769,9.242479595862273,21.89293608404541,1.2800060554657722,1.0902483217203964
4.265381651770615,3.748260657481308,8.84123986183733,21.135553835881755,1.2351831254530736,1.4055925991615739
4.389027381556213,3.5629894645494242,8.715480947051097,21.288882983119304,1.1618245634973927,1.4311801571379348
4.4504209607079455,3.2757223252572154,8.701386177232667,21.934853963900892,0.9933314174320268,1.349547526352711
3.3515462607266917,4.583021397982296,9.483104414032809,21.192986281444973,1.5343425465417382,1.1220589165915338
4.005088918232559,3.7106071137977725,8.99587243068687,21.81385548076775,1.1539692823153969,1.2455507799239507
4.157367459855316,3.600866744022644,9.006924133845345,21.49801036022346,1.1890612320689091,1.3728262736144359
4.804357696104726,2.940688707816763,8.441985989453219,21.725749124613316,0.9365285241950223,1.530055871224272
3.8443185482511737,3.810811052736732,9.222136786614094,22.02250452956945,1.1674900205614238,1.1777554643437975
3.8953803787975114,3.9234710298415325,9.168457818517483,21.457494876366532,1.2903565684113514,1.2811180763185301
3.99408389492048,3.707481363371558,9.109658639781529,21.6558925012183,1.2217299676510822,1.3161743807929351
3.899760498459957,3.8121229519643687,9.260882260384847,21.659787174474953,1.2467334652089002,1.2753948340581263
4.310910599092367,3.3798159304348974,8.75677157012695,21.91696365492954,1.0494620485245474,1.3385749879424695
4.309026535847633,3.4131832292673527,8.712898918687268,21.797497055848794,1.077258482416641,1.3600018149909456
4.51482068195248,3.4455575619093324,8.894430184207136,21.434011053438276,1.0731177509261738,1.4061393922460061
4.395547860781023,3.675930992986212,8.962953842378212,21.126349129330542,1.1838784656579628,1.4156398656766345
4.2092105578587065,3.723926061373973,8.834621317066647,21.35625215497069,1.1933454903925516,1.3488566514341884
3.9617361972658327,3.897263379798559,8.842531523476083,21.63498868703688,1.208597348065589,1.2285912947455002
3.266724775502165,4.505830321321643,9.275852156306883,21.914669213599907,1.3670235417066368,0.9910913980173843
4.051074771708413,3.7308919347557663,9.068757950473893,21.603269357431323,1.1924909785751072,1.2948298163751921
4.081609904522521,3.8538090491472285,9.162739374162262,21.205829754909733,1.2855274669846244,1.3615157302464826
4.261070548824022,3.3704011567828043,8.804544162967233,21.986038562534564,1.0465784844029056,1.3231495449577082
3.859660059237387,4.181745978647672,9.230627064807148,21.124511835509296,1.3691064113142863,1.2636552673399022
3.930585243614299,3.828589741221893,8.833514842778149,21.729602868763948,1.2163123528846742,1.248715508585282
2.7647531577674065,5.065190562790697,9.824703966511674,21.530836359943194,1.6060083796954816,0.8766139563992306
3.7061642184083836,3.9320709163305865,9.07580449278134,21.98105042959461,1.22629119540946,1.1558378896220498
3.907889529228053,4.063945169253394,9.070827226088557,21.126866580369274,1.35553587352184,1.303483247438151
3.4731915415042076,4.445877841763018,9.575297468481423,21.34980046944804,1.42640407633669,1.1143298914248014
3.9711866922962566,3.8272316786882596,8.794593673054688,21.61739507630871,1.2363173698215628,1.2828194106537145
3.2897966445232494,4.435974711078824,9.499398408164502,21.678497071042905,1.4029493642575603,1.04045185366895
4.007043993607942,4.000033356851708,9.09428725680057,21.14157749923297,1.3405041567826443,1.3428535841186258
3.8146409355561555,4.174549591636974,9.150687036244657,21.08652903862873,1.4010267482928715,1.2802372731548755
3.857060214414176,3.883285402512195,9.087551709900048,21.767724055629607,1.2152181247356884,1.2070113305915602
4.2435710338679815,3.6020907581084267,8.963983837832147,21.392149608414158,1.1796305495922244,1.3897056923529771
4.2316204803575035,3.474491514914777,8.85644936483629,21.80595701093849,1.1012292799675447,1.3411989508900297
4.564219247082323,3.085310852121156,8.711064289615818,21.851504372669623,0.9849312241176702,1.4570467177009407
4.295415101812387,3.642875962306113,9.02439548896737,21.346555156713972,1.1727445658334648,1.382815327991719
3.938376155645179,3.9041984923658797,9.09706644390657,21.398828806505925,1.2825626890820736,1.2937903445938908
4.30523722031299,3.5267217007403335,9.088144419329158,21.581594251971318,1.1221433831593297,1.3698538953871349
3.534773934511255,4.225388892878024,9.342090330724238,21.623071111187876,1.365296476491991,1.1421467988705822
4.506221128378944,3.3858367590803704,8.887476091455571,21.33460261999428,1.1180612850291871,1.4880313919178645
4.388411072523066,3.5520867264157077,8.952450529824956,21.26823633244682,1.1650351351157986,1.4393379105300126
4.6490616296265195,3.245725188384225,8.780099148970946,21.365222914266372,1.0596434800529513,1.517795733855862
4.388768215491974,3.4049769170885833,8.794403609044648,21.611447005674606,1.0854451192837375,1.3990600098536377
4.4220955345141375,3.445561348823415,8.880385480767332,21.42327548123689,1.1235527937995196,1.4419879053810374
4.16593886270201,3.4609833022516967,8.664158947209305,21.931747050345045,1.0873179920390135,1.3087899835296641
3.7256830627092605,3.9585983161100278,8.914859955156048,21.927344035500177,1.2182408475946611,1.1465622247432514
3.8622221367877483,3.9993615573832426,9.350781290539134,21.315171629643334,1.3307035566529213,1.2850732948910542
3.4048994031617306,4.594359771736359,9.501810475046925,21.061302760570758,1.5418406588615694,1.142664614866278
3.3413833259482573,4.647025256334684,9.539639965397395,21.09287725386191,1.5501814447095745,1.114637891086577
3.8128925755297525,4.003720982014662,9.06097958679055,21.582108772536365,1.2909277763157951,1.22939859095346
4.485718725963371,3.294225957645779,8.799459607274445,21.60946025216519,1.065771869289835,1.451252249586111
3.3664464826372273,4.4938600830116915,9.50509751646116,21.499918233654135,1.4253122032115975,1.0677317861543032
3.979098703231603,3.8651563153756245,8.904145454762467,21.487965913108233,1.2566859427612258,1.293732257429961
4.275638221887233,3.3918080255818146,8.925165640003133,21.809366586571507,1.0974932689090986,1.3834757549424628
4.048597819372824,3.9558937618806227,9.133964701306242,20.93509672219135,1.3517272733188725,1.3834042116803205
3.999528524127098,3.827438686637128,9.085517580486894,21.556327819941217,1.2329719950380353,1.2884090555967262
4.184000158977896,3.633900779172394,9.007138313778043,21.548443290782572,1.1704241368807102,1.3476027751907254
3.9847911407444823,3.8569585525971153,9.147153564635515,21.476646430334377,1.2565500592180883,1.298196357464777
4.025687439162728,3.7766276764258984,9.232514350162083,21.490825362234446,1.239937488386723,1.321708465863209
4.157142660247527,3.819084334039392,9.134760398333112,21.13943199318529,1.2699279649339261,1.3823396544072486
3.9273704872627864,3.956086684175872,9.085307396495734,21.50242780597222,1.2556402054664495,1.246525842139582
4.326369898961868,3.385171836139204,8.855646474737243,21.670618891327507,1.1036170419321254,1.4104617967169402
4.524621781999031,3.234718356381166,8.517740035425112,21.697603662521804,1.032865983207749,1.4447402866739536
4.4427639134981005,3.340072352510794,8.641488195474526,21.6524422442305,1.0709024313098838,1.4244501838783308
4.519784231295806,3.347932738631617,8.554083339194557,21.22996958483353,1.1247327173102182,1.5184143759707014
3.651411641382902,4.044335612251314,9.252542250376562,21.75930229783648,1.2925354958595068,1.1669603141206253
4.534760615040207,3.296291457845685,8.836383002313765,21.546900166579274,1.0542212301816978,1.4503089230136288
4.022405188702844,3.897823294921628,9.101734168880927,21.323781287892174,1.2639392836041745,1.3043372025609001
4.20696202191774,3.6592760298243756,9.04224159512795,21.418657236493907,1.1785119056985203,1.3549004746410263
3.9891947551795464,3.7506889323292416,8.99254521453656,21.821767398799537,1.1556200313338112,1.2291057592756374
4.231577295922582,3.6694337533582537,9.051458090799255,21.31775476032091,1.205804975710481,1.3905297932841
4.206080272530521,3.7075173937356154,8.90617684689147,21.361345980035377,1.194388756515953,1.355002405383793
4.229613516463232,3.601015332362604,8.879452912806194,21.595607420202484,1.1303553962481894,1.3276717872905393
3.835545814463458,4.108375906523607,9.109667452088862,21.401836423473767,1.3051026439091735,1.218433049259793
3.471348662634518,4.351104130906736,9.691185128200072,21.524035995106598,1.4069236131052236,1.1224558769095627
3.7821532242323666,4.008031193425394,9.19768745126881,21.62522382767771,1.2779341835557587,1.205914490042039
3.7025371307142145,4.152436812168309,9.446902844729442,21.364544422726063,1.3799257975328603,1.230416435964481
3.844372639366517,4.044188828570274,9.360876525572644,21.31002043493761,1.3469535003744837,1.2804029195563673
3.8119050991464887,4.008680268740342,9.119718349404968,21.481921563763084,1.3034366512732876,1.239454504802489
3.8194542899076964,3.9703372349773685,9.0237309617902,21.552309287687144,1.2945427404899432,1.2453468133825574
4.641947152186112,3.196768321732952,8.797018026636568,21.46252515268624,1.031869799418632,1.4983522716596496
3.165687348821367,4.658606227996878,9.192793112381409,21.68817415931998,1.4570970005539974,0.9901488374222904
3.9763603871956037,3.781627422755409,8.730526548792751,21.792628832675717,1.162957596566752,1.2228435014909018
3.5980045717357356,4.267445627054661,9.475333504700863,21.342168973120323,1.4288355803862056,1.2046918460766605
4.590095878649094,3.354336675686318,8.485585479443365,21.365561059537274,1.07880702378174,1.4762464691189903
2.890225125515321,4.953785917270239,9.776503699429192,21.53145664503551,1.5880861828864687,0.9265492421181268
3.7467972913770744,4.137770833044631,9.048905188643797,21.61389309768284,1.2858705531987975,1.164370019555123
4.248021635163736,3.6514515125375353,9.040025864921798,21.29243350432091,1.2041514464841294,1.4008843823106105
4.01289449080628,3.8855520490256636,9.280941955978092,21.357749182690025,1.2630270130033159,1.3044206018270847
4.206614787439997,3.4877264386816735,8.8903429697194,21.70071977622866,1.146932814054183,1.3833380056103786
4.001884059816989,3.670821059579401,9.101018230829366,21.82371144907678,1.1551871913739116,1.2593708961105567
4.234673927267462,3.714475866419329,8.959814266836819,21.147554527566342,1.254864462398297,1.4306034046992178
4.395688310176987,3.3438215295305196,8.821381449774245,21.76443584279172,1.0615257011114936,1.3954501082428763
3.33660143718362,4.427574320203123,9.60907905674695,21.496836412832526,1.4783526176781068,1.1140803320457067
3.425742025548554,4.296742804472826,9.522496437609398,21.550030066055136,1.438011362771388,1.146509386955662
3.530875044718954,4.320120764684604,9.335898742139626,21.433435604857024,1.4159991270425938,1.1573093099362763
3.846705377396097,4.141752586374195,9.314116924484043,20.966510899247794,1.4220912478104746,1.3207853284373483
3.8022781908259007,3.9297710070826275,9.205643060213179,21.617355906560796,1.2697380547046828,1.2285441835577695
3.7187325742410398,3.937363126666861,9.139950419458323,21.925792146996287,1.2182423204549655,1.1505967965494641
4.2150501460987995,3.8332660130822327,9.131708667386015,20.908603017564218,1.3184279039274958,1.449740171985061
3.993151850167952,3.9152982287857236,9.18310787065024,21.31060799992077,1.296479843029489,1.3222596546634582
4.789634508218054,3.2058697718912863,8.569510798527018,21.16947785612433,1.0564223422999135,1.5783164214269259
4.849542096258645,3.1380916244952592,8.561999060704757,21.15777940478001,1.0389164108910236,1.605520001322566
3.6457712795998045,4.074168122635086,9.417083180989152,21.715197236254426,1.3030442542043856,1.1660297697664246
4.535057075251832,3.0713005110409846,8.567119999449044,22.006974362706124,0.9665936242621342,1.4272641960123738
4.4298896325928485,3.27581273533068,8.646725670642205,21.73655733493568,1.058571298701686,1.431508575231659
4.586938920133715,3.2926217048832016,8.619680972022248,21.334290486377093,1.0858553405699531,1.5127009932263227
4.191597903677982,3.6228599705972226,8.89628497397849,21.537921653315074,1.170106556097745,1.3537967869099434
3.807704854764335,3.909915608972554,9.13066607207499,21.695354017208015,1.2621454745137535,1.2291511969455886
3.986089419783551,3.664051791065027,9.169191002982473,21.819064258069368,1.1838547255955585,1.2879050475663614
4.1938519767003575,3.8451668250811166,9.066645491079218,20.95541895217029,1.2988725675144863,1.416656164102212
4.123504156414767,3.5512551422377254,9.007693943526387,21.711089599101474,1.1654432288664693,1.3532426721860789
4.194631332250166,3.773628867173496,8.938270218671336,21.350341506548553,1.2038287183578553,1.3381330910977103
4.272516445505361,3.7783645446760765,8.97570972075728,21.11748973709271,1.2465731772817013,1.4096057533587045
3.667694278330911,3.913782924731869,9.217313402814419,22.03043680453496,1.2284401313084452,1.1511989621092051
3.4025056428689053,4.365815739126746,9.592345558334635,21.47089121232988,1.457183969726839,1.1356587121300268
3.243665283088087,4.7043742206255565,9.662939366736008,21.04284624722937,1.6128876659398645,1.1120857912605522
4.265646300941114,3.641603412096902,8.912668649242356,21.277307810325194,1.2128480686557572,1.420687618118735
3.804381224874025,3.796700719044057,9.167111590469156,22.11022812730105,1.165206185755813,1.1675633304361723
4.621727346687245,3.3059022471364785,8.770965576254897,21.348853726428672,1.0671900740406322,1.4919562590149251
3.907097585008221,3.777354990362125,9.20340109619912,21.655492724891353,1.242714329408947,1.285398425003029
4.15482513414879,3.774071654050937,9.032507809150319,21.331554760260723,1.2280101806640975,1.3519000250398867
4.1425282547748346,3.780871918538621,9.01714031011411,21.370733507901516,1.2284488351347274,1.3459551444043074
3.7484962044592445,3.977055777118496,9.173194526101387,21.6331862780923,1.2912805046440792,1.217071205890289
3.7822851969778157,4.059518119648705,9.276812247210412,21.418766970269154,1.3189781889122771,1.228902429308832
3.9508419115366555,3.85422880657606,9.089509354980226,21.528918158202394,1.2432387172358816,1.2744027084536447
3.5853048740555833,4.099766303410967,9.433106003261873,21.744200075318215,1.3168104224115778,1.1515697423415219
3.9487823956120267,3.8686433598608176,9.25699998745256,21.49835753715084,1.248031016140371,1.273884007206647
4.314593928034206,3.4337928793779526,8.802742986270871,21.69953454998423,1.096916655526899,1.3782863753719783
3.8829756651496954,3.8722548501988268,9.072130311162937,21.72921307694117,1.2210970500626779,1.2244778077909821
4.2611431865526095,3.489259552694014,8.783300200477063,21.57066833889482,1.1336123052009235,1.3843866521106336
3.6604062739354877,4.0388970526925005,9.186023403046201,21.92121250369011,1.2569982654360727,1.1392031728218774
3.7397676023995126,4.06408836738841,9.15612333709369,21.49063071314523,1.3238430196705802,1.2181982250568557
4.312215323599341,3.4286809071230153,8.959280739316439,21.63686744900943,1.1110722252031044,1.3973836600521385
3.9530716339987575,3.7365788306067134,9.160414506625912,21.69092406366206,1.2097044030853443,1.279793195366256
4.274205047787416,3.683974685654334,8.909225635156611,21.354180935299713,1.181243612643541,1.3704973140799157
3.633378712394055,4.174415053086231,9.22067696315634,21.543405978210178,1.3512106457058262,1.176083339494023
3.7138845755445975,4.0404676536584505,8.967049575287945,21.71193946832407,1.2935454412440914,1.1889906995425636
3.7722154854673393,4.052211711651463,9.132100207609659,21.435802930191812,1.3209607427780128,1.229686137887124
3.3881800121455155,4.643824422663442,9.335020662453367,21.022601410970772,1.5637211613970508,1.1409063524791316
3.3171987051887175,4.724756189655282,9.479040921152501,21.108788546579074,1.550319564473184,1.0884621016337341
4.2851195846323735,3.6901282637007666,8.96925788730296,21.10500597385173,1.2475860400628707,1.4487451361449124
3.3928102913377765,4.260069368279524,9.554527384124501,21.843902932688856,1.3476193678396258,1.0732728659437136
3.9616239888230718,3.7765071899327585,8.979892940931537,21.489123811883417,1.2673988794484004,1.3295242274700032
4.008616619824837,3.7501403830386257,8.955270007994761,21.48566162841392,1.2499869148536007,1.3361415332899307
4.187798573472767,3.4951547875399593,8.776452656010257,21.72185973090627,1.145897395126433,1.3729828200353407
3.6370774454826758,4.189943990154292,9.414611420480266,21.453460438035272,1.3646219572113842,1.1845589711573166
3.9926809382870236,3.871315202300252,9.067135427871168,21.396793826338737,1.2620730891068095,1.3016390818829946
3.338790268272272,4.401092339666656,9.400723504607909,21.83192274454793,1.371142799919624,1.0401868180593492
4.710547336708891,3.110313538641007,8.649795350848986,21.527975126572194,0.9932300930048893,1.5042397852235685
3.93673469599546,4.001481860624369,8.976872826176193,21.372021639829164,1.2747767153558427,1.2541498124410895
3.847220346719907,3.797005009724299,9.143133794333671,22.09732622156044,1.1541670709670822,1.1694309139879406
3.7444493758567075,4.013350399313928,9.168404180857827,21.699249563337933,1.2779678854791294,1.192341952490686
3.7437175524047834,4.054962566004634,9.133294973839988,21.578842233428652,1.3045832974541742,1.2044479596923907
4.088233909724627,3.8360468371642606,9.173364866856048,21.214307878000056,1.2767413152401628,1.360676071090356
4.092258961440343,3.538857478618815,8.799887538444045,22.08317663531675,1.0819870956987467,1.2511866938094738
4.187167048435328,3.662129213637055,8.735634768058771,21.685577819138647,1.13721567156144,1.3002577760485972
3.658833914331153,4.025168122976701,9.101642099210487,22.0122651738977,1.220631934872219,1.1095411132599744
3.853469549482344,3.8136595629327563,9.005449369945971,21.892371654151013,1.1961665083895672,1.208653037882891
4.768831580498777,3.2086711874099905,8.695121523246911,21.30703925566157,1.024942877725536,1.523303473002543
5.0274590912245785,2.9307464880955942,8.43860069075324,21.338431879505727,0.9463120611753942,1.6233219742534502
3.903954969522599,4.235474393138353,9.28132317610278,20.652876681653,1.4868926292855018,1.3705104388423686
4.119331719754057,4.058429257007387,9.108332407731051,20.78835180802713,1.3784076994816765,1.3990926537462995
4.452244054503517,3.3360759444462036,8.789423882893983,21.670451349256382,1.0523261969780933,1.4044083923490442
3.84926931213968,4.090056704273991,9.036509759423561,21.381331697376663,1.313770309323071,1.2364268029812584
4.035369847894531,3.821493017944128,9.00720536412209,21.549589687666938,1.1940024279820771,1.2608269525987084
3.964433178339552,3.942280154363974,9.366221680574407,21.410456665631706,1.2622452086394442,1.2693381972843774
4.061707876808261,3.7550622401097336,9.038481651256475,21.588210463588478,1.1902912337730736,1.287492715372578
4.177570121429036,3.7394952262782724,8.967685668554244,21.430048691914934,1.204524703989467,1.3456325277670242
4.014076929613667,3.768154312780285,9.104571165633494,21.796364425531795,1.1689016871826723,1.2451882025087444
3.973155465777611,3.6296287539187255,9.061765151445671,22.01245705170958,1.1365539663241508,1.2441232725458893
3.9758843618979456,3.7908546472327136,9.187947299405124,21.577008626586895,1.226076347110623,1.2859205188805098
3.917895428563074,3.703475238717058,9.083754252969221,22.050870035764873,1.1397461493494707,1.205734057994011
3.90752709783348,4.017736623711085,9.209619298248871,21.299553023207284,1.321896069387921,1.2856354697739658
3.8359596408982615,4.0299464829265865,9.22052900587788,21.39700821342213,1.327925630557668,1.2640041614732245
4.066851277194262,3.691490217374288,9.037392427513055,21.524875109026972,1.2149054394539347,1.3384404257280815
4.137842685325305,3.6726964689973642,8.999835225386105,21.381762541190774,1.2217549579065388,1.376489960035716
4.026717790447763,3.818003432942079,9.059892544952708,21.533268194301872,1.2184761402022684,1.2850851596033726
3.913884341546075,3.8915837753702203,9.078081236276013,21.515997327954196,1.267134575824965,1.2743958401566597
4.261745654545817,3.7103248453067317,9.027311196365883,21.26794752405999,1.1929186904592903,1.3702078004631104
3.676641073282614,4.233944700583385,9.310600589905832,21.385939743302075,1.3641107376004944,1.184556228539491
4.627177337451785,3.3061417873930434,8.618854675711566,21.42030593852519,1.0464290237584524,1.464550819462866
5.010848891084646,2.880378021934965,8.44939885598899,21.540282012653194,0.9099797478572322,1.5830460362271337
3.5156229744069853,4.181266938287287,9.424424521958258,21.87480401133235,1.3050617449324158,1.0973002014034123
3.4497468258801396,4.191692134717425,9.461308484168116,21.996613254242792,1.3183727321075844,1.085015788789952
3.4868922377832714,4.301752795413771,9.295453058716474,21.843315324422964,1.3078228600843227,1.060088200345996
3.5409985810335995,4.257951176819203,9.19227882437091,21.844977665797437,1.2860244313423932,1.0694840070852496
3.5620626223330576,4.31211376652067,9.226123923123001,21.31568743072879,1.4315387934024428,1.1825362466058127
3.358823876307861,4.592818839818251,9.319848293920977,21.36964091792003,1.4743085046624242,1.0781924520018409
3.3306334757376987,4.659466366098532,9.326537003487562,21.23373984528928,1.515965915397296,1.0836277009393496
3.515217983913456,4.250552271671774,9.253309781743196,21.805253953695285,1.3159945951585519,1.0883310148812275
3.8404453342882894,4.040074324330483,8.89865369878668,21.598211732278056,1.2639123172275668,1.2014596197931355
3.9017659546210286,3.8665471132222144,9.255704612051067,21.473698422685246,1.2851062754967502,1.2968117979621476
4.305876492735913,3.529685782125377,8.805238879229584,21.635374749758373,1.1085563741191182,1.3523319430767724
4.2801604106744415,3.593209240580589,8.775935772846811,21.58395027340194,1.1227242554903043,1.3373671246812993
3.894028961040128,3.9137156707374747,9.25131464088003,21.418323972740666,1.2986767331667626,1.2921441503254203
4.019676868503118,4.018249621397377,9.019877570043082,21.14757850349386,1.3088421215680144,1.309307010837196
3.8835753801218074,4.190939198119951,9.192592652363068,20.995325591405447,1.4027898399553398,1.2999091202228517
3.9512565182077384,4.098293225646614,9.218210137489244,20.983189679035625,1.3875602034866703,1.3377779472007734
3.923155081072158,3.9093381454664202,9.190923400427916,21.30065451542413,1.3263632195532011,1.3310510399750897
4.1931049564905924,3.5474657899089324,8.962306573799834,21.743810776624287,1.1095462849623134,1.3114838316878128
3.783824133321731,3.958762234119021,9.261264241709386,21.539592346202767,1.3066016794018964,1.2488628199363987
4.786502026633817,3.252968116111596,8.696980157589998,21.118888715886307,1.0611430725540578,1.5613935599835398
3.5919189220490924,4.172759984304062,9.346136045883975,21.56589171510413,1.3557137376215505,1.1670007010616272
4.25774620863398,3.5310574905542573,8.962795370659611,21.677845140759416,1.1185323874336475,1.3487254298661633
4.132412311230612,3.635930834274265,9.050610355541739,21.618565162678436,1.159101900252644,1.3173757095219576
3.9211549387420908,4.047337933547609,9.19770447821976,21.158069164403443,1.3481436569706897,1.3061128686209966
4.077385198074292,3.801360936718995,9.167750187598202,21.46332056527519,1.2259213632223431,1.3149379139777653
3.802004778650579,3.8364785186226094,9.265356835152097,21.80771873537939,1.2484958914589777,1.2372771859431295
3.7359328951474633,3.9983798703724394,9.289521341649115,21.664107781904136,1.3148443480298855,1.228540161529478
3.7562390179569802,3.9190394103210537,9.193441717390948,21.797048828897434,1.2704751473827878,1.2176984766664862
3.6929324831209076,3.996750220823043,9.355599055111373,21.730075340747433,1.3019534495690375,1.2029839043668606
3.362791271708237,4.333752981065048,9.535408799315144,21.604525739069906,1.4371826451175287,1.1151870621070916
2.8739963481968993,4.864994598618335,9.845799771145682,21.517749493317055,1.6233370917497405,0.95898665024342
4.154386770727416,3.672329027542918,9.064926383876728,21.438077712390736,1.2016596781507243,1.3593986356843648
3.7651236720251173,3.962325611280365,9.12583732395617,21.823534849930464,1.2458461936987946,1.1838413739253428
3.625201290134426,4.142520706324436,9.693919747431567,21.75869810169192,1.2936084724601957,1.1320621997451628
3.95901664141089,3.848922901699432,9.164594006327862,21.60215236244383,1.2303949822655036,1.2655889283068784
3.763300286874225,3.793332571037934,9.208712406197536,22.160255240980266,1.1849818365943576,1.175600188510784
3.4642300373193518,4.053793303475633,9.437463860799474,22.21582930905182,1.2720807247785357,1.087075715699293
4.083174295803815,3.8667962449576807,9.116794707067143,21.242723392824196,1.270795663253821,1.3419068031275982
4.2437517408570455,3.441015460398876,8.902019722710357,21.767616949908508,1.096140235711745,1.3518529884739163
4.152065090008726,3.6695765389020227,8.959437216896058,21.481651876440083,1.1957889814158835,1.3530154316496592
3.893101680831063,3.8739934497267954,9.150812869426007,21.669681506863455,1.2319610311112108,1.2380376020707164
3.6921074154421643,4.035535333743229,9.285918168955016,21.63047716335767,1.3180936649172872,1.2059226328157089
3.521946073285715,4.219219747751151,9.405577626515388,21.659689471016318,1.3528906200721165,1.1293101786148294
3.6001956489626705,4.210805193687078,9.245798784655527,21.529067445940413,1.3582129824640272,1.1612582973827754
4.118351568077921,3.7405682294726517,9.185221589482257,21.451742692192255,1.2201503413997967,1.3433809420188265
3.8771082771755134,3.663400556095758,8.867592811803304,22.345263268680377,1.0927868285371036,1.156535517542471
4.151351625139127,3.7389434179746908,9.153385201692064,21.230794890726656,1.2595489799871482,1.3984781582611723
3.3877862835891226,4.327911025461917,9.12321415374821,21.949923171607523,1.3141328886686732,1.028672111985001
3.66178528636502,4.065770764163877,9.32344509385973,21.756903854607437,1.2976696691975562,1.1687298612879313
3.7756031537580887,4.109721312826352,9.018412967237271,21.466854245240988,1.3128818983206538,1.2061452975755125
3.453033529981115,4.330653581868535,9.319033340802717,21.68945906485785,1.3595329361112765,1.0840194729868884
3.5235879602892917,4.259609211182638,9.275393879369274,21.715660136877858,1.3327326380597242,1.1024487094786877
3.3994120497067875,4.329038137714217,9.442674598617005,21.73737737118132,1.3645062128603236,1.0714894889667919
3.76618683221448,3.9310530337033085,9.279176107459318,21.691989942354724,1.2815395210994387,1.227792458648227
3.9708177026726403,3.8355973601550155,9.1338947395726,21.5038134797299,1.2551328518451474,1.2993813686197977
3.4893975193984454,4.4576770525241045,9.509312556846854,21.23188634654708,1.473109465691251,1.1531262706603675
4.113498769311314,3.6044792522152274,8.903996083894857,21.78819291900286,1.137899872439853,1.298592500429614
4.054231583322757,3.6609792609375216,8.960194037892155,21.79819985470857,1.1579978257031946,1.2823867669719353
4.541316359452272,3.280409969563521,8.787052489435633,21.602569474462914,1.037461818802101,1.4362358283711643
2.620192476297549,5.235698242573364,9.680564411751105,21.531091920429525,1.6727593603082656,0.8371283613896323
2.9782497776155177,4.807384613956619,9.503721750741349,21.67847613126777,1.523606770026628,0.9438981667561351
4.615615002689715,3.23768659844101,8.68967207645961,21.62839742202825,1.0084670145265824,1.4376609163493155
4.365344677025361,3.5644385542662693,8.836300546630808,21.44894495600446,1.1211991341645704,1.373125275606906
4.250065039914771,3.679927974388031,8.877067153311936,21.474259477365212,1.1572915943427167,1.3365926127728522
3.8349247485420843,3.8676501518537423,9.207485275945116,21.656478637811347,1.2680614888810513,1.2573320221458748
4.0228775855690895,3.7045526949383594,9.094531290118569,21.609797145455957,1.2191952473093506,1.3239582850406066
3.768811954808128,3.996690480284503,9.06119186226534,21.761273927768293,1.239843057680439,1.169151166677104
3.930238658503921,3.7287841210369614,9.02886501936257,22.032640407112968,1.1313096932212903,1.1924308157056893
4.123667974142066,3.7273567514416497,9.065869969085028,21.520289353588243,1.2016528906338326,1.329418639422003
3.42771980762947,4.3371405474941955,9.405074892319895,21.608750218796473,1.3891062829028107,1.0978355597813108
3.3850620835645855,4.347950700603676,9.510267096508084,21.648795427023746,1.3873433265067037,1.0801049999927945
3.7412999951729966,3.9406215171978904,9.198628233974391,21.833955847608948,1.2374055445138263,1.1748160379047468
4.365380548154181,3.562610118147981,8.746229946931592,21.41907348750351,1.149081111262929,1.408005974553913
4.5980564567631985,3.234420852757353,8.581991264995398,21.601616638919744,1.0313088272518756,1.4661098316936048
3.496529265965757,4.410934690526049,9.254014113415117,21.36981747430051,1.424158895755154,1.1289247308713841
3.193495071485434,4.615751347997756,9.492638095260585,21.43918508379256,1.5138388941274472,1.0473781369345359
4.130000392403036,3.6248163285399606,8.958300531139415,21.80015834784303,1.13284069051658,1.2907226386965949
3.2557774896617584,4.327459248867078,9.395957316742232,21.993555080224745,1.3750311560646484,1.0345089873858164
3.6964948657189005,4.287611288210328,9.3368904073766,21.213794845563598,1.410344684994877,1.2159059057691717
3.4360838741818167,4.359906624020129,9.464606379406863,21.591089923798275,1.4074636211407647,1.1092354651485763
3.7856134026255575,3.884171670551177,9.100909762563248,21.92253868802836,1.2043688132466894,1.1738087571407285
3.2629274083659996,4.510434859635158,9.287694639895038,21.69608164451174,1.4200727613086574,1.0273054547833136
3.886341088501259,3.8540662220508577,9.019831754483821,21.68178098696422,1.2372133899703948,1.2475741089179522
3.449195364837846,4.282389254164514,9.261972259097611,21.809981799705504,1.3516986071299946,1.0887082639292096
3.477237067399431,4.245226749929225,9.29710211497869,21.799178740875963,1.3392198420712698,1.0969460880563489
3.8238623375578586,4.217099387335682,9.125783186647688,20.919720893424813,1.4455267140646142,1.310733907871604
4.298454910516918,3.702088742399819,9.123297894719789,21.06994469514668,1.2556444744869575,1.4579151211062449
4.140476460421459,3.956658631991112,9.011763775945672,20.869030751436178,1.3433038648633027,1.4057108659032194
4.0807073764341855,3.9336510998641963,9.174933260835626,20.97167884068395,1.3423102593187544,1.3924914125847183
3.983170289695064,3.8108887503449553,8.98224212022398,21.71013609665512,1.1924125522189002,1.2463187886625824
3.5866416293415333,4.2554160753558765,9.24387722903085,21.592090000152005,1.336097458156631,1.1261184992072062
4.227788836035063,3.494350939248696,8.652584850371097,21.942425038493056,1.0603740593616813,1.282938573752519
3.6111830668417157,4.283855137450457,9.61540222985438,21.28244731312115,1.4216886547390997,1.1984480874323657
3.6857516954458247,3.962837340250103,9.087290785141402,21.93398315997957,1.237816214493212,1.1512668372431236
4.106049615282892,3.70605180215868,9.06318457087472,21.652532755559797,1.175306365993563,1.3021583371059358
4.0027176610955815,3.870699191741147,9.179556267527838,21.280525618679516,1.2886654922722733,1.3326181833423163
3.604742990170512,4.117896716989652,9.45738134117261,21.85177552503397,1.2803160846578217,1.120768865409219
4.739597863690656,3.458851827219504,8.626331228611846,20.659629754676004,1.1752947838113335,1.6104837457107584
3.8584682243121593,3.821481243769407,9.20425651535249,21.888576580110097,1.195417820948423,1.2069879145491618
4.609685685032194,3.3150435765890194,8.577233482769753,21.263220566896052,1.088264173304119,1.5132699360697774
3.6373743001423064,4.031160691961886,9.301016969504003,22.011755068130633,1.2430630324943222,1.1216336617063238
4.567991318898694,3.324495522391781,8.67932167733257,21.22914197304901,1.1085228407500218,1.5231552213684334
3.4012393953264035,4.303201889915426,9.536913408787298,21.834678815604878,1.3436282374107702,1.0620002060475733
4.307913534226328,3.69504850150461,8.997656272249992,21.128108257388917,1.2164230250444117,1.4181803596893368
3.8494237980340946,3.8522198425377367,8.975809943529818,22.007091092619063,1.1646995532569926,1.1638541830763196
3.6943323365528142,3.948586587452505,9.13123677452938,22.030803514410252,1.2142700625764706,1.1360817492870094
3.2770439556219513,4.593409904722502,9.457781099640105,21.419555027786487,1.483409343339427,1.0582982409877644
3.936731679819817,3.8433898395030046,9.015858397760807,21.665576366122938,1.214567408852973,1.2440647957602085
3.624353460927502,4.136925995424969,9.210442782146387,21.685825923838756,1.3085732352068693,1.1464386694719964
3.692355108970575,4.201670269679673,9.03505083349576,21.351976798102932,1.3891878993980182,1.22079428142595
4.100907774270385,3.7398289460149874,9.071236068148158,21.471674762438255,1.1982442853276531,1.3139342403377239
4.316758471365973,3.441724388915454,8.633276642088243,21.969061115774096,1.0427482743093721,1.3078596476592554
4.307645758357891,3.572061218952718,8.915540069259162,21.527153111189207,1.1551730155185296,1.3930545518273085
3.2121485392917717,4.572520849074007,9.436995238321298,21.49822953839407,1.4732327974537787,1.034930782073137
3.3588756623614255,4.392723197509651,9.30684933821752,21.601121919045355,1.3982744335266075,1.0691841376978575
4.490986902292668,3.3304216215520466,8.903519883053331,21.511652013265895,1.0965144384710235,1.4786211900261679
3.795518998132177,3.9969528399010823,9.173961206070592,21.412960148137884,1.3076932235006158,1.241789601312416
3.8632630970778283,3.890841735617247,9.19425343191143,21.691437736832764,1.260656044415018,1.2517204002192668
3.448543537911444,4.282857056935568,9.384951970205414,21.750019923035858,1.388599196298332,1.1180958695291985
3.786596952362808,4.032307124783542,9.237900618779811,21.5628785422756,1.302205639174929,1.2228552419389795
3.67042459219595,4.311771159217762,9.241407917819336,21.139766445091936,1.4433562944555556,1.2286668848704858
3.2228080388333193,4.712342843131881,9.585705125363297,21.27862093525004,1.5595001812626013,1.0665543420849253
4.3803992116990536,3.4838604038030874,8.91415600156326,21.26623548750034,1.1631003881480213,1.4624133670249162
4.24764360923973,3.6239199270677274,8.913395913169218,21.41115382321068,1.1836140340579409,1.3873293805475155
4.283027716795799,3.5763422940512446,8.8857803355352,21.42990245354557,1.1650175140778882,1.3952250352680133
4.288405133453507,3.7346718499193705,8.892788653242704,21.23965686617634,1.19895971402341,1.3767273803541653
3.9647582547283546,3.931118136815829,9.084089682935721,21.544860236173935,1.2343290976450139,1.2448917352820685
3.6522641701857337,4.03420885714453,9.367485849696838,21.622206708984102,1.3235696273846225,1.1982587163978742
3.187481870554582,4.480758563024479,9.647049588105276,21.671868401200484,1.4712601654843827,1.0466118712687675
4.133455745802869,3.532693897606853,9.079531850784504,21.731051547966338,1.1479120215143443,1.3431233156710647
4.117700733692721,3.650656663602545,8.927712138568468,21.523696036757453,1.1987368715162439,1.3520963898248284
4.041319835470061,3.830128688972456,8.920410014707654,21.528715628968015,1.219585197082044,1.2868324404357299
3.406601915873282,4.319184187438532,9.545715575801557,21.466904604739973,1.4307535302836012,1.1284556309456855
3.8532787815209284,3.79786836442085,9.141266281651541,21.74744380509754,1.2403072128430102,1.2584031375569114
3.5573304082810937,3.909513587784712,9.272433885594547,22.272078134798274,1.2140999097774658,1.1047293814855381
3.677355215657716,3.824579405229778,9.229075230111329,22.206876523591074,1.1871679137759192,1.141468814483427
4.303873824934831,3.679845450091587,8.914407013611523,21.255409143961792,1.1960820037069528,1.3989136495126004
4.100997537551842,3.6065673695395075,9.094994254393193,21.767887203270316,1.1409453790177297,1.2973594308402694
4.364406773154888,3.407159365524305,8.758478717441784,21.487364756894387,1.117529425416958,1.4315012801695346
4.507214846739406,3.403635329322824,8.782683409801876,21.343494279031802,1.1136607128884235,1.4747490884576515
4.165667116549415,3.8423666556617793,9.054349857963853,21.024763409638908,1.3009150492088724,1.4103753044828318
3.8744383681869707,4.021507314518693,9.217348777803027,21.089958185405163,1.3946262620655385,1.3436239390937412
4.071915679815198,3.75037815146771,9.045568954387718,21.483750997655683,1.2241403923258412,1.3290916959549801
4.1799689358622345,3.5483495023196303,8.929220798208826,21.69058101164036,1.136703958099206,1.3390414983135812
4.028410601487464,3.9110087557830666,9.068227674908565,21.231243708474388,1.2864350074027253,1.3250516031913457
4.132534374947394,3.6340162116578334,8.8117481116672,21.66074537494221,1.1580204490383474,1.3168789113243449
2.684657647244217,4.795047270518606,9.542771059802512,22.454605446562113,1.4233875367420399,0.7969281677369856
3.568583009492205,4.016683655244148,9.201381306174529,22.351170384981387,1.1968364047473623,1.063317509096585
3.5126024987903226,4.190872786890176,9.30248509683536,22.091036666633904,1.2572780959599945,1.0537943779535552
3.453673946589198,4.116270615177545,9.039726699208945,22.302785998088147,1.2193278995558592,1.0230525134858668
3.9498849928872666,3.963983619593974,9.139914572134824,21.51140503108342,1.2384067057004475,1.2340020876368285
3.9080647306017693,3.7070434126672334,8.897720273317693,22.12520981015442,1.1513195206395948,1.2137519611693937
4.81514055691764,3.0716759539815315,8.550173632228406,21.499666484429408,0.9651558059517351,1.5129723755394135
4.0221321317643195,3.8327894718303384,9.038191847341132,21.51950853965488,1.21921812589064,1.2794484110895856
3.488807746020436,4.302948193920537,9.282905873167788,21.61189208357687,1.3764819666053505,1.1160443330772933
4.026135072456099,3.7261766123399607,9.213800621189813,21.689449601191285,1.1917692181357786,1.2877070376964386
3.7633292007917283,3.9527642377500265,9.285516405945648,21.953029675442053,1.2133461008040054,1.1551968539418023
4.262133621083822,3.5183609849573245,8.98635717114919,21.617152377335525,1.1301876966291013,1.3691065244678418
4.039404886755881,3.7366660383651555,9.146604506744143,21.61705023823498,1.200370914677895,1.2976230920521137
4.321673411343332,3.5063937747152982,8.813841228800976,21.606862113010045,1.106958402339863,1.3643398323805525
4.394009563895748,3.439254710412779,8.671178369234267,21.716320997178105,1.0644397994648591,1.359933780094616
4.732798048770563,3.1791845144506397,8.75131037061719,21.30503999111565,1.0467802652987486,1.5583240213264349
3.888644891019204,4.180910084186261,9.264670100454746,20.99948913747794,1.3878565600218922,1.2908388874493157
4.278867039045111,3.3934041788980833,8.66998710866144,22.02765426331401,1.033182457330172,1.3027774261258962
3.8633066346679734,3.837559773718992,9.141252101108035,21.696691974761958,1.2507682214310103,1.2591598445914178
4.20715011597255,4.005900947388259,9.015862556852838,20.696246458676224,1.3573688892070275,1.4255606303416146
4.533279558825962,3.5165795776593085,8.757334778243186,21.091041408724017,1.1477952992750862,1.4796414677991332
4.7604686073892655,3.2005926320847777,8.567875916779567,21.269261104225883,1.0388319389342258,1.5451284815426367
3.650984217050717,4.151831714459339,9.3647359582762,21.52371949819681,1.3475407632867662,1.1849830139931705
3.852553268732885,3.9095172929682964,9.153770307656616,21.447664002096097,1.3123770436636997,1.2932549188285654
3.590956078488686,4.0279690382297,9.368669196394787,21.82311021634193,1.310703289383998,1.1684990374645923
3.387471947132123,4.187735683612018,9.54943300478046,21.879098793149403,1.3716842654174186,1.1095595138937446
4.095274653164551,3.676492068149897,9.050927644081598,21.51239945970222,1.2131162239749267,1.351300106540758
3.9478677661705364,3.750354983778622,9.018907704782599,21.625031307052176,1.233247276762549,1.2981963554668814
4.01260788231941,3.7130684515004067,8.801205586591031,21.70932916009494,1.1966603930429773,1.2931969847319602
3.551715543443285,3.949132776581735,9.218308932237129,22.32447085223657,1.200608993829939,1.0797868459299047
3.4856867789945127,4.23703513716054,9.29550850954364,21.993011117894998,1.291272575938639,1.0622927590456188
4.474706006554018,3.627821557789133,8.76626370005598,20.948056294405163,1.1989719539264896,1.4788618785302763
3.182197480727837,4.804152094598107,9.51973919927245,21.187967437215683,1.5786622407598327,1.0456819239996094
3.0033805816174266,5.022888666139014,9.639618219423822,21.07997116877693,1.6679953800004685,0.9973593419047008
2.702718045566035,5.34603169106036,9.938720139201292,20.910296186938545,1.8314115495296592,0.9258809767343704
3.0144225868653653,5.0625469403938785,9.676622120110395,20.917315183923854,1.7120526900419757,1.0194177672878255
3.121126545411218,4.733436556245802,9.45539011430803,21.503263413868446,1.5269192838786558,1.0068178273828503
3.3900233062168117,4.663995072507776,9.477563886399308,20.901983009842706,1.587792799976793,1.1540866818434237
2.654193306121691,5.019423635740799,9.797920046352182,21.907979522950512,1.5538993265265835,0.821677843943364
3.0965307307785466,4.789853431065904,9.703435952839918,21.287470256853354,1.58368786939394,1.0238179990505982
3.418752759163886,4.131471117726621,9.299540746769358,22.171641871281857,1.2557507945021018,1.0391217489349462
3.7797954277910737,3.923835135334026,9.199475315384412,21.59052572805176,1.2819728693031853,1.2349130436979714
4.353302299462333,3.7188944663718466,8.948812111967042,20.884327472146293,1.2775979821829166,1.4955439805882396
4.319218976703748,3.536227460698881,8.85260390773956,21.442009708738816,1.1729069370819305,1.4326120015906774
3.4182354305559484,4.307016213417463,9.402428372591718,21.65016381321019,1.4093547850879269,1.1185252671218984
3.968583265803248,3.69556911076407,9.158026551952219,21.779289424659744,1.2005844533834331,1.2892789251331123
3.462600744142686,4.496139163527662,9.440331348315969,21.211039238265172,1.4874874411678838,1.1455550936839067
4.982094498452407,2.8041121859590556,8.426285550465074,21.505282089988285,0.9178334028530715,1.6307238953373702
3.839082732508457,4.093316421410562,9.221622444648098,21.278118376703524,1.3406289105279237,1.2573631674767494
4.3668967749496606,3.3059204724993267,8.82878088552393,21.810723313905903,1.0406042468976766,1.3745676484289082
3.986395604695757,3.9739061041531896,9.256896851908136,21.222866384933575,1.3030779587214987,1.307173373269782
4.572076335914489,3.4089646980698816,8.775046469501902,21.1130715682022,1.1377724667705882,1.5259713818456864
3.6406636130310437,4.112707098642612,9.135232785663984,21.66416890292369,1.2946991724488466,1.1460977049670324
3.7849545324975975,4.025598503674191,9.213547183706538,21.622903227403143,1.2825929801061007,1.2059215813428488
3.641548098597585,4.208724155390891,9.379096139705192,21.428416722134582,1.3689757715055906,1.1844898676400282
3.5898476693372023,4.256916582558822,9.421407831102188,21.41077804880812,1.382386201296604,1.1657630086482789
4.0551563132242014,3.745002853876485,9.148324504824393,21.56950613296175,1.2038115439050587,1.3035087482365306
3.8639141964351214,3.936842440581531,9.23371716427624,21.581455714755265,1.2626238800996163,1.2392343378502721
3.889597257727583,4.137068142882533,9.332330189933726,21.082936940390674,1.3620696990669234,1.280593498426929
4.119204475688191,3.8688093500031284,9.058198852699999,21.151565642257612,1.2703906627221753,1.3526122458718313
3.5564549686051756,4.177188274772179,9.300833713153665,21.60291025855512,1.37592798226273,1.1714640535871137
4.186767774344631,3.6051794492004947,8.984776841833318,21.725504547123645,1.1238884505612508,1.3051943774425634
4.16559416475339,3.6122609909038883,8.995171342603372,21.74897667295385,1.125939638574039,1.2984132652981248
4.091989864991491,3.6171319338526287,8.816705132448833,21.785261426391237,1.1400992733109514,1.2897717740982604
4.472734628706269,3.171414954366842,8.733256359658906,22.079763192642226,0.9635568157199201,1.3589309498784432
4.225331096972284,3.5488531359502327,8.889777262228982,21.658241271103158,1.1308950755931675,1.3464648852078172
3.995660522107703,3.8142765948248605,9.084817259185266,21.502119158033796,1.2422290411069148,1.3013019416843092
4.020150189226,3.8355629053337754,9.079705401604837,21.212907259583275,1.311255852658679,1.3743603205826607
3.5158384389025277,4.398364858587186,9.193078946953584,21.44732695201109,1.381147099205107,1.1040216574310788
4.525005184524941,3.182342880162455,8.661071570242258,21.671456480355168,1.0271617983562822,1.4605316390893957
4.535380516292101,3.243049947814221,8.67628216379971,21.501821372297364,1.0657131964885127,1.4903917439097856
4.2275598072444245,3.563694110554058,8.821941768532001,21.47933055024035,1.1745017877269943,1.3932948219732018
3.840994887399645,4.040786975707753,9.154909712685932,21.295303698390413,1.3405765724211218,1.274293297764202
3.873085245015149,3.860429965741297,9.213404663177249,21.70689905578999,1.2387381429120647,1.2427989799910546
3.4775613503124667,4.309243542892936,9.483536837698326,21.520031641734306,1.4167310063593388,1.1433025175915263
3.5539486336680595,4.2957667805104185,9.471772842766612,21.18636621330125,1.4795406978465102,1.2240449517473844
4.6611648855874765,3.138006969603711,8.832649060433004,21.59701208161478,1.0016724752498198,1.4878745056081184
4.633764858677237,3.2062138880564075,8.799919325564327,21.512261852000748,1.0287227576057574,1.4867565078151255
4.130488566952898,3.679958810868211,9.020297478258772,21.543960103009436,1.191022315469451,1.3368367174391496
3.7261795171679135,4.0006735532546225,9.23336020801137,21.686832086367858,1.2930808363832866,1.2043600314887022
3.735847350774793,4.229602635139763,9.375705825940198,21.088110671827753,1.418692525247347,1.253077220062345
4.237832879214548,3.6233894058563534,8.864203275936347,21.38080169314165,1.192154195572074,1.3943161170928244
4.473006067538933,3.36548418060169,8.739264012618214,21.487670100581465,1.0843852860399172,1.4412374873024403
3.945046136071865,3.9257019658041195,9.305390613506043,21.28697818721116,1.3298929064066365,1.33644604646757
3.7311441183725993,3.9051096649900727,9.118374129298358,21.888228662868507,1.2479985380735363,1.1924024686980244
3.5895500017172792,4.39480882815011,9.356401848464827,21.12277352381315,1.448598096155347,1.1831721246293236
2.9377558378243824,4.933979643191406,9.56884204593848,21.36540342732532,1.613810469936366,0.960883804159982
3.194292858600286,4.624581943986788,9.596818664175391,21.441392897076668,1.5194950894005816,1.0495461798577543
3.9439385205654025,3.749420547024515,8.885499024126178,21.98128066717051,1.1380138199970977,1.1970533807374981
3.544848814574892,4.313966786197739,9.350413857202854,21.36074130615803,1.4252217498765145,1.1711252962633585
3.4667310277624086,4.312623133615442,9.379665644416416,21.647406296989317,1.3717135248303614,1.1026611160767361
3.7771675952890846,4.072526412052771,9.135456174523979,21.318284304033263,1.3536116123970434,1.2554413161868203
3.7836288336985846,4.064445915271001,9.038305838495832,21.639176453989453,1.2665506408823781,1.1790432506868442
3.1475130466442254,4.726785448449744,9.376606061615249,21.56220035449128,1.469628165684596,0.9786087978089172
3.184559956229166,4.603215542127441,9.359131716049262,21.743810722861824,1.4280481747340252,0.9879409276417116
4.382186568630658,3.2755504455463345,8.712068010319053,21.880074064029834,1.0380745036371977,1.3887852508154925
4.65330372433695,3.2217395494670145,8.716862015282517,21.43263497968774,1.0462034311901987,1.511078797035853
3.436148342977111,4.387989328024072,9.639410173219705,21.383326594879584,1.457946840459038,1.1416895633718267
3.788402671652746,4.251822714239036,9.48736082669327,20.935742743975936,1.444370104346134,1.2869434898673966
3.4321362716205535,4.324649022637883,9.332964988920367,21.79904954667375,1.3535735187614137,1.0742256182473808
4.368272544336984,3.469219387840179,8.871057832856721,21.638408890943595,1.0888593119144092,1.3710387568895064
3.944413619573748,3.7213656657628915,8.912801259919444,21.972665955078867,1.138160624215316,1.206378698207588
3.368622901911676,4.614944798342609,9.513071249302987,21.139742404178577,1.539891290295431,1.1240249436583636
3.4017500461418213,4.4173778301293884,9.358910673003809,21.437391474169964,1.471749190887773,1.133369856629408
3.738942599784303,3.95660405530217,9.088525454183994,21.723001719335066,1.2858158132683386,1.2150802689651816
4.22044160877586,3.796182038970395,9.137245637435234,21.030631810040262,1.2803327191374063,1.4234221187112008
4.089279046086131,3.612772860623626,8.903224871005655,21.597252789654412,1.1967626140932432,1.3546094564345217
4.3690782148467315,3.4884860391317383,8.809417667725707,21.401713332013088,1.129110777958889,1.414130154683566
3.7209524216016896,3.975801341669869,9.312929611588533,21.524053909640212,1.3199427414551337,1.2353343937778858
3.554229079147811,4.066757468591842,9.396117422971969,21.69403444297197,1.3393169822755973,1.1705245275540626
3.991475502439291,3.5333148229426694,8.958967030885471,22.17831776773147,1.1010641562987842,1.2438378199258169
3.6793172833682317,3.8894105043067686,9.228417185100124,22.154317082630403,1.198484108701392,1.1337459211632255
3.800879078370539,4.192027838833507,9.284806561753214,20.876819656732515,1.4581147257517981,1.3220612954030815
4.0322467842048075,3.7544019852348214,8.977596883981915,21.776880263121562,1.1659547562525452,1.2522413249612572
4.333381583797264,3.4620773741309168,8.908675265394754,21.451075400907794,1.1374728444786435,1.4237416856030243
3.591052404880918,4.176577237362472,9.199956852814218,21.82554386640824,1.3000756748696332,1.1178148070634142
3.363864396261107,4.391842545139038,9.36778076389604,21.868754806458547,1.3470702784006165,1.0317678063820288
3.9240975017454147,3.9956201171673147,8.944345839054746,21.306575027851864,1.3129852004544715,1.2894824317244633
4.161935685900418,3.805738613328433,8.878367902427064,21.38651713340807,1.2129724635467987,1.3265002920510078
4.181007266640746,3.7389179497211353,8.841428396597072,21.5057716483284,1.180686765038042,1.3202910603103206
3.512590745618769,4.410220873652712,9.287385120756753,21.365001063390753,1.4190387977843952,1.1302160802307157
4.078846455002929,3.653387091691854,8.95703033830687,21.819788764069923,1.1507560387156992,1.2847686465424886
3.861561506708181,3.9643241472700876,9.187514197439214,21.459542535599944,1.3032609628325063,1.2694780195345559
3.7466550730094883,4.03212798305038,9.2063157197282,21.590387979856352,1.3159374912277202,1.222769688362373
4.278064489358252,3.588585238295049,8.962643349113872,21.37747157372236,1.1853454830297172,1.4130873538843074
3.2047317535703748,4.716732965030195,9.628541432464969,21.227656317678047,1.5672847408479424,1.064874185823145
3.7000244096018444,4.148685190102777,9.300705600772401,21.306325495873207,1.3926930146006655,1.2420798187815216
3.8494700596604248,3.7670590258523204,9.028015772522144,21.946914314251288,1.1812775870351546,1.2071201094097233
3.9079297123550214,3.8924024721387767,9.15801288775069,21.88442855156731,1.1977271105810252,1.2025049814956126
3.4616207512423154,4.126200003294122,9.32857635092745,22.03394419618923,1.2902520072013435,1.0824398039102638
3.7855487291805807,3.837735353983893,9.324013230921084,21.98552810341042,1.22002860559909,1.2034383070982793
3.806724959116164,4.070097630238174,9.19010206977244,21.307906640445704,1.3320273452885532,1.2458329509993729
3.172411475654107,4.552592602598873,9.474375828095416,21.70395264350726,1.4601503669473104,1.0174856800584104
3.7429942811494823,4.008544671755262,9.198444333355058,21.707885180333598,1.277819676773115,1.1931691259929815
4.030557189814049,3.847114953558825,9.028055597429361,21.451376353795922,1.261277510652786,1.3214190894425062
3.215869285280665,4.602402286003285,9.364256625491693,21.67940991257942,1.4426185112150998,1.0080110934028528
3.5386571763980044,4.436991127664697,9.202521051572939,21.235161071651557,1.4330171803030174,1.1428818275888417
3.378610597908289,4.459619675384648,9.353738594145987,21.542140113720336,1.4168255165480468,1.073387879244039
4.274944837120038,3.640993314029375,9.026302286207692,21.217683819155358,1.2132768137012329,1.4245264968612603
4.090820412131266,3.7056095380325504,9.140230226051646,21.4765969513276,1.2246970007085387,1.3520084719542356
4.295399576635426,3.5634839738734363,8.934642769088535,21.507243516835224,1.137936957993535,1.371661543433347
4.007740456815983,3.7995420670704303,9.03525335612877,21.73553892011477,1.1691422255432424,1.233206137573914
4.159139716953909,3.6707007199659456,9.071942161952546,21.32952239105387,1.2325099240836837,1.396512918885921
4.2216306621749,3.6010037554281884,9.040811075276249,21.33927215647094,1.2092910865918574,1.4177103600504133
4.117032811562315,3.7650662158501826,8.8575553404805,21.45095461604966,1.21054040069644,1.3237043556918284
3.0108872196957512,4.727069459169557,9.818014939102609,21.611423641494405,1.5300086904669252,0.9745326680601797
4.236723002959929,3.664168637606089,9.008313220913495,21.43608871328844,1.1767113316850601,1.3605814742333515
3.479363099283238,4.19079131769643,9.364478173465008,21.7288415914523,1.3621987471111592,1.1309520554208015
3.6174760379739443,4.034562340707445,9.19560231988086,21.78826716805291,1.2883089618409678,1.1551257374175563
3.7837932132986887,4.195083864178796,9.138055757474895,21.28854611655409,1.3621189992155192,1.228575349576663
3.744873320351352,4.034543455441698,9.237886086564675,21.33861957402282,1.3630135749138668,1.2651526073134942
3.844174707385337,3.8127463367031513,9.044328269254772,21.838049790348066,1.229974129399029,1.240112774736153
3.1378921749046746,4.536515477556515,9.760827451216176,21.65024345336164,1.4965439596993804,1.0351543169584703
3.3743545081101898,4.303597324912165,9.773557659506174,21.58783567573221,1.4371681327972359,1.1268514225864832
4.205778579600932,3.5517354037207345,8.88760042216748,21.483687966112406,1.1936421176684344,1.4134483230198767
4.050421450826632,3.7083548133849096,9.092353603887593,21.563090969349687,1.2149819530230144,1.3270545059844725
3.9514785385311915,3.660271216921421,9.087134249491324,21.989987033041114,1.1594838037801911,1.2517311135936777
3.866768407328404,3.883885877985516,9.235671638771286,21.761790997155217,1.2347030707836502,1.2292613574459381
3.478770395618375,4.351607620940036,9.0653021243864,21.556512935053917,1.373258537840755,1.0978129379088204
3.8102255837552805,4.117778029842948,9.28274675108002,21.430721354195008,1.3051392616378408,1.2076598031792507
3.5393622557940354,4.424515184030375,9.612057392661214,21.241381440882044,1.4649585572074144,1.1718841066241472
3.8727644215226884,3.749936840235571,8.818137171244242,22.107980053150982,1.132466303076439,1.1695597536656772
3.901640591460795,3.947020252655397,9.179044184859173,21.47847062299224,1.2797179125777665,1.2650047462953355
4.058304779780103,3.828361432396287,9.095782229172878,21.380652950659183,1.2530401584704491,1.3283016648702497
3.432008643610734,4.3406606662450535,9.419636769522649,21.633903828416063,1.3784826636992356,1.0899180518010658
3.8604339852553995,3.958253353735951,8.961783049713395,21.45548019773372,1.2819636688886598,1.2502828073320489
3.8075137643828865,4.123951537014161,9.101343892127815,21.458064165228706,1.3073342598866193,1.207020292185971
3.6262359210790467,4.006891275073249,9.068565016558496,22.06817527271061,1.2228038373661743,1.1066372644237674
3.3991451857600605,4.292514677619968,9.415660278737812,21.83402085974381,1.3621601798054983,1.078663805521842
4.723162262342809,2.956038155522047,8.500454635544125,21.810046866802423,0.9258933259726997,1.4793937649350168
3.8428370461611374,3.86337992328286,9.087289242260448,21.804972795083494,1.2161459105206145,1.2096792578750002
3.3285583353389954,4.392125195090446,9.480152794890609,21.826915748580486,1.383666145391369,1.0486070585412757
3.114031692867599,4.562063252712829,9.536431731980912,21.973736017311275,1.4043780760643307,0.9586184135066916
4.328202227046777,3.426496956964831,8.75398221690794,21.627681257125886,1.1086923824520263,1.4004520941087502
4.085921515900788,3.7746859197477343,8.90127400021791,21.50494453397748,1.201285646582472,1.300335703279425
3.485085362244299,4.255309061058068,9.345461258221441,21.712960197645636,1.358237311932361,1.1123922860476152
3.725320548654317,3.9735010778049333,9.180229040949234,21.93590213181664,1.2196720272625856,1.1434926471166886
3.6351656055940498,4.052637661516004,9.105032188726522,22.026987927909026,1.2319848053085853,1.1050750560307812
4.0686810862630605,3.92769911904538,9.129926050180595,21.14802170479095,1.2949580533207397,1.3414396519076264
3.9071851945234513,4.080839558770652,9.082577956670958,21.10614618223051,1.3585785331258382,1.3007661423047363
4.078923202277747,3.683229456376951,8.74355776800192,21.804391054286135,1.133462416724926,1.255231639854682
3.5246017632378575,4.346093201705439,9.419462606706503,21.513633769049257,1.3896551000930926,1.1269847628114815
3.990420696546032,3.7447717523950708,8.699579276512479,21.876348763463398,1.149267443367548,1.2246569070457416
3.300429123698093,4.4633982769990315,9.292080919523425,21.79309163388549,1.3719749995353034,1.0144974668262112
4.414487203171916,3.5563870709989462,8.891947850018788,21.213210386304915,1.1721590806976256,1.4549825872491364
3.9872235424530538,3.9456375506277013,9.116368934843011,21.43111005379584,1.2439881708130258,1.2570994820367432
4.312610476444561,3.7638714952740866,8.920847662491484,21.09086760693714,1.2133496382064912,1.39024522167925
3.7525584263522247,3.9447869678203884,9.264686282560405,21.64628838130206,1.3051111446296075,1.2415133854014042
4.090085475407208,3.8986178152424342,9.1474977405497,21.116824252774066,1.2948175589450432,1.3584082210977158
3.2967292593812196,4.545248444091113,9.690999135762029,21.510155899622323,1.4524193323197472,1.053459094403127
3.745593520319752,4.105734890029173,8.98769884330706,21.512366983319296,1.327740543355594,1.2112755716244512
3.8564273839606815,3.873423944740566,9.099866336308063,21.865581639134085,1.1928994812516744,1.187665045562052
4.1368088838455845,3.781850512996914,9.05334066026722,21.39074256974846,1.204848423481217,1.3179335472979106
4.1152525099443205,3.668293666600935,9.018898657091155,21.62868016835315,1.1757086903355873,1.318961505977277
3.866074298054447,3.786644287188995,9.310579391261816,21.95657382564168,1.1802206781003477,1.2049774110214466
3.871113182420439,3.8083060153920476,8.999378358140737,21.99979113809488,1.169253219787058,1.1885367232599506
3.948516976584495,3.748974849137251,8.941743428704212,21.972733321126796,1.150027458958699,1.2112385726678712
4.151544629670978,3.6864100781224933,8.903312766819386,21.604740973340597,1.1523013025963627,1.2976934695754818
4.397194729709179,3.48812677045732,8.81950426376164,21.390761243871076,1.1335141078295992,1.4289280719994697
4.396634999568064,3.441012949473076,8.809754746847695,21.39474666921936,1.1538238358599286,1.4742584043034366
4.200559411913445,3.615729482823597,8.963882619751232,21.59233013790417,1.1811450989536607,1.3721906425285788
4.414904835509163,3.4201873783552523,8.78662956522533,21.466825875717056,1.13331635998192,1.4629268295387863
3.854644164405158,3.872945663400205,9.148268693331477,21.994134365905353,1.169536697207631,1.1640100834751201
4.188519808144835,3.563799118120287,8.896556836177927,21.596046123025666,1.1509194209684723,1.3526713017561058
3.8795124714580673,3.9014295312630813,9.10656714323179,21.46454685163947,1.28493708032652,1.2777186895778145
4.540335784340092,3.294515765036749,8.713143977523943,21.54903597645353,1.0492855329496416,1.4460725013979348
4.276425574540613,3.470524892235674,8.795802700756148,21.682194469308712,1.106854312667834,1.3638801728732466
4.564586636142711,3.386412904879141,8.872681948883853,21.17528854085026,1.118379486520697,1.5074771451978959
3.5813690299217353,4.287534191109346,9.298297437954323,21.46779981004292,1.3706081242146841,1.1448663192937802
3.8567705292652263,3.9804733391940768,9.301245819005295,21.465449195108512,1.2963542155890921,1.2560668815294826
4.002123522899617,3.749953194416786,9.110349967130315,21.736381897259644,1.1908723758037283,1.2709540895260938
3.840554318288447,3.8880382895425503,9.172400140036132,21.692344105844555,1.258630258613415,1.243258814566609
3.5158073978980386,4.081089931351912,9.437550396897823,21.962065975110512,1.2859300776193765,1.1078125099233327
3.9213452359749263,3.912887553324015,9.23495917165694,21.424353454312584,1.290074966863495,1.2928634560589864
3.6579265974942885,4.301519260625681,9.374532558473659,21.015541169748374,1.4965570133661867,1.2726423786982004
3.6260984198703667,3.950540489047032,9.250254015244867,22.23636057216565,1.198588771584838,1.1001534759023708
3.85643329280187,4.207940255056913,9.114611128932804,20.92788454659426,1.4106179584953251,1.2927831026184569
3.9805206336475316,3.881481791898347,9.058868870472205,21.523424704348585,1.2496952291519057,1.2815821153130165
3.99193716594001,3.9732082876439097,9.171094167081725,21.225766215663032,1.3200532020319817,1.3262756585395148
3.9864921275954064,4.090934037458038,9.026403091663688,20.986710038028203,1.3657005956030737,1.3308341379190118
3.8379072793561573,4.212058936793619,9.154539216640739,20.935291468426577,1.432433605031554,1.3051924112272577
4.499710763543918,3.5053830825180414,8.937201163448034,21.003537993165423,1.1979611571440727,1.5377716461267732
3.594632780267951,4.110333699908131,9.296015701959613,21.83362116859898,1.2903279791730662,1.1284376378823144
4.240550298570762,3.6090849026626617,8.859005194196824,21.43709595029076,1.1910347433075954,1.3994247496408243
3.4153947871331853,4.631543059465413,9.627380412342724,20.834372005382768,1.6004838342576222,1.1802295853091673
3.5929804859203713,4.456729808516478,9.519583017115934,20.81015586372197,1.5458499322183532,1.246252045616091
3.67074539142099,4.417916924193145,9.446071909441292,20.721890252840122,1.5438197257063684,1.2827242432487436
4.275329216651074,3.3473937406065057,8.695237242001639,22.09081006281493,1.022786924874096,1.3063150502069836
3.261025856176802,4.76221432775889,9.774654391111513,20.828352444857607,1.6677046676993672,1.1419956489849368
3.3030238328536567,4.555067231164324,9.56911311600775,21.378824564640922,1.5179311964971183,1.100700091616535
3.486340003078855,4.307671249812658,9.454268090202472,21.756870908970953,1.3283809681915342,1.075102402240231
3.8194410572247115,4.160350600795697,8.962907221298282,21.160514553735972,1.3789423426132266,1.2659483549091441
3.881354869010782,3.976087928805402,9.0747482743559,21.453022860835716,1.281467361123279,1.2509355101381276
4.010634398252132,3.9235368042418415,9.161730654649269,21.280958725690596,1.2857897776447962,1.314332697368351
3.6741712625663103,4.113629248481023,9.1263315031182,21.492955938651356,1.349127208285238,1.2050002853461583
3.8019563555353346,3.919176458354584,9.10379534140226,21.967180907100133,1.202059457679318,1.166106615361221
3.7195408817462536,4.098637956228932,9.22615188196543,21.409163749343172,1.3387008587040794,1.214879827287803
3.540744025878632,4.252067404141678,9.385779722574437,21.57457448274055,1.360373546487619,1.1327982484467858
3.779426756141805,4.1342886718837955,9.189702257867072,21.197740943673374,1.3815611971387776,1.2629764799017795
3.6178468277926075,4.147832321465003,9.291260003139456,21.646614516371656,1.326208305158113,1.1567532479504483
3.904221926175876,3.9186785558479325,9.096650252494117,21.48707476040755,1.273853086719529,1.2691536396817442
4.369406352464755,3.4695585761616394,8.818293630735091,21.47501304794068,1.1254809955718408,1.4173802527554886
3.134240046668866,4.523832991222067,9.511785093448543,21.71654437629692,1.4698205440595367,1.0183334397063029
3.886890365124774,3.976372109400431,9.35669747480768,21.25879327836671,1.3504682305288673,1.3200781539636224
3.0471152847192173,4.6267357918971594,9.50956398910182,21.744347368802877,1.5142787856565951,0.9972866920953475
3.2101053016168826,4.32307069383111,9.33118997469232,22.078742817983475,1.3834749492649485,1.027302254304301
3.678845944463066,3.994763377378017,9.416700134838237,21.705673875987205,1.3005469141331127,1.1976959055289265
3.399107235719623,4.2698850933444685,9.567228230490366,21.71816230656298,1.3892741290481259,1.1059528866025612
3.67434002248692,4.015991003662511,9.279010459744221,21.612217903478516,1.327939827481616,1.2149684725688488
3.9626846383369725,3.9503254637215948,9.071987546055167,21.40189343468563,1.2736502186841325,1.2776350208469398
4.08496017430026,3.7016643401396863,9.10925820109498,21.466619153613458,1.2296669844562966,1.3569951777330291
3.718111979986167,4.162424892102856,9.233198746768611,21.36819884933208,1.3478667516587877,1.2039903774061276
4.296395827516615,3.5461558560295416,8.917687064065714,21.398788359816237,1.163926004348643,1.4101711914660797
3.9975092041296594,3.7838567358438597,9.014134364359661,21.66597357831852,1.1943015765267948,1.2617368674260065
3.677954086790235,4.154949323973896,9.470592305259547,21.499537757624463,1.3483532144893784,1.1935599760636493
4.330689127190701,3.447589976351547,8.934558529492518,21.539727812221326,1.113678795637801,1.3989472891307835
3.86386615329472,3.9984573024697943,9.24431784823576,21.29876197941708,1.3387219270399084,1.293659516976188
4.266257057994793,3.6751294275727275,8.941971467714291,21.23904146645661,1.1953759046556096,1.3876466096493647
3.8560240198150764,3.9074168341083273,9.10229941744522,21.631944412051084,1.2406591653570485,1.2243412323610503
4.198487061829999,3.6835362852920683,8.859671930104291,21.427205170416272,1.1835522498977018,1.3490104137256471
3.811107945360147,3.973095457648691,8.971015113732976,21.89534398253071,1.19674519127779,1.1479525613385402
4.1243132199790535,3.649232113914374,8.798997996075524,21.864663034664254,1.1165750131392647,1.261938113015469
3.333256921113034,4.247542412962759,9.27620423419797,22.287336709393493,1.267796441154011,0.9949026639833887
3.4079825945897753,4.202033175860881,9.217525337913711,22.26564929363931,1.2527695033810777,1.0160359244857469
3.8889758561910868,3.9650311212910263,9.130279445491066,21.278983889238976,1.3124204248302636,1.2872462256172847
3.889956959940943,3.775249860279327,9.163705210969344,21.820258561673512,1.2100483636157833,1.2468144435780724
4.376141791040321,3.619877492160754,8.918922000696904,21.035147758819022,1.217722366803522,1.4721287531950464
4.43410949290656,3.3870040730347117,8.717825551663296,21.537654159732043,1.0821735030781625,1.416731630520732
4.6981109754088095,3.1384645640551065,8.527736580338564,21.482912849055207,1.0188421398719976,1.5251513413160789
4.623001301167935,3.197723490272229,8.651358468883457,21.60304357382514,1.015892909301884,1.4686930423587279
4.199976721595452,3.686656219609346,8.90576799899668,21.38082327560344,1.1998475503368633,1.366911228140535
4.562376932901339,3.3734572344018328,8.679218933547508,21.196503497939496,1.128413319961512,1.5261040956056127
3.7592757044779765,3.7011984414996895,9.143618489382789,22.229390326936283,1.1615912680110667,1.1798183484045799
4.098628976924968,3.5468557393734694,8.929954713054912,21.74091150104774,1.173474449844071,1.3560281943301105
3.4709357958306812,4.3147692673569775,9.481358460340699,21.333100244387733,1.459343557237355,1.1739417515441724
3.5160274425199027,4.205151697075278,9.416449918269155,21.502944329676293,1.4015157425934592,1.171840677117444
4.685235002721865,3.200805589999097,8.71145376845488,21.625938186315466,0.9997151379174547,1.463350467631212
3.8969309347377,3.9048239235014717,9.12667970624964,21.664462418995797,1.2254448268439988,1.2229677824398482
4.214778735684544,3.6500773189838296,8.978371404991233,21.63749240475488,1.137895538181787,1.3139387192746104
3.842948745513874,3.991268489620123,9.148310268801968,21.642566652746744,1.254074391685474,1.2074716654222017
4.059702336341331,3.9071457768175226,8.90218659094007,21.259596405507303,1.260336657173515,1.3095471640865026
3.8123198657151596,4.202927964356837,9.09824949169675,21.157788871651594,1.3721073809163187,1.2445876471171335
3.855639818458424,4.1681998122472095,9.08945929931402,21.142484250995118,1.3609041425585597,1.258854286624252
4.536613492792253,3.372484820690196,8.800824044661509,21.332389718256596,1.0934074518689663,1.4708344923708763
4.6841462698826986,3.2144148713966474,8.74594694886631,21.281363312393253,1.052128609936647,1.53319484287051
4.20258786371738,3.653966374293452,9.002469351191822,21.54790875668101,1.1602094225118176,1.3344080210266134
4.098632969417153,3.857289148041606,9.028397066774984,21.286995037782333,1.2534408209437553,1.331866416221791
4.213648925773141,3.6370191443522293,8.959465149634022,21.506725967910093,1.1690044135568105,1.354343762269368
3.8846265646763256,4.062160688005995,9.155126907118284,21.063074368161843,1.3794544781845128,1.3191663063795986
4.210580045465264,3.668325234566874,8.969251049089749,21.429437418549895,1.1998049399613264,1.3771610791343296
4.1175617556204385,3.782928437882,9.122114673976466,21.537726998604157,1.1814482000481963,1.2859576924718978
3.7419629769650893,4.036976866924375,9.229841520829588,21.839896542105528,1.2298472513588603,1.1399725669999348
3.813361599620871,3.9209588459167883,9.299309470361038,21.809282388913854,1.2249229376496875,1.19130913546631
3.5942622251711156,4.266158215331119,9.466905721903125,21.423286127002882,1.3930668688839445,1.1736666507053917
3.6204395468020434,4.288218924839942,9.417410282400297,21.4130021863023,1.3808247480556979,1.165796945698245
3.841846510765914,3.995382263234154,9.344561344029408,21.448992202034272,1.3058134033400648,1.2556332127460765
3.6631772320245792,4.067392823239663,9.435824851777912,21.728714519346227,1.3007626404171941,1.171493459254618
4.112459299723567,3.6872478625121885,9.000986031464384,21.5557479365835,1.1857915373922487,1.3225363787070712
4.564198532630392,3.277364946472973,8.708297622468928,21.520045841682304,1.052872848927687,1.4662757399946333
3.914254102511786,3.961598856866035,9.344499590435479,21.20021910385219,1.347945099541369,1.3318359143546374
3.793592918622891,4.1132020290904165,9.533570732710647,21.196530323950594,1.3934687234758423,1.2851916935549659
4.486907095847618,3.3846836912238616,9.154368147875577,21.274465805631074,1.1401425159365615,1.5114303171956172
4.327468401328325,3.473885531718955,9.0495867995384,21.41986064119044,1.1524882994116195,1.4356709952203135
3.5620095459625607,4.263204263101589,9.219500612550538,21.474721634760854,1.3956621600031667,1.166109252586742
4.535101609107895,3.4461597473085073,8.800970623557667,21.219947623850103,1.1249938898122294,1.4804773933967177
3.0304254330321156,4.652125894032509,9.547649541746901,21.8227612423367,1.4740685470696857,0.9602179555808594
3.952144772001966,3.993951029805568,8.947060461682897,21.37611609806818,1.276221605312239,1.2628628913350155
4.190183771035936,3.929163076149528,9.120440789952168,20.79475501048583,1.3351958264848711,1.4238950572584756
4.241792990686124,3.6554401013718327,8.811508330672908,21.48979423188152,1.167223522785722,1.354452656920396
3.7455167410740073,4.331272464178845,9.434238887642227,20.93857737598703,1.4614224509373237,1.2637815563526122
2.7910341074874374,4.837939024223691,9.930988150873127,21.8465039504462,1.5531616262053958,0.8960276372800106
4.0749500379328065,3.6099202862041984,8.760055665188855,21.67359084890186,1.166010220182042,1.3162155987541055
4.537411521301398,3.376617553819182,8.687351875234398,21.215913724177337,1.1476916782798101,1.54223845636248
3.378474347312571,4.41584730128867,9.568536439077267,21.399432818684396,1.4562263786063112,1.1141289832566361
4.069641817411437,3.801008787610874,9.097422424797154,21.481843167290016,1.2311887066799498,1.318201910545642
3.3953198678257666,4.501468897501496,9.271046389901803,21.357478094961586,1.4515381208483507,1.0948506660477808
3.8299460299913592,4.078284117152916,9.033931228128136,21.452357566686878,1.3007387337804923,1.22153312677401
3.662262236919857,4.108593205471588,9.27534512738946,21.597757659046096,1.3254436364871542,1.181456020179412
3.277816186409976,4.350299636822704,9.34644540575577,21.996850136386758,1.3480970088198503,1.0157493886071522
3.2951860689558417,4.468551135699278,9.576211845107434,21.67631066569976,1.416160379310072,1.0443008956592175
3.3003816793989045,4.505397112711029,9.571040159576945,21.551158643152974,1.445432424734641,1.0588364519399285
4.232823395580949,3.5099382039703113,8.936735383892106,21.67523175732636,1.1113338445446248,1.34021729846079
3.4881848111699414,4.508045039589284,9.435126550130075,21.10665460054509,1.519753025414097,1.1759375457486547
3.305087663882611,4.734489062574634,9.611968222217826,21.00073219413717,1.6110854617080212,1.124678632599093
3.8693386474658724,3.8782247520497504,9.136073938604776,21.827170070906607,1.2190669331927921,1.2162737076951278
3.59948927786496,4.11205905968473,9.264256172848585,21.83223884922969,1.3092340178461321,1.1460374817219976
4.871602937218353,2.887347060995341,8.59328812692973,21.872395466151353,0.8762078830121611,1.4783594788997922
3.707419471896274,4.010361710378101,9.234980233222869,21.9301323120377,1.2407442988584225,1.1470186246113736
3.8587470451871804,3.956434604605011,9.261764821371077,21.62467761443652,1.2620312550267596,1.2308706860970746
3.7882035790613733,4.039920134917677,9.347523503711088,21.67800713066041,1.2747872837502932,1.1953587173928606
3.853907753769982,3.780053047838141,9.225733103923783,22.060707968981173,1.160681292842778,1.1833586929952753
3.471969129768693,4.210237043150724,9.118117776770994,22.151896305009338,1.2489342220992405,1.0299327614568718
3.077108554376503,4.609654825959261,9.289873678286698,22.150778414420913,1.368667075673498,0.9136339543106635
2.8493014108262504,4.8103542111222115,9.56858590194916,22.05938913871213,1.446022515647209,0.856517797461514
3.3877061133243727,4.555593623097145,9.441439689747849,21.499384571172925,1.418039375213867,1.0545059673432269
3.871590723497264,4.068016568329252,8.992918654091316,21.352780518009624,1.3056319645803591,1.2425889908425027
3.701545156283663,3.972925706589091,9.409639952790574,21.893965024325198,1.2437620667799574,1.1588038120680804
3.6030613828855165,3.9846475390734795,9.39733536138488,22.112563397497823,1.2223189706626438,1.1052647034841623
3.216727965104044,4.425454194324256,9.682085544648489,21.914630261563076,1.4089262554358057,1.0241056143891945
4.711590600263595,3.2885330274413347,8.632781177138895,21.148088484911845,1.0711731105891589,1.5347053281790495
3.841240286591187,3.9891937096857033,9.199278268703054,21.586160151517475,1.267640959786498,1.2206259906212111
4.306616260693481,3.5056058786694937,8.950928458916483,21.591439654244375,1.1261761356136613,1.383500777297731
3.5275269365359647,4.306459765243237,9.262468494405985,21.511122490758364,1.3740111835917466,1.1254862985925955
3.625914020902567,4.229204201102391,9.157514187321693,21.563261120075882,1.3299793071795758,1.1402595826788626
3.1344084859175054,4.749477813793693,9.582279975002502,21.468782037436757,1.518290695753004,1.001992940578989
3.3751049967501143,4.464415699403503,9.303886277420235,21.549767870934232,1.4033206521955028,1.0609125279038203
3.677266427228193,4.116751909732831,9.247755707696413,21.583445744118073,1.3361684872082773,1.1935252905366733
3.833861285859907,4.144541782333343,9.127558208611013,21.216936474531483,1.3453686941345575,1.2445180245586742
3.9279674092759156,3.720684355441921,9.08952682850294,21.847989163748807,1.1917057339606643,1.2580968545741484
4.229284041014342,3.6389393703237483,8.84509104571031,21.503884265323038,1.1602671630595365,1.348497157182399
3.1606741730134456,4.487517951290778,9.607313576593498,21.68358076524683,1.488753935529992,1.0485676414170781
4.469128214377069,3.2506095558319354,8.855364188195386,21.643424931445125,1.058983291523234,1.4559521915541545
3.0119005010284794,4.729808707152521,9.78282052812952,21.582814076968468,1.5524989861645537,0.9886176722547185
3.4928101344126827,4.39180419631241,9.493449776354616,21.240248578670368,1.4696786302806502,1.1688381778231829
4.526275198888854,3.3483590335330624,8.724204101876293,21.425275565632475,1.082336526372074,1.4630907041650902
4.43796445264939,3.323412730777717,8.682782299421879,21.60198413045812,1.0817833416053622,1.4445741183609775
4.379453128638383,3.4135464897738697,8.725852071741226,21.546381411054185,1.1118403413174471,1.4264497864365178
5.085724555198448,2.8034918609058304,8.254280349480851,21.292912147221244,0.9188261345042578,1.6668129839679742
3.796910638543284,3.748175225758139,8.920665322630505,22.105703550920087,1.1648271863705577,1.1799727786473024
4.117459837008556,3.5789057821957018,9.009353585632969,21.69631090178067,1.1767245190334044,1.353798127474235
3.783845089968267,3.911078880471597,9.365617933723646,21.603523537573572,1.2825070980983297,1.240785045328379
4.227074723648606,3.6535039888113445,8.933606235503023,21.504596663991784,1.1811508772669908,1.3665820629732142
4.463438431071449,3.4014277362351977,8.840867352669814,21.521210036681595,1.0888601804708502,1.428829524673732
4.072779677343815,3.7270583701228683,9.034214849246899,21.647746398317217,1.1729993485539538,1.2818065707327744
4.34199184475408,3.542381063974576,8.897706297849531,21.42468300032715,1.1372773454569154,1.3939914622445988
4.004667903038869,3.9847401909873277,9.099781446662865,21.11186178507829,1.3266132335453928,1.33324763510102
4.279777157343554,3.6960094148293794,8.872132728091763,21.189263431146866,1.2164711122175167,1.4086071474136577
3.87447626838113,3.8813279343566016,8.986364948823656,21.852774075858193,1.1856691709064489,1.1835761220185785
3.8685062601547724,3.981279587763123,9.07023614766221,21.64822582178968,1.2282569568677248,1.1934654730920515
3.96435990563521,3.8238603164706046,9.129608093226597,21.572206187451776,1.2473095559328629,1.2931392844443386
3.7347874882856598,3.9321889711921356,9.190060397518968,21.82691500659687,1.2497070325359891,1.186969960836593
4.26814356266784,3.722825401013518,8.947629693051269,21.185279718525884,1.2166331434125397,1.3948451404062274
4.250302757532378,3.7038867451692727,8.9346750152408,21.206483441143988,1.2345685605579044,1.4166983275462521
4.056051863417124,3.948917187478294,9.07804157330675,21.11994938837055,1.3081113837845695,1.343600628694045
4.132940916409316,3.8982234721985884,9.096290510649629,21.051408298704615,1.293018876572163,1.3708733372488555
4.062831014087583,3.7182767730316697,8.89916108313901,21.87363025933346,1.1179496436140497,1.2215444845866066
4.258570201951961,3.6689896602189536,9.016492366226336,21.271811965418145,1.198016576285725,1.3905293188835088
3.8441833256322977,3.91810084798642,9.142721108740838,21.552953922632756,1.2704976289474899,1.2465288643515382
4.67418665735575,3.1517808853161915,8.71211104067669,21.62994232677978,0.9912847276946901,1.470105320270769
4.411968459094941,3.4219111522547343,8.922783063047913,21.56598378905663,1.0874262374196257,1.4020499211168667
4.869875898449354,3.094583840789482,8.746032087856594,21.222028602128226,1.0088273104288958,1.5875684930552112
4.92936832142298,2.982704936924528,8.768532537883226,21.329746646777934,0.9660658713814553,1.596569088629275
4.434617111773583,3.4726779109888835,8.82299384388544,21.276065481799378,1.1512535568382876,1.4701532517570746
4.58866670973748,3.220876924295034,8.746153404675054,21.666437673551744,1.001374363979652,1.4266217915121646
4.574130647021656,3.2568176371330595,8.7424986758493,21.587227346313092,1.0289082022261362,1.4450795424079936
4.4007794086474075,3.432927310046377,8.830428980739674,21.691926360950177,1.0548566581318441,1.3522545166033604
4.352548225876459,3.5345701364708737,8.961490024408228,21.381791198241334,1.1513369378523497,1.4177818950393812
4.017275890501201,3.8161725980785612,9.119865466454408,21.499342660852136,1.2296623235228037,1.2944626268301067
4.151237521476016,3.668525974298157,9.249873922529247,21.51718016109342,1.1756956062687338,1.3303958452988713
3.772306754239667,3.9858915276879463,9.20929902860062,21.669900808773026,1.2707060264147991,1.202614996619867
4.154829804521716,3.544081872309875,9.024684925526586,21.64309183984198,1.1500515475430624,1.348238731108651
3.9243671945043674,3.983191559783685,9.081648560221055,21.409514315262477,1.293875053408474,1.274766914212771
4.012074350846195,3.8986523660448418,9.19106195831835,21.187992478143336,1.3137153470645944,1.3519347593481341
3.9163688241037535,3.7759749463934407,8.698450806223802,21.980527005685147,1.1528889427307938,1.1957543090367633
4.010399026642667,3.9665877676481296,9.31194661442759,21.161062434393173,1.3269851787159133,1.3416418294071712
3.8181161521731393,4.087655608803664,9.296318804620812,21.30678709360118,1.3486447010061247,1.25971525227421
3.6770947664409515,4.113522971438716,9.349479604546605,21.546657835436008,1.3302572739709546,1.1891223396833968
4.622780989767948,3.254552529228805,8.655237615364326,21.487839776030572,1.041543924299879,1.4794136551861718
4.891057344032352,2.897890711564916,8.491704897011413,21.788632900740488,0.8883304214968831,1.4993232887113848
4.14075931179881,3.721749655239096,8.92263198855198,21.538727102685094,1.1721918352970817,1.3041619417867878
4.299856405953236,3.5313627666087264,8.746984541628988,21.598895016882604,1.1110713808045445,1.3528622545940399
4.043098788450797,3.933527649182082,9.180102674139231,21.21480005282903,1.292024569989427,1.3280148099782956
3.8973654457317286,4.1145032314027254,9.158032617994868,21.086395352121812,1.3599722114972903,1.2882013711380436
3.9180657035946966,4.175703593921084,9.19501888350944,20.850355674666517,1.410079999972054,1.3230790842669489
4.059512092159983,4.056077952248419,9.156742302964984,20.857525259280415,1.3616840406904904,1.3628369311344433
4.353305439553613,3.458635614700914,8.776191283421099,21.65207883041849,1.0752851657505278,1.3534368122609743
4.245270143445505,3.7213943011120234,9.001615744260826,21.301111312858275,1.2087003768807085,1.378854055000214
4.2969397835479395,3.6980752119882805,8.995367172080064,21.243938130965912,1.2034153639382175,1.398295885566574
3.301261016544378,4.519645953271123,9.176593847976829,21.48340352777756,1.4653431830672514,1.0703228474384836
4.368189304912961,3.4422696746998898,8.397837174486009,21.650109915134536,1.082483231168427,1.3736552100758328
3.9188225415526237,4.101313720148429,8.730362285471168,21.26981171514271,1.2835838831631423,1.2264698090765238
3.9098686397660884,3.848968858886776,8.905852236292622,21.95671879630601,1.1365490939787406,1.1545319858439416
4.562108236308438,3.4439910160244844,8.88740477717717,21.095517020802703,1.1462033576369521,1.5183267767045623
4.278461936038697,3.6292172394177555,8.92760950555331,21.392058481096747,1.1766147045850321,1.3871038559703608
4.128674656135079,3.7647325178929485,9.090513072211767,21.38353904387669,1.236096225445109,1.3555914355890961
3.440667375387149,4.510265941116988,9.532409192165094,21.12960559618589,1.5341579207600802,1.1703361122301668
4.161556370318529,3.4644548070295467,8.888196145601118,22.08532730268495,1.045172236152453,1.2554769566094117
4.470527871057659,3.463383772885757,8.744983420903537,21.22970891671531,1.1512642111464855,1.4860492167153614
3.782602764422041,4.031709563890146,9.31709140181197,21.509989779032942,1.3118110921912582,1.2307583631927892
4.78136371426343,3.048122104934599,8.463694859899423,21.598476925604555,0.9643345733143648,1.512680325302763
4.608001391644799,3.174030603900347,8.625754987418826,21.62136980037026,1.0164098705804676,1.4756058408387525
4.32250390241885,3.43454528709094,8.762132098935922,21.8902735055132,1.0524852444736543,1.3245921064354187
3.2987813401024106,4.56938403474799,9.33971919617971,21.354276938257442,1.487785088528242,1.0740786177737536
3.725777787771221,3.9927694225941113,9.198515599130943,21.90073867886411,1.2324823419960886,1.1500677468737668
3.351295959304808,4.418946353923409,9.35853969008799,21.597208117566403,1.4189018964797309,1.0760846164381543
4.268391831804723,3.722378981137074,9.004713085716135,21.092079627705075,1.259068076837874,1.443753019801119
3.9731050880905645,3.6863452811383657,9.100131826088607,21.79543777023124,1.1764253356922605,1.2679391458290616
3.259400708575677,4.459432532893552,9.677041495633468,21.72343382568561,1.4150153881239658,1.0342352137131956
3.172283000561368,4.655683845481303,9.587100929842718,21.52693308865897,1.4865911768983593,1.012931306286253
3.0127161659083583,4.858999028042121,9.827891286529214,21.41412699976763,1.5703474521236354,0.973659621622148
3.9326070641166466,4.108731719323509,9.064262458475712,21.102374364508215,1.3362804575045066,1.2789995370368155
3.2549222193791363,4.484177876890828,9.576812751259357,21.746482373848146,1.4134462360427476,1.0259757052240936
3.2728032027641096,4.596262695037058,9.652206179706567,21.312384953582896,1.5268062127544733,1.0871737745752785
3.7691915912518916,4.223058102595162,9.222838275958123,21.14518682786184,1.395291499304039,1.245334745285693
3.880562780226359,4.120100295791622,9.088015738658603,21.180350587896648,1.3632132296796224,1.283957705109822
3.6311058922141153,4.332516406485353,9.311408459427218,21.378580803506225,1.3775099326919498,1.154498670955724
3.9642112661206768,3.9996005210065455,9.057512777347275,21.0278103678941,1.3742820448857174,1.362122126084803
3.704740100320117,4.173458057090427,9.278356710198024,21.337695487108775,1.382615400126822,1.2273348973682994
4.031757900105348,3.9403866361618154,8.948540534587355,21.095605862533727,1.3360249695710311,1.367005251812759
3.6025975681889464,4.203828487558221,9.309161497957696,21.41287065884542,1.389483829709387,1.1907600609216276
3.8017569878740884,4.0190330268167145,9.258622321206934,21.36734659977777,1.3354202069360432,1.2632250269136427
3.946226260475238,3.82862662638069,9.213029715224373,21.593637310646514,1.2410017999200573,1.2791202616618431
4.007450885214573,3.843455914248501,9.043031705500088,21.28776152068057,1.2893505089703179,1.3443653195994183
4.121140833985462,3.727105791103945,9.099726801171371,21.55326208075143,1.1969823447899373,1.3235290585117445
4.704589882335964,3.010691861903435,8.483432266667327,21.634211694944085,0.9710080661848891,1.5173239020721012
4.377488286202705,3.39781284289581,8.821090223621042,21.699527020810834,1.0737401650804717,1.3833266316867743
4.30328188911198,3.5001050850968887,8.940528216230476,21.584201448826853,1.1260179244110962,1.3844077315180376
4.8531334394987296,3.0572777573054966,8.546717458568207,21.27512561316518,1.0072233638473467,1.5988699019745312
4.390112297831136,3.446462540681429,8.86760684001606,21.454619703239743,1.1124093479717405,1.4169897107854466
4.039705903428916,3.8506025045225796,9.124646725018899,21.408199356034984,1.2391233745847396,1.2999768232393463
4.063893153189967,3.770577310422226,8.914762214796243,21.596242365427194,1.198205435826639,1.2914146736393557
4.131618308622652,3.629077210765213,9.084786783253678,21.597944720605163,1.1758981369509425,1.3387321320389778
3.641685268488753,4.167321300979136,9.387105211852319,21.56440670765624,1.3307257386901492,1.1628775342683833
4.007682381700804,3.816392166319099,9.14259461125527,21.533626303424114,1.2342777705029029,1.2961438603256565
3.7699380062436147,3.973837611912215,9.269936180129498,21.641559889489812,1.2793261329373737,1.2136832658897836
4.2526445384755736,3.651487255231573,8.914686153034197,21.41737862208091,1.1749619746611186,1.3684001271811082
3.8298315154602007,3.9016687231934637,9.273829755877228,21.594408967934733,1.2787142739913353,1.255170690604528
3.9531217057223067,3.9393534666028267,9.167843462497752,21.311088123442293,1.3020129868120158,1.3065635878918818
3.774973023814527,4.159390745468329,9.366864512011773,21.200647166883996,1.3943836025158893,1.2655123806489412
4.05142938539256,3.687444751147757,8.998530264649748,21.65667191677344,1.1859394970629225,1.3030026080262944
3.6415466233801115,4.067030645207615,9.12599562230793,21.81306701790189,1.2771156492087243,1.1435065495565058
3.5651919711423266,4.158987391467688,9.353435454370846,21.750524806820103,1.311136066998207,1.1239398774631875
4.786902772831991,3.071116981311079,8.539915714502456,21.44485704486236,0.9865209539552798,1.5376750279077214
3.868723095045994,4.032574652971491,9.256326279682586,21.41204028153171,1.2945536326681253,1.2419533344009916
3.9865626138066035,3.954939077486417,9.138758921222312,21.496993974147664,1.2393790197816317,1.24928904536702
4.373942574719299,3.363809006575085,8.743344790546963,21.57591566011845,1.0973106832650048,1.4268271194487019
3.588115334549191,4.3058581566731196,9.19142801524462,21.29422459085835,1.4318046679237546,1.1931373719532279
4.275420782432099,3.5480621688181397,8.912279987753873,21.562290572148157,1.131617350980859,1.3636007797901435
4.13380834677646,3.6524275278570686,8.94637413732597,21.572438224138388,1.1737188003480916,1.3284120045207548
4.016623691645603,3.695223210783845,9.129147177359833,21.62193243746979,1.1950930824981905,1.2990390336571198
3.7294640918097954,4.161734222292243,9.202123360927729,21.55441283577761,1.3193532246448438,1.1823149227958758
3.6741139248757473,4.046855394252358,9.068783600980785,22.01553057098881,1.2202395840037557,1.1078476521894756
3.6297477803222784,3.9865426528938595,9.050763610807564,22.24089471554872,1.1911847859641902,1.084573955246304
3.5701242322323417,3.991169520052958,9.142216537292269,22.30214128888599,1.1987024439549225,1.072246272902689
3.6860618735506416,3.9416120976474542,8.902354699133015,22.22353292099104,1.1767774850836201,1.1004823696396906
3.6003728461486255,4.297273717718157,9.272592633069062,21.49453340580139,1.3674144396107324,1.1456570237793067
3.9558871674057974,3.8423115968610086,8.941207538843736,21.601257849900293,1.2225400572502423,1.2586773358170011
3.7432606964474595,4.081584951841837,9.350668595358837,21.393047901069487,1.3535517122137708,1.2413552540790795
3.8441874419892668,4.0161987207725645,9.245990591077788,21.384632497608358,1.3209683673766441,1.2643921185646747
4.09560691362857,3.7687044122025375,9.155759477890467,21.330413140763476,1.2562733817266043,1.365244228480106
4.104245291683826,3.7697167651694,9.091031225426363,21.33050166309242,1.2521197004587183,1.3632340850417513
4.105205056780476,3.8022600958256727,9.089664466562303,21.309248935106787,1.242710428460849,1.3417233451841186
3.7373796336732386,4.0574975829441815,9.136487305533423,21.718790650789234,1.2649591903240331,1.1651597120396533
4.15028047242669,3.7161673457924325,8.983868611120005,21.632497140713525,1.1603772110498178,1.2959294971260416
4.838100991168657,3.0125303253765434,8.453927849296027,21.423086253585815,0.9726750664436561,1.5621088237370324
4.055324044625065,3.5423894733339956,8.896064740770129,21.92802062143371,1.131096915188428,1.2948786550700058
4.153006329809722,3.3841622104694675,8.8372216397968,21.992555720343752,1.0892031441899142,1.3366580178323804
4.203048152178724,3.3933625438224717,8.93697716610583,21.962972182979712,1.065909188479204,1.3202443261430135
4.231632900347765,3.755475959637471,8.992235861212842,21.06634877015299,1.2709172269287825,1.4320568707913506
4.04325419531097,3.785905404938217,9.059931759844915,21.607265504784557,1.1994529490912686,1.2809863559098964
4.370945441043166,3.3992811847717537,8.759063572940404,21.558818649703856,1.1123688255923134,1.430332821174878
3.5972855893285054,4.278598275497866,9.622589485284184,21.530745465758812,1.34645505200007,1.1320491065908276
3.4628955738373164,4.529481317654217,9.682271318352145,21.04673582979411,1.524622060877118,1.1656096175533772
3.487083928177044,4.292325975608222,9.231624196218855,21.572350946293483,1.3843874358165869,1.1246758063667792
3.6517760748181,4.300015662807295,9.23306590535018,21.130224839622578,1.4521093560039333,1.2331997416057614
3.734677984211226,4.235657704303226,9.240501047670815,21.028129077340626,1.4548645069387622,1.2827878982181182
4.247161059682107,3.441770429135075,9.000446217747509,21.909023168834256,1.064286490029801,1.3133345845894364
4.098624146370177,3.5377932714482823,9.101220577108904,21.87604921103822,1.1251814507028801,1.3035515387847236
4.186802948349011,3.666749699259379,8.888931041340147,21.40998379772623,1.1935524984692785,1.3628334436380662
4.054289160357925,3.712289002950767,9.083278466915244,21.584604575753136,1.2070360423642452,1.3182360368034065
3.691557935307729,4.023620939068232,9.290523367155558,21.780105637566212,1.2706570277316787,1.1657917345622666
3.88791260521592,3.841824523598924,9.354249440491735,21.814702243223007,1.2145601598989255,1.2291305150607317
3.3769496227766935,4.214374266972975,9.629607420205508,22.014276854453517,1.334377884139152,1.0692279819091275
3.343486834132212,4.394595959257794,9.626926493989728,21.69467348712394,1.412264884840213,1.0744762641542092
4.753542616307597,2.925453703071563,8.578379610348213,21.9343208252112,0.9044275584687508,1.4695959597754982
4.405628258177057,3.3538492242829716,8.851732778677597,21.79677750172543,1.0366450377931449,1.3617406051331686
4.39985763081246,3.566208356434165,8.868228293519298,21.301589204665575,1.1444760770188176,1.4120127871015813
4.238514480881139,3.710970782632669,8.982131982042562,21.12526873083213,1.2608588224899075,1.440099825760123
4.251334604649836,3.5817303192706174,9.009825062725119,21.598214973947883,1.1456750729481544,1.3598589645635497
4.609481118570521,3.1535186464319636,8.743075335250504,21.803116560080106,0.9796860980402912,1.4320018612073802
3.707938064824862,4.201985128952028,9.215950219515303,21.270147195744116,1.3852880526195963,1.2224132507428367
4.266226864922139,3.516009905129754,8.955586795875364,21.636315585494035,1.1321290225853944,1.3736933003701566
3.6435152931577766,4.1105798750616405,9.071410771506038,21.83284068696981,1.2755929728618634,1.130653738822457
4.576857548593998,3.3471081662625863,8.604213391837606,21.26136486913662,1.0987108109370929,1.5023843326743453
4.4624128643234675,3.527417773345233,8.62305341671248,21.15126838542891,1.1609399681619261,1.46866455336818
4.310847285179824,3.530735830016999,8.844223808513304,21.51331201711345,1.1328043402554586,1.3830959748712364
4.407091567743997,3.3360262315632134,8.902633879164833,21.670345514576915,1.070047585665739,1.4135973054572015
4.2273814779415515,3.649273317472969,8.833898142983328,21.442620421517205,1.1975329499743375,1.3872429307245824
3.2637230325976643,4.389566990150153,9.574504214864149,21.793615406417786,1.4037101341949234,1.043684059576459
4.01638429795073,3.6139776002057116,9.02862125825951,22.00601995468807,1.1298451887469032,1.255650415470184
3.8232952718102733,3.9083841774429593,9.24470035648559,21.613868172608647,1.2793877726491545,1.2515343937303556
3.287247159476452,4.376341064979384,9.592655206846278,21.79731516731495,1.4091086672752657,1.058438635178926
3.7374565798546224,3.939634301773063,9.24686136215789,21.747752074112057,1.2743573628427713,1.2089587372866921
4.5572837156858,3.4305257276487775,8.548991275537194,21.32573860390705,1.0973285689014969,1.4577467172179124
3.2595742273476827,4.598630735963426,9.513203928260015,21.494928425817697,1.4821137237546356,1.0505430797406246
3.0396045250348496,4.803287935918644,9.65201478536068,21.578519205668663,1.5342160557964475,0.9708787246975877
4.302818403717045,3.5485960717946594,8.930774995010987,21.39006334554459,1.1529463343368311,1.3979947577898593
3.9596372072613994,3.8177289850844294,9.01061348819702,21.778774902688696,1.2011009793475307,1.2457469207698122
3.8674317832839256,3.880851829761904,9.142678746720978,21.845400764256574,1.2224408162168463,1.2182135967068415
3.732070511138825,4.115515241405597,9.141477986548693,21.38436643085855,1.3406830265247471,1.2157708803353808
3.651242938064643,4.237260120770522,9.173692385907811,21.603589908412186,1.3159634589369045,1.1339644367456838
3.66024816735505,4.151238802224004,9.083767249124774,21.670553883259323,1.2853252665105042,1.1333025333738316
3.570341497382768,4.193150243138752,9.380932497172486,21.69058956494632,1.3300056304047148,1.1324598496695342
3.7144519452820126,4.082358785768259,9.257094946344585,21.388537726401555,1.3707746548303745,1.24723887594798
4.449520590773523,3.3500757772984335,8.854192684577223,21.477140808163576,1.0858613527453447,1.4422248238402144
3.698631946865467,3.737665972993422,9.267246420970013,22.41468874720139,1.167771916253325,1.1555763803708028
4.059353180669609,3.321638384190554,9.032770336213543,22.7551123861497,0.9821970413317986,1.200336768370445
4.122370643026419,3.2404374211397284,8.939920707480898,22.74736895022956,0.9554939161641917,1.215545791407451
3.9734570037961197,3.409866570601042,9.117643673074582,22.69684721559188,1.0200733047399717,1.1886733199622095
3.7736094880167204,3.8031967805381064,8.975897750347352,22.208297081068192,1.1539400960962147,1.1449629210654437
4.918121419574489,2.656825951978265,8.361849396767552,22.229301064844478,0.8091443649933444,1.49782872680789
3.3702976514127463,4.298169225620939,9.3057010432926,21.976592364977783,1.3284359916199433,1.0416585452058489
3.477916070991646,4.21673676525637,9.235797547366381,21.984296373465522,1.28268076926927,1.0579403718416123
3.7644629801873744,3.9614288904221335,9.117190707068001,21.822840573302962,1.2361954764317615,1.1747306934005235
3.9445512745350313,3.750875373235818,8.996478249581566,21.919632923238364,1.154012643181408,1.2135999172277951
4.122976031300583,3.5286493026834793,9.007007534747382,21.957420395250804,1.1129566125083246,1.300410736130589
4.027500524489824,3.593007059813837,8.995741294226843,22.00706372945814,1.12205961939201,1.2577475163225307
4.017972436878586,4.039164782490991,9.049431176648525,20.983444810907404,1.3495813592235844,1.3425004907428764
3.692675084716434,4.116693906697823,9.375418745599566,21.37029536558425,1.3870172700878212,1.2441547104076824
4.304590480789184,3.5414400403815938,8.794537761663921,21.51684427472039,1.1436013484797891,1.3900377875530385
3.156321308908579,4.831386853940397,9.491913394901049,21.293726747113034,1.5323455612173518,1.0010738311168719
3.5759032543030638,4.280741597608189,9.155089689472,21.5437147609749,1.3487724692772967,1.1266925957170366
4.258908806425557,3.57889792716105,8.513338509573131,21.633224873549565,1.1208409254520049,1.3338070504280422
3.3643834389713394,4.5308745240361255,9.632389797616595,21.29046263869835,1.501127839759275,1.1146566997326675
3.5051296938469028,4.423428530139282,9.61709402657452,21.236176271029027,1.4691380429875867,1.1641466215062306
4.0246256643717,3.643354366762248,9.044885554516206,21.85376770358436,1.1575076705639356,1.278639025662122
3.841929104951402,3.963318113035184,9.15917165831863,21.47905868851131,1.303854898744267,1.2639202661132927
3.5050449867425475,4.26108736336011,9.39681047552314,21.519220331292292,1.3953291885852306,1.1477567015780734
3.8340263988582812,3.9559649500477554,9.28307747672863,21.402845812807644,1.324264664212697,1.2834455678393677
3.3871903571423805,4.259510833736609,9.197809899496779,21.842595479346816,1.346665654122711,1.0708771725174446
3.9885224895965816,3.94147686815697,9.180093720006996,21.380341337413746,1.2811434454862305,1.2964352235588414
3.857642675572945,4.112713848522643,9.332582096162163,21.075882989561592,1.4001330007409212,1.3132965273225592
3.917431333175695,4.122585590108387,9.266941673715172,20.947485251077293,1.3971997958294458,1.327670254323344
4.13224650568244,3.6778460373965367,9.024737387480815,21.706825100820506,1.150252262418165,1.292366739580924
4.34698355842919,3.5094757575262454,8.759577407912149,21.606145289509755,1.1057398553430362,1.3696156643247888
4.247230814116675,3.5621797824872945,8.99148910045095,21.663187865443057,1.1210357018678438,1.3366246701264024
4.22678356990538,3.6573640761208335,8.936161798368929,21.41087145983837,1.1730175983253655,1.3556461453163013
4.2530306247135155,3.582686907453833,8.846017645620805,21.435883975759268,1.1677452059540383,1.3862378296166857
4.133404477269851,3.625157761255879,9.025135323885166,21.541366609714814,1.176767074391776,1.3417496876907327
4.216137632036117,3.585413692228273,8.998362606966326,21.4179310725597,1.1778079840892504,1.3850007255216132
4.044529269710512,3.80112410009805,9.195318024466197,21.563812834382333,1.201513929243188,1.2784529330846122
4.327086938032361,3.6438250652869804,8.765076090107138,21.158520020404758,1.2016352915070971,1.426956640617312
3.635863641735343,3.8972591277691873,8.883776774692993,22.365209172387225,1.1598496015131905,1.082056608957614
4.097891175673209,3.847920106108737,9.194754170791144,21.12427770763627,1.3009616497769134,1.3854755601725115
4.089844928931587,3.775346313694821,9.0735653345145,21.441291631427216,1.2394322149524681,1.3426809457691395
3.5955904432726045,4.264855911927116,9.390487022566122,21.373738644611702,1.429695807927819,1.2053398027811313
3.4741847837611677,4.371477421205456,9.513440364102431,21.350022224232536,1.4628341473901108,1.1625717455101334
3.676960003606578,4.193052362117788,9.473587263621866,21.116155988252064,1.4635360367441976,1.2834000165519832
4.212684313462217,3.636031139545681,8.84608215810451,21.527951839319442,1.1781127015980093,1.3649544536443805
3.485415446686895,4.26070994726981,9.492245275898854,21.522016941537608,1.4100632299848903,1.1534829226626377
4.225267753363164,3.7382908850185532,8.869205910637662,21.25722621489639,1.2287272515246297,1.388790169954846
3.714484632375121,4.097960797750749,9.290304516739866,21.4366952507901,1.3436205698245642,1.2178881655226628
3.874244253349697,3.9202506876432386,9.255588868638888,21.571600397013697,1.2540701327079868,1.239352886348773
3.880118296580672,3.893976810659668,9.237087160032202,21.635183082108018,1.2411767999772498,1.2367594993631523
3.3341261699192213,4.465627077772077,9.388670939798326,21.59977124351908,1.430458048731081,1.0680084861956998
4.7876598246152025,3.1161390976249974,8.66448809673608,21.322570275721993,1.0223832600446732,1.5707974214648015
4.481167726291455,3.4586929692152957,8.882553371380974,21.235991454208644,1.1424699659482112,1.4802122030582987
4.785818459224997,3.258685303949181,8.630363727699459,21.051203771332567,1.0848072725781759,1.5931856517456224
4.255293478084707,3.7745212179078873,8.966955730089646,21.195272401478423,1.234556687404886,1.3918059316544755
3.351152605660114,4.558770449266182,9.50260873820364,21.237237553803197,1.5235723680077884,1.119978197582401
3.6861835721188356,4.13832155474402,9.18500429405729,21.510182343019103,1.3397623475313998,1.1933847794771217
4.043189087345936,3.6769414918011143,9.16981658389011,21.593435792264042,1.2085943596617053,1.3289783198639948
3.2570393070576,4.448582434250042,9.533530301421951,21.666815559854342,1.4553701368289211,1.0655524118142397
3.5539009419774703,4.466345475378673,9.228718532366992,21.171111045187157,1.4548798838860342,1.1576576461247159
4.19284939272405,3.5239225411246697,8.92515203450739,21.66554666202713,1.1286906660326013,1.3429438128732898
3.519723678615687,4.1106511721343,9.309685047239974,21.872619978264844,1.297940977300211,1.1113552086875746
4.006035250992377,3.628321041491798,9.15618837176663,21.865246726601082,1.1423050967926465,1.2612209429125143
3.2982541850528175,4.579293780173366,9.418305208674836,21.356874433839998,1.5291140264517022,1.1013503346309341
3.329459824106661,4.593457519731881,9.292556723127994,21.38583379501476,1.4848808769945143,1.0762810371709002
3.4651079779559346,4.4257093005299595,9.274005660660272,21.32928014681633,1.4570114727115713,1.1407667642024364
3.7088093782602103,4.054051604209079,9.251376133519788,21.48007087864646,1.338860823137863,1.2248437025032997
3.5361972958932393,4.222349955783635,9.420561662008343,21.482098762289354,1.4011632864649022,1.1734673526800314
3.444368334453835,4.298255432048722,9.33825945808477,21.638256556485445,1.3915843619914796,1.1151336133785785
3.57865508733916,4.387097180162503,9.251398820058558,21.283492694445975,1.415796536681212,1.154897480170181
3.4503679412443287,4.545101531560122,9.431321082333366,21.309256111091106,1.4493893843978614,1.1002893184191747
3.6700986252221357,4.033744410127565,9.128306098482222,22.053724594886546,1.2119944176008672,1.1027320012259216
3.2584936033854373,4.709376076125716,9.62546081470903,21.177359847340526,1.5502736704971432,1.0726594685059831
4.544221344386877,3.2774547983246634,8.455125173393474,21.465800578016868,1.06492830052751,1.476532923039074
5.525790353803,2.287762937350159,7.726144740969122,21.37237763247414,0.7663498381239467,1.8510171985077688
4.793373854514316,2.9509910229107743,8.292782206041394,21.496836094411343,0.9947605989514465,1.615816317127115
4.783683772901585,2.860944708708998,8.24951081942601,21.853938501396563,0.9229856354598078,1.543291414730882
4.436143732595433,3.2230212054734526,8.53739574475311,21.71409920505939,1.062631992715898,1.4625992055331685
3.8493862669327155,4.022142651070153,9.168190685291984,21.41421874299688,1.3133163320748125,1.2569076463466917
4.321267117880928,3.6179698715746382,8.892172695720621,21.437090998753263,1.1322591577952104,1.352359041445118
4.479955569731647,3.468194004931537,8.846471487162683,21.23933483063145,1.132859681101606,1.4633440432856473
4.4706474192943135,3.472308141027971,8.866567925717032,21.24736188820004,1.133623251770228,1.4595564849490048
4.044925594893972,3.881721907670248,9.036230759861862,21.408957671577674,1.2525232098107524,1.3051844799987287
4.487408549916895,3.4428767623877086,8.842675093473355,21.35677165734537,1.0924923754357287,1.4239428142787627
4.396773989977057,3.4917931911056055,8.764404401327962,21.283807292771016,1.1414030416290422,1.4372246381310656
3.8098345332502546,3.86024578547717,9.289273519606406,22.029329843025025,1.1884276428887706,1.1729078731672424
3.7462210643297444,4.341962956975008,9.326232456594635,20.949553117431186,1.4421921394995083,1.24431521533935
4.238488932844048,3.7818661359282024,8.791308775907634,21.150288748617438,1.2411115881380694,1.3909634930683794
4.38106785451738,3.661200144610654,9.115356213153458,20.957938457721546,1.253695925419504,1.5001984871763694
3.311579559207842,4.480322766005856,9.258706356324838,21.592378152675415,1.432966925665381,1.0591611872384856
3.371819260975176,4.408534349367548,9.156637752479678,21.540214289203416,1.4296285086300258,1.093435722493459
3.7064283659940034,4.016549587687109,9.099753540824416,21.819229471141178,1.2583768485699092,1.1612164980976667
3.928437835309381,3.8820801995842427,9.010655381126746,21.71255364549335,1.2124702328172479,1.2269488758361466
4.032320463541342,3.892525523734625,9.087788822373474,21.371023347559998,1.2529927176407432,1.2979923047912434
4.350511548891911,3.6405016489524975,9.05540323150515,21.085964076476422,1.2206418308405778,1.4587045671742784
3.8552836151353658,3.867181945096668,9.109351496898233,21.874319006028117,1.1996727535675598,1.19598166727522
3.5919285178753726,4.311844084297307,9.297379457254417,21.359404389373953,1.402572201010266,1.1683954680863715
4.41890397897833,3.4764291335254915,8.882603008538538,21.31230516143068,1.1350593001306328,1.4427787436694006
4.200994788047113,3.545657318751451,8.950826500774632,21.636750684469803,1.1449653995855131,1.356587296441492
4.2179808888179915,3.772627509314278,9.026559741216584,21.10788078384097,1.2619561826183268,1.4109283377879296
4.365116443505167,3.5189223544604085,8.818196634698413,21.41045484933976,1.1390787592654517,1.4129926499272036
4.345166724824286,3.515450763950125,8.80301532980502,21.498576227856255,1.1240147485407659,1.389304476585286
3.941908133961465,3.7724740676550876,9.115047884967296,21.756716929320042,1.2136683221317588,1.2681781094167495
3.880053327497024,3.9318150347525607,9.200423817108385,21.449599045137035,1.3115615538125063,1.2942950586706938
3.964130438933642,3.717713744860156,9.15030174458429,21.77011235655192,1.1864736847192576,1.265115275508197
3.729260214557671,4.0760822034513655,9.184374966593351,21.586628933878366,1.3212919873101732,1.2088670920123803
4.515859593135688,3.2776391894547476,8.712568106716962,21.58414957903629,1.0454283372308502,1.4403682994787448
3.915465203619907,3.885883354964351,9.137309665267258,21.588828506087545,1.2347020892365008,1.244101437338865
3.4205478640592917,4.300425123963599,9.538319969019811,21.733762461696898,1.3632387233802021,1.0843168219525399
4.052440479297375,3.677210994693581,8.860228557365662,21.812574823972668,1.1529790184958728,1.2706311530874168
3.775719251568725,3.9704275497257564,9.191605785473246,21.642237757802306,1.2739024362638955,1.21143073207673
3.070937333235537,4.608082900925071,9.805587697160716,21.79117527003542,1.4706595352100866,0.980082903944465
3.2847922818768227,4.330711019330334,9.67557306226286,21.866025075499035,1.3991487137072895,1.0612374909038063
4.711049174200943,3.0530555447578545,8.593879729304255,21.775988176492962,0.9638896180353078,1.4873399197937789
3.8192411248279527,4.19239154505392,9.326157528030217,21.00034519826948,1.4075721047010645,1.2822889299968285
4.105157279085542,3.4989058463526823,8.952668297748696,22.086679111712353,1.0774830783478289,1.2641773446924682
3.0933126979800196,4.8344476153026905,9.454856160419142,21.259226597776497,1.5942030591353054,1.020047988600053
3.7346418321931063,4.183911951280946,9.331696742701446,21.262412070697334,1.3745965953892798,1.2269918696447035
3.452241316782114,4.388173107065148,9.619244978609537,21.592649470342536,1.3829852614838858,1.0880151588615314
4.023366242139609,3.8615837540164146,9.199922503444816,21.421490961783192,1.2451925825897276,1.2973603891261998
3.4629957745286672,4.357930992151589,9.324946749529666,21.41066847824612,1.442381701814146,1.146177336822342
3.7724196553089566,4.018813931020084,9.364821027106363,21.24393238493944,1.3797099917469386,1.295119699699851
3.2766433158738026,4.467242937245272,9.573067183917665,21.56891908975247,1.4656948470024063,1.0750611262933936
3.7854647565032904,3.9761169173172886,9.353790151198716,21.46230651362463,1.3351436873000113,1.2711244357854807
3.8310733793493976,3.9142487075361916,9.056217691993664,21.520159546625145,1.2947875788139167,1.2672741554607494
3.7443692514328357,4.20913259658957,8.981107581031928,21.42191470600884,1.3228392595439802,1.1767742009453361
4.426996221847262,3.2933165295884668,8.675648057414415,21.729015401800268,1.0566202166790626,1.4203474415956507
3.570219748312142,4.147163556936965,9.177967266382435,22.03722351016577,1.2408192353716514,1.0681993312753195
3.542326918061973,4.380150417777325,9.333688798218878,21.124440055624294,1.4927948595300788,1.2072570367894535
3.1714330804014903,4.6193770153014455,9.641925292335209,21.40767671748619,1.5484972270950383,1.063120701049492
3.43751782283961,4.449389620754968,9.610652084649912,21.185399579323715,1.5153146544992315,1.1707046530052605
4.029610695165103,3.685486022737369,9.050674513672599,21.71017030745925,1.1762588137008885,1.2860895596209085
3.7551234737505648,3.9985874477828416,9.133034891222225,21.57042536549305,1.2927069198360124,1.213997233459937
3.6686496863306117,4.18017387183526,9.372286270280146,21.409325526626127,1.3841669909484495,1.2147876985180917
3.8383969585843665,3.9690202114299544,9.0457740297038,21.497286998482135,1.2820685727752523,1.239874792339282
3.8333315844644322,4.063307366520887,9.17648099434273,21.245819317525978,1.353923459419062,1.2772938623105659
3.8964768996130723,3.8723561674116875,8.97666083037106,21.9767450227353,1.1593433668771238,1.166564864506198
3.685691512510987,4.172380953489194,9.282192382644766,21.233904321603248,1.4161214362568253,1.2509372505719756
3.8092136513450043,4.061196171863726,9.253029141109584,21.204887761755714,1.3715491978644043,1.2864495352852632
4.416569324830745,3.2576377610106486,8.76382628738175,21.834715363882893,1.0225478215013335,1.3863276622303777
3.845085706412091,4.277217561870617,9.309870945139302,20.74708358998911,1.4864234827816398,1.3362485318187447
3.947076450367849,4.137975465432801,9.192337520747824,20.900305181579398,1.4081844213390202,1.3432200392857518
4.160855589542125,3.45831868409471,8.844308735408358,22.048323338797864,1.058655411813311,1.2737149725099774
4.133332044334084,3.5170520750641567,8.86724481578044,21.972998081591626,1.083209983091684,1.2730168443052599
3.662454773874918,4.180828087281894,9.541031635876221,21.167904545538363,1.4368739875147227,1.258718580426328
3.699835868525763,4.020847893853754,9.27352746784169,21.67814003342051,1.2905345254601426,1.1875022514945144
4.042874854051053,3.825690768201017,8.935852087403939,21.428121025538772,1.2545422822028436,1.3257625232597463
4.0174106310330036,3.758708342155867,9.120912467637675,21.666816951297935,1.1903468744809587,1.272275407624167
3.9548322372865146,3.7709351663522206,9.1219275593661,21.761046531231063,1.1959630166338069,1.254286505636523
4.031878925984093,3.8337285068086797,9.164586846768874,21.319595532017047,1.272768225770729,1.3385526330394524
4.108544491114526,3.7208261451827918,9.128179450269434,21.401394589991952,1.227529644375658,1.355440958887269
3.792561475791462,3.9754262060076697,9.133115734227959,21.607516036835413,1.274407647371409,1.2157864584609297
3.618742171614028,3.988214138812873,9.333774858536962,21.885023872533868,1.2789326278858866,1.1604510876543386
3.8894631469233287,3.9808171197285613,9.233289438392967,21.476194586033476,1.2808796213763158,1.25148529388559
4.120281280527396,3.6367317376031107,8.872314227855382,21.73471494077506,1.1407603516342937,1.292438887863767
3.590355546151068,3.945743791094994,9.282948015064905,22.124807888300765,1.2429745938271468,1.131021415213
3.8243292524308465,3.8593829430573265,9.213554250650537,21.654122998150715,1.2721789317306385,1.2606240880283226
4.184248044976777,3.754690224822945,9.059769588464171,21.177121514756692,1.2645595780745458,1.4092323535331301
3.906391237283655,3.877530611258583,9.154897470788665,21.562458441481745,1.2663189407359916,1.275744206721238
3.869193984775747,4.017811834457783,9.102634400925302,21.14997032012331,1.379153823884047,1.3281392706567015
4.434235527225811,3.508521068514198,8.856860258845048,21.41367129210221,1.104900800824547,1.3964260978918017
3.786783137918137,3.7438265881972086,9.185002899256098,22.126558928822767,1.1826123482245372,1.196181605491219
4.146751755042494,3.7763764951985173,9.057731142500089,21.216984700938145,1.2497347900696345,1.3723048908518571
4.015663620914256,3.97135212553038,9.105515839894418,21.16323640812311,1.321125463033627,1.3358662976426754
3.9633279118627462,3.7304831745362783,9.159043110659802,21.74279515560167,1.1970425074901057,1.2717580430345858
3.293427826706133,4.33525845591405,9.562876410975162,21.7545794064847,1.420890649209935,1.0794283317597246
3.764280485221794,3.9684772907539347,9.32138451550603,21.48780136579353,1.3050112905141285,1.2378623270244733
3.9567063182221687,3.7061459704032345,8.987298211417853,21.76508713521303,1.2218441077207594,1.3044489719262886
3.742635637779841,4.058977579157653,9.319905159777026,21.406208891650493,1.371207297622793,1.2643403908458806
4.398400394084893,3.415155591358483,8.854841209152923,21.64565483080763,1.0745761330952779,1.383953369281314
4.357471087813794,3.831263245117489,8.811722358309929,20.67425699965618,1.308540897879038,1.4882634694956747
3.7985745572527057,4.132258729783521,9.16166005289402,21.270818545945158,1.3500432059720968,1.2410258187454144
3.998303173124912,3.8628248256318423,9.132961208953308,21.42918802091196,1.2580247613885043,1.3021466471772027
4.36316891865748,3.364442777995886,8.826326496573948,21.639263257430216,1.0940178956730573,1.4187742796740714
4.014001223621626,3.8428100016640205,9.126237457828964,21.561772670772427,1.2291691742277864,1.2839267534048877
4.202404535540473,3.779916152687056,8.843807715907024,21.251954519626356,1.2084418423153198,1.3435116743192026
3.3786263569149253,4.410096411356215,9.32315982101131,21.885086160897337,1.3308284470766896,1.0195632132320473
3.1334676922097593,4.609967197717118,9.329019833469674,21.867057870422745,1.406771880317495,0.9562051199555058
4.1672621642454635,3.615723141346374,9.067263688361797,21.525368637939522,1.1783958044902498,1.358147197279391
3.5859314004488505,4.146419285866026,9.368334244182805,21.568205044443378,1.3730027694261984,1.1874085576852875
3.6973295953825236,4.139530049332061,9.486634168940979,21.1946858859138,1.4158459619924335,1.2645998737518864
3.6220727584367136,4.220739401610956,9.481622089399014,21.254871813397024,1.4224262587237213,1.2206703405194355
4.398053194554888,3.1953854081244044,8.658538138001381,21.928048854773586,1.0242561459083734,1.409762028424278
3.7390772589324697,4.25703389899505,9.442196426032027,21.08921014978229,1.4119684034539002,1.2401731047835858
3.4208643430891605,4.329302145378079,9.320117566690088,21.779102337773246,1.3537851491621116,1.0697140530873877
3.6488745661055297,4.113033670135115,9.059653070128519,21.882859771641932,1.261098918885756,1.1187829080704441
4.094358357551584,3.8556700047287804,9.087564932005407,21.02914778435791,1.3223672280057348,1.4042294348575755
3.849819565013332,4.091237116714764,9.067016250629067,21.17742972801809,1.3689001092049968,1.2881234386136176
3.4578795761206678,4.4790445921830955,9.142590834790333,21.315754038007018,1.458876765972786,1.1262714780599024
3.3985587422213768,4.351980334070419,9.439256509321575,21.64207435193653,1.412044782738312,1.1026973406138845
4.208649665466991,3.6012410285901635,8.849061588453633,21.616844060824942,1.1421060569330697,1.3347410618391613
3.917964181357611,3.8304325398191876,9.177177940781451,21.689048861618026,1.2333583953742555,1.2615426497189097
4.1234495763039725,3.687733607656645,9.09730599189838,21.492765020058,1.1994093157420096,1.3411228578287016
4.292822975024505,3.4862435531682623,9.014612231219848,21.676785218987042,1.1087102581965742,1.3652221356440295
4.341450317811193,3.441436341840908,8.824851294614325,21.504387404815674,1.125504573963989,1.4198496514162162
3.523356969334612,4.30905735378176,9.518311240427463,21.46571745651149,1.4143213486711823,1.156438304620375
3.841324159497841,4.009545781637668,9.361184698715936,21.487652417196898,1.3076361572846353,1.2527739141461458
4.071197402056814,3.8725355086075197,9.059590367258712,21.308658826469504,1.254658634133661,1.3190228883375235
4.413668275416464,3.3185621816559685,8.735658789660102,21.664810925583083,1.0735065990181025,1.4277574926054577
4.412014785825123,3.2775103435969846,8.776643075860305,21.96223182040916,0.9994425125727636,1.3453977808698139
3.6886200944233782,4.166552943742035,9.256599414243453,21.360880079513315,1.3831370796997544,1.224481554515069
4.08358122938631,3.598914156750468,8.952535992767372,21.904879378927475,1.1247374021494612,1.276206195357917
3.745859990060807,3.986109120260926,9.296274013278929,21.749002578810234,1.2753149760039257,1.1984497160543757
4.284939940220543,3.5341963527230638,8.880786901633904,21.538989767015345,1.130630924957953,1.3708026166310894
3.8906533013455533,3.8591649751779227,9.21235614648807,21.64129332934774,1.2475616241301222,1.2577409317232153
3.614441811488653,4.071701800367911,9.358636064734116,21.791194667540893,1.3028670799942523,1.1565525865174726
4.141043590350841,3.6688061170861452,8.971294514016032,21.61388403440923,1.1634261484779915,1.3131787947485665
4.599715964733171,3.224478628921882,8.663720657443758,21.43310901275504,1.0535231695683043,1.5028498867427358
4.102664832040252,3.7305258071336365,9.116096299628643,21.506680314078388,1.1986234301899343,1.3181922463841942
4.305985459632663,3.54810051370385,8.906463873784835,21.60983139351236,1.1177045397290863,1.3564495925778548
4.346591982395394,3.396065481224474,8.75455011540351,21.592100921866997,1.1047718984630117,1.4139870690902208
4.486980598961788,3.227989513094922,8.693994465220928,21.621061260878594,1.05410989859869,1.4652373079276533
4.165555875954737,3.742536656085934,8.946889655201591,21.49513500861186,1.17096667855996,1.3033211366121733
4.747504323072741,3.1059505046509055,8.745680965724972,21.54388846076418,0.9803726167371832,1.4985181602902065
4.596186877455337,3.215186928367259,8.786546773045444,21.65793658299787,1.0027581049299132,1.4334667768387976
3.510220514094719,4.455755976435346,9.102200889812057,21.36752863839117,1.4287430017114036,1.1255560269682574
3.199308131998212,4.8082018020253035,9.776388266068132,20.936230554178053,1.6678879776766489,1.109788604961484
3.043086915092438,5.025545562652301,9.942002496993481,20.77038128577617,1.7720664118091047,1.073028200266699
4.595039815426427,3.3170464586537483,8.698758478022727,21.26681752477278,1.0991115747248588,1.5225778446005054
4.450805663766167,3.4370152838518844,8.788506524149872,21.42557895686808,1.1089777567292585,1.4360845306191512
4.351428293732134,3.714947754547238,8.862296539355306,20.837824202479116,1.2704689345641886,1.4881378779562684
2.905183932346487,4.643280794885728,10.012464558414639,22.25391218416295,1.411783601737413,0.8833174681650334
3.0836066757730567,4.762680283625343,9.954225874062036,21.455536483354443,1.5533466487820802,1.0057173294714752
4.035510376473204,3.6970412592691377,8.676427185357285,21.907220376229624,1.138526133206871,1.242759737377269
2.975428502095974,4.654216024014088,9.633812028212631,22.00460922736106,1.4557033070200556,0.9306274328382419
4.605703153228551,2.989141400732788,8.639464494559412,22.096725704696148,0.9256990922392091,1.4263277163876344
3.2323437577724525,4.7700326267368505,9.240508965086816,21.140964286968746,1.560541758887322,1.057478597695335
4.379962302956158,3.3931141392573756,8.853413877839781,21.71349794574454,1.0758392225982751,1.3887346683991635
3.654199049345597,4.162139391986773,8.943044305404584,21.710838464803118,1.2726457521012795,1.117334250370293
3.5517154332564354,4.40635671835108,9.143093701218767,21.374690310995696,1.3987100931528273,1.127421255708383
3.857682643549555,3.981310418897721,9.109441053244002,21.79399026313216,1.2010362316099445,1.1637416170725554
3.4280317540560383,4.432306627467366,9.07323375526818,21.564518868787005,1.3889547272205682,1.0742444758563598
3.376951648626377,4.513724083560042,9.162318016147633,21.421973993626068,1.4449721415516854,1.0810587810195824
3.6223924703527923,4.2097314224528635,9.236213398138332,21.535564587984336,1.340708491197454,1.1536537265890365
3.292358399340957,4.3409384412413,9.404567022985429,21.97623023345522,1.3687760872739199,1.0381399111627803
4.22438228582432,3.706884636489808,8.965715890522025,21.297072254978367,1.2082559748238961,1.3769339046981415
4.648650274422664,3.462125429652633,8.746434667882221,20.895873371470785,1.166043034514894,1.5656643245678592
4.2823896972156925,3.975702428900348,9.100316585060488,20.572996426319413,1.3552671785482635,1.4598130283093018
4.411732920141685,3.6818032295604124,8.905873963831391,20.970661053165067,1.2233392170022555,1.465870270528711
4.143631218898012,3.8366729489653575,9.042336517322083,21.316173582223982,1.225577035746559,1.3236310037459438
4.109514876529617,3.5807684069981947,9.079311722245343,21.915808469677803,1.1033873850710023,1.2663167114249743
4.380113637497464,3.4520585741338827,8.838144221249864,21.475594011274865,1.1082233942346964,1.4061593389095437
4.245254064096942,3.648215145763142,8.846873095404504,21.284662626476162,1.2097184432610117,1.407691688257757
3.748540063029105,4.028744161138026,9.237517093108194,21.56776093778356,1.307927562885929,1.21695959656892
4.252505522317414,3.528146403097837,8.909936845594991,21.541822145395255,1.141634471760885,1.3760219506107787
3.7165685444072922,4.198286492002396,9.346047429128808,21.45127389134153,1.3629237509653869,1.2065397516136602
4.370729002333137,3.408486984439789,8.82458993637946,21.697335033375406,1.074658362164032,1.378042660145923
4.222873843827287,3.6349365537238527,8.922814704898931,21.475818239394325,1.1721488500807555,1.361739509595384
4.215827729037744,3.5888162994497206,8.884391791278063,21.629548747095015,1.1436731162011446,1.3434872208352056
4.14062746955961,3.6385237390139964,8.899801316893702,21.714814061673792,1.1409830660755564,1.2984347951444333
4.617127500965413,3.2347214436433456,8.701760455049065,21.625500323420127,1.0072015312918943,1.4376440043333216
3.2139295968981325,4.697509522546619,9.596751063072782,21.159142237296372,1.5974150117004677,1.092915162809563
3.702538107400053,4.007994551270376,9.297526195206453,21.71120522556616,1.304875071819513,1.2054282053045158
3.310014917064745,4.438669765319811,9.664533284588364,21.513968218051843,1.4839505678890936,1.1066149940410561
3.929996136473794,3.9024032940003224,9.224099634371791,21.337330179173982,1.3044142684740851,1.313637430387025
3.762940032526182,3.71378090014939,9.281759160427182,22.166383309080835,1.184897921272695,1.20058235590439
3.7731135000001403,3.7565659804546496,9.076864547387952,22.131278044065922,1.1968213804475765,1.2020933296928338
3.3214138899666796,4.2188312777049255,9.592075802381933,22.030867904813782,1.3479896219305154,1.06124923209695
3.5531185508699337,4.127265795947473,9.389333969996844,21.697329843608614,1.3539987523903902,1.1656429032743276
3.897170025023148,3.9156765783082417,9.245917821973835,21.268213632083178,1.3335099867756284,1.327207455620941
4.567382786804859,3.4681251996880946,8.961120091995149,20.95758571683077,1.1807407882133973,1.5549886008294285
4.377548579192068,3.576342847779018,8.613249435435947,21.424842616675146,1.1392823844999393,1.394515066323536
3.8657848566181277,3.881877609808043,9.29242846799801,21.53085134407563,1.270218661433881,1.2649528294138215
3.4661486068327982,4.417450962433806,9.495669044139646,21.34485626141651,1.4546257995284502,1.1413707206657273
4.108634636691978,3.687621693755653,9.002861656483327,21.445952746855447,1.222445100852611,1.3620107212522161
3.5487782341058325,4.054866503025374,9.069734892628528,22.17757267299095,1.2239669348401816,1.0712035067949284
4.437704075279787,3.5427048899472253,8.947317344136668,21.10122619748526,1.1777974559645272,1.4753463053101803
3.824220598578536,4.026805934693717,9.192027510947012,21.526872694410983,1.2830524738307856,1.2185031459317264
3.918419922554399,3.900304344987906,9.234877546985828,21.446100886526207,1.297009967106384,1.3030341340906413
4.091271693350329,3.6865715182568755,8.796893990471702,21.792604819016915,1.1236746533716393,1.2470281070386928
3.677121586388064,4.178194008647942,9.330606255574082,21.387609899921827,1.394139518334574,1.2269465004961853
3.707373307478606,4.107120990968122,9.211043720760761,21.733418403390594,1.2632868204859193,1.1403306229006502
4.0456720900891625,3.748821493760143,8.807608164718674,21.70399208044831,1.171507188161366,1.2642730368389516
3.7312736316919204,4.0150929391980945,8.972014511376766,21.78005406523756,1.2531075178483027,1.1645277232252873
4.202293339392822,3.9776067833183224,9.217522272665386,21.004097265074673,1.2846776097297672,1.3572463183831136
4.693603266490649,3.4023113552390267,8.881055782982546,21.058141160391227,1.1078382358621044,1.5283002111428765
3.7905057328832923,4.312581860271718,9.457214506308725,20.86821974203818,1.4797490524156534,1.30061235894007
4.647856414335491,3.4166924394238243,8.783592590828372,20.929959929318713,1.1557735198782737,1.5722425893245549
3.7391573777189655,3.891328601221469,9.331200407553302,21.897859199157715,1.2366573627392274,1.1882976164350119
3.801710753909018,3.9958887217731007,9.232425062822738,21.381563993502226,1.329186121645783,1.2645950686947907
3.390838422392869,4.431339642673586,9.28829999123501,21.38001446954722,1.4856669180225273,1.136824724513643
3.6298709370501814,4.187577901665746,9.199817431966377,21.797202913579927,1.2804148056965847,1.1098875291891281
3.7613586014586016,3.9760582768269135,9.293672362063326,21.70902585682932,1.2658301374404541,1.1974776886939584
3.8638703050001992,3.860543618838796,8.916941950659117,21.78914976974671,1.2156715323122338,1.2167190940192483
3.9112283508577765,3.811495012363407,8.895680961678815,21.788167782440286,1.2022963128221622,1.2337561533173682
3.879631846767229,3.9602786561825565,8.861558512623924,21.43500360354942,1.2917593451299032,1.2654540573556385
3.5742049326098293,4.239212469941258,9.505610736623249,21.491369007441378,1.3880758077408466,1.1703276101498294
3.7986613113481935,4.140580286409021,9.394248048711075,21.383899436553424,1.328325009176031,1.2186351844971266
4.091114028498138,3.839045816966094,8.916657941092804,21.387901885023776,1.2283456427857478,1.308997686049163
3.8930778461864994,3.662192242001711,8.989994192753095,22.171231916552163,1.136512771232706,1.2081650550315395
4.0710928198135585,3.9443948613129574,9.049220455492934,21.07476694861883,1.3027035170387453,1.3445476736061286
3.804603118523913,3.860801350072322,9.154822025663146,21.902582849841345,1.2085642351603003,1.1909722467179547
4.155542261701385,3.588544354879172,8.898907321974725,21.596613447968018,1.1677194301549219,1.3522216703886951
4.023498921985657,3.8083332577978384,9.265904589791651,21.371660340477888,1.259056267293853,1.330191238858492
3.0472702977329345,4.628515387483776,9.507255838550456,21.8356028412177,1.4781148502281243,0.9731447565062064
3.8615853407438396,3.9930310000389,9.01092214308105,21.642412873542376,1.2425963574026313,1.2016916167595362
4.161761389798918,3.5925416156364296,8.829780802468775,21.899851707660584,1.093955292970671,1.2672868925541907
4.017896780074832,3.718048340888468,8.86493835500822,21.95744197427115,1.1101140418182962,1.1996411087736816
4.0860683758592655,3.688584772198242,9.051264824642795,21.693187886051405,1.178327831897017,1.3053049848817322
3.8817439986899935,3.9530357954795323,9.299485718843924,21.267682047357564,1.3376086445912971,1.313485280015853
3.76784877211858,4.2351699914678465,9.070195801700935,21.41376812291785,1.335273554429118,1.1879355097041708
3.6528812099970827,3.868126127023677,8.981791184713861,22.170244530423048,1.1930332464930442,1.126645974279417
4.394672075516639,3.3119425210711895,8.832612635496428,21.778829804430224,1.056655904965912,1.4020944413858816
4.193706899585609,3.512990791290832,8.900524335545624,21.828427220464473,1.1029354250462804,1.3166524413559295
4.01419662096301,3.881151944121937,9.127360774448052,21.24545088642101,1.3015313866851064,1.3461474762464256
3.998921981088662,3.863092725127358,9.11796000962061,21.35171175722416,1.2828623129867842,1.327968720177165
4.137250556612952,3.718762028204219,8.94739573210735,21.504310430683155,1.1878829015184567,1.3215605511255253
4.244367123594775,3.632499340097676,9.064890795105683,21.248419737099983,1.2152961873893222,1.4200038871986727
4.372813619544202,3.523658219155149,8.95993411797874,21.205595208107383,1.190360174835007,1.4772213594341073
4.305042937377115,3.439650298076474,8.883928626831448,21.559366643320246,1.126270871780767,1.4096329690389813
4.038608154557235,3.9349244087375475,9.125875528407425,21.2912934135789,1.2646768068327667,1.2980005546263795
4.450791619140607,3.2215449508902356,8.630229622264011,21.954258534832263,1.0078484126280762,1.3924136824630151
4.549036317958591,3.30768475283594,8.77328984766724,21.4795038981662,1.0737377137059798,1.4767041663878282
3.939163094588709,3.770829875379137,9.028726448907868,21.843183436083237,1.1858105918886515,1.2387462375959126
4.05858783340766,3.976978930601857,9.184582747572044,20.899036041785422,1.352588357069439,1.3803439106427733
4.207664108307603,3.6083491250785023,8.917347502806024,21.57528722744747,1.1475075328564108,1.338098419151025
4.072992861516393,3.6972717569674747,9.00877806689181,21.693029066215054,1.1689153702925186,1.2877019250603339
3.4371534036733666,4.305281122940304,9.37212276422174,21.762946009099224,1.3708224639924862,1.0944063728702105
3.9579539861662587,3.9674005790300733,8.861564701318457,21.403645746172057,1.2691054726948792,1.2660836647218816
4.594818758103574,3.3636863804337707,8.484955932922666,21.310140169434796,1.080732783134706,1.476288423715786
4.019971320638392,3.8253606447054658,8.768117668928854,21.498677988241614,1.2192534950996308,1.2812815674444777
4.019462966874317,3.7839294366999225,8.824483804253468,21.480051262522746,1.229161048906974,1.3056711017092302
3.3394886191233355,4.487204987163727,9.49570573804941,21.671014338410245,1.4151085271647343,1.0531586666554453
4.435184565540418,3.3593432141101753,8.73716289270197,21.420545173280722,1.1058994819213424,1.4600676384166023
4.453509246887471,3.339789633176645,8.729070184906574,21.415624250431783,1.102178232893042,1.469721596578067
3.5217667361310725,4.248261341173381,8.945080511264083,21.85197852466273,1.3144345978230876,1.089653312654865
3.550051833027523,4.261290663829506,9.02650358807618,21.552868462357267,1.381228937665164,1.1506922922695657
3.6601679893152266,4.211957314169951,8.88306588186494,21.463509771483487,1.3531972613774106,1.1759210575709975
3.4801424489559003,4.396012121019185,9.233736264853643,21.37709497750557,1.4426516036255037,1.1420880895267909
4.003994571223323,3.6621776027117416,9.103829490841694,21.89749425666531,1.145877334820954,1.2528301807409883
3.9121557138279477,3.751406009725921,9.138439200220388,21.881374869806706,1.1799170142778241,1.2304770737377608
4.018669601273154,3.677990468299025,9.071023463113171,21.810051030579565,1.1622724617838296,1.2699296126038377
4.235294409478595,3.5108868972850735,8.6926123712657,21.858251405314434,1.085681407785633,1.309691975672887
3.7562701171125976,4.014916089778716,9.297683972709692,21.45462496677351,1.3347108948825166,1.248727130859697
3.960141480323131,3.774799908297673,9.175680869191321,21.564597166436624,1.2445391595291577,1.3056456684509512
4.122562095754878,3.4009192884173007,8.82918391807191,22.107292921984737,1.0829602659210433,1.3127541599413879
3.787401441009099,3.8486109216405158,9.131009279965255,21.856510248583156,1.2336707466341763,1.2140500712244986
3.9460090191680313,3.74431231952365,9.032556572486849,21.73329850963244,1.21180839749595,1.2770854720342657
3.7586869716203926,3.9323043456698614,8.926154427014296,21.850600221118526,1.246454881880288,1.1914219534902217
3.4729164543882654,4.336736987874349,9.34612724172881,21.546589763267555,1.3984959836807151,1.1199341179095228
3.570291701542742,4.38614937980819,9.453806526724538,21.201852644831874,1.4647427595298674,1.1922892875739208
4.086322563856635,3.921698820436715,9.083922167765392,21.024154479222275,1.329101991989198,1.3848945847726921
4.001402059957696,3.998831099756525,9.145136884554702,20.925233450497863,1.3705651597339557,1.3714463343549599
4.157196866572648,3.7567382900354533,9.117950390473661,21.245498389186942,1.2394874477103737,1.3716136009381334
4.039516761142326,3.9590027898805387,9.096004472351396,21.150455973687592,1.3060807433696386,1.332642418876922
3.2038968208938696,4.589350992982753,9.471834191173286,21.528751128507096,1.494592259030863,1.0433979433177696
3.5512678961634587,4.426712334366605,9.360091874577785,21.03151686424848,1.516824663340143,1.2168513163165693
4.350605038202418,3.4594642590428784,8.873360748351827,21.63345122502696,1.0932566276052802,1.3748740949338898
3.771385135372843,4.304808576626766,9.176976049849678,21.044358494265552,1.4170354344892087,1.2414457643821377
3.6321725884279146,4.304402384018876,9.187406083369833,21.354615101153428,1.376073270239704,1.1611683030354656
4.05359459972457,3.9853513797017,8.90485209719693,21.138742723874323,1.309869313856191,1.3322988793499577
3.7492168367215837,4.0340247703343985,9.290623249809729,21.591805167772435,1.2902855634972945,1.1991895524334732
3.659922097746816,4.2709330958714995,9.237294932503819,21.390817418393496,1.376631418094158,1.179686882102106
4.308566614413754,3.4781672662705354,8.672449769065935,21.798726822782584,1.0791369451307533,1.3367768305048406
3.773620274947754,3.997461043402023,9.106407997333894,21.777723786596336,1.246525022344071,1.1767249377730127
4.468323508868156,3.216719184267225,8.472700635188463,22.03296159362828,0.9716088835673813,1.349655523896242
4.362754051354064,3.1897124374938555,8.581949960896473,22.319099994334614,0.9408436938871781,1.2868462965339382
3.460157431846471,4.450667660126275,9.522962095848971,21.17705863485574,1.5044672797859675,1.1696433067243588
4.669345083320818,3.2040428763149853,8.490110569133277,21.74003122190289,0.9654846456529043,1.4070289185349645
3.8312419553575467,4.147740263492015,8.961316492837915,21.140837284824556,1.379623390344992,1.274349568657008
3.7407199765377652,3.9297096469931603,9.386434878805199,21.872235420020278,1.244041295025905,1.1842122044568995
4.450198579065273,3.360694032564793,8.588113094226,21.48034686199839,1.0979913560532624,1.4539495488689582
4.191547189918214,3.6043100721433876,8.972982743594628,21.55134965938674,1.1500140041670144,1.3373815989883233
3.940813056248875,3.9835144293322133,9.2109084529473,21.216639121818293,1.3502633448534112,1.335789166368006
4.223127906808396,3.5653371962450384,9.039104565055766,21.62488665807405,1.1375411516074152,1.3474130266151878
4.027812664545408,3.8910033843815515,9.11142002418725,21.114073969867484,1.3231693069330221,1.3696924842561353
3.9560696391504564,3.9632851468717085,9.252000449032984,21.18330743476179,1.338443627005948,1.3360068731597745
4.46701820284488,3.5566854655493247,8.879526675644899,21.07948038983297,1.1866883286690466,1.4904209035671567
3.2093188566964916,4.463553222955862,9.441724660790587,21.84458492670401,1.4020458698256542,1.0080785471188278
4.385315486971617,3.5387251521941097,8.840727142355634,21.313972024661865,1.1623169188762574,1.4403849312673584
4.503823182195519,3.400343327776982,8.785171498718071,21.317532559459778,1.1195476355129272,1.482863378296489
3.51343883164293,4.394572044221522,9.611163137690081,21.315873415602173,1.437876208158482,1.14957498796323
4.099316215371803,3.7694870184395346,8.891695936002046,21.49957046575841,1.2063742315339763,1.3119316832615464
3.653323325511204,4.0293908767152535,9.340255520687617,21.690143212101006,1.3156063128302649,1.1928193061703427
4.468760812429004,3.3698082182944176,8.658615733413153,21.490331912974135,1.0905667064542022,1.446219323308835
4.290792240117244,3.566863532632531,8.763140045932342,21.455161273021854,1.1593701375590504,1.394675278196166
4.8644293851023805,2.9954183111170596,8.374173148396093,21.50529145671795,0.9654050075749648,1.5677758495177743
3.9537621259126605,4.014288162222229,9.191797768983314,21.17159338246067,1.3098059897875032,1.2900571920697823
3.703162754075223,4.2326929003188845,9.349231567242937,21.240305310495472,1.3749933341546619,1.20297508514252
4.108072454410524,3.744022653400965,8.963856569223049,21.436683964762388,1.2248837711859275,1.3439852656053095
3.780117371335809,3.991067927138669,9.274517957088552,21.51025017739876,1.3191877781795351,1.2494612287707851
4.068011642173331,3.737399572372824,9.203011979814407,21.536847796511715,1.2119888597003,1.3192019466933704
4.2061314016035505,3.605552554701682,9.134158196934376,21.521848631158534,1.160396057051597,1.353683858385888
4.341562397598106,3.637924206949026,8.840192466474093,21.059407492906566,1.2438397053798804,1.4844200665867424
4.0345888790119275,4.029126655786412,9.257835265330867,20.915154752708894,1.3689303333797371,1.370786170562309
4.048837926037986,3.7867179534573485,9.122076932248888,21.309373857618546,1.2740927503073818,1.3622865796024428
4.448600024352062,3.425435259963219,8.883444455867082,21.58080686446952,1.074967387355226,1.396056145465577
3.764714785425973,4.04431374357575,9.188115822329978,21.388368739113375,1.3528718584078194,1.2593426254886784
3.977284570350476,3.865966110533149,9.046143406349922,21.611675131140835,1.2051698328521898,1.2398720640088174
4.70806247118389,3.1185064241291993,8.694401390386586,21.441234348803164,1.022705151197294,1.5439954537797491
3.2592183704252,4.281341216397663,9.403890186815806,22.13725159610277,1.331649103084126,1.0137326133009856
4.077894753521408,3.8426374781844075,8.883277680159162,21.363819961701957,1.2490980142456067,1.325571373267526
3.968702343019552,4.066562945070007,9.126161691524299,21.159078416618293,1.3345155324555433,1.3024008215274587
3.1648479027443415,4.5449528727145685,9.158071082241994,21.920513599230905,1.4084279780209366,0.9807495164947009
3.842567469426685,3.9066858930275323,8.802615802004015,21.732914241619536,1.236745930792861,1.2164478567606671
3.127258164426847,4.755693724321354,9.26517349223358,21.68341905443331,1.4426363681503622,0.9486515789536285
3.262834652425434,4.539051032982497,9.26753161469389,21.75161179266162,1.397492262807618,1.004568168203433
3.5468072448835977,4.31594930590666,9.166116413206204,21.604654437294357,1.3598048602534873,1.117475064726653
4.147662583652784,3.4970513572685147,8.764281990811224,21.93694682552737,1.084113469291421,1.2858080747565013
4.318271033737841,3.6945271926028913,9.038467970950952,21.074242530896953,1.2384918942132515,1.4475854130964692
4.364703214681827,3.5672825078832306,8.91510913552562,21.32772967749409,1.1678867721836572,1.4289530301201616
4.637326651426399,3.3228006141145543,8.873710420404809,21.204389463607825,1.1019440257221833,1.53788174263453
3.971767124494684,3.9477633762376425,9.136968615889685,21.169909741326876,1.3331346525772398,1.3412405661144642
3.960657286665263,3.7480303087502276,9.148076529130744,21.8991951464129,1.1546642065923376,1.2201686824182698
4.287114536186521,3.661716443617061,8.910681662309445,21.1788737708121,1.2210869594158458,1.4296409168396378
3.927387275149893,3.933666241872143,9.147648371695533,21.472656907250872,1.2596840579457458,1.257673334667752
3.873464038679618,4.064423372078653,9.33750967544024,21.34392087696115,1.315986442474348,1.2541572798080218
4.683045762857534,3.284160404184325,8.689978656215171,21.12236318832985,1.0927769863622845,1.558244423509863
3.6550497098611348,4.049613876963875,9.472895040003085,21.796581605021352,1.3033848203019907,1.1763927263242868
4.11977995672602,3.767878272416964,8.8307623830168,21.49366217904364,1.188433492129028,1.2994274567247126
4.160747638790883,3.719313139221129,8.806546820726432,21.512108557242065,1.1703360412942552,1.3092398349192695
3.7630396956534513,3.9747037525292255,9.094605397288953,21.77929592112337,1.2457054894877237,1.1793681989639677
4.251643944925275,3.6207138376866075,8.835646102018964,21.420372054371615,1.1793636255401077,1.3848744866831222
3.4875084138481736,4.31420705684172,9.43931300655199,21.58577829596262,1.372353925978196,1.1093801944522954
3.97736425721627,3.844051560710902,9.130182685726854,21.511783929174157,1.2331793606391344,1.275946337940335
3.9934540198692567,3.831153767781629,9.089308374437131,21.454209235236167,1.2385400791363947,1.291008703276444
3.7902235618000706,3.92272535545841,9.189472483807164,21.76607454156849,1.2641141054888085,1.2214148667738156
3.640033318934026,4.295188811212537,9.291397091688076,21.22262187591494,1.4050766136700863,1.1907568943331899
3.32961408956035,4.532013351530941,9.433139329898783,21.40016438091144,1.4749868521780036,1.0836545755694074
3.087908756457419,4.700411403994111,9.718856543941465,21.736309032692706,1.4817836041884094,0.9734493799118006
3.0607783723186937,4.9651006529997,9.913327195093892,20.946788786667735,1.7079332978698674,1.0528699546754883
3.125650974213175,4.889278360102101,9.9132275264167,20.95025332972652,1.6876624922999364,1.078900304847886
3.149766776373321,4.916125073334266,9.979636674972774,20.82983630686786,1.7050540349853192,1.0924300076189029
3.745921059229717,4.256812282086601,9.53732764206004,20.963955122433944,1.46538639678036,1.2895146414390632
4.427619810278427,3.4418492008372157,8.66378872507526,21.68321207082576,1.0546046959582478,1.3566511405268962
4.417190069690893,3.3651863904391646,8.74850443159778,21.790329215613795,1.0404740228620253,1.3657405529200681
4.2053300342569075,3.609027374649374,8.930337180522814,21.564324619755716,1.158634569108331,1.350070322664966
4.338302760822907,3.5042123680130928,8.711120440539059,21.597511748881466,1.1071880363708313,1.370726545794705
3.901762301720097,3.8178176218318374,8.951961609035875,21.782791705111073,1.2085909617346333,1.2351649868579127
4.011970305799769,3.7791160710274196,9.014081158094559,21.806197450884458,1.1674305318438032,1.239362999128001
3.4971506571554145,4.369281489528328,9.337153184158463,21.500117229907353,1.410292210600678,1.1287907045823553
3.8374221290465713,3.9093516125605516,9.004739499603398,21.675494068240692,1.242563911345908,1.2197015573716432
3.4728528149546474,4.596114290729979,9.522874758708962,20.936241025615075,1.5732587558917925,1.1887641937170115
3.926574639631157,3.8536223974264527,9.211336357187722,21.48243026597249,1.2636628137189774,1.2875849903476655
4.174650705174472,3.687251286103674,8.880191407908812,21.48623861717807,1.1973820083287272,1.355657984111745
3.9990589833964227,3.772084047033546,9.185750783167144,21.479256314019857,1.236036219370252,1.3104113495994962
3.8313274150218644,3.9150243105188,8.821480126857114,21.924517311967158,1.1997301499081778,1.1740818573262906
3.456998540164495,4.32955022552291,9.176609835735096,21.790866237735088,1.3500928839770758,1.0780032303312812
3.8968051137425643,3.9566460710258307,9.142937827719585,21.524683296954066,1.2577427755093329,1.238720469659501
3.7080263113874605,4.090481183953641,9.385701349078307,21.65747264856308,1.3016906883982318,1.1799842377476641
4.1881861753074086,3.662353348206646,8.918903486962687,21.300825001853987,1.2205704032609201,1.3958172800093058
4.294190353521518,3.7105235574070785,9.047752313090394,21.14493720877531,1.2270544051387573,1.4200705394456699
3.6332760342099255,4.066093142334575,9.078613895601256,21.823611757408486,1.2795792248574012,1.143373840393144
3.4676245031200024,4.432465972793406,9.191875523602777,21.38589411910567,1.4385034811944646,1.12537579528664
3.4131965083647677,4.382937005451355,9.232294746834558,21.569434184896814,1.4032629935936,1.0927860345914173
3.3790454125996887,4.423142528246278,9.248122524481172,21.570103347566707,1.4067608274597325,1.0746903791358176
3.247233087684172,4.713554756067669,9.263130757484394,21.55566562389218,1.4396851292056736,0.9918190048361052
3.810422465339829,3.939856064234367,9.203482364385806,21.731679410297225,1.2396307252889414,1.1989059212711137
3.876734604003011,3.916837106400835,9.347153305304227,21.53675522236187,1.2594034025444591,1.2465090118413504
3.8793437911233264,3.9715122665070215,9.171486027851678,21.391968581516696,1.3005011339193304,1.2703198833768177
3.202617034864503,4.591490159343402,9.44609324887909,21.712646857840053,1.442754905964101,1.0063380903849575
3.224970647577911,4.484396728424829,9.602151972436426,21.812261184936208,1.4231522400221934,1.0234652460640923
4.119958688258464,3.540372514064581,8.865831365417632,21.837167613875174,1.135714145454826,1.3216392744990375
3.450058353934591,4.302990613154178,9.570412913029537,21.474777042755953,1.4314657364039138,1.1477227738201667
4.076432759286169,3.722615965496045,9.056154238087409,21.425755334266263,1.23855531927755,1.3562740622422413
3.2511942658651267,4.257839253163869,9.616470282074935,22.252913316734524,1.3117710077330713,1.0016400631613376
4.006102195879693,3.70231676803706,9.083548568382366,21.76101757125649,1.1913084915137908,1.2890586794262522
4.2006203404882285,3.7976052289052635,9.058720180880416,20.96461175093984,1.2873406824601492,1.423957765467623
3.6500648483101603,4.142008945394982,9.342312026649727,21.53963037313693,1.339385895848243,1.1803077784738787
4.367557195406481,3.371584689662506,8.811716261316942,21.671368875052295,1.0788543843385725,1.3975500136659553
4.223650482300427,3.5644711933770585,8.909251876323282,21.60637893471322,1.138200854049402,1.34868885883909
4.464726459276331,3.3540269593821144,8.80809710277925,21.583206206799375,1.0615287313070323,1.4130582345771159
4.041241666450573,3.789481158054778,9.111289652595406,21.4060497844493,1.2539931562269526,1.3373042854736286
4.176283637572261,3.5535982031041207,8.949897588007262,21.75725008411974,1.1299262894079873,1.3279195914707786
3.5835553857872053,4.242448074759497,9.458150824423493,21.416151245272246,1.406675898629251,1.1882057019344134
3.8233863893362736,4.000381398529699,9.2529399266863,21.23270482406876,1.382298486803469,1.321139334961157
3.6605340710541596,4.1391893049213735,9.320112696545785,21.24612817929637,1.44064375447636,1.2740479255785746
3.7286768098784733,3.764277412424999,9.220124239660592,22.36737971632013,1.1337723014248287,1.1230496652694655
3.8609958993060496,3.6695149111766403,9.124347498839638,22.189696426728766,1.1537849387546633,1.2139912290980186
3.800432169748601,3.7011296757244776,9.147354013276797,22.3850086802477,1.1239133838739315,1.1540683397561318
3.9732797399815514,3.909048477784232,9.08729782617573,21.466490224153958,1.261406475378102,1.2821331894410937
3.9784400141430756,3.613219883639631,9.094848129289696,21.869247574176676,1.1627437874223316,1.280272598693206
3.7732665485467805,4.323461161399016,9.459861149376218,20.850515314063536,1.4782506201657504,1.2901315421172985
3.3370388738539143,4.687994940218544,9.683760083655264,20.986481993808454,1.5963867001062835,1.1363503041045722
2.9156026852550547,5.044609965898247,10.009121020212792,21.06041174268296,1.73371462254448,1.0020245456293813
4.23528068685777,3.5687352076388494,8.765926251229397,21.55628554155375,1.1364615285509336,1.3487225258197755
3.0754819802965314,4.76075980990758,9.705243927884238,21.546649545480584,1.5467550345352203,0.9992138705981801
3.5816916104770553,4.0879777967905495,9.301537072871005,21.947365719621075,1.2737320170735145,1.1159833801274355
4.227198940183354,3.5376943411450146,8.847616888143635,21.671764912635282,1.1365794333770798,1.358101326145306
3.842779115833343,4.106576995279371,9.218776791151145,21.296199535748222,1.323621677071177,1.2385950010825006
4.108283567502288,3.6885725048026226,8.986104885775022,21.60072741428082,1.175886318248434,1.3096867235823277
4.564473912635567,3.38243625527982,8.747288508515405,21.266070938337798,1.0909163676455356,1.4721517052132174
4.087480777777956,3.878555800038003,9.14587557399273,21.30702603882036,1.2622291831395545,1.3302212960769435
4.013105460450173,3.8656546638122733,8.96499267605832,21.41078073790332,1.2534317786819296,1.3012424421713684
3.8452719614010755,4.100073634115022,9.122287625586763,21.352902495867898,1.3261498819292055,1.243735457619019
3.6149750116578785,4.481321500090622,9.210629326832173,21.121645357854113,1.4446879553881433,1.1653952652728978
3.4580726943391737,4.285212100074882,9.233971668412247,21.984820531191957,1.2771218771386603,1.0306094978587443
3.93307730259146,4.0619703185157885,9.250791244279519,20.95858523748769,1.3968011551923394,1.3524783513750256
3.865771638354482,4.115824900192574,9.200094063892006,21.0925825204911,1.3847486471596269,1.3006194812099412
4.008464390885717,4.014285608472898,9.095633182271795,20.99882203822223,1.3548983632986158,1.3529335907461524
3.5417048455804716,4.028167901982221,9.149718356712825,22.143793737376303,1.236272462433184,1.086973601200359
2.68666822825756,4.777134888002217,9.745605028154134,22.384865921604785,1.4451435790011586,0.8127510380173778
3.1841030264426133,4.41731095322119,9.66403404566303,21.965667731633626,1.4009252905525464,1.0098203419923466
3.8328253324845853,4.066071768081747,9.100726233030853,21.263826682203657,1.3387803920471826,1.2619824966082407
4.105545749954916,3.696447465386772,9.132336106951394,21.730817429297385,1.1542261820758006,1.281968279187261
3.745323264760905,3.790095077947683,9.122861586565701,22.46084681430532,1.1008346268057023,1.0878306358114793
4.390191342163688,3.30195879743828,8.49171611100315,22.096173090684456,0.9951329528642758,1.3231007235329357
4.192478697609448,3.4457870771965466,8.710042226057102,22.04403656379861,1.0491766749855014,1.2765300819121184
3.5564833370941265,4.2330251209877225,9.17718889743234,21.58112247118971,1.3643901719537448,1.1463269820416824
3.621929937041094,4.283618392815974,9.116398501409762,21.448917446250583,1.358200452182048,1.148399886999982
3.9507787089037576,3.8401204231702133,9.013633876648697,21.541360655698213,1.2470069215619195,1.2829411197202125
4.207658848374906,3.612276909539759,8.759909590636372,21.487136278282232,1.1704079205443692,1.363316646650448
4.228895188843292,3.557218873937521,8.650356362789427,21.5342732909597,1.1592373430482945,1.3781252704638935
4.108420597872092,3.657443235895232,8.836255034801829,21.818719666313577,1.1255746975440923,1.264362554269937
3.934336127363602,3.9340166739698463,9.142572376291495,21.399802952048276,1.27632432412881,1.2764279653104993
3.3754827197818527,4.413304394361053,9.234152994140308,21.708130179389514,1.3850552510350214,1.0593491062582139
3.6588357604558306,4.172588886757425,9.406087655744994,21.45186688600229,1.3579252453968245,1.1907296843098987
4.195099661709258,3.521865827928073,8.795423488709753,21.761423645237954,1.1168934937363881,1.3303969391972206
3.9405922221111287,3.806460840951919,9.051054532329387,21.593188080957994,1.2326186784407722,1.2760534733040643
3.3615225105749427,4.5303620277899865,9.364878164853266,21.48354669602999,1.4507832408463397,1.07647920677299
4.017070752203055,3.941834238161473,8.952840405140623,21.34390660384688,1.256478025148915,1.28046001446416
3.803693732775296,3.9146798289607196,9.380936168613623,21.64227487666092,1.2838935081723322,1.2474935126131335
3.311718233842981,4.584453846755732,9.386701042441656,21.43097048299868,1.4711464375705499,1.062726912476893
3.5422252637363627,4.032554554340538,9.285548441463353,21.93237673010368,1.2807412881697042,1.125012466944017
3.0573284530809084,4.630598145002032,9.519582666250761,21.870606697922444,1.451412436839962,0.9582875476024202
3.3426045026987916,4.2251446807452595,9.3117509769611,22.039838513916074,1.3369464500483719,1.0576876205362513
3.2707051119498014,4.361166939306608,9.395906122636665,21.878772978379125,1.3976125297326583,1.048154888161305
3.8753604052310644,3.9982397014022784,9.004630664091673,21.65459134354675,1.2350558473572395,1.1970984449528332
3.7369083857694374,3.965221138398886,8.971995378032018,21.980483907969088,1.194284121739831,1.1255186517347544
3.8724098457113896,3.898276805776908,8.929231538090967,21.864953524228717,1.1970597169807997,1.1891166443264163
4.0434464981254985,3.799459658394144,9.196108766687784,21.31144158861172,1.2624455572846907,1.3435150065086803
3.583424792996435,4.12647598039614,9.347517564690783,21.671130531701085,1.3514166614185419,1.173567953188661
4.005784465563636,3.629572281321012,8.986207126624365,21.825725439653226,1.1738521527007855,1.2955241978114944
4.086036008950729,3.6136352328412387,8.981782430580191,21.603082813261537,1.1976822207659508,1.354251983391804
3.7871264268012297,4.201019774109945,9.289997582074783,21.21895643269863,1.3715818880354271,1.236450741487262
3.785189527060559,4.174828706661162,9.365214860732609,21.205742372490064,1.3815643547641399,1.2526221538789082
3.6847912997250076,3.972000224163037,8.956150809874874,21.862893596776065,1.254001958948508,1.1633271015600815
3.498781687034135,4.1747097603350545,9.007955790292257,21.8194222403233,1.320238558492805,1.106478475428251
4.137833067319639,3.7915806887318797,9.152906859945084,21.291478631566818,1.2428443315864348,1.3563425903219088
4.30317461708853,3.5609621304686008,8.890114174191607,21.37063735715757,1.1580941314013362,1.3994760651356948
3.8631481090515076,3.913310236011681,9.138593723087872,21.53071508141236,1.2692560005999929,1.2529862502333704
4.204599472797866,3.4595361892827223,8.843948337961244,21.82669315249904,1.0917406949052335,1.3268635155345059
4.504185323426238,3.430900912230827,8.698998646165617,21.2522871080686,1.1309176313605354,1.4847011696021197
4.358783275785898,3.518941280714756,8.930198494505518,21.302701202748295,1.174963567424483,1.4553842018947605
3.556060546125168,4.414151633794387,9.449161679261763,21.036731572295885,1.5067651320434858,1.2138568139153565
4.1659863165435524,3.8368366718921836,9.13036604478475,21.085596511188605,1.2722939303422696,1.3814398572804958
4.1396608487683295,3.623819359174847,8.915756557580174,21.77546637076559,1.1243692509966705,1.284420360558406
4.187783501152311,3.651146387861685,8.964520492812387,21.47798402411953,1.1820357963867383,1.3557687038614947
3.918975577620531,3.888053808125763,9.194588734979948,21.47628685049481,1.2724942690046221,1.2826144413096816
3.9145469040117153,4.004747580636698,9.157473872765022,21.317957600355275,1.3136841364418657,1.2840954556092716
4.748842391052914,3.0256070520538265,8.658167561271906,21.718457749788328,0.9499600701481755,1.4910100926242158
3.509345584470356,4.3585932544991834,9.337773042588804,21.41923413764085,1.4252065401782743,1.147512967302014
3.974254479353022,3.8314751744709903,9.129185735484258,21.496402586635554,1.250398446477661,1.2969943430668387
3.913924084674592,3.925531365325552,9.115925512933812,21.398253660345155,1.2854731739598224,1.2816721986240427
4.176001124727948,3.5760910265762247,8.983076050377015,21.624017479476144,1.1481161958704489,1.3407193747704151
3.940751804007921,3.9137323276734737,9.063533561740932,21.484126878831553,1.260426234507776,1.2691279171889838
3.765423106685556,3.8986562445493926,9.163811203057783,21.80099264519281,1.254058200306218,1.2112018676084413
4.280141229028835,3.8228831718479017,9.075617756980058,21.0237600470242,1.260715785686315,1.4115109904850023
4.028678789702786,3.8481307437406467,9.097292424789856,21.1805999973581,1.302387878731833,1.363493803204979
3.4187261170984353,4.375234547642606,9.273326636567292,21.815722166916785,1.3422877576764192,1.048838448284423
4.0455139514108405,3.868911760551918,9.09972882029937,21.214711663211364,1.2885983365240654,1.3474183105766266
4.704839350882673,3.1837508028088104,8.668819343926401,21.473209614498952,1.0031444694011282,1.4824129985597272
4.26305747166832,3.5251181196447217,8.939832421965242,21.57818242377477,1.1288270664428937,1.3651328824992142
4.236698882479087,3.4911801383103604,8.94155519451021,21.79966426042955,1.0938818557565648,1.3274731902235613
4.0887591767599405,3.6741415253848837,8.993681507842961,21.707533352680848,1.161799248750936,1.2929053785933236
2.521956970736842,5.206298720472533,9.773968365371056,21.848875687108276,1.6198027012945067,0.7846404774440756
3.025471743597676,4.769521460247189,9.691352017317579,21.631144194440076,1.5359260029581723,0.9742907671005712
4.888212160237741,2.9560491305102397,8.240575571669483,21.574657604891858,0.926050705387672,1.53134542736487
4.395807460458748,3.3596082730349455,8.605876098064812,21.80748371935003,1.0294308286103722,1.3469367106730645
4.292043450180442,3.4892005341306374,8.687016826789511,21.728561676370333,1.082670643378283,1.3317862926362902
3.7881999039326444,4.169656162235038,9.460686560968984,21.145156827617463,1.3865284186520985,1.2596834410255837
3.4537461055022636,4.022764363378447,9.339572305301806,22.4853985384959,1.1905000533140173,1.0221043420202716
4.04674740327705,3.430679493665943,9.003344572377355,22.42793535121335,1.0267510205315995,1.2111309243022217
4.1315929486627025,3.653580906734711,8.80973433065908,21.976615033784654,1.0959478522744732,1.2393349248712913
4.088644640391132,3.586481798608902,8.859040144529164,22.23998492939053,1.0597259995249464,1.2081040059708092
4.100699048549464,3.9042903688172323,9.24522214236555,21.039195626235333,1.2887644803866303,1.3535968842724135
4.492053303666077,3.5356343212131365,8.879967544135006,21.115701070362377,1.1936803523017379,1.5165809817793852
3.4075336531984117,4.514365518034782,9.445881454826122,21.215874483291756,1.4866685412912968,1.122167238200683
3.6924898966071455,4.122430301279473,9.025546404096751,21.695204570016884,1.2880087912839477,1.1536785587572111
3.7659765770986735,4.10238561632892,8.99347596067315,21.558711765868555,1.2910550883532772,1.1851843481338564
3.7549845689395096,4.17176854639709,8.990801674897925,21.493320519174965,1.3064815460681245,1.1759564296362761
3.57808231724748,4.496014580152644,9.225000617911443,21.155962276580063,1.4490772404186816,1.153225274926005
3.888370234386017,4.129904979390783,8.999403238551912,21.277146158734155,1.3112135570701469,1.2345281045635743
3.6349983290049197,4.324842753379669,9.489749251158162,21.039906856221968,1.4923344438840722,1.2542960563354544
4.13978018188378,3.6749555464392367,9.00929550428313,21.50361568925227,1.2040950557856722,1.3563943253342394
4.226932696016568,3.5813926827595997,8.958672135505667,21.59728693792688,1.1486894506374246,1.355738793973115
3.885925475616424,3.9731077237054437,9.16627014448592,21.33891670436671,1.320347125799982,1.2913746340655363
3.9383830766111347,3.9122141608560406,9.1276415676051,21.364308802657483,1.2975354899397111,1.3062147430504476
3.76785412953068,4.214195666011069,9.327446072845003,21.129654844594448,1.4109897084965868,1.261546406770518
4.800065489820679,2.9369337341331767,8.537817946256164,21.838549631069483,0.9054896757702954,1.479914134098342
4.79691095117534,2.9160030362194465,8.497564609810421,21.920519429375418,0.8896574615196582,1.4635127491126998
3.335121628114054,4.5945164155559945,9.717449705488495,21.149911988762284,1.566157872671086,1.1368611017476031
4.0462678634415346,3.6557838357947845,9.076409396130089,21.94101093807589,1.1196875148092313,1.2392843263623508
3.4807321293003723,4.3869550529554315,9.581976112054877,21.491886340566545,1.398433252569309,1.1095558295316477
3.540039744391878,4.322194979173717,9.59555589157736,21.443057512585717,1.4020477353351275,1.1483296636399827
3.7685337287995306,3.9735292151778574,9.006250792665115,21.67043700405158,1.2630422691506253,1.1978815643313634
4.017134769954075,3.9738700202543162,9.168593036669913,21.456023119399653,1.23697500342143,1.2504423321551617
3.787388972171485,3.8857231382081925,9.403517081973389,22.122623014641185,1.1510950979490358,1.1219648762477654
3.937192990204599,3.8110151666379344,8.939771303268236,21.528633754057992,1.2503197548137455,1.2917162380410694
3.8487451172061813,4.049463063446014,9.428456885318298,21.567157481483193,1.2696550423908017,1.2067226119552308
3.6689187745199345,4.232579511052411,9.506135861859292,21.545730623076956,1.3304689210139304,1.153287821404578
4.192860068470011,3.6044257135028643,8.963046881878572,21.691216641420304,1.125634522216793,1.3093980608931641
3.424217539148481,4.316146004745766,9.55516963905804,21.56351979624673,1.4326227837885752,1.1365723165617325
3.4316031406946346,4.400981596787737,9.521574355750351,21.383833655918163,1.4822037500320528,1.1557274057841682
4.0345386720034995,3.626975013338359,8.917183746511675,21.688913187656528,1.1806273543753307,1.3132946052661674
4.347101726295058,3.5416350871613838,8.983387857432108,21.396722591471885,1.1505792751735247,1.412253106334281
4.121477645665142,3.827579205541529,9.034828068370118,21.15651158798552,1.2866909827141133,1.3854888004557568
4.0051532791903535,3.8592643599372445,9.209446251661177,21.34897400690548,1.2752951093073162,1.3235041480964196
4.565784775700401,3.651867476533759,8.809767870124402,20.618785248473063,1.2604659592284124,1.575910496181579
4.595064603565668,3.608971881748885,8.728228695245155,20.656784412487575,1.2342909142649185,1.5715407812745248
3.869729679582042,3.9665795916461564,9.23358388971546,21.51256364363894,1.3083755549801908,1.276429629146876
3.7809588182165736,3.9766380576898857,9.25660956652516,21.663620238051664,1.2784104950279982,1.215503489217391
3.712065550078771,3.9936204015182675,9.369383600320083,21.695728181553562,1.3016910746177701,1.209920350240763
3.7914624035534397,3.9706101535556044,9.303672467934765,21.652762878852478,1.274644728750704,1.217134742532761
4.126296287615133,3.731752219662456,9.054561455390903,21.45135615783834,1.2116611612566186,1.3397655195855567
3.9426949741732296,3.8887825181158653,9.007213513186134,21.528721517667556,1.2352276726971454,1.252352353060446
4.16590411913528,3.5306749338667776,9.077275278096796,21.680505250750684,1.1374534912830536,1.3421009505033283
3.759384974089978,4.164107714288275,9.159538342721374,21.284000021684545,1.3688204251632152,1.2357804580628102
3.6020134258681424,4.334456233190376,9.292232772619569,21.2737976080546,1.4287571650695579,1.1873236719933022
3.7883280521710208,4.324748265138984,9.324268424662526,20.75648437843813,1.4958571844435065,1.310318517160393
3.9539953128978267,3.9718367517119204,9.164027461577485,21.185690400177364,1.3326259962932894,1.3266398577228438
4.103183834616755,3.693475880437029,9.035195925103348,21.575961125874933,1.177108169874359,1.307681807211988
3.9018966575315273,4.045292804208447,9.328216444994462,21.129767402927328,1.3609392536920155,1.3126971475488523
4.323839771741986,3.355469075624598,8.701703266201314,21.9755147837042,1.0445033076793133,1.345941459054931
3.7366076785728297,3.833323108909024,8.687715863367082,22.321432829931155,1.137057495007045,1.1083693302418525
4.707476205259172,3.1995360486556983,7.96080120883722,21.484608430035152,1.0051258458854389,1.478841285374706
3.449769721550988,4.21844208367699,9.288955468886572,22.027371027444786,1.3082884776313446,1.0698959207358971
3.8769767540358435,3.8109293435217158,8.801398814781141,22.04759695898165,1.1423086975977768,1.1621061078049097
3.723982814800053,4.296278752874905,9.234426061213377,21.15477386725662,1.3981212255532685,1.2118811921790498
3.8481385358591096,3.859003631083796,9.039801484415094,21.84256522900496,1.2130430038067572,1.209627659068069
3.6340121009251813,4.239815838088692,9.280474748279111,21.421369790606015,1.3703193676746868,1.1745220439826527
3.7033387229838413,4.037221033798591,9.263348793867577,21.657310534327557,1.299561611412176,1.1920865362969093
3.881735725427708,3.8682811831433295,9.17785638355604,21.62612018173472,1.2524725435126307,1.2568288568205015
3.8806116915608366,4.08287912242662,9.24958839793531,21.168459892577474,1.3615863350141195,1.294132814685166
3.9824876863089647,3.976868098616914,9.18435512722374,21.194736512708133,1.325900545668099,1.3277741341811078
3.8052414288463603,3.8624773479024705,9.19240725525166,21.977224313855988,1.1936235742368804,1.1759359255790602
4.432302363007695,3.4752492509492323,8.751650310542331,21.428517147186973,1.1148380143270675,1.4218546091112738
3.887602735026672,3.8649435455620647,9.265247351137798,21.585609695339112,1.2551001246863382,1.2624584602446873
4.407985551638625,3.525383745183424,8.931159369155887,21.340570453327537,1.1360307589510752,1.4204431442435375
3.435052561618608,4.3341033449769455,9.459035905512906,21.525226279785137,1.4306105636238073,1.133849862382721
4.085799384587289,3.7838829226459314,9.13191641133698,21.313766269107248,1.2579650820561363,1.358338263410959
3.855333246473935,3.829160623803171,9.206063372838969,21.854942277043804,1.2157277582409656,1.2240373558298
4.410568649850411,3.3298303104193216,8.78802259519857,21.663430279178378,1.0748257903038865,1.4236740292534713
4.040444802659367,3.755436522466876,9.216717694952326,21.65562014182002,1.2020384957087664,1.2932638226015463
4.232252638224516,3.621985270838708,8.8241459830802,21.439031413410447,1.1629455936063613,1.3588899977807989
2.9981048958966,4.69011678304906,9.53738888757802,21.937808228144192,1.4509089753986815,0.9274773963762952
3.5126843450608076,4.372040444017489,9.27916656934469,21.552597140051915,1.3734664529684608,1.1035017103764948
4.254973302896099,3.494099940024832,8.924371206934461,21.521261948343884,1.1603924435169906,1.413078890929512
4.052524778260728,3.68446723637508,8.959464353595688,21.85313953215007,1.1450189152609762,1.2593998610875285
3.9886033139973067,3.7630977118513744,9.109254598262634,21.77159191201538,1.1748700258595595,1.245274727759878
3.588304928722854,4.188801113640448,9.402536827025566,21.65214932156291,1.3164605902941573,1.127736050594309
4.1452762099716525,3.686829881663278,9.056588204526925,21.335351324548395,1.2442505016290715,1.3989693501457166
3.97826197772682,3.933160223295808,9.199143876005206,21.282153900802243,1.3033503289524555,1.3182959154876348
3.740136361234895,4.118934053985759,9.300460768954355,21.46622588041283,1.3409473082510597,1.2176271142862014
3.651771754075955,4.221218228088909,9.39344089924427,21.450223831559853,1.375188985888345,1.1896746445769502
3.640460845174083,4.248943644348601,9.33202288067294,21.497333284291916,1.3609904387714307,1.166085695110055
4.321787319140795,3.536427259545651,8.857492791659626,21.48744237030731,1.1506494694363427,1.4061825454950736
4.57984956492197,3.1876583388047846,8.647867438884733,21.729499632372438,0.9972840231027494,1.432842015629352
5.006485641546375,2.8228202943594165,8.432639322683764,21.524851737148463,0.911057114411807,1.6158288117191173
3.511206943812616,4.353030273680253,9.58051088706615,21.299098766396312,1.4523554318604834,1.1714874826544979
4.64602200897207,3.1723573974912282,8.538409502874831,21.585890953839176,1.0165011815720275,1.488699496930756
3.357347298828209,4.415777807439711,9.599874670069743,21.518920703026815,1.4472271811803976,1.1003371273211666
3.599832000460555,4.2087853042233645,9.418521052185659,21.474996570067102,1.3870572759290478,1.186369179570781
4.070444093643794,3.6368663661089853,9.075633779701612,21.741994588654748,1.1760676848566873,1.3162754084560664
4.39548072083935,3.3326593571680183,8.771037517302917,21.59662290466246,1.0982010926762538,1.4484293812029767
4.341728978560218,3.335670248751954,8.806000588411608,21.71869390892458,1.0912269477262142,1.420347728586595
4.695913048738358,2.857834068258092,8.489768684869174,22.004891941340233,0.9082356610780736,1.4923874480877877
4.284913846666339,3.565689578683479,9.066597141569746,21.34611793788273,1.187871642238384,1.4274735743454243
3.7968712243817353,3.888812678873623,9.15858919853309,21.74316868873706,1.2512081579725953,1.2216264045132244
4.361876731667149,3.4108686169780693,8.823839575127044,21.545545673097024,1.1063661851024935,1.414839872600389
4.051034521560107,3.719773793238953,8.994156012134887,21.60350245191537,1.1860281927986933,1.2916487452285272
4.28289865400283,3.5598365369176417,8.854949089564476,21.432800478435425,1.1519244617429578,1.3858995140781625
3.8046210845952624,4.05440833826713,9.247532347151509,21.490869913735832,1.3122652924492282,1.231418195624763
3.118309172980339,4.67823065986094,9.670017553254006,21.566570562831387,1.4953749582323463,0.9967532146949816
3.9504154375406126,3.9274708565401473,9.073865685130261,21.42320913388037,1.2659292570043479,1.2733249112152065
4.275509785164229,3.7286995848017916,9.013507567368531,21.250881555382968,1.2041345421461656,1.380719712197959
4.379577090274602,3.6397601410512883,8.942258513075899,21.253283201187664,1.1642652456255322,1.400913576484122
3.661113877340145,3.838876066382882,9.117395757820923,22.16504343414468,1.202331891547977,1.1466569634436046
4.178042561349674,3.7007907585913187,8.973014836876803,21.46723652906634,1.1865426554833485,1.3395584994795287
3.444967226095309,4.156367853785608,9.249945243831238,21.995410200558716,1.3104714044416812,1.0861721574823704
4.505618852130461,3.2128593737447706,8.61972576796184,22.064742619410257,0.9529222526068464,1.3363499507778671
3.3886742988754905,4.5572223595927275,9.440451406781033,21.39902238215832,1.444004615208035,1.0737376719643683
3.2414507044045004,4.673715771991022,9.55435104815044,21.384421879514974,1.4914492069500747,1.0343930436301123
3.5225891242392087,4.246445188778411,9.278097308935081,21.77101894654773,1.3178266667917669,1.0931877553348361
3.8521110152004563,3.926480163069133,9.155964306935667,21.71885398086622,1.2240815682812152,1.2008969603437918
3.290689545812527,4.520440732269516,9.51348611335393,21.597766889799022,1.4374005158316363,1.046366744027181
3.858183983626968,3.952477020924455,9.179942091982245,21.42955787148378,1.3074819956461792,1.2762897969493674
3.852033564975574,3.929753592673535,9.130579957270971,21.50473529763461,1.286846642168805,1.2613962534068102
3.613907865027004,4.250725905749661,9.241326021572213,21.54550987054133,1.3370203537043506,1.1367160525259008
3.5829267173047534,4.284024239750519,9.342380843923875,21.530073023617113,1.350945109050461,1.1298575950893686
4.327552615788152,3.3522457706306885,8.748415531285511,21.752198043504876,1.0870979417732933,1.4033796634946119
4.111712333472833,3.739160981815214,8.974583683152554,21.298768094624812,1.2520955707810784,1.3768481287927838
3.5211081949841825,4.410541242971074,9.37989807168962,21.514810307409952,1.387874424017521,1.1079946289596674
3.481407475379336,4.297106250650234,8.893475221991208,21.997966826076528,1.2686439869015473,1.0278234704868574
4.500482636949883,3.5184932395209714,8.838154939000592,20.892270388429697,1.2122559417568244,1.5505889726133715
3.774314963857272,4.302619995507153,9.310571960705843,21.10767255012093,1.4213047246344712,1.2467872356821073
3.6590197671018667,4.369702628860323,9.334592565599362,21.166258994381366,1.451366781509085,1.215318339463715
4.355374970729482,3.3001867949192873,8.798325197794377,21.783295193253796,1.0457628253645561,1.3801307374249787
3.8358772609994736,4.18892268083635,9.388189383946324,21.089645974791445,1.4158191981021953,1.2964929366045015
3.8774957663653304,4.051271594918878,9.161121922892942,21.305984295318755,1.3456365824360275,1.2879166526396477
4.003343989231705,3.772468390630213,9.087309029907932,21.452320362719504,1.244295293070339,1.3204463408400569
4.0212426545257065,3.8754507064790067,9.238416678725178,21.41056979995723,1.2467655617457851,1.293668075484529
4.1293787205121495,3.7253441624814814,8.966130343211768,21.279235261946752,1.2534521870906594,1.3893961370548438
3.7745599898563587,3.997563118439214,9.229432456138886,21.4349900695549,1.3311812205236908,1.2569215858181781
3.8546244458052477,3.846626255185992,9.171404310100442,21.61291852285524,1.2681319294043292,1.2707687233710072
4.208145549047072,3.7499723521232844,9.018811624866123,21.11710421338497,1.260515156209366,1.4145254273955854
3.6577111268152995,4.078144528043044,9.380342979304967,21.726081910269706,1.3169874606598586,1.1812135777942563
4.3400714954543895,3.449073794551209,8.924191493541619,21.335134121169638,1.1566741511187022,1.455477270660249
3.4117885125632665,4.201807222892838,9.34139870375995,22.054762326738555,1.3166032442179016,1.0690570951833334
3.5252860713885448,4.091856929143732,9.30403484752484,22.17064029105051,1.2396155634429085,1.067974651937848
4.29781101177418,3.398861967319448,8.96479336793674,21.942435700862493,1.059444705501852,1.3396522616841429
4.055803212209821,3.5523076245319034,8.95680422673976,21.89595822467478,1.1283099518066042,1.2882339061242063
4.355558193856409,3.357955497720283,8.778526151792175,21.81527791221918,1.0660408204880358,1.3827469821486156
3.7510941432723,4.059525285772025,9.170202282260018,21.539923957406003,1.3101917722947842,1.2106471416358897
4.39488943938319,3.3853256855643106,8.797313682048953,21.53146832871397,1.105201614988814,1.4347922053159614
4.080757932886233,3.7369049211626955,8.96142187273233,21.369763348526305,1.2378121944175375,1.3517100483843878
3.403346160328411,4.195942338546133,9.28749161926304,22.44927275881449,1.2003112167303986,0.9735773852588206
4.491750937439101,3.4446691832650336,8.46390616080566,21.531546871859916,1.0658548311009677,1.389844476221626
3.602604637317573,4.2361995662219085,9.574978600421968,21.433307036254313,1.3837960168511034,1.1768260369885093
3.370223150220588,4.566225243109254,9.661466561557898,21.268942504721856,1.4943699426540313,1.102959207570113
3.4040361204824836,4.2787229376897065,9.402275658979987,21.773211774067935,1.3753364458506454,1.0941804383387994
4.046589815803201,3.7384360110736012,8.903704145009433,21.71488068788942,1.1702893374736894,1.2667545734463745
3.439302731104548,4.410164692540508,9.422185210685587,21.398110138214083,1.434829442217811,1.1189633864775688
3.6392022613531894,4.203585043563355,9.401217542420559,21.3778684538055,1.3723187238936618,1.1880681255487646
3.7926596259145167,4.085283240136742,9.198932758086425,21.332813843024837,1.3643626414133396,1.2666350901587076
3.8726488475305145,3.9796714514518152,9.24808368180797,21.297808472934452,1.3362161855176096,1.300282230335527
3.7560598622542525,4.015052886578704,8.99088571704715,21.777052260170173,1.2551776627134692,1.1742117905035854
3.7410263536719994,3.9939979510429184,9.155526225924413,21.94376756467335,1.2268743599681022,1.1491666669700342
3.9499356515278636,3.6266340430366633,9.076468113292913,22.23608868777496,1.1066450054776187,1.2052984968566633
4.026993247954293,3.5177859235242495,8.994879630530463,22.278611268424825,1.0738722360169983,1.2293176269446235
4.081905070542018,3.6381252698052275,8.987774972027115,21.81875748269802,1.1575452200750689,1.2987429933821546
4.1045223873830965,3.9999476698294045,9.218756920968719,21.01579330116839,1.292284921788575,1.3260704464628763
4.317004677604829,3.737123768387417,8.924154604752303,21.275702324847295,1.1782325730589864,1.361056214468603
4.737636654378757,3.2416038402814245,8.661214025811482,21.299609643297963,1.0317438761662203,1.5079040643138988
3.6220288120859405,4.460954588094746,9.263125431126381,21.264319749204706,1.413940974054351,1.1480356604125435
4.082354785153898,3.9890084496242735,9.162579754282643,21.223539278578265,1.2761340996236785,1.3059967693443926
3.671055092528318,4.269560483819189,9.24457823497244,21.10447089473137,1.460278214631014,1.2555769608243277
4.011478667072334,3.7562054960730267,8.925803654328742,21.8435976851777,1.1434056266640473,1.2211119130645471
4.066928560200878,3.8485406205045187,9.107845238736314,21.101635003803594,1.3148253545393123,1.389435974135873
4.037646496110947,3.5588547168921467,8.890470231488157,22.04669462442854,1.1152727149721011,1.265316324502188
3.6527287941561353,4.299313352009351,9.326411362347661,21.314209843358967,1.3880411810396873,1.1792901736479726
4.000406894570963,4.200593831572739,9.01244921088192,20.737143272692137,1.4124689432124977,1.3451551674252349
4.307988907856136,3.864256699836947,8.988996634215647,21.012189119008646,1.2537524693127837,1.397720739210885
3.511449436662926,4.497286133890719,9.343529913979456,21.352793567052174,1.417503740783221,1.1067769681211441
3.6375968179941425,4.296926887516453,9.28347632008523,21.458484998270777,1.3603603741744354,1.151623636603777
3.9048288363330026,3.8288210513967744,8.812110031481641,21.808026842682,1.18495599219413,1.2084791286908667
3.8468795299182856,4.09780997833852,8.953562764560807,21.47218090967977,1.2874558084234273,1.2086181207227609
3.7855060483786738,3.829400474406423,9.081602432243695,22.086352501146443,1.1659276368774347,1.1525632147563563
3.6980605997597933,4.20771775805484,9.129913468994026,21.42218218584832,1.3355143549881971,1.173751021475024
3.730581467499721,4.174168034412605,9.107184911191448,21.42416143913196,1.3269447761265323,1.1859310764210327
3.8497841681051703,4.128878581053647,9.12221446962858,21.146982052810827,1.3584616770731144,1.2666355172980377
3.542140344374659,4.218645755623222,9.431028994130926,21.633484815861845,1.3506513440964638,1.1340598130883288
3.654949439596107,4.21432908094539,9.302408754573603,21.502062956832873,1.3521155141442018,1.1726454545362524
3.9628959702555657,3.930859016975687,9.051184553727103,21.314975283287524,1.2897830086079511,1.300294888532799
3.2450295415306076,4.699492084806499,9.638558904055003,21.29068102932268,1.5479471174770207,1.068867450842171
3.4337294338585456,4.435747496797822,9.361979021284968,21.39052555650811,1.4560527754136166,1.1271361311252392
3.3714476292095936,4.251968787709149,9.368068516589048,21.937626458098674,1.3414518050476025,1.0636565632607449
4.433203046954126,3.7328860625244253,8.891023124386738,20.779305660172632,1.2621100451441172,1.4988912075019163
4.280073747515149,3.807380193138403,8.94559601190577,20.878837165692516,1.295475516449696,1.4563112868259376
4.2579764965611515,3.4051341382115163,8.94542951447015,21.914517720641374,1.062339003251073,1.3284100783175343
4.109301105226646,3.918295882978138,8.991408333453956,20.94216334401347,1.3319510177952554,1.3968796520220161
4.268409666780943,3.654586075467683,8.98393357789125,21.15747002401769,1.2280172028083594,1.4342747417078439
4.130465864648244,3.5737432115917653,8.969478695237251,21.86372801345622,1.1200655925632101,1.294550957450781
4.5956924492406195,3.1280416261396935,8.689185169224645,21.88554770097702,0.9714232177737082,1.4272068215566276
3.821841293843777,3.9226314568463283,9.34100846624394,21.564773842830373,1.2857901470935955,1.2527523764188997
3.769137761381832,4.0230482507783,9.305281807812309,21.501119350838824,1.3140971047236965,1.2311592381668326
4.012018691493605,3.872407333425002,9.053099872278663,21.245426295567626,1.2968368693326047,1.3435915469612167
4.076212179406429,3.596717706569089,9.05493914976406,21.865557156514754,1.1348507711856,1.2861427870379523
3.936227844019135,3.762376396726168,9.021548483409877,21.737830809317487,1.2335428923682827,1.290542297670417
4.0240612694937,3.756180346629487,9.062548837404792,21.56043664129613,1.245654715987035,1.3344915406587234
4.5238295080088315,3.3440884771991346,8.81428344258781,21.458944683511792,1.0588037390950884,1.4323327958476195
4.095128888731724,3.662045966359643,9.0416583871202,21.56737777815063,1.2117791640855886,1.3550872673897851
3.6001479072423095,4.3648657196085505,9.364472949208535,21.087650035754713,1.4853806968085879,1.2251442657331377
4.731452703352326,2.8947747928306544,8.576157506925492,22.11377136837178,0.8679600421130753,1.4186636894271012
3.2656889820360693,4.9439751266065315,9.644308278843873,20.718969334070856,1.6738158588257734,1.105620855312931
4.244714130664445,3.5585069209262943,8.978831124707877,21.51904584938098,1.1617810109699518,1.3858138774444502
4.2855087154729095,3.4711546924035352,8.848225862615367,21.696442689148256,1.1061428991675453,1.3656507574597887
4.298504525361421,3.5076247141150394,8.928493372534438,21.557195363215776,1.1311401785458657,1.3861834068882846
4.289397529519838,3.497839234520668,8.928066517484538,21.597360401811045,1.126167322911992,1.381018111138728
3.840933185995817,4.017959290327202,9.075093429273695,21.71292538564707,1.224989991042108,1.1710185119180718
3.7396069440965385,4.07287794617305,9.138112456219632,21.794465445715026,1.248115201584779,1.1459857959319697
3.9628601370340837,3.907813591720883,9.064173300591667,21.68438732430194,1.1934813570314216,1.2102930662028817
4.215956254606466,3.5376468385971513,8.836794651603046,21.849708413331157,1.0990433664275472,1.3097742556493792
4.600881146206575,3.135798426968162,8.35808237175928,21.952496764786364,0.9475740556791332,1.39029204489517
3.871490395639958,3.843720998508478,9.141271136818256,21.914676193093594,1.1825028901308277,1.1910460160179324
3.8542224500783675,4.12920540712247,9.157969605021734,21.377879036812665,1.305352481295064,1.2184229997361615
4.1240044133720595,3.7704289334167043,8.927248846834614,21.378136467324886,1.210570829356393,1.3240932347824956
3.3767046014655997,4.377931230137656,9.368875806288408,21.6346297154198,1.3940202108924868,1.075209776766799
4.781308122990181,2.982798034315208,8.521785493132958,21.49151192788846,0.9961689626689271,1.5968197304290945
4.414706576558422,3.395140898300762,8.662887849086417,21.59373252766309,1.0947528817261025,1.4235087412959475
4.542514292928069,3.2541263899860984,8.714063516328649,21.685792296126372,1.020158422772131,1.4240639917225704
3.7066112137171308,4.271990515623472,9.386467688032544,21.199644379543372,1.4156038937126043,1.2282548960319943
3.948289804316815,3.8101018144704892,9.011963468570018,21.569316443913127,1.234686991613774,1.2794676619917982
3.5812354441664795,4.30339779252939,9.510812815397772,21.40896043795358,1.4119544643322597,1.1750113786817094
3.3968968747114427,4.45453407983241,9.52598781811801,21.45986224016754,1.4452731123631144,1.1021228327150767
4.08144086229535,3.7524268282831867,8.753500871148143,21.51655392353024,1.2123991377314587,1.3187026979051824
3.552266582442971,4.19777501012601,9.13051094392203,21.766932982281944,1.320794171679041,1.1176904400600691
3.674285265914208,4.164492405610803,9.32469911107037,21.418108006353574,1.359294871032128,1.1992907250682263
4.54774386525346,3.308748748240428,8.654946154434818,21.536183645783296,1.0533871759395805,1.4478388755457698
3.8419665251157165,4.110925907451662,9.246997360129848,21.18131285002002,1.3636802692438115,1.274460805994742
3.864405108835177,3.8488673642815665,9.04496103737096,21.766135591201838,1.2192812079183586,1.2242034040229754
4.1625010583291475,3.61432358324587,8.973999971520652,21.44138742139892,1.206870928088432,1.3899147101055345
4.207903473767883,3.690237892843215,9.080736094012137,21.409852552153293,1.1862376072843563,1.3526427003761783
3.63878078542393,4.069088892330641,8.815980114425834,22.042886562682362,1.2279647200524852,1.0981068604638338
4.03193219900096,3.597862322483231,8.795754596891888,21.883075328964832,1.146927389854361,1.285300286276165
4.195356743025896,3.5292074909515283,8.89690733614136,21.623921644179067,1.146463046714158,1.3628616299818221
4.319269904324781,3.345144885604679,8.898929816783504,21.757436128032545,1.0780527973328577,1.3919878396989818
3.8488177452222665,4.248196333090187,9.108039211752631,21.145846387950844,1.3802177269964613,1.2504616226317773
3.5610530862203094,4.4294880593532175,9.227520654848679,21.34759456788,1.398644808067919,1.1244298084920308
4.150495828402462,3.8714206311786494,8.801176292865186,21.068700799996513,1.290482949586754,1.3835086933588137
3.4427479850078013,4.19885173988353,9.391867482554106,21.98572099564055,1.3156139769659116,1.078706191320089
3.975362636382565,3.657876931697452,9.01014052818834,22.053181395557925,1.135382831254391,1.2339284698855144
3.7662661572318767,4.253174185779946,9.435759177365027,20.88854660705066,1.4602936580276789,1.293117644285106
3.98824503602424,4.060074915639049,9.26360894376076,20.869084307295182,1.3897087041638057,1.3651223083475041
3.8110428441051356,3.9943090092713525,9.128250293421619,21.368665184043937,1.3325448426906898,1.2714052606841162
3.1346178296545095,4.576149316850351,9.515064786730312,21.904474547965556,1.4014084914493545,0.9599512034607046
3.536954670455857,4.411983613179692,9.421487509387608,21.159744543046223,1.4658679950365587,1.17514231825982
3.994721490131027,4.034496134112179,9.029765453654223,21.20161956751597,1.3133702279196182,1.3004221839769656
3.6923232256062866,4.147913285082378,9.147462999086288,21.47741939830791,1.3630488266636707,1.2133370430924322
4.2383118551645165,3.5864139423697625,8.795044599963639,21.554033543354272,1.1634390435878808,1.3749158826718029
3.4428971944548348,4.382620652735527,9.422257658977708,21.586784905594495,1.383598615632017,1.0869267886641634
3.8530720698140533,3.897771990423067,9.296719810577233,21.746429242853168,1.238349648339283,1.2241481683391768
3.8215527855715266,3.8783194434030763,9.059364867610798,21.84229423344412,1.2217164782647914,1.2038343098924076
4.045791441303653,3.738219373054193,8.952348176741788,21.511449573748443,1.2247294953948915,1.3254974135807525
4.211310076497837,3.5404054826459364,8.921741655381451,21.704228324276407,1.115432085379165,1.3268057582194313
3.7688728555605238,4.01399113640278,9.082061121923232,21.719644795866852,1.2616638816483237,1.1846191470783438
4.131760734387399,3.7545111248774647,9.101689028066149,21.257352707570707,1.2411056047957598,1.3658106833524446
4.047745865201637,3.820695400324756,9.032494988370864,21.26757766746589,1.2606199059000784,1.3355341049339335
3.9980601100898476,3.795038287056061,9.111802610870392,21.6316603433743,1.2255148002902314,1.2910757327736866
4.041924477720021,3.7518828817896015,9.109790632084248,21.60948956319138,1.2159891776216254,1.3099919631092327
3.71712312370046,4.095821167339362,9.23000778354061,21.536529380071826,1.3011911491168189,1.1808835178901147
3.495117560386869,4.306030592091006,9.337674729572807,21.54553596227956,1.381892643538686,1.1216541874720185
4.350511925774627,3.614608875186539,8.832987909845311,21.136306104959537,1.1999969766400873,1.4443059644999008
3.018877262083242,4.5559375874712345,9.380692197300748,22.33826949624554,1.3436946792079656,0.8903654267341903
4.406521824006244,3.518808044593724,8.74507607652246,21.469832335791818,1.110286423133798,1.3903859751468182
4.89806864566131,3.0089882552513525,8.514784196950997,21.511942410794333,0.9357853725947873,1.5232831117156134
4.878725249145699,3.0564351097871967,8.546738728494814,21.428099988168487,0.9590098060608852,1.5307851097592307
3.9277087074469796,3.8817476713423624,9.133751875072228,21.33703335985289,1.3221631689736246,1.3378179704420512
3.4101384935025365,4.222123595949989,9.47305223779114,21.79952591333826,1.368437015579751,1.1052636515043208
3.7679685390352553,3.9747169673129337,9.22171320813161,21.552351652598993,1.2967851148586444,1.2293316869754098
3.4583907017946927,4.261613248610158,9.466716901989715,21.52693702408589,1.447253709096195,1.1744774757091108
3.9141004912546644,3.845025966405259,9.102784836289677,21.491795752249338,1.2577062851315222,1.2803005315175333
3.841034956834484,4.116751661668574,9.353897428045881,21.238991378842854,1.373479207790922,1.2814913512349204
4.315378032731077,3.373903190774005,8.676870186042361,21.801425870002472,1.0776961642023444,1.3784231763598513
3.8895692715578827,3.947068101211621,9.083170614127551,21.316470031990875,1.3229529420470938,1.3036808535236335
3.8896778858742747,3.942692496172024,9.078799247032693,21.3194237058902,1.3226636394019313,1.30487871261244
4.100175897612511,3.6642978789655,9.087989003548792,21.68757769364644,1.1627543577107722,1.3010670938345157
4.0490854221593695,3.921553065206009,9.05314630570721,21.18730544271365,1.2926787633356769,1.3347178143775869
3.5012998600319456,4.25518036881193,9.307573569247797,21.782338080648433,1.3310814931169646,1.0952568496744555
3.80670652027766,3.9107997161216983,9.055347854544898,21.615215782436234,1.2674314932209987,1.233696450718339
3.748253146033688,4.039763090620924,9.073958734026577,21.54797605587761,1.3003560987458354,1.2065221966615403
4.06336094078553,3.7814108389599346,8.984936445331154,21.487999376603753,1.2108501790047634,1.3011337651595634
4.2298491798325575,3.602679325544829,8.972899690258672,21.37288638023582,1.1971596251003334,1.4055663024056422
4.30255605087635,3.6815119547978634,8.940478577545624,21.2283368217504,1.2012366909368954,1.4038765204577475
4.338713757204148,3.635106783389117,8.908794998617623,21.237332298342444,1.18897503674781,1.4191116399888797
4.254812124243964,3.5687159359584792,8.980218195725278,21.6140511299292,1.1268989116553378,1.3435485586836704
4.486530282884428,3.198714168389908,8.5136314155046,21.925122439478123,0.9805923745468413,1.3753830920705383
4.156912866942087,3.6920131925550463,8.579988752415712,21.54414407288707,1.174071340531329,1.3219108404065811
3.7714775501751423,4.06333061969768,8.593918245148668,21.681249174954097,1.2664356514433988,1.1754725556926446
4.087559326928144,3.7840617944685913,8.637812987302935,21.451199199282506,1.2164443771541604,1.3140082878123454
3.2680844056137937,4.5963002204300905,9.336258219729762,21.564847614929477,1.4618860028262604,1.0394375083215368
3.730745511409551,4.318597144438335,9.27699813453636,20.95918368737719,1.4586576061336818,1.2601037176563015
3.7540491602378787,4.331750195762465,9.39584512233136,20.880965496932582,1.4814900439888627,1.2839120919248277
4.136470510341519,3.89300843745909,9.045043079139033,21.051442926320547,1.3047975913162946,1.386397395523553
3.3585649843990657,4.763949160014814,9.542673583289787,21.033330792000474,1.5601190773653788,1.0998776705492894
3.7589501149414577,4.200292679483929,9.296950809911316,21.279606287929518,1.3620080396144865,1.2188960788535097
3.9564329694097045,3.9870634815477857,9.328322238446992,21.247460572659737,1.308259120236017,1.2982084533611096
4.1235122592641105,3.7114356693867134,9.144982300983584,21.4366415245966,1.2102918302176982,1.3446691910504116
4.353997138378689,3.5695413511178478,8.970812466392541,21.196483511788678,1.1905146042229557,1.452146556128705
4.084743307787983,3.83142256499793,9.104883068603149,21.24228200016315,1.2868444175023885,1.3719262319373136
4.223591327735127,3.49446446363565,8.782743098870291,21.870749480179857,1.0845042510584262,1.3107881901012894
4.037342111070256,3.601857683681521,8.975863681274367,22.068603152125558,1.0908130028642227,1.2226983014124355
3.1151291174818683,4.762430069960237,9.639989413858189,21.31303312638527,1.5819056247021692,1.0347323110739588
3.684045157887285,4.136326522184997,9.19286884843527,21.40914711483503,1.3664037786665206,1.216996094847984
3.290778161566295,4.577629423727301,9.272995568632712,21.489156270567722,1.4595074530426804,1.0492145188120883
3.6162007129918288,4.255557624727847,9.28524101285433,21.283534461770955,1.4166015801946266,1.2037707149254664
4.163447200494698,3.5964919172162935,8.69933441955374,21.886049996802424,1.103434352244538,1.2773810620261468
4.500661093575589,3.1798539047529606,8.792367760022557,21.969194864367417,0.9805945904176571,1.387901474047848
4.068764519443423,3.8370960645661394,9.07491738539358,21.272712767738028,1.2793207186748028,1.3565609673422279
3.519444670534249,4.248457992709803,9.436463822410479,21.572958258226613,1.3751732084866595,1.1392006294930666
3.674400180760808,4.099584438413082,9.09622119017236,21.819727599769298,1.2483130697879021,1.1188455410983713
3.905887856625638,3.9313635215533,8.97701881301604,21.5991117810546,1.240137813334337,1.2321015848799033
3.8375931996276407,4.0426493032403314,9.033821166846149,21.420900727080948,1.3083062350594044,1.2419447580254117
3.7853643818057776,3.9800045936784523,9.030398027608056,21.783945732347966,1.226972335831043,1.166967843427344
3.97846213973199,3.900037730395823,9.016960540481517,21.46490675322764,1.2548723758822762,1.2801061381363794
3.395683347146566,4.375763528004993,9.252278124828802,21.70100347198473,1.3691746308000472,1.0625079402457973
3.9021680825800127,4.031114878273145,9.186222083731623,21.221187698749137,1.3450163119172298,1.3019920993075862
4.322112453936226,3.6262263276483644,8.961221670277546,21.16765042009834,1.2153195428128496,1.4485438185293702
3.9676595730778366,3.967039248399226,9.242865984129775,21.254665187917162,1.3134750567774314,1.3136804444586319
4.571973503199989,3.4718115680715624,8.751541505170719,21.090496468229553,1.1522435699424103,1.5173712535140316
4.722750274438104,3.147498748158066,8.65300070093094,21.315532962128376,1.0405911330996442,1.5613833245526048
4.386574062737174,3.3460409500074784,8.75286928568435,21.64430278698171,1.0797136112953467,1.4154769153323927
3.9600196022599596,3.9940683257018543,9.156490286652557,21.380893514838228,1.2760545500659968,1.2651764115543493
4.414069442263321,3.425231270354309,8.905970366062233,21.510936039133995,1.0936784823265226,1.4094151277554638
4.051093543804581,3.680844129009187,9.022647612313524,21.78232620143863,1.1541205539756136,1.270211440939586
4.210446793734686,3.8294728868463754,8.953890417708774,20.875592957420075,1.3092501789473878,1.4395005216201533
4.244174028052452,3.883684835686972,9.025889763709014,20.93458591598504,1.301392190234013,1.422189278426474
3.9670986670338495,4.102211123216356,9.188522323943989,20.92181180348196,1.4071425346420472,1.3607961915739466
3.7693507683350944,4.035462050212168,9.224046938556295,21.524400313420983,1.3096646503627531,1.2233011721288796
3.9985437533039034,3.934710406113026,9.092323678176669,21.29278624665914,1.2868762776417944,1.307753448194115
3.6442145455659976,4.047905812806632,9.17399655374341,21.696294808007885,1.297307546611921,1.1679291095357167
3.987635514699755,3.9633844085066947,9.19725402236849,21.148191558597205,1.3170573257694858,1.3251161194108572
2.867635448849971,5.072137103932338,9.418976404663804,21.527929422435918,1.5923635110249752,0.9002749645963305
3.2764895734847403,4.317896538623405,8.909844499889196,22.124027735416142,1.3346514130554186,1.0127550301394919
4.011925090244163,3.643743600162097,8.395809961711993,21.81507710304351,1.1787678735522493,1.2978762850568426
4.271569798528165,3.637235838931004,8.630048790371394,21.484881359679676,1.1628488949807505,1.3656497516288353
3.167816544614814,4.730343387902355,9.373533492708333,21.376720211568973,1.5364338106317486,1.0289190542640805
3.4212015582672874,4.497720172923968,9.286753115233278,21.38733976356363,1.4525505900361257,1.1048860647244336
3.506902477714906,4.477106599729517,9.284225991959357,21.130172504237684,1.5026332505592077,1.177007549876353
3.68847297237545,4.370726256552978,9.277716761422996,21.176847813608497,1.4010231271463163,1.182328893374264
3.35458116514017,4.448807645670043,9.037273412903994,21.825177955484047,1.3292845505940933,1.0023343942224217
3.390725233450098,4.426980240334568,8.963907774688806,21.826505648188274,1.3110560452971367,1.004167756330517
3.9690467881886877,3.9709148597776123,8.857053147632834,21.55335013440124,1.2182638781965365,1.217690759855037
4.181076925576285,3.863722309661075,8.952113569187695,21.084283582974308,1.270105475476456,1.3744281475105633
3.8988051323909834,4.118509139183223,9.099738904318244,21.18488790436706,1.3372594568043459,1.2659226572849462
3.5031323489118344,4.58413483229377,9.768205494155366,20.955120247747892,1.5482863022823585,1.1831789485538489
3.415351144653926,4.439978845272779,9.593793927686752,21.432713115888788,1.4585860363481573,1.121983609025925
4.398816433236125,3.440305988335675,8.790543185908504,21.631928983463528,1.0727688169240186,1.3716550553782365
4.116039358005057,3.65579423533876,9.090980026229028,21.65852038195076,1.1787904489596566,1.327193920231344
4.601399511234561,3.2424489494010666,8.84069290459234,21.420042918109083,1.0675906764046856,1.5150311672646375
4.460373437330456,3.3677448684647397,8.872102616858836,21.413874906350976,1.1125718741885897,1.4735338419546031
4.330651154909032,3.4360852582608934,8.848132371524205,21.756330165060817,1.0697134415446037,1.3482074520442862
3.6080427430765596,4.186096461963949,9.092046722748963,21.731467329168918,1.284504339572779,1.1071284675249864
3.6222687128315454,4.162646637134624,9.166323046384377,21.69999592620998,1.3027823877906213,1.1336604555438088
3.942563492907209,3.8684100713019225,8.963076418517936,21.613860375355177,1.2186280183867895,1.2419878575873522
3.6833553458648223,4.123355102560092,9.219072914008583,21.5931797570666,1.3232540943931317,1.1820507623741396
3.2097277478655997,4.430175026952916,9.58218819387597,21.82021013337775,1.4250419296803898,1.0324640890572423
3.838695151802339,4.007947043739326,8.819409928636189,21.53297855225984,1.2626743685832695,1.2093527993482451
3.927566445179568,3.9346144094020903,8.854781865445315,21.559550058477875,1.2514763747520392,1.2492346402904595
4.099411275505658,3.8094866504945903,8.824025173455976,21.34734653108341,1.2424382756906123,1.336995228956804
3.28084883464194,4.318398384084748,9.25351575928511,22.091037404200026,1.3279066444898424,1.008860364329529
3.3808313394419223,4.238871016381662,9.203031279862937,22.14664592099956,1.2930733873918034,1.0313272131654114
3.78748203198036,3.945284789689653,9.208069638954749,21.89434601008115,1.2052942895343077,1.1570851556241704
3.801006369811252,3.871059213674236,9.248418060419626,21.858978606850897,1.203542755939684,1.1817627758075169
3.7895764737670063,4.069368324868822,9.306541643796542,21.374695623296994,1.337600579507175,1.2456330522897319
4.2442599480519565,3.3260210381335824,8.78053157414243,22.11040324862006,1.0412713454057285,1.3287427276285952
3.821072807129541,3.9876475119615598,9.312549740137998,21.496366336761177,1.2969280519944464,1.2427518975571974
3.5365887170708725,4.250989335562713,9.079015445942634,21.656088121219618,1.3545945298107414,1.1269479530934754
4.424500638529032,3.3406974286083164,8.761043250236574,21.83496676394917,1.033278276830269,1.368498792037632
3.7971093997041945,3.9225976976179466,9.030134969993368,21.896584406456473,1.207650096665419,1.1690160161942174
3.6064478485238296,4.053253437520117,9.14258541060542,21.956103898185752,1.2599676825171398,1.1210766382779245
3.726339848752412,4.190129883249451,9.279609519677066,21.320162660236644,1.3739819734913035,1.2219009725105745
3.893232951867687,3.939800952373421,9.21984012770978,21.378408106511483,1.3042632694462666,1.2888470254975477
4.409552832988399,3.4875856997526506,8.86342356396649,21.400503789794882,1.1341621797430708,1.4339857091136283
3.711394949358129,4.093501038323272,9.221343712522712,21.40659170334029,1.3569541345099942,1.2302898360553205
4.1068248303417425,3.6990070423092836,9.082358561701094,21.582222196591772,1.1876925831403022,1.3186364166012003
3.7980589467977435,4.051108410353643,9.1710491459511,21.452562642280725,1.3150332430028275,1.2328906728732392
3.600968030943961,4.1001284230175,9.101003109640823,21.864234915583094,1.2775416851171602,1.1220104083763074
3.761221668450042,3.932393460806361,9.051980107924567,21.87068891316271,1.218189525221434,1.1651633754884194
4.205623656104608,3.7369438467294893,9.02106158578848,21.11465581323981,1.2587899115409371,1.4166647525826777
4.2639446425464405,3.4990082839568513,8.922661816275118,21.439185544884793,1.1568010758589042,1.4096953621163133
4.010833376502758,3.787721774001588,9.022843685436158,21.63791492051036,1.206996278627469,1.2780930724273534
4.074824321726695,3.735175866998786,9.114571442963728,21.6394225063035,1.1770498955613433,1.2840818513247227
3.5247671257192787,4.395219770876877,9.435645917647392,21.29976029778635,1.4379835717160105,1.153197675004491
3.5261740975511184,4.349555683287613,9.500550299156183,21.35284634162435,1.4246482954668707,1.1549588701433922
4.429623156964773,3.3551650650119624,8.595164531403652,21.570107482762907,1.0879632127294594,1.4363725621991184
3.8897696889264157,3.8136860437351117,9.0924771581697,22.028935994111542,1.1433454679065744,1.1661553924556052
3.8491513769098233,3.848852219257562,9.148621446546908,21.873850816062678,1.1979284915065709,1.1980216022457422
4.118281019628629,3.658003273795043,9.027381114391183,21.74646248369195,1.1566977790994173,1.3022422760627146
3.9878104445705733,3.6049543710556327,9.038392805651718,22.041975781902998,1.124901088187123,1.2443686790043387
3.863404055741301,3.724625163572417,9.093127597429772,22.086372415452693,1.1554128354528383,1.1984633187256462
4.280454911451897,3.5156237209916696,8.936041473395429,21.5908997922677,1.1364962422908822,1.3837433434965036
3.6942146637736477,4.215078064770714,9.28446589696885,21.284821925698708,1.3772462682659987,1.207057919609977
3.550193315508431,4.3996064753668565,9.444070013989746,21.135564424089935,1.4620676210894963,1.1797924937776234
4.480571242299054,3.329016366421679,8.75913589479827,21.688054356138874,1.0484954587835997,1.4111851920261433
3.842195709381034,3.9831891670184763,9.127882581361582,21.496286952553174,1.2772216426764815,1.232011664435572
3.356405405564897,4.447993104184045,9.098331521476183,21.842136305846275,1.3555368208909517,1.0228727892588008
3.4028620920918637,4.4017205625283,9.10337212901936,21.790346598951196,1.351031744664454,1.0444494701160048
3.5459907407893456,4.269695915773807,9.260004526922593,21.710295031766112,1.3310937061193964,1.1054759051071508
4.189354935546454,3.7339286578401563,9.031049723648778,21.548845464720678,1.1687340767297183,1.3112842588484654
4.455537154744649,3.075335872715565,8.821134052749821,22.225150930744846,0.9377262241116219,1.3585748696835638
4.041428259657949,3.812547148683712,8.959963903682684,21.44233701065611,1.2446516770184497,1.3193726568521769
4.242202537844817,3.567883520210813,8.73252465425341,21.467322950453223,1.1681309973794125,1.3889041650455403
4.025974631550936,3.803237574669723,8.901506653017028,21.406775268065697,1.2493866264799636,1.3225571015358273
4.762159045129256,3.1898394979868576,8.660410030710407,21.36506086487212,1.0308847970984616,1.5390233157771576
4.054371152289889,3.57969072290843,9.056511448429132,22.188824565953183,1.068606327595313,1.2103075385900326
3.933853260753559,3.820542329964184,9.1750717913918,21.800111779563554,1.1807359317888757,1.2157545956047824
4.3533695295852075,3.504750566958198,8.774475480691803,21.633418728090305,1.0994713855564577,1.3656906924153729
3.964334736816889,3.7244697895127468,8.915075999098583,21.833451440515702,1.1659607720118512,1.24105149228694
3.7900047868735323,4.107999647738405,9.302358046362466,21.239013242444976,1.3666065656888777,1.260819345148948
4.097897893451012,3.6589753783899197,8.76594135396154,21.606157149903844,1.1932623988398483,1.3364034913762752
4.002811634575964,3.879240181515499,9.27085408684268,21.312891266299967,1.2819284744447839,1.3227637300346662
4.129079803053441,3.7098188835466175,8.816014255034677,21.451372978879434,1.1961379711115836,1.3313181298652736
3.5229671969265652,4.430301750551578,9.589996664335409,21.20212226232051,1.4826263020272794,1.1789815054228174
4.021560995544174,3.7453734625315325,8.910007853292823,21.56447261932186,1.2059506411321501,1.294878630781593
3.307188681589319,4.451723533459998,9.43661894605256,21.792641318639674,1.3915520345166563,1.0337850281594598
3.6780089106007554,4.068675354642798,9.337793950944466,21.74070791997957,1.2904809921402587,1.1665714696643514
4.391674599116754,3.5329223645825394,8.971424574194774,21.20854739005882,1.1797066385655557,1.4664595324641245
3.3522658454256176,4.412478109563387,9.325100664345022,21.763917395400327,1.374572514636659,1.0442958307011818
4.394704161393072,3.442444542651586,8.76595220324816,21.476000565903234,1.1173011194177205,1.426372398508429
3.940544766664367,3.9165090578597983,9.277327529127904,21.32598181501943,1.2996699127753357,1.307646017797444
4.231335844641342,3.603163811060078,8.829590036135535,21.473351875468765,1.1743121164349892,1.3790405353805204
3.2910268508642004,4.457528722419056,9.748901777624662,21.565768822854242,1.4655785255777836,1.0820476053172614
4.314257752484288,3.2176080402898743,8.572720206420868,22.000777083486582,1.0337524142415433,1.3860837962380084
3.7088415511337223,3.94097195568455,9.260730250665748,21.736397685447294,1.294699068840311,1.2184389426579927
3.8021096220644885,3.815338261455418,9.162034401376953,21.863700949213083,1.2408441827942234,1.2365418957859267
4.12108509098412,3.6040828138739096,8.947976980899671,21.56243732871227,1.1971546714518586,1.3688853788626762
3.3811585784804095,4.302528948464019,9.515149829153057,21.76867849726698,1.3797570140150162,1.0842872459512052
3.407785431026653,4.275270177858092,9.526999137977793,21.666348120965125,1.3994334206378163,1.1154777649469152
3.4745409956405906,4.2102466790986455,9.287854871362134,21.66297228442641,1.3906893054601555,1.1476778850057108
4.149107015405367,3.453795601994456,9.008377143846765,21.891894486760048,1.1063046594091508,1.3290237618229266
3.3084125338919965,4.358039212083473,9.572065853837325,21.668679520909087,1.4308046006545738,1.0861976324652807
3.3321827210002954,4.337875875915075,9.55596789470371,21.65894736291047,1.4259810744513084,1.095381618257514
3.528066657104726,4.35959310415682,9.088089166804792,21.640131205992112,1.3464320435119832,1.0896204956014477
4.361980469260031,3.6119419997477924,8.736239381563536,21.377647039584147,1.1386428696807351,1.3750879608134265
4.259287320678069,3.7282278551279364,9.020609484956758,21.217146134937906,1.2096408366388942,1.3819455457862975
4.280475956769198,3.6672726147406958,8.931996002088887,21.247548204468067,1.2064761133118829,1.4082105526297288
3.427199939346189,4.2940980745241,9.589956208802642,21.686938717812662,1.3784832607753015,1.100193257286615
4.035083810986769,3.7377530058216606,9.313306769099658,21.64189571728392,1.2034342917344518,1.2991650921290723
4.1253259896290375,3.61101083312232,8.974301446263617,21.50892108804648,1.2033628368162888,1.3747574336074557
4.390771155083886,3.444164065362614,8.865817288368373,21.576220842394267,1.093567083846596,1.3941272009053687
4.838852756706672,2.8959228084428266,8.398065162707658,21.761345705394607,0.9129923485223129,1.5255363608516956
3.2763566390485184,4.332182972651194,9.697775629130142,22.04668328106467,1.3684628014714573,1.03494524889564
3.366114355404867,4.239638399936577,9.609654039621166,22.074905428027414,1.3298305608494372,1.0558357385380697
4.088786716147592,3.440067644684732,9.106664661783984,22.278563032203973,1.0563195330537776,1.2555175423456932
3.7238803864764134,3.9457254335713263,9.13496009075574,21.893615241878866,1.2238142419854743,1.1550063300515316
3.1354153426526854,4.65794625708512,9.48107001935557,21.514447582181674,1.5320030893291103,1.0312411793002845
3.3184773986669454,4.521847937993665,9.366202581261362,21.557347823057313,1.4154428947048239,1.038760108608556
3.2457717214419426,4.537622279864772,9.489315169074109,21.653861144219825,1.4345036910889457,1.026103811130649
3.2380292754081217,4.569453447541375,9.52938736432306,21.624355647580153,1.4439860521263037,1.0232447192523089
3.800236090075801,4.036564561027665,9.243641978733493,21.406688992483563,1.3272724208047293,1.2495646926108557
3.7839072356491883,4.129521630359054,9.067430352320166,21.18852165985722,1.3854364288662624,1.2694843124633803
3.561241827651559,4.274055784904286,9.278050129771994,21.41716522828678,1.4057844814733658,1.1713320433880396
4.559703729824587,3.2369228549924167,8.594654142473267,21.756376947773525,0.9940022590424378,1.4002050747114538
3.835795942058445,4.157843593590254,9.37159378707537,21.110820860216442,1.385471978875459,1.2781596216362845
3.38944166283043,4.546361044984819,9.437630682127043,21.2983740214888,1.4885350768412802,1.1097453009359879
4.513540060199,3.242245466592922,8.747000771518817,21.5297433318742,1.0556618896117405,1.469590220075155
4.488358605061058,3.427858903302999,8.82831233026255,21.28028306866902,1.1333117746643067,1.4839320402395013
3.649151949679872,4.200908761033866,9.398139310143199,21.36953872191573,1.3712250467445084,1.1911252629886042
4.045871782856737,3.85485912046375,9.15025302806617,21.32813114426777,1.2657849818189617,1.328506070148958
3.96845194572116,3.876489000454745,9.052851596615692,21.47401732039152,1.2593513542329118,1.2892272702091783
4.180866016103011,3.5626415736597554,8.954954666479624,21.726991301631806,1.1358079359824387,1.3329044480584609
3.7643908960412102,4.365858763671674,9.184249403969194,20.807921805199285,1.4812656980065904,1.27719731902291
3.7608175552883263,3.822323605909847,9.005885374145628,22.15504370407024,1.1645964940545515,1.145856654547971
3.865989203547556,4.123613211055526,9.342837130753257,21.04630297531527,1.3967422565107763,1.3094803531360115
4.1960752783840505,3.538277053682066,8.929568012734352,21.66563298584687,1.1285703895538501,1.3383819977000264
4.5140464944032175,3.1644571464550726,8.587302847237146,21.843299816638506,0.9911796032169501,1.413901533865808
4.214553520832153,3.7449958188172032,9.039411431700293,21.215625398462837,1.233772372190459,1.3884660882646884
3.963041406841142,3.72316645337101,9.107884042956659,21.891337151878638,1.1713011025604543,1.2467653078263277
3.99375082480065,3.847369376754887,8.997109015541366,21.49156305829204,1.2487598288697481,1.296271584074681
3.8816008311399317,3.9058277324492185,9.04057935408084,21.638066969102027,1.24913392409284,1.2413858495810892
3.806892518067198,3.84125399683795,9.183378978929282,21.847670549551214,1.2383219727164574,1.2272447114335847
4.2440626455542025,3.5059280312527337,8.930626688327427,21.533313255084423,1.151360144919168,1.3937663691531328
4.234346902607449,3.5174518874989804,8.931640545021658,21.52411014961568,1.1564095884961558,1.392098460990157
3.5508110399149886,4.145800146721782,9.2570950380755,21.68513104857564,1.3453700285862162,1.1522877565750802
3.938321351121645,3.9556118097515136,9.036318257830876,21.523503525642447,1.2385119508331173,1.2330982649917297
3.9702099038734966,3.88409201910961,8.990300738906267,21.626106481894368,1.2055912151266948,1.2323215203887299
4.127802539258586,3.846120146024514,8.983718265727692,21.05877841029034,1.3118113552965676,1.4078858792329851
4.265644569472807,3.736684423912596,8.870992537327162,21.183367894116774,1.2215214485708623,1.3944384225347508
3.672059909648438,4.222118175943627,9.227592336191694,21.561809752504303,1.312048906915904,1.1411149545825205
4.186640575458769,3.558352198488281,8.904742149341992,21.59955791724458,1.160214330917188,1.365070156942376
3.8565313342542136,3.956004434397361,9.261178664694397,21.543304881505055,1.2762322244137982,1.2441415688115973
4.126678055762037,3.669863536532742,9.034366000110026,21.560238168151916,1.1896302922866198,1.3377121990446448
3.6936030305253547,3.977769642480211,9.210002514563007,21.843224795971544,1.2713489744775577,1.1805254821286373
4.270385832391162,3.5238011218240746,8.845987817210233,21.629872005550368,1.1272872237576612,1.366124597542091
3.548935163280639,4.1047660722607455,9.196932006434446,21.967808822480528,1.2814171066015567,1.1078990004277933
3.4148656198461667,4.466790153744195,9.29161365544095,21.41083063700526,1.4595383286804693,1.1158185381242562
3.6761714754479424,4.459458548199548,9.150545376547507,21.01434901218706,1.4523661385096132,1.1972635046582347
3.5493727822665693,4.01247511027392,9.168197621576347,22.29376908263553,1.1804377213229544,1.0441967623665676
4.059060102891503,3.7269490733829334,8.970557134951164,21.72116061550635,1.1597412132510116,1.263086561071045
3.9532320056643613,3.9148981320195215,9.016670065312985,21.719673266716033,1.1927366734210838,1.2044157044938295
3.937696502527563,3.8947959096098197,9.070924808731359,21.746906633501098,1.1906487936812589,1.203763611605271
3.9012895623909865,3.9780778158325734,9.303197870642917,21.362358613221378,1.3017259583060603,1.2765989327863299
3.938089292057115,3.946302048997774,9.084630961720855,21.365582418661887,1.2847207691252278,1.2820471016556734
4.603825645922794,3.3312268732103,8.75933796864856,21.36070922632971,1.0780278944106196,1.4898572376503654
4.25627613196862,3.735705177582982,9.02463341859563,21.131762846181523,1.2408096064372778,1.4137165705387225
4.504096399768518,3.4155493808600825,8.86744530742036,21.227632808981156,1.137405969732873,1.4999010589795703
3.1888649138273473,4.525090825143444,9.383097254222253,21.85047349217571,1.4022398164905023,0.9881687516043424
3.7948551414720404,4.033180823200661,9.107718512331719,21.414336067465555,1.316461630420113,1.2386702718639497
3.631663624185873,4.170075552234089,9.124391893505496,22.028929764854908,1.2189025781939478,1.0615261280534336
3.6654070586976,4.126189537067377,8.985305003809213,21.926002636115168,1.2469699404290353,1.1077175152939847
4.593756315508495,3.185162864548825,8.839570111306655,21.46465722363378,1.0497589233388849,1.5140000335689205
4.320385982968892,3.391524291571708,8.813322695875105,21.763817290524173,1.0650173181692995,1.356701440845474
4.4991106834430274,3.4921656631557982,8.840709362552202,21.202551668580163,1.1397516844392102,1.4683922455438974
4.138943066336378,3.8297657537597276,9.114284315450451,21.16584535671235,1.2720668180584298,1.3747608796571413
3.8957673369419785,3.7674515542261093,9.147220231531035,21.918582507444675,1.162823016335201,1.2024276518171635
4.601418044181024,3.1478577552239915,8.626211294742953,21.642710296832092,1.016638153133953,1.4860827604011517
4.598060985202025,3.184918163198319,8.683420847258017,21.552138312242498,1.0323065381249255,1.4903392095182144
3.879773682172325,3.7826863007820166,9.067274607853953,21.921347799837484,1.1895242582910561,1.2200548881542441
3.601507171121118,4.287111867490896,9.452545275949744,21.25854675394259,1.4333860548494122,1.2041556915440412
4.581028225703288,3.0745303937663664,8.749952603520835,22.00584963625299,0.9457410518314434,1.409147381151368
3.310013780967405,4.657230548295471,9.463887472098781,21.151693114425477,1.540737711524375,1.095042000844986
3.1498472177626717,4.548056238893839,9.184110728800354,22.00527619661258,1.3803292717897946,0.9559746159605363
4.689359187780793,3.2731872823253965,8.491489335901218,21.193688773603235,1.0851744540181474,1.554684274796445
4.2751424559789495,3.5361729779512996,8.752827712708019,21.506161581916658,1.1559326895648718,1.397492981317832
3.74327510470953,4.011930550827691,9.025003604817556,21.932724696752036,1.2207431636092778,1.138997157525627
3.7266282303235774,3.7468354508543342,8.988798945795821,22.50325189440622,1.110603343333836,1.1046137003470256
3.97806070081853,4.026657751501457,9.282941590068676,21.00775996905032,1.356868475716696,1.3404926598033908
3.8593653742587337,3.9413790573073393,9.283536429992722,21.437210696227737,1.2958732427732151,1.2689082298022023
3.872233536888246,3.934932519776776,9.302280859739815,21.415795211534633,1.2978011023073333,1.277122016021274
3.303874723601325,4.266134358035905,9.380296506042306,22.025230729876586,1.3260154471208778,1.0269223965239929
3.8489286910024023,3.9513528191919263,9.053656581353515,21.45940508121638,1.2956377221970297,1.2620531322558484
3.0083070159820595,4.998344241874283,10.010298860706722,21.045898483801654,1.6959059307417146,1.020699148160873
2.8842435399423847,5.071088249359282,9.997306349130895,21.303089031738768,1.661028085341803,0.9447300636929891
3.6038058482908597,4.146555719165114,9.342110389209846,21.71316432758389,1.3296509590329935,1.1556106385357954
3.5214671368906516,4.1364067962604585,9.2110290136223,21.89562239460855,1.3103677158741613,1.1155616640183976
3.5776440157318294,4.061800772342211,9.101712116605707,22.07574653325174,1.251903871657292,1.1026799800728555
3.6753188029549713,3.916693187774811,9.128244969126545,22.174343682518035,1.1892761909405885,1.115984565784661
3.7660857357600435,4.12460707457602,9.179619392000491,21.41300006239282,1.3335106857936676,1.217598544891058
3.906293175279445,3.9164069410023723,9.026057155048065,21.51068705660773,1.262796700682847,1.2595356427338684
3.717321339979452,3.9214856063530266,9.154896804946423,22.044780716162897,1.207268523199505,1.1444145140057385
4.2722397149925975,3.5666458379636246,8.790741077071791,21.53948723668681,1.1346454971278102,1.3591137936012776
4.256692751265341,3.5708225893629204,8.7978255302488,21.557401099340915,1.1309530187191454,1.3481822174935725
3.7957633869985865,4.017924641488285,9.188878146457233,21.60685983694777,1.3027469437856918,1.2307147577348239
4.384805645984715,3.5185305996368403,8.859166915739525,21.306354398317243,1.1539475141908655,1.4380535942806285
4.04240756949912,3.877540908155828,9.203429667762897,21.49357119307087,1.2252975503538182,1.2773951867331144
3.006758120908543,4.975423447073687,10.014711025310053,21.364372576107854,1.5757651797156225,0.9522696512477742
3.3706263143936304,4.506252604219224,9.719712236403874,21.527708921078876,1.4159890129447703,1.0591438712191013
3.317180593080542,4.602165705456675,9.731806763905587,21.365065836210785,1.4867869008145531,1.0716564698182685
4.524824704668611,3.3323027817452826,8.869560025695959,21.338530103573884,1.1030375395438448,1.4977785141393491
2.9954414091916526,4.825342314676282,9.295576955640188,21.817833557197833,1.461529732351716,0.907277949532338
4.667631787513818,3.2239061874252206,8.757380842698355,21.3973854601131,1.047204775600992,1.5161626965750046
4.632545678964222,3.2894223634508104,8.648117702650733,21.374418056670667,1.0642180563859363,1.498755165455388
4.263580128187284,3.5826841273903423,8.990206398450079,21.303365615460734,1.2122936492414274,1.442692386112847
3.982988594942157,3.694917746677913,9.02552447618249,21.862171019687782,1.1465555123547286,1.2359456535352824
4.541006584916971,3.492992071744263,8.729921606193496,21.15791098837976,1.1485596834341918,1.4931660245768443
4.040753494167403,3.7868360094528,8.98783850103672,21.657250599630025,1.1721076924374054,1.2507006487564591
3.7307662343385717,3.9924401425203984,9.200468072979874,21.66707806341634,1.2950310850403708,1.210151704725971
3.6539009711150916,4.1975436874694205,9.210459401186176,21.51971998647671,1.3440813312177222,1.1700033274352617
3.3967009993535715,4.3952010378139414,9.432035998879622,21.608625221326854,1.4086239379413845,1.0886133072307964
3.405580744011169,4.432077005620703,9.510215608342792,21.55910526211354,1.4159031146030983,1.0879712550938505
4.010724244553336,3.7613765596626205,9.099352216624693,21.61907224825444,1.2056021331366213,1.2855234321686675
4.124524346364672,3.856485420980649,9.024515671917685,21.10203539496601,1.2952391022162066,1.3852626493518048
3.8636508373230396,3.8330758956783275,9.055744152478875,21.92765635266241,1.1829869807260385,1.192423203458527
3.7282430001188125,4.156752741679194,9.278529505463517,21.225372090815465,1.4027557138347213,1.2581489677127853
3.8469346755863136,3.8841814358189795,9.117636334972657,21.629207796670052,1.2678721794961234,1.255714114314134
3.8938261994084837,3.994424988664451,9.163703252218056,21.42060430255078,1.2823778813686353,1.2500814525708945
3.653427167324275,4.179156400120045,9.258834672842255,21.546474148987848,1.3363427089752025,1.1682335596929279
3.5898106598213313,4.3459373952762395,9.250285926524388,21.258861803178156,1.4257827245054124,1.1777183050501117
4.534600647587216,3.385076461490995,8.946531422237207,21.321168404696586,1.1138392242908983,1.4920833030615979
3.2079859743226553,4.513886302251774,9.13587711074187,21.774794220443898,1.42191927086708,1.010547623958797
3.4517470451708205,4.390566864938595,9.143179436292542,21.42777875511421,1.4380873495818423,1.130586075173253
3.650329322117508,4.1488733328449126,8.948483441528282,21.513285172662567,1.3533592894771915,1.1907346167040425
4.207805750410513,3.652724604894307,9.099905059909194,21.558916265657537,1.1354903488022752,1.308043539013011
4.311345593923989,3.5844906845314872,8.883026170842665,21.33301485850722,1.1791136012010524,1.4182115889466889
4.339110864478142,3.53033352624761,8.910445180165992,21.389035341970686,1.1619914342766207,1.4281964067738875
4.239660975020921,3.5764652137829893,9.008408642319704,21.469399930491726,1.170935848752378,1.3880663519602408
3.7667203360533232,4.0494758486277505,9.30208262813067,21.40438628173073,1.3310805834892387,1.2381375985866596
3.674115278762655,4.175432444831501,9.401013610058241,21.360580386649296,1.3696021667935772,1.205162893503786
4.532754058274934,3.295502026072143,8.818145639993668,21.54217190120483,1.056901979071214,1.453701650593062
4.437389488875875,3.200616609117426,8.636628544970984,22.110139934020445,0.9632793646050768,1.335506950496106
4.598190375173992,3.0747124803067734,8.589092913332845,21.996549638020706,0.9403515830782649,1.4062829049169157
4.408636421565389,3.3418441180666387,8.903056810949465,21.748722800368675,1.0569139719719058,1.3943048408829974
4.236984812890418,3.8063789559388694,9.071881074555376,20.92713606337479,1.3006735299615,1.4478153795951025
4.2863435913263475,3.7351155073959084,8.986671703408502,21.028509423474652,1.2594732631009191,1.4453462387039595
3.98037462941782,3.641867388605083,8.873562602106173,22.0656657590092,1.111551203427796,1.2148685653042095
4.06122312267833,3.8966411541515344,9.167003415557438,21.13037973182301,1.309057693802223,1.3643482077700222
4.082995178292143,3.7301143205757508,9.052932581975341,21.493683794636382,1.2065598966726483,1.320704358378671
4.01611716312856,3.805892635250736,9.101958926639082,21.620865320724462,1.2024787262989218,1.2688995496763167
3.8049195710313852,3.9480172565412586,9.299330445223445,21.548342348479544,1.295683300135183,1.2487206681720264
3.5086641598580104,4.374428595797284,9.504161299290283,21.21314510573285,1.4915923156088655,1.196384026915997
4.356803826186558,3.5932074945123857,8.952999805458685,21.17573993634793,1.215558760145261,1.473878440152298
4.309460609438549,3.7271097454070388,8.851741408232016,20.9684170046405,1.2742632219734462,1.4733634199845922
4.17981001196355,3.693211343355906,9.127853090018256,21.47625538551299,1.1694415253139874,1.3235211693765991
4.036729616749732,3.7110822888793114,9.075562021797925,21.68589087322273,1.1845193410880586,1.2884608676319618
4.148044161433644,3.586841230125775,9.034624139630465,21.774992439252905,1.1160758345351633,1.2906988495273952
3.727935267995299,4.163028973979538,9.259914396792476,21.255024361313147,1.3974788946647574,1.251423156135219
4.4960610542185515,3.3507427236700433,8.80701306196716,21.51798237615862,1.06449363243015,1.4283485059666812
3.966296132643297,3.9745763072017612,9.188429532526765,21.16340005863575,1.3442262287932802,1.341425822671927
4.556470812844135,3.2179279598601678,8.801684417343102,21.49328733583794,1.074815369112347,1.5219000921231052
3.5652291939431473,4.3282910586989,9.292634375312833,21.384491923924063,1.3853001242534648,1.1410767848976813
3.084559416122778,4.757233440734723,9.669192126362645,21.433763206124397,1.5438594315362428,1.0010284771687805
4.977611585094892,3.0521095323764027,8.410087122930097,21.1817585506642,0.9948971100174024,1.622553623409514
3.85545624815785,4.024405115106456,9.137981628560354,21.5750606293103,1.273120439552493,1.2196734704727377
3.939562073888269,3.9458805788265243,9.088118141372968,21.520871020910086,1.2553569025992077,1.2533467102910802
3.9894767302235676,3.936586916252208,8.905065481724897,21.57874987104036,1.219944707057654,1.2363352123314593
3.2354598782054946,4.661626831744675,9.40188298405895,21.454025396678848,1.472992424162649,1.022348648078129
3.5139356446803602,4.266781160863248,9.288688962300936,21.62765449211748,1.357862218678387,1.11827634717816
4.300371360363742,3.684711508114196,8.894706750785904,21.245212615995776,1.1845377607477523,1.382456197824853
4.366067460031799,3.5369627402917363,8.952743898455319,21.454912183144025,1.1290880117073032,1.39375921925054
4.4986640457231175,3.3775340826778355,8.856074358201663,21.381857448250436,1.1047128271705509,1.4714083573365762
4.4763105905841405,3.3763882935910177,8.762525346062231,21.544617898265493,1.0796258973693076,1.431334437285112
4.106909665963796,3.5529114065745357,8.82136641907994,21.930149195732824,1.1101951202898444,1.28330559050447
3.449994345508006,4.442871128474239,9.452592306878262,21.52507364642235,1.396513545523687,1.084425745460826
4.826191353663178,3.092043822381,8.539906643738703,21.27882040699692,1.0121438014680066,1.5797963883795083
3.588569849738937,4.102543113967925,9.273005509522942,21.82316072336078,1.3071730963784713,1.1434083278936498
3.0461572909971606,5.03855386516209,9.552997672332406,21.083636426425308,1.6156236954277297,0.97675722658502
3.9874595133203283,4.098960736567896,8.863475962527188,21.080283675511417,1.3157344221475737,1.279943399259849
3.6992146585406127,4.280954664422905,9.063958403031926,21.368446030580053,1.3492949069395244,1.165938882727631
3.647625154351318,4.274940953165966,9.076201954386189,21.544288615695443,1.3123786664811834,1.1197968552865194
3.8056853318622834,3.8065025103244037,9.124972980739589,21.959644768784514,1.1966009055835325,1.1963440197716504
3.6866296607001035,3.86402563632129,8.97531150930419,22.330121421549784,1.151343586065244,1.0984858314982509
4.054281050037421,3.8578889545551682,9.045362477270153,21.24181326069714,1.2752296108257435,1.340147242836736
4.247816742295016,3.708552483127501,8.942358450270719,21.203977279128893,1.2182877605578966,1.3954401804411554
2.9744016703245615,4.8493804747180915,9.553065269243955,21.529354094773453,1.5713026968467092,0.9637695764339949
4.782960803786468,2.980148000453122,8.321159094271446,21.689883900728876,0.9391824538646383,1.5073321404693836
3.8413272962630653,3.9969661719681264,9.399903660720257,21.39289442440428,1.323684805466642,1.2721415083640657
3.6549080599271324,3.9294372724540234,8.991032002593995,22.238009979742458,1.1815528760512293,1.0990039617588145
3.5192487031810042,4.023843858125657,9.130146836288112,22.30041494555575,1.2077589881616064,1.0563044697322856
3.3257458683669325,4.224586642075154,9.28125517115884,22.184054420786946,1.2913534785250607,1.0165996959400472
3.645934298281787,4.201297235212708,9.188322161467235,21.656133188593024,1.307311627341232,1.134500139794241
3.1967836668067102,4.443475305289381,9.26754846367968,22.129764288133273,1.3278619595947618,0.955307981379687
3.8853069847025576,4.0235305273156605,8.990912755892328,21.46117645429225,1.266021352042751,1.222528714142989
3.741901193912696,4.154430490449914,8.949539547795123,21.488286518713615,1.2982643952138146,1.1693485067645963
4.132178592986823,3.90947387916097,9.02141990239158,21.15746241572702,1.2489083016589793,1.3200528532054876
4.137703507458532,3.7450061747887067,9.040857684646266,21.456793051817574,1.1943206333076342,1.3195558145497333
4.1429047488064,3.901254300904845,8.857460246388978,21.21226626100329,1.2541769749341198,1.3318628688453047
4.080376958450998,3.947399097876918,9.072905521236462,20.940449159603247,1.3406515631244134,1.385814712889398
4.199049729382963,3.7991194973326876,8.983850278170774,21.038311387165603,1.2745048219327648,1.4086709121393586
3.885470899471048,3.887602537729062,8.986088464846715,21.536727846114612,1.287613331850893,1.2869073116718586
4.323551450224599,3.5843287853821497,8.795273899560442,21.380682150019418,1.1756317623850432,1.4180910054678568
4.490173771040467,3.2570055595299525,8.543940843169418,21.842127376868216,1.0181810714738309,1.4036850283919913
3.4039375716984717,4.389244253975307,9.486311931499603,21.48159909950367,1.426026732320585,1.1059092844960974
4.118297469539001,3.7739594579904594,9.064325636812129,21.305982052872046,1.2413385315686407,1.3545989007848305
4.103229085391613,3.68588762999035,8.483461434923672,21.593763692880486,1.1962826516515346,1.3317339711245706
3.694449038202253,4.057817768625204,9.096145758684855,21.654219468512544,1.2867599087276542,1.1715333655327556
3.4425848776996393,4.250535874576261,9.194481565060281,22.01692698513886,1.3014347200772,1.0540552106498045
3.683792570300899,4.162358316584202,9.179479939633922,21.421681885791457,1.3483834408541073,1.1933535086454012
3.234316804119264,4.661093950880308,9.571843662372471,21.472164228425832,1.4947317937821618,1.0371891682998429
3.239210760279583,4.662454032925488,9.503315753616445,21.451001928513286,1.4978893424228004,1.0406492463883097
3.655497354666721,4.016266053691617,9.174301477809873,21.84836514623787,1.2763334249778933,1.1616843596282451
3.980446162535075,3.5613762732279794,8.88564019470476,22.17705971970973,1.08934072629617,1.2175242886505273
3.8352955030309883,3.737717264579668,9.076890134907416,22.04318062506554,1.1812591919358904,1.2120975841802262
4.056995229263597,4.085504637959978,9.132250823276975,20.852213155327778,1.3579396875497072,1.3484637326878075
4.079927409644615,4.0043068804450055,9.089119281878355,20.979520886578158,1.3257379859333378,1.350774280870144
4.163532794269757,3.5470860698193984,8.995845887278907,21.745953348667726,1.1496033127669596,1.349392430545135
4.071378880192678,4.089338516548743,9.136392693077546,20.776987445345064,1.3733775775741222,1.3673459512431179
3.853655896880986,3.976620893445364,9.114178343092082,21.671688369538977,1.2330331942284602,1.1949053649596506
3.0310486433983748,4.878343979086424,9.672101647803846,21.341905011520232,1.5825426359458619,0.9832770567978873
3.5809318036692517,4.238466388443752,8.989989656534211,21.657180161275626,1.3247187647660355,1.1192084874382853
3.630674211778599,4.2616589910536975,9.107025664441368,21.55210733540627,1.32911673893285,1.1323266076936012
3.658827334975611,4.1735876564323755,9.032331162172701,21.712496831677967,1.2799297889290602,1.1220663093934684
3.7059047975121207,4.047966921738905,9.25294338302902,21.661496157905994,1.3081040144392322,1.1975663429267254
4.4517078381061035,3.454200227704031,8.804403911785897,21.429762808546066,1.119285574102212,1.4425140509650984
3.9175633608618465,3.8704001506828454,9.170427552761971,21.695039448324763,1.2254683394068169,1.240401426066851
4.46909058895062,3.558100869578826,8.864527505555168,20.976015117070094,1.2010192595831832,1.5085193104115104
3.4004230748926996,4.352660683748661,9.390700560174384,21.84195599496721,1.3421499127986471,1.0485259166848668
3.834074549431465,4.19611376312163,9.09572974942108,21.145126536359655,1.3682217773158603,1.2501720855351763
3.7272971034866327,4.273075039769563,9.200419226009961,21.174875579953955,1.3971252489280686,1.2186776139130142
4.369889615425234,3.3036300400268113,8.814368686224952,21.903035333502423,1.0297834985355454,1.3621501687126643
3.5240216394256056,4.373834756775007,9.481384844595798,21.172895319642553,1.4745106790702631,1.1880209997780324
4.599266116449533,3.075909632184119,8.538744323795296,22.068108828539266,0.930832311747443,1.3918307178863636
4.65460518182508,3.123012497602922,8.658574207318972,21.655422222358045,0.9912645285672407,1.4774020324189934
4.257507632113864,3.6247860832868284,8.972189173087926,21.558848250302564,1.138801998386246,1.3375846431190093
3.823239022056537,4.1328161041377705,9.36614285669554,21.280802288862883,1.3463705647038864,1.2455179111334103
4.69116770658954,3.223941494916189,8.853921646632342,21.293447237511003,1.0633639351450277,1.5473043046130117
3.850657517688877,4.092738925308522,9.167898619627273,21.33419047555828,1.3100153033915365,1.2325292104753132
4.370031643602458,3.6071914951087054,8.756985788439174,21.47106473283337,1.1191184315173088,1.355786895511631
4.30595478709177,3.6520073265978565,8.70632305467228,21.552225664469685,1.123161999157375,1.3242812389033884
3.6897213064372822,4.199037062352697,9.302827838895105,21.31879068582126,1.3764777186770705,1.2095199663689886
4.365022310612761,3.2900383993433553,8.739435924600457,21.855573088513964,1.0541799106920389,1.39862161806042
4.205893112900525,3.632224811220508,8.956027747970587,21.512831735228488,1.1792541888043075,1.365503879531213
4.05458773481523,3.6962710850979987,9.072980421206099,21.675186953454897,1.1884699950714153,1.303680318426839
3.6878314509902608,4.089538104374729,9.28212974666674,21.4572539300766,1.347527910702994,1.2151631023713136
3.9534654636918,3.8565154727265893,9.227653186803064,21.579513473967005,1.240465724160901,1.2716501292541926
4.374665814000866,3.4993614108544264,8.836373461893473,21.31580880343159,1.1558880625935648,1.4450133605962994
3.640355401647649,4.040631642861221,9.2580970466279,21.847683694608822,1.285890668107646,1.1585067517461776
3.9857386590319317,3.983808822344428,9.210911780622894,21.2971376677397,1.281895589107804,1.2825165649748023
4.207354891857584,3.5822535315488273,8.939130473694993,21.58138851305503,1.1433096988410356,1.342816640967135
3.722738187129992,4.170338066113637,9.378360801584567,21.29339543754724,1.3795025316279999,1.2314413537509399
4.175917713612231,3.645522824569185,9.039762216131797,21.450789542280678,1.1929320518445083,1.366494279739415
4.164829015957931,3.6875191577311432,8.982968402002626,21.46432754596919,1.2122291277866626,1.3691392042832526
4.01319270515543,3.814943478688774,9.053136670617576,21.55381602880245,1.2381219434521473,1.3024627964508781
3.0660890898468716,4.5881902744507626,9.595906464216116,21.991870180719097,1.416190299268193,0.9463787170973351
3.3541973048696523,4.298931437396851,9.241405419605917,21.896604682786364,1.3616690156591345,1.0624283287509326
3.1040535325133853,4.42684721201353,9.593969985144996,22.328418809885157,1.3387314828798131,0.9387028712540227
4.618213848362898,3.4094576835364143,8.651109431393362,21.137705999328894,1.1035430814224714,1.4947825765662976
3.8053985591002633,4.062628268295129,9.28159345205411,21.33818436550228,1.3370642983455083,1.252406624070381
3.7909201237771555,4.0244328503493785,9.238073481335817,21.4837965965454,1.302718754224511,1.2271301136464168
3.5329039754551523,4.066408226330949,9.134412035613716,22.167766710153742,1.2485333801571488,1.0847284130707098
3.9614004253034603,3.6781899317541424,9.123012191214254,22.028638160825082,1.1456551888710274,1.233867482824745
3.997576705979044,3.614872084737279,8.988952585945956,22.074170056462968,1.1231030796877177,1.2420054166589543
4.253660191815981,3.4054650989421593,8.84667442448037,22.03920729841279,1.0463573001064919,1.3069722532941537
4.305038022419842,3.2660269233798838,8.645301087095596,22.30490913883493,0.9686002938608526,1.2767381259927812
3.5180146365135516,4.273222658891738,9.131527568313375,21.762785888481275,1.3160104359730154,1.0834314860528176
4.016547286781017,3.739659926264359,8.927308315523334,21.780785029001528,1.1577784988308832,1.2435013289611756
3.6213837223598224,4.432327996542319,9.362343155453754,20.959377669142807,1.5054915574571337,1.2300449390429826
4.1728682380931525,3.676551841783042,9.044881276936621,21.354810018485885,1.2315583301929354,1.3978126409143143
3.6510626117568,4.25011504883813,9.168997621511727,21.558606704332313,1.3147862819052984,1.1294675511495778
3.6855594292578178,4.040939457416219,9.003205178049377,21.977692337490794,1.2162813707329647,1.109315623699478
3.535745752957558,4.247124702834426,9.317522458605557,21.87952043076257,1.286429745303034,1.0709571361062054
4.000530871463171,3.90439850470252,8.831876637354606,21.240852659701417,1.2915654536350747,1.3233658048888446
4.24647297648732,3.3816633732991512,8.7817744394722,22.088665801745705,1.0338010759399667,1.2981801697664814
3.271878655367947,4.424701815350046,9.340053415721947,21.896866367829993,1.3708534191018265,1.0136877531582542
3.7654154647809093,3.873914771626354,9.026860124344674,21.963316327662433,1.210728546872178,1.1768188674244615
3.41128396382181,4.2932459903423075,9.458514877633066,21.720099481684436,1.3944299907740099,1.1079720744863044
4.2309933406841544,3.603347233411393,8.93283602564378,21.479012376578876,1.166547140414393,1.3697412053222289
3.2166843157509692,4.422428062578514,9.40236400924965,22.02278538303017,1.3549087620432176,0.9855024666239227
4.172732964143541,3.595619868804184,9.055448305512483,21.568531618064586,1.175796264842667,1.364516832269468
3.754010085471481,3.955411072074272,9.331787959176987,21.702735107512012,1.2616529818181108,1.1974123376326082
4.440115567000173,3.5402230819530693,8.703606851237256,21.379976032242958,1.1308400464266197,1.4182892935537879
3.87787284454596,3.988759489630901,9.10036679850373,21.456379002310655,1.2884051488403245,1.2525877663091236
3.8900504046076865,3.9645119066187644,9.105787874247898,21.47194324313778,1.2798428354839717,1.2558048146347593
3.7092567196741824,4.083103347082325,9.322896050950707,21.449241570711457,1.3462551149499626,1.2229927599290829
3.994016924338563,3.8766582803337966,9.102543797694917,21.36381900962655,1.2699004772376636,1.3083443604103597
3.698492389051126,4.071338319974368,9.08594209785866,21.803599727915277,1.2508635362900242,1.13631167569964
3.4140765794148984,4.366324268004436,9.283770702546036,21.57158136150178,1.4065569650028154,1.0998022357198265
3.6001856748875922,4.150398706803895,9.141941849078037,21.572434047193408,1.3566250474767791,1.1767790053791503
3.324519199084665,4.501750253929184,9.322870917949404,21.7423101594799,1.3765041112027911,1.016541142263162
3.5804467202363175,4.172042722991571,9.423457461282469,21.595144581229448,1.3473833772533677,1.1563243030571193
3.5023606832792185,4.206702370935083,9.328335598802461,21.77707732439891,1.3290105325855541,1.1064900310399093
4.233469302598943,3.6061537431926087,8.694018328542263,21.542728987594707,1.1480265355363957,1.347733747053047
3.5864139690964882,4.249271296243803,9.1934285468553,21.446000999528557,1.3943838156412947,1.176869455033044
4.510132202880456,3.339986353806634,8.820633617721317,21.35730358289684,1.1063866177978325,1.494003084197896
2.9480556049277515,4.8264308340105435,9.724407084322614,21.638738144553805,1.541034201146094,0.9412865677179988
3.6007479327105316,4.160646037102202,9.38644708689088,21.690384767606474,1.3204248109052834,1.1427352545179041
4.238561800980694,3.534189320682304,8.776203060227273,21.697443493195102,1.124417535482573,1.3485166701056037
4.295012458635712,3.579746903411044,8.95574396822884,21.42236599027825,1.1650879055499659,1.3978829243415651
4.315104820442363,3.5929017267546524,8.921186100812522,21.350489673511824,1.1748179767108975,1.4109661493654635
3.968710764389521,3.9098166813952413,8.96766128998423,21.463798491416306,1.2532277354035333,1.27210526963955
4.402499913879905,3.4326872196293743,8.870704068933863,21.33596252127891,1.1534790299499442,1.4793632524914972
4.0824622389943,3.70502405554511,9.056561351703412,21.457517287613925,1.228940325187441,1.3541349249936114
4.598771578899644,3.135150872950309,8.562306988246439,21.885229560036745,0.9644159434902702,1.4146459966014644
4.353152130963745,3.3020406644247506,8.727050186347602,21.96731504403646,1.0264182701555291,1.3531495623679912
4.704061867296698,3.0643645027698927,8.494071637519706,21.571384776218128,0.994435228570769,1.5265432144210878
3.869277872732962,3.8168200256933105,9.07844625789607,21.634162251733922,1.2496577210109452,1.2668328440556333
3.832980680409006,3.805124737255212,9.077785797392789,21.797998881991532,1.2305880010571457,1.239596691118622
3.9748550040460544,3.903282972743642,9.163311113653497,21.313700997954353,1.2949532323405983,1.3186979707896003
3.5874612229845746,4.133066409679112,9.138878597622757,21.95564675166098,1.2747598446547774,1.1064790782473564
3.792940543626679,4.085065578612323,9.139956696684,21.335507730050455,1.3344654922024863,1.239037212999877
3.939551122077729,3.870611615498895,8.996595496860657,21.533689015275286,1.2427411683775398,1.264875645164126
4.06192883495324,3.802882646450161,9.064197443368071,21.338537280386625,1.2536952120651184,1.3390948934182056
4.06795472348122,3.7968739441939476,9.063264147793554,21.349799766665086,1.2515543924542791,1.3409100953334114
4.147933696843191,3.7732795218181057,9.061286393642913,21.34561332501346,1.2225004729214002,1.3438842462416065
3.832371361721418,4.179590639441384,9.483664358355037,21.000299272877093,1.4258647807331677,1.3074111373020303
4.60038278386984,3.148401008800214,8.551037472817038,21.71912742634988,0.9967985243046122,1.4565027635870602
4.511759869597662,3.2117807394367803,8.620968344374198,21.773075268893308,1.0117851822120538,1.4213086608640697
4.015904813022875,3.8890428630239207,9.1301757306525,21.19928387989334,1.30250789068362,1.3449961575197091
4.845550564183758,2.8322487065926185,8.406870441250971,22.03000894594399,0.859382454101164,1.470273823632283
3.615112795555156,4.287938434851112,9.537513775177503,21.251102714026075,1.4203583316037562,1.197488176863809
3.803310268077608,3.972107477914026,9.276371690923282,21.66050343232876,1.258194310612653,1.2047265506780693
4.196400544327478,3.5026184083907035,8.971541896804133,21.732054765865186,1.1185438061302364,1.3400996881803264
3.794938277346536,3.9489011792559223,9.07753584780414,21.70617971563744,1.2786208213352157,1.2287689351627624
3.557479701281824,4.415416871827639,9.489647551588975,21.145987601031344,1.4915853186351948,1.2017629700224204
3.6521213877335867,4.145289132877941,8.970464376337032,21.587271482052287,1.3226398939949937,1.1652845652711277
3.7020319857866975,4.2671932303836915,9.000754018603983,21.178702904904547,1.3951095717135498,1.2103366262831143
4.237400786960732,3.4855475541447003,8.498213402189442,21.804887488306377,1.0975763830908736,1.3343301037245592
3.7166496995226925,4.2668125178689555,9.260448102783952,21.084479973440853,1.4298242768749352,1.245462730495507
3.4244090662250755,4.46415886916606,9.141382979343524,21.58874059174585,1.385372904563217,1.0627049066860559
4.277590217719512,3.340001353044571,9.006415190526285,22.090420408765553,1.0294775422018443,1.3184674490836261
3.671707415287323,4.101535736078724,9.262355594565719,21.59679849744479,1.326219853892626,1.1872360952520444
4.160692964485004,3.914779106283441,9.154055157359887,20.996052475805598,1.3089202924863903,1.391142464022712
3.7121439973375665,4.260538052509059,8.927226814387495,21.477173450729758,1.312370213560096,1.1434488204330788
3.988050495348432,3.925358932171817,8.798628158740994,21.638602347096047,1.1868334241028573,1.205788236611199
3.3876629270679794,4.553862566287419,9.438425927088193,21.509944379732595,1.4035426295050193,1.0441090971285065
4.172563892419168,3.669712131724854,8.83563342171023,21.740609941877473,1.1169322669812696,1.2699827888934154
4.231232273935716,3.6388821038601122,8.759813939152684,21.621150773877574,1.1209474882084078,1.303419306842408
3.4457307409919737,4.430474418656978,9.202206350260516,21.659574438710717,1.3668904957128598,1.0630772589079285
3.4864044807464607,4.4570034326410415,9.159442678175383,21.391605084457506,1.4241208220702215,1.113990888772517
3.7042943481006283,4.262447044313811,9.019281538005616,21.288663132136996,1.3788072758233971,1.1982572324895275
3.5043962502197146,4.174612024692826,9.316444494283392,21.99079522928234,1.2789575321461621,1.073626471952938
3.648725982345429,4.079331232668355,9.235889107342512,21.861615689855075,1.270827223243152,1.1366814911683734
4.234828816435447,3.420799728241051,8.892790897917088,21.992148498187163,1.0624789466523101,1.3153112773581597
3.603837145220684,4.301169029858895,9.345894952459187,21.262457618295407,1.4186999340607718,1.1886916056535626
3.3375163745723273,4.4320873683394755,9.35113192104897,21.653894077806072,1.3937145766087193,1.0495156873801623
3.726239090429163,4.077441116043023,9.040123949037074,21.837279813456625,1.247554402364832,1.1400988632890852
4.180319178498936,3.7136788329438017,9.038844165252684,21.35074259448275,1.198431250713641,1.3490194943700757
4.198760293550706,3.589598064388377,8.942027236544622,21.629334794273692,1.1351109887613908,1.3277416755005094
4.493268357386549,3.292493415388278,8.823188403576719,21.515955870021287,1.0808766404804984,1.4750732026404256
3.990772762635761,3.8480023730446535,8.999474069065133,21.502545613410305,1.2400125509194622,1.2860200784180895
4.287840569219838,3.547518142244972,8.952251560846523,21.449958587532443,1.1480042097717662,1.3875782524340992
3.5234816052356623,4.0923102394790485,9.282620210202875,21.857183522082057,1.3279703123905953,1.1433832466726581
3.985223151465994,3.949131369089287,9.095448701879306,21.272122071366006,1.2873952639536093,1.2991609879462584
4.149710863617345,3.849846789305784,9.046813244228273,21.28182280482388,1.2312250631849113,1.3271250259747844
3.9374643813909067,3.896497785118647,9.071735877634135,21.318285021489103,1.314853289104103,1.3286772579146844
3.4751410919146393,4.32592570487928,9.516979517614969,21.427992883725768,1.4439074548769115,1.1599325720515732
3.6356052262013296,4.1118423406354685,9.300515897777386,21.585944527847836,1.3524489822627888,1.195807178571289
4.1629669962997475,3.509055060724083,8.87020178605422,22.093414721373883,1.0519618868950495,1.2479948421230092
3.94865376273102,4.08261819273998,9.060758325298648,20.957510189836377,1.3831995623310647,1.3378121339191114
4.057139416227863,3.5271222147627053,8.346754522075576,22.160374764174314,1.0644688489382803,1.2244255405436102
4.092673648050955,3.9495212885307702,8.505068746958504,20.902034013977996,1.3478605569066224,1.3967144318270308
3.7236368093108294,3.8892542714752256,9.065223540470003,22.06438395964881,1.2029091902577682,1.151685291433289
3.877241354957096,3.960801156183263,9.112277958981638,21.550135675294015,1.2655792450939638,1.2388797098267301
4.005365846257963,4.0211868623821685,9.20845987380815,21.116547726074614,1.3307883597554735,1.325552486661746
4.241066232524494,3.3758241701405622,8.873566338204022,21.89077503899451,1.0723803414820483,1.3472372450290355
4.090891060980327,3.5118343627190414,8.978175752120611,21.905915754728028,1.1201462571046514,1.3048440891249964
3.831768008492945,4.154460731857971,9.227773923057985,21.204513897640737,1.3612761747005413,1.2555406907428945
4.001859771093181,3.9212640968458676,9.10615234216602,21.339084608152106,1.2777118766688869,1.303973318808619
3.8372746743925843,3.981997640292805,9.188718698926454,21.52266575511159,1.2854640072500823,1.238744701893202
3.364611018065659,4.383779398127087,9.229019493811965,21.747026302478172,1.3712456861981575,1.0524499353750494
4.421485441936643,3.3148845543964134,8.738986568520145,21.76851209874868,1.0460954938570395,1.3953113362062814
3.8387503318318004,4.115110995911472,9.33064398416879,21.076633012773733,1.4093610201223357,1.3147118240651725
3.9782775237670402,3.7545184698156473,9.081430457932155,21.664996092907373,1.2243549724053266,1.2973231872452848
3.4818307251169447,4.464590551016326,8.987197772191688,21.400964140856853,1.4051732154590069,1.0958620325402046
4.659954601093107,3.1479816111282304,8.525672724018115,21.508902504410244,1.0389958348791808,1.538024683545266
3.906539243009417,3.8100419539877506,9.120609427037476,21.75424864153882,1.2023171781147002,1.2327683777690286
4.26445461112926,3.527228068732138,8.948019609441115,21.471697775986797,1.1671802988786795,1.4111328529321707
3.9626521805214443,3.6627626961415185,8.875180324601065,21.997179593692746,1.1534243467566563,1.2478612134923828
4.045269110173799,3.6863933098628916,9.070958699306157,21.611049596571497,1.2134755264351151,1.3316091503058949
3.497144518822274,4.111945752773665,9.223322252594917,21.89856087355131,1.3320590271344819,1.1328950345098334
3.5770726729505626,4.190621149420226,9.361894690532484,21.45689921202569,1.4115116910925247,1.204852387683828
3.747794402288511,4.124432105783756,9.32566667526185,21.374582173592415,1.3535505158276306,1.2299460668342226
3.719287180997175,4.195564827328961,9.394355884784531,21.112961837454478,1.4266466229828492,1.2646946752223276
3.415367430455014,4.381242550949248,9.570129715337007,21.50527933856484,1.4268892871618415,1.1123217081834138
4.0681318992273505,3.5210187231098713,9.012738456965241,21.964466874566597,1.121639550646448,1.2959254108679337
3.936359273426816,4.20483260801751,9.234061092148343,20.856383057606383,1.411325599286979,1.3212142143268941
3.820611905286707,4.230125370729556,9.348785035265692,21.097603661412172,1.3962354091736533,1.2610675002173037
3.550092778213585,4.437793556352028,9.520250750892412,21.210135278265057,1.4583285719382686,1.1666161721493782
4.680470002137997,3.3300349031476904,8.646830829134215,21.16339948509492,1.0806188393203924,1.5188441587814665
3.974350430144445,3.9349670366240423,9.191140469775473,21.34695753783506,1.273150057674045,1.2858924693042368
4.398817403252439,3.4583846483475096,8.77050144182287,21.489045292428266,1.1185483397941212,1.4227133195888213
3.9222252082621605,3.77993669491851,9.041906438717373,21.712304332308996,1.2252536129074867,1.2713759501635347
4.021032319416097,4.035769444070571,9.14870858568596,21.1348215790941,1.3016444967616423,1.296891376577146
3.614490386434661,4.1036993915053,9.318458547610584,21.69947837256668,1.3217596626750017,1.1641904384627593
3.721648739182153,3.9922921059646117,9.171326097305998,21.661615849603876,1.3107589083109539,1.2219006297658113
3.703307438209772,4.030236133537506,9.194556499586085,21.619676336923714,1.326723269228771,1.2191008140925768
2.848366461626176,4.986918973827268,9.685009030053308,21.520856257166784,1.6023660192960443,0.915219527841958
4.0228160694443496,3.82715955978011,8.973076544464044,21.463011515115888,1.2384762023012428,1.3017910255427398
4.142130575486902,3.7084930629698634,9.111495895227746,21.36671327692715,1.2266051892629404,1.370033264786024
3.5825897178304,4.19039996079723,9.034298005400188,21.746859317868214,1.3145532967239113,1.123879622098686
4.0247968660306945,3.6719121568323443,9.040707249018396,21.852798859246263,1.1596679529733835,1.2711164492535039
4.354692204901525,3.524548719973163,8.978668675321707,21.386474704418095,1.1381463359552915,1.4062160494860396
4.023842652030354,3.7536394966242965,9.03433096475048,21.56880253017204,1.2457170085257183,1.3353890899148209
3.787698443512989,4.139690110949102,9.112282714024232,21.41329944228918,1.3522710273774659,1.2372894415594367
3.8820926279810015,4.058590743467303,9.165011172144476,21.31277887028658,1.3351362641544409,1.2770744763479267
3.9591752238557696,3.872302011195539,9.141445836938173,21.286725454526128,1.3036170475586155,1.3328630621185948
4.393678531087171,3.337697058378456,8.871390839167237,21.83572652038499,1.0441502561469709,1.3744987886620619
3.7282988170073996,4.127525191299454,9.210181004718944,21.28692719654419,1.385807451438881,1.2517680794997168
3.553207780281326,4.256757009463525,9.286647651445005,21.750047373302596,1.3190526829563731,1.1010420010495792
4.083440774955742,3.744598216586707,9.180681392431653,21.5302224355741,1.2019599232765996,1.3107233077315898
3.7488237400292785,4.109255317328937,9.360256760328618,21.398856373859047,1.3516539022060492,1.2330974460323705
3.6812450517375694,4.262285074719477,9.403769576537446,21.29252270596116,1.377047663751017,1.1893268069414256
4.875391138098133,3.093521767872219,8.515160361142438,21.172667101759,1.0258842935170764,1.6167939224708938
4.372805377034665,3.6653548447882858,8.837124519849965,21.02274960679619,1.227364484531678,1.464258235508302
3.924029925356644,3.726917505236267,9.228938645292203,21.828102913368042,1.2019295439275564,1.265498227936494
4.231509849239663,3.8161017448717116,9.003793465149592,21.021119821530682,1.2782236621324525,1.4173668254818754
4.621928502528253,3.076221562322214,8.681840682892933,22.033304768769526,0.9346713707084515,1.4043150537939224
4.565797550498163,3.0459090239087314,8.826667504428155,22.000651232763026,0.9543933698757184,1.4306293708005424
4.009920090607213,3.8261347722971215,8.94092805952991,21.511649333024202,1.2273189417965102,1.2862722238448197
4.418311471704308,3.325847695790845,8.81428531870983,21.720290505125405,1.0557521337215636,1.4025422058868788
4.496832627318569,3.3989083955076294,8.724812676925502,21.37845667209312,1.0982855621020007,1.4530566214437732
4.31940005380951,3.489040534781602,8.82948409982984,21.509195253770596,1.1322298989758168,1.4016901889811395
4.406427190068895,3.6327616570437966,8.886737083961316,21.289667184067678,1.17097733333239,1.4203591778572893
3.6195439784934296,4.140742978646287,9.356176128189098,21.726719423114307,1.3014540466055768,1.1376388686692067
4.210690677229626,3.7608597991704733,9.083827316158104,21.186811743611564,1.2278072765784458,1.3746634889351308
3.7798788297507735,3.8875547458756663,9.102052591770077,22.00694020121849,1.1934356868936795,1.1603803888149196
3.8277973350363967,4.047493178639563,9.18772184115676,21.406745926465682,1.299147623549668,1.2286305601418612
3.912524367595115,3.852008570749906,9.168465027459268,21.60496971229245,1.2466005174241832,1.2661848517458711
3.75883741030864,4.041319795422395,9.229744769252791,21.518277474579445,1.3196856005781152,1.2274414934738367
3.944626726660612,3.9014508858046675,9.201993827883616,21.312498733840165,1.2953322175920057,1.3096671558801742
4.389420269416999,3.441201611028682,8.864536899430766,21.424976905552278,1.120390733976854,1.4291129533427394
3.9216069838786862,4.034919705502774,9.016805653527243,21.478522614522774,1.248643665704434,1.2135779835034501
3.820233227136959,3.92777331377623,9.341334736414046,21.620279481559518,1.2780400956656615,1.2430481214256284
3.2750996149909652,4.529885704027046,9.678209471530016,21.40230819228646,1.4948659734669405,1.0807855416334893
3.597287663140745,4.2560344641186045,9.42873306758742,21.304656395189784,1.4364194807897437,1.214091220572405
3.789648468270815,3.9834597402214493,9.157370721517104,21.49852655525951,1.3089354066159462,1.245250456195598
3.910054897490767,3.794081228122158,9.265511930975531,21.673602176610558,1.2352757998260555,1.2730344714449486
3.0252434325608406,4.668967141496234,9.537272159647317,21.833138225958592,1.4689434493335802,0.951797557837507
4.359938438787385,3.589785337401148,8.858106877006534,21.29026845314519,1.1745413670645137,1.4265276535776905
4.124915458370317,3.7280941302373214,9.07417862329028,21.547985825094486,1.194640555162646,1.3217990536287252
3.2714585147241,4.704301412070715,9.291990048393236,21.337767405705073,1.4824099189348043,1.0308953714502826
4.498671895188772,3.440285598333366,8.703644217188014,21.4781350460051,1.078041803568769,1.4096958595248263
3.427459022777585,4.553579616154595,9.281724046534084,21.214843036877557,1.4652254432114755,1.1028686416115492
3.6549290847763607,4.326330196810378,9.047518649691334,21.40755348485595,1.3493584645425716,1.139952170428839
3.5453486629679714,4.260291593739768,9.216300078595607,21.72461967591797,1.3176796963146586,1.096552629499326
3.8623039170507303,4.062315680068868,9.02475254712651,21.47649231952351,1.2820343113117583,1.2189121999226056
3.498937013923202,4.255577440743465,9.271053523983326,21.88370411845612,1.2959998269160808,1.0655714359747437
4.030334263747669,3.8136468470888287,9.096162193238435,21.61903866738846,1.1977183236998052,1.2657714234894677
4.091640651474925,3.681515890518588,9.172206914780146,21.544256599687657,1.2014317307973164,1.3352724953224964
4.500265383831899,3.191773600076617,8.616654015939474,21.940953579643814,0.9892856645892277,1.3948508224283727
4.031845453055535,3.664947213981728,8.996819580681528,22.050227809345266,1.1112710435024555,1.2225205009132754
3.9448949271080385,3.8709861687178,9.212902241342267,21.645921215600936,1.2154931773232336,1.2387005946717495
4.038021171710449,3.8170488964623703,9.121370065414787,21.385654950861124,1.2619529356245425,1.3350084869169012
3.735739107753005,4.150227543560157,9.225476923678949,21.28912879480054,1.3794274900974257,1.2416623346502131
4.507625369140811,3.3930702355367455,8.728049349127222,21.363170286168348,1.098546211865755,1.459396484610726
3.6712053039360413,4.190089738382573,9.361507728531196,21.451023089549835,1.3678398658141782,1.1984518909732427
3.8390744621937656,4.091644022782416,9.261996878542774,21.201289510496366,1.3854192206367197,1.299899873929394
