$\pi$ [mas],$MA$ [$M_{\odot}$],$MB$ [$M_{\odot}$]
22.13742638375975,1.3148585299542257,1.0724737581329755
21.529800596419314,1.3810847919604308,1.198629058055553
21.77212610970423,1.3826334991673388,1.1093700820499102
21.53238384975114,1.394987873877677,1.179010173245949
21.62059122888819,1.2926691510037545,1.2520647750280338
21.359777366737756,1.3094655373216513,1.293579772079351
21.701270523693474,1.0893087545986075,1.403484015302451
21.59823283607062,1.3079542837901676,1.2415994640242936
21.838436871662914,1.4003836311130977,1.1135777505103595
21.629269952377825,1.2395169023808206,1.3244491318461564
21.652561011726256,1.2134024299826947,1.3415016592745646
21.304607494765442,1.3986157366556882,1.3162175807834837
21.66168643476463,1.2296969384910614,1.3111449795616643
21.796025553320057,1.3885896248390934,1.1132679712038414
21.36850670282675,1.3204227896267688,1.3064897270486733
21.811913801462495,1.508098538500739,0.9794564087801433
21.562043490042647,1.1168288311454777,1.4107203552736653
21.140648112200985,1.374277134737878,1.3106116808271016
22.270383882283273,1.3084052716352739,1.086447578728719
21.110983064392897,1.4893669485492202,1.2064004376869253
21.40359094581347,1.498684212095917,1.1146082671753015
21.566342710680964,1.2955712323505455,1.2652392035601887
21.655361644504286,1.3010425360498612,1.2671457570745719
21.991784127683864,1.35308791852855,1.023828418795218
21.723606559930815,1.2024793203180162,1.2904477210832064
21.727106790777725,1.1173412258330064,1.3335639430878943
21.584875735224657,1.5389877882405063,1.0294836819496207
21.963378288598534,1.1605222059680378,1.3217021268257307
22.196672087353704,1.143823986493396,1.2912092248115927
21.643228499617514,1.5083752439085958,1.0787897740748387
21.761556384232364,1.39979989777873,1.1548729013771193
21.576954644869495,1.3067605562164044,1.2892894978272735
21.642454101377716,1.2460343470304818,1.2815730654658948
21.593770500598872,1.3751088829672056,1.154100114855795
21.303901432966146,1.231897658042029,1.4132540008564833
21.941110718861474,1.40178535554343,1.0279870074393616
21.211275393411483,1.2834186866299062,1.4312214349411894
22.04149605658531,1.4321628007085179,0.9713160462224352
21.277258305539824,1.2979533861501347,1.3787497703334837
22.111513185080724,1.2772672865813284,1.1254999514203543
21.283467850418795,1.4113946244549609,1.2145198721064168
21.14176287753469,1.3891431021236682,1.3142864012345377
21.955734177085134,1.3083138929449611,1.1362187290493535
21.275060849315913,1.4365359436408813,1.2401330908143675
21.93625935906018,1.1662249499741746,1.2603782808190338
21.22215851100067,1.6481051673781828,1.0645090728140252
21.574849408181436,1.1139059175431363,1.4489253921643046
21.39033805345357,1.5274863112614454,1.1404105113192555
21.56498999282538,1.093732961215238,1.431841053567609
21.870877604633485,1.216010681045656,1.2641412368272955
21.63378617741103,1.3971816761352776,1.1033486542271567
21.330568605124643,1.5024304393823802,1.1781136068631608
21.98952697797067,1.1688722028885008,1.2398016343617577
21.33738489089935,1.3109280664900806,1.3250719991903492
22.37200054858794,1.075032401346217,1.2552668008666914
21.166682761291234,1.6647369720424565,1.1059103240296912
21.7239447890299,1.2203976308933069,1.3400629852007553
21.920273397586868,1.297439275831452,1.213926698998103
21.524467047811687,1.3442125139068295,1.1809663256725869
21.685990948819928,1.325802989656412,1.227057807472468
21.413755666383047,1.3688132745803339,1.2772650852038248
22.012496875786873,1.306349527098811,1.1884949086875627
21.613763707946884,1.238773428121724,1.2961070206642498
21.724704489975156,1.190419289043156,1.3378133489278567
21.971991839065435,1.298920280804089,1.1357838015084794
21.99253736517829,1.2946057263460007,1.1382848559279413
21.208307905035902,1.3550115609326183,1.3316471427568688
21.63144304514516,1.246697588854177,1.3062782800036963
22.010396315965657,1.2682316762707864,1.1859142644498712
21.832529609713504,1.2781722778578197,1.2259917544660517
20.965809329626,1.50871310893238,1.2699114417240347
21.11569311197151,1.314241388972162,1.4283025486457568
20.972645991804676,1.302021864882481,1.503267811523367
22.11401880458061,1.2213391042848623,1.221428023262973
21.685977382077333,1.2911817671211674,1.2708260246875702
21.879002057241657,1.2837973974457846,1.2578251403827239
22.35938784931775,1.2850539764623528,1.0811018949366635
22.12034132128654,1.3151493025368057,1.08487003334825
22.25620408679157,0.9999378751527442,1.3474117567880446
22.212141864562057,1.3003515621354838,1.081908067252678
22.33481502988601,1.1463230671977622,1.2060217126485813
21.223671440382653,1.4746495039523713,1.2090093139558158
22.001445645109563,1.1550915957928154,1.2824319744204251
21.636521160020713,1.6185698747586237,0.9540500699514635
21.45273665073215,1.153140409796235,1.4471307678438694
21.4591502745705,1.373973329549103,1.1796413700713668
21.396102204736472,1.1709673011351265,1.4110535446283476
21.357440591750866,1.2503019034772769,1.301754838598268
21.274840565703023,1.052359297603329,1.5224489339978298
21.196953173157276,1.1133246840066104,1.4794690065823795
21.50716038204127,1.0091586427766994,1.467482663635715
21.49846428259817,1.0099002605193212,1.469589031416572
21.285258753912075,1.1406298557212233,1.4099750996657274
21.69964575017271,1.00306956739469,1.3939279520123076
21.479487451437365,1.0635049257829452,1.4125583453094146
21.90686833153692,1.1088685977320907,1.25313462829876
21.481307653857435,1.2673296856742902,1.2536469432944926
21.322323886995207,1.3616915005486387,1.2267850282632713
21.523028467670596,1.336026403066305,1.162320888448049
21.788815887010102,1.2204421860573749,1.1809293756055792
21.935910718680518,1.384305798839569,0.9823976125488261
21.360500645703056,1.0699098114271928,1.5466105374325732
21.564604396731703,1.1156830679307639,1.4061214356392395
21.854389545697394,1.2666965697649106,1.229049817121167
21.538672697910215,1.325606608202221,1.2190797916480858
21.57471351799311,1.2270451882980915,1.3368060340897963
21.703271703808504,1.2361165858326593,1.3157283843660836
21.880861624136863,1.307298589061886,1.1560904110233778
21.656061870741475,1.2437647460346843,1.2918515706836102
21.527657434858078,1.3197347993657487,1.2659566622573843
22.163490479796806,1.2630514464383795,1.1398021994722118
21.594837693071163,1.2750406526712565,1.2877891255417415
21.6412258223944,1.4940064676651326,1.055169858352294
22.12335416671366,1.3029952380208947,1.1283449289091316
21.293448998621766,1.4277471937713313,1.2023562040828562
21.19193426872498,1.4329095595251085,1.2262280075983552
22.494637798315743,0.9913192881793692,1.271422001120056
21.489092561169237,1.1927040408348746,1.3357679435818068
21.748284288445888,1.3855580391447844,1.1856661332249994
21.99740996197641,1.3049955842790066,1.1440878226900684
21.590123069671336,1.5892475866620892,1.0154099335819666
21.6724417718468,1.362934379627744,1.18518732413918
22.127867303604006,1.2005599717544009,1.1866984080441618
21.62737322394866,1.2456323420535336,1.3189020336119173
22.12181153753189,1.263038450863018,1.1324536054475542
21.769900815577394,1.2970786109226478,1.2022484206410884
22.049992880454774,1.2856535271984142,1.069600619522209
22.092892268284604,1.3153447773031066,1.035733302623785
21.301226247249648,1.3212726210991448,1.359667582728505
21.443997911148664,1.4197088896715886,1.2044523242568934
21.990736537087617,1.352537036436815,1.1095284387769546
21.47647633744843,1.173035024563621,1.456728830301348
21.77140111956541,1.444755623616729,1.0233679426515574
21.219376752206472,1.3855366153799968,1.3770873355313082
21.215064762906827,1.3679317459364122,1.3286808480767185
21.655646883749355,1.4329692361388042,1.157400301519474
21.740162944726375,1.3582161009940394,1.2255980572693757
22.25477037740572,1.2077324938449505,1.2012879804478793
22.15999870537061,1.1452806205873212,1.2944597284759327
21.923117529088554,1.5830732034633785,0.9319225441731194
21.812181361733863,1.334504899480929,1.1698672244020827
21.845257746770734,1.3460024308499425,1.181948728713517
21.73930138521636,1.2864769496372241,1.1763774361394084
21.584798079565026,1.242895036289891,1.331016465654122
21.786726150875168,1.2796434931526988,1.2311128484131306
21.493826247784156,1.4913850422747168,1.1118763339401225
21.638386595008242,1.26740011987064,1.2929168320720796
21.91705244824333,1.2810566519273237,1.1927480916198507
21.395989956840744,1.3903714228104942,1.2345800060739112
22.071611758390183,1.2416702568057125,1.1418866829683771
21.55453003419927,1.4110858118104657,1.144393143732553
21.780749050102795,1.2017174407495155,1.2854306539225733
21.47054922366098,1.1677904363162706,1.4243152848982512
21.63534301582334,1.4080228881341663,1.1342876477980133
21.983290079309217,1.2295064486236715,1.2042658938736648
21.849296060821864,1.3387896631216551,1.1476349370035877
21.679186522702235,1.4718002662850243,1.1160246293760792
21.747731824841157,1.3833183435979408,1.1308898205420737
21.78637108506171,1.5566204402611452,0.9940955198019447
21.806028388278143,1.2225466446884798,1.2732795707453315
21.770224234151776,1.4576429143100151,1.0476784164721085
21.71177598114023,1.2146078086666627,1.343537363705706
21.470312374401857,1.3836731815616077,1.2377076266833527
22.108698503803293,1.2624700668339732,1.1580468566813988
21.383369361290228,1.3683146282746492,1.228377280552681
21.88299367554415,1.2637998111455315,1.229376491660512
21.498546879650014,1.3301124040571277,1.21772916351992
21.83488979051434,1.2360199369144877,1.212041888711015
21.64446406375575,1.2204024833035758,1.2876494505528215
22.029494311665477,1.2051911471602539,1.2354295818134005
21.76967319636279,1.3880287252885257,1.137854874780043
21.83054802867168,1.3794347526638742,1.1510690274522977
21.58416659148975,1.2917780553087301,1.2600939019045752
21.309414824864014,1.4144348948317598,1.261734567948872
21.669834156338926,1.4521708207718544,1.1103577507841627
21.469193064641107,1.1757186318510757,1.3798111780906723
21.65075586659383,1.2299038298187288,1.283709222454339
21.386400634801902,1.2994209782160044,1.2905064862604567
21.178330281721216,1.3737718839176387,1.2624609460686766
21.236504908615863,1.3114545045844475,1.3404840440106154
21.963312873994184,1.3409614063258173,1.1658937182953655
21.420335204487273,1.2875817037858335,1.404043242244947
21.271948715626873,1.4790404331594842,1.2167600900875906
21.96862323859057,1.2834434804125463,1.1452723042241721
21.59434854365727,1.3856821233430245,1.1739505188934858
21.61917797457852,1.4613938378827696,1.103686503910612
21.857245988749973,1.4043971922810137,1.067064894191403
21.813054964981873,1.3527205585318185,1.1142024502478802
21.67147865712858,1.4577947636497792,1.0650392037895378
21.554663017976218,1.3199959532992613,1.262503897640506
21.49015689219707,1.5785933741866045,1.0433511831510212
22.18809013703123,1.31069420949111,1.120427997596611
22.03943864600337,1.499977059339867,0.9774456298769503
21.575817248703906,1.4074113819998246,1.1055681730591764
21.520041449641734,1.3790788778281942,1.1938786512108348
21.818601249207582,1.3512554579313056,1.190895793686521
21.34010422452109,1.4854258611669644,1.2422246804683088
21.549867743817625,1.506625313181208,1.0618964321770594
21.71251618028092,1.2767717699096655,1.2801023390616562
21.8399255367146,1.5243400413715655,0.9681526469724903
21.602227744167713,1.1693663740915008,1.3816778075792102
21.66427252337619,1.3060488916985171,1.2618861227222395
21.767094800095748,1.180366971188043,1.299980906803378
21.601835928754845,1.4414476216796814,1.1758718313568393
21.89280903505735,1.1271457418606845,1.3013552821033072
21.709070329194937,1.2851698354906878,1.236624096009064
21.55467104310076,1.1939705592589411,1.4020835970894796
21.298653089556982,1.3472275484765983,1.3500811359400207
21.57414840973093,1.391623925385254,1.2167405450809528
21.77245161420177,1.1488499805296923,1.324061947904375
21.57710557356159,1.1965195339697867,1.351568638938308
21.580374462411548,1.4511025395461106,1.1624817783344057
21.669543587700403,1.2491176696791797,1.2638000953355952
21.653236519410257,1.269467618352056,1.3045006581460015
21.79189119945643,1.2937771954003008,1.1672570793745107
21.770087942751488,1.39943766802715,1.0884878699355136
21.722422869002518,1.2861309817437223,1.2569123824664887
21.87211024468567,1.3132993934770594,1.2001741648465472
21.695832443715613,1.2443369791539183,1.2501482981731906
21.349244407875457,1.3954076674803098,1.2927498710939065
22.13222907463424,1.214902552586726,1.1879207617974952
21.30243983944707,1.4320387572993483,1.2139251106478535
21.491247594416013,1.3432058540972796,1.2330030175978304
22.014091020489563,1.1690252878044844,1.2899252193334065
22.035329812967575,1.1509697804097552,1.2876779939532805
22.036273836707277,1.243573659564949,1.1735857035508395
21.81690997981878,1.1428675715381857,1.3650046269579756
21.540564421625024,1.3667692937229174,1.1983114549502658
21.36229802964828,1.5652806649556283,1.075237001438947
21.319754809683285,1.6523665147097066,0.9852479796094458
21.214876516594103,1.5327857211104703,1.174751206064011
21.82381956372766,1.364753577966412,1.1360704031908038
21.810250505616402,1.4211246848323065,1.1079815900020404
21.673836051349525,1.3312248303538967,1.1725210087004312
21.682814819682754,1.4525961440186186,1.1503967820819505
21.56377711378058,1.273680970492246,1.2508447126877698
21.83398318135082,1.1453142147113862,1.3169884865264132
21.585099540743744,1.3555351349166738,1.254597434073497
22.220926430927072,1.2400160658330333,1.0906074648946844
22.101035285252685,1.2822427440667261,1.088938214050364
22.331364468527244,1.212108621237999,1.0867331158759854
22.07847317453478,1.3279999728171172,1.1024783912373513
22.09048769758305,1.348055830251281,1.0652333756741998
22.134097009367284,1.1893926628322873,1.205012529194728
21.441838156629522,1.1392079862899194,1.490700568435268
21.76647104835088,1.3727323906700015,1.1089310652990745
21.92168491973645,1.4252707353137097,1.0386915093608948
21.708649852905552,1.2789030051365509,1.2986757813140668
21.888622490775685,1.228998008272166,1.2779185785236673
21.588817784957165,1.3280059325370857,1.2103051339500923
21.630983416040845,1.175728984908713,1.3617165081677427
21.754423705118974,1.5108384472336247,1.041087856891771
21.84370329288861,1.1248424988187822,1.343088923929592
21.408549786460892,1.5193675514303546,1.1020150951497585
22.11424938422978,1.1533881483064286,1.2135811398580802
21.95904546342947,1.0747339375535594,1.3414511202227903
21.145491455523477,1.2740010627458698,1.3576469131714295
21.293005569577332,1.1262429617335876,1.4872237233388814
20.69011715209414,1.5300311231804555,1.3012202775699275
21.321353241431144,1.3729632443392439,1.2584238809365103
21.948614147026852,1.0471469182575004,1.4134454597866968
21.26634628232322,1.2567918757090624,1.4158309140175365
21.404339934659557,1.284213905120536,1.339908256174352
21.82319260001769,1.3741751100526571,1.1721088754720068
21.205902105347093,1.2780641840925366,1.444410023858461
21.56112920934042,1.1783140526397111,1.4052018345100001
21.75419704539086,1.2420611278491376,1.266970595975928
21.71076822732499,1.2539761639998523,1.2696468528672067
21.765585733948278,1.2320722220332627,1.283994316817955
21.758438223162834,1.3636158130808667,1.1873950776740845
22.183747116833125,1.3678788215687447,1.0404972107692072
21.226108500637935,1.3870013795752307,1.2784081520717994
22.212829334147628,1.0955258814550042,1.2674014233721715
22.145992108504437,1.126088189339426,1.2636991266519368
21.55933246677872,1.7382928101650637,0.8829764747729665
21.565814226126026,1.5381606651417443,1.0602746414637925
21.696274655092996,1.0285988913049429,1.4798147872842466
21.434886897940398,1.2476363791525165,1.3640608504911516
21.720499684779647,1.4976699039184727,1.038955189300513
21.72765938094901,1.4250691704653953,1.0952893927066318
21.500501266726815,1.0358513926693809,1.5218801525145866
21.614309082892575,1.487422331707883,1.0604031521251704
21.8848205353451,1.2600096159604066,1.2240032938232166
22.24408086016558,1.1967684392065048,1.1943385424063069
21.475933107890565,1.3816876159435922,1.1939225021207005
21.303744405626844,1.3468448794142864,1.2777133615933773
21.876418596307843,1.2544778630573443,1.210562663525694
21.517643368508416,1.2087178905532885,1.384054113845661
21.383428833329873,1.6494606841188888,0.9919522975916102
21.472574136255908,1.3242606393130956,1.3078253304238139
22.08351582974342,1.3245009866154145,1.0781558550649453
21.168170298624432,1.4889585170655881,1.2279730094136645
21.817978331443598,1.2888218641720848,1.1789482054045588
21.61446164520762,1.3349102661847365,1.2463860742682975
21.814059795867337,1.3295180265745024,1.147479365803568
21.556408134686507,1.1965736015157413,1.376660392734541
21.629331828328915,1.3890779461688345,1.149587634311904
21.52972554473865,1.4762484151605213,1.0914118054907298
22.01590650204127,1.2099497530566987,1.2281196910540475
21.414257552367786,1.6230175980220967,1.010616714584644
22.09200420902408,1.1308376551648245,1.2645862205694027
21.553494561586838,1.5240717697339266,1.0552416564798486
21.82891510801258,1.1891173766741174,1.2882715833589442
21.492670093640136,1.2865423627342039,1.2826291344905
21.251328337684917,1.4121433179069438,1.253383816766228
21.450418841474338,1.2074710881178494,1.3859342785304616
21.832221675016996,0.8430249777123269,1.6047410610047763
21.858437922081727,1.0281706700552495,1.4129635168066867
21.220343600539213,1.4138704851728823,1.2928209012235312
21.79273216957225,1.1404649069535613,1.3217600498420212
21.824364042809883,1.1555578153442352,1.3020143552355559
21.543237339148618,1.4537205112317877,1.1821317607291506
22.173230542205435,1.3719252847981818,1.0456028685303727
22.024628930803377,1.4235113246682602,1.0541256302703177
21.54680773492403,1.3755768515320208,1.2500780884318685
21.57233601969157,1.5524060653526317,0.9961928979263605
21.4943176466653,1.3529651054341687,1.2778677902046884
22.2373097737311,1.345452320824578,1.0461747946270599
22.073753888129485,1.3952927397573718,1.05805781167055
22.393685900841913,1.1226945473625658,1.147873220067978
21.858820295041035,1.3478718925947106,1.138286383304105
22.023394274592178,1.2645045205022827,1.1605758927469576
21.38743227599387,1.1986825070286196,1.4061920306856803
21.486394177165817,1.1503831894802847,1.4076116173262267
21.092441194816615,1.29576971222641,1.356808574678807
21.345162296384146,1.2122169225084,1.3786779632931587
21.800740252033663,1.2308661908646288,1.2385435597293806
21.88784859376846,1.1876230713871476,1.2602633173746813
21.383986324898853,1.3222997563966594,1.2731247248880626
21.865686521124516,1.1967983326221938,1.238931968386263
21.75343876605628,1.081886142280101,1.4224754061580485
21.534443110632218,1.6845662495690574,0.8985053020066387
21.964696271911475,1.1895127970097903,1.226905805022772
21.40283036897044,1.2479395439119474,1.335350445030472
21.033752486246918,1.4762701734284016,1.2858670353994033
21.84668075219693,1.3979404960585606,1.0807445402184415
21.497114686284917,1.2735081248575075,1.3114402525833853
21.448863334513685,1.2397061918637993,1.3704244705740136
21.874981984336866,1.3832910374150447,1.0255064878357125
21.303662948830617,1.4235559339889088,1.248498334945881
21.419997563684646,1.4177606357080266,1.2087449254921685
21.37279613619327,1.3528381466296777,1.2946109819788894
21.332998833444858,1.3954171072439676,1.2453283060549218
21.549704566120568,1.321214711666669,1.2311943641417935
21.648556698250168,1.279858548470095,1.2721186247730425
21.62090263280797,1.3099253999986598,1.2604998227524036
21.86939257054678,1.3375353014247984,1.1129468048138926
22.032279314983263,1.1630371769373957,1.234255000840007
21.71142911147097,1.1730666781091117,1.3418085640592203
21.670807071131208,1.3859569905091378,1.1773281087598775
21.178575298500192,1.218077628681705,1.4316342475545027
21.62824647313522,1.2684997585361897,1.2553681086935924
21.865758888188616,1.1040836390467201,1.3682773570095652
21.272106466982997,1.5645152816841557,1.127100561598742
22.011818428003988,1.2420465978510022,1.1946580403647113
21.8837923436391,1.1204774858825943,1.3886584268266196
22.23718898659348,1.0377918140841937,1.3454651249601823
22.162765718826357,1.3411434246496092,1.045015583740312
22.18332448408715,1.24300270809322,1.1772177662741794
21.385233679346705,1.3348378004860204,1.2829328233520643
22.028391909696523,1.168825292250215,1.264972539550683
21.184652790912892,1.4357341960678183,1.2764641057487591
21.451461215338874,1.30207780094411,1.251253409788429
21.389406226565132,1.2203421176859068,1.341751322699256
21.852057945743105,1.4538333425667156,1.068214194764447
21.645002203294894,1.0425740371627485,1.4527158743355122
21.75473513549916,1.4541662605994718,1.0341412215098267
21.844585173958336,1.120927292639067,1.3558369079086399
21.54231090471488,1.6396021845019235,0.9953159844334747
21.55179550489339,1.3545800867230795,1.2783208741091039
21.389808313314248,1.448717679053834,1.2231548078523315
22.05466977898318,1.3158167518692467,1.0921552527099274
21.427065974054166,1.200925615078605,1.3774444232984715
21.811411341009617,1.1568317352146014,1.3367368141767626
21.721422351784817,1.20235020094216,1.3137469658591723
21.35333087365043,1.432851838812186,1.209303171514062
22.319043381871904,1.11914328683935,1.2064624550958762
21.266826206187627,1.4993147523169734,1.1691881156195671
21.257513639856864,1.385180845383907,1.2671733176917004
21.417772023965185,1.272040318667696,1.3147738254340464
21.32256425850129,1.3212561886618555,1.2560632096188282
21.05148499662804,1.3293332960236444,1.3615494921750069
21.61909188112131,1.044418066226413,1.4439855283567058
21.159443511069856,1.2050624215589687,1.4452883852888685
21.83114660487955,1.1128996930882973,1.2898103986342657
21.038278782120052,1.3001787757701297,1.4459056606564364
21.109380578479097,1.3027505681709428,1.407364856320467
21.04211785979745,1.2695987995238285,1.437873102049888
21.881728445772275,1.1029830505705127,1.299718217215124
21.782014066547468,0.9056133312973591,1.5372858502273288
21.374360492988405,1.4892914659388041,1.0632195178996404
21.36779675695222,1.2139780959739888,1.3638881562892333
21.702532415834902,1.2981224528051112,1.216673044988761
22.179469109157644,1.2480332777667436,1.1347788950008646
21.596443992563103,1.3575977312360274,1.1864543088448107
21.365183042127526,1.3674734258165546,1.3004385722167662
20.9516084010447,1.4531626421315673,1.3278969359692196
21.397266184498555,1.3188363699768118,1.3425865083151678
21.43225622516922,1.308688702615087,1.3325082385897957
21.61949250851802,1.290451096922611,1.2963001001346228
21.671883985553134,1.3971131579268241,1.1610048394436177
21.62460875511689,1.244027482421252,1.2688099949269818
21.31635533663068,1.328315969993375,1.2889336763733674
21.38793615164344,1.2262122698810825,1.3804468382083774
21.60003184921421,1.1321659399191148,1.3501476418802187
21.03318655081729,1.3876796268707783,1.3307768255484498
22.10967773671202,1.3264611962875812,1.1160312607234402
21.63409570957452,1.3871337981290621,1.167157320512056
21.775445684051327,1.3012339788176888,1.253213562522289
21.426239585429514,1.5339949165922855,1.1398361947448132
21.74633547844406,1.4464925110771798,1.154370191598221
21.924967932456134,1.4311671030880189,1.0689864494640393
21.721433890787367,1.405803925123891,1.1897391899114684
21.904805631582228,1.4375574381046818,1.0652495485874491
21.926307549341505,1.4707952603279204,1.0278463167905378
21.49251511178805,1.5222965021213926,1.1290559629518528
21.67854711012265,1.3198180593816664,1.2766145769552808
21.761662876059724,1.2490983518757626,1.3168754305959285
21.71683003291974,1.3887380535821992,1.1681449391866057
21.628085318460066,1.2557947614609013,1.3216679540761893
21.647386581205673,1.1892268735277525,1.341822719858232
21.96188930374889,1.2907729948089612,1.1657671829550456
21.877285198121136,1.31200357657802,1.1790623025540767
21.420547653691806,1.3698495434223026,1.260559302422392
21.708063795730997,1.3916470967926609,1.0835931479523049
21.873739176616432,1.2945073339620026,1.24356540236505
21.823472638822864,1.3684233196720446,1.1159330293794076
21.641573685933537,1.3112211180588802,1.2507383426684122
21.854523994670146,1.4452099276241992,1.0340283710137572
21.390587809021163,1.162405193775848,1.446919147475324
21.122626586971787,1.3929525585497922,1.3065872131036198
21.78152224158071,1.1412568946228225,1.3175437916481267
21.540230093514488,1.2639482487396672,1.2683763436742808
21.502165572339596,1.180795859635052,1.3928370323199044
21.77910607358265,1.237470759290032,1.2934467282750333
21.673898721307573,1.232486444882671,1.2919432742002568
21.58746489749574,1.0555448797308231,1.4345700695091663
21.467108956240573,1.3499456729179604,1.1892680708016448
21.084761100497364,1.1121546935240825,1.5593419395331674
21.62818848793808,1.6463034838314725,0.9600317200663038
21.86020239327126,1.4119342939937671,1.101940437652649
21.32084309624441,1.2450221462780497,1.4331685590758265
21.516952751808315,1.2938590794378768,1.3242613276948552
21.889819602074496,1.383591843322561,1.0673472539957423
21.69306348988073,1.0680739653515219,1.4606833421749965
21.92725391844564,1.2630154573095471,1.1220167094778097
21.678631633538707,1.4443780528532248,1.0728632268715372
21.550469925012372,1.3081758353693143,1.2678931937188864
21.187638860191704,1.410296602972262,1.2580248744473637
21.15524375882289,1.3430584659972409,1.339342780079295
21.190447495832554,1.2812963717559385,1.3637712646974502
21.234213860426323,1.2217968792648335,1.3937222126640243
21.46747865782325,1.281020097230753,1.269459765316235
21.812636450358333,1.2027918037964085,1.2359453044148834
21.41109211979996,1.4693053036136354,1.0876105674194236
21.742671643119404,1.3182939018660689,1.165988886207321
21.410821819093677,1.5229436621937587,1.1507382852148893
21.659203383724375,1.5365481223983588,1.0562213523766817
21.932868625746814,1.023070975502628,1.4236678775403961
21.886334892663967,1.4060708918926517,1.0668597166681675
21.77947068495458,1.5111871555682546,1.0306366927536992
21.400828977580073,1.4605005756371077,1.175824233453785
21.880483925222784,1.2590153425055683,1.1945034150688243
21.625083673773467,1.2681295767325613,1.3000309836409503
21.434045325763023,1.185555496962475,1.477881126824581
22.02180945018158,1.5755853187894016,0.8369456730721591
21.763249131760993,1.3703168586048204,1.1376673466093372
21.880837066613203,1.1423924563175476,1.2980808309413716
21.880949798725887,1.1332920491689054,1.2789585720528438
21.569745759696083,1.4883136405143051,1.0656438443686025
21.73191108044233,1.1714615120917171,1.312155956111115
21.906867219494615,1.2968500821593731,1.1169004778774116
21.274536136816618,1.424700430728354,1.235692683028868
22.206014213362856,1.2020674955322244,1.1184589439842436
22.044171156369714,1.1813699699224591,1.2227237287368902
22.063236724556205,1.2485395822488994,1.1788255506786065
21.384711498194164,1.3541030056600496,1.2635402245875516
21.66808012563248,1.2652720888343385,1.2514021743150485
21.2536362809722,1.314981014451481,1.3582774884411795
21.711664317356302,1.1660031699978044,1.2757169257421663
21.071136323638555,1.3826166720366475,1.3219084145587647
21.961806222041993,1.1582750756857465,1.222567756092248
22.073472563260818,1.0800376874675732,1.2592391497565605
21.80564824544221,1.165418185783415,1.2624476114939314
21.52704007441737,1.4272560698043428,1.1860447979604274
21.484280101980822,1.2387031245315132,1.3344773215752357
21.52349967816403,1.3273786386943882,1.211002099487708
21.45342947768704,1.5835963267639903,0.9756356783067447
21.539237573729785,1.083865792444432,1.46920459109867
21.876123290196944,1.3902475957843703,1.1221438543251474
21.47793618328572,1.3139886656531037,1.327416598310099
21.939464299358136,1.2575540487500099,1.1738617488182994
21.96321566213249,1.3225600189402424,1.121762513649348
21.518061066472377,1.1574315807127191,1.454176346794069
21.416245115313508,1.209720949002036,1.3924922419806836
21.27677681655222,1.5423195980831026,1.1581002496416681
22.141565003855835,1.148130570044935,1.2215939802161198
21.90766143218756,1.328155834058253,1.1529502033336927
21.427894845609423,1.3086832214823796,1.3192759317636165
21.414990643832972,1.3496485600554677,1.281402556027408
21.402619660596244,1.2734145479298824,1.3470742572080272
21.442929198692248,1.1424673704361,1.433953163677618
22.237121484819244,1.4060605767730914,1.0021745080784448
21.367157609701835,1.247637676905817,1.3756677617254558
21.795042796409632,1.3081095530285942,1.2058733459816626
21.473177243461407,1.238514578588792,1.337299604977892
22.2742893250353,1.3624133521239004,1.049282929925586
21.90541587627456,1.3539724551739751,1.15018804975706
21.65092270432016,1.2146826403325321,1.294716561703215
21.6956970808966,1.2575424797079051,1.285922755254633
21.411752029230016,1.3264797469866083,1.2694985292783447
21.58619696343211,1.364969716202717,1.153715316803393
21.6210211123244,1.3778708959299493,1.1342349724470504
21.583533717274726,1.389964070987726,1.210827325407928
21.714282968479495,1.3922510331039253,1.1163507324827722
21.785450335400096,1.4034843785024578,1.0804298421596708
21.947667033398186,1.2678211765283474,1.2067314047290199
22.143987600772757,1.218566305720182,1.169602752682685
21.38018539491958,1.3945992013845026,1.2601116317406462
21.887065759401246,1.3112177188056875,1.172621710467698
21.76573824477778,1.2994153667547992,1.1937969126282848
21.739602955776128,1.3068183344914777,1.2271353980726836
21.756371585382183,1.214971450359627,1.2700624359465225
21.760566095447366,1.187334080349569,1.2927425359653864
21.92042154744516,1.1968502386879762,1.243018766942663
21.781167425549462,1.2479660838369366,1.210512407580822
21.7044266941056,1.151526997361109,1.3863913463505346
21.58858038571584,1.2914464130938204,1.2809460982013705
21.45558254627423,1.3248813312428507,1.3046276170192894
21.50584449585382,1.0915114331499645,1.5007946428354613
21.956167224211153,1.3738145345624122,1.0745724591331662
21.688195136810435,1.2388959640535415,1.2742756650108351
21.695136161750963,1.2461851202956624,1.2646771776003227
21.79302450804949,1.130728136084786,1.3694571887813287
22.185402892145383,1.1066898392422735,1.283801790804591
21.32166030222141,1.5069123720329642,1.1349872076412701
21.560183164328983,1.0681356282514836,1.5058124262428747
21.664142968223757,1.376420055038878,1.1580574351838284
22.217165919906456,1.2709352918077799,1.1161571774715218
21.93919054365012,1.4982198026645033,0.9926061413641688
21.489894180808783,1.2572028836073659,1.3107816047338885
21.75622157135154,1.3258300119927415,1.2100430029923521
21.742792579976825,1.2425904903645322,1.2411567841476934
21.7427667683628,1.2031785949780947,1.2995693682391591
21.70272971581324,1.3991082988704107,1.1686609772540872
21.832561312608593,1.253669898994415,1.2102158944162793
21.81058231835012,1.2245982500999502,1.2530331078044294
21.659088546620602,1.3964115598288815,1.1263887654659397
21.566280739414594,1.1683343871484217,1.4163910833748439
21.930106226040103,1.3778182737791038,1.0787375817029816
21.756649581509038,1.2454257109829865,1.2674143513523783
21.674333615405907,1.2889346929328507,1.225312141672122
22.011482088469457,1.117543000847418,1.2755454888326816
21.187522077732794,1.453595858569896,1.2579004628768211
21.80329822605735,1.0658862854775288,1.3880708132066812
21.679264326680084,1.5565682367709506,1.0392732238859936
21.134996755428052,1.4738154063228661,1.279848507549395
21.856331664450643,1.2239493935519614,1.2461112320325418
22.008400666361492,1.1387028600431155,1.2949040623366248
21.297494222634,1.3235475198106388,1.3308793962461951
21.963298530916937,1.1997083653940923,1.2705594771759887
21.699108989336075,1.3036161711603005,1.208076675591762
21.735729933736863,1.2055032945751456,1.290526970478693
21.42530600138543,1.3971588840758284,1.2105168326471611
21.59849661492781,1.335623826747218,1.215638404698603
21.80133046181884,1.3343613644791585,1.1453476328830112
21.830716994198447,1.3871548170542307,1.0879164881150267
21.568222501762577,1.3891503104787282,1.1553216819080028
21.387071208354406,1.3561285122701616,1.305531922838855
20.896272246735407,1.7512401202457726,1.0512307090098718
22.216887970868086,1.110890953313524,1.2639366754184036
21.196462107806532,1.6614571427721543,1.045119167186263
21.52576718356167,1.3697620682949059,1.161384719018739
21.29589113211724,1.514309156813072,1.080340860485389
21.476956507669748,1.1590017312176673,1.3788922775151178
21.709832990789316,1.5428208236960443,1.0655130065446354
21.83042236629826,1.2508380630084568,1.2684687991227406
21.9451029504205,1.3117994614547246,1.1611121555478319
21.85683431966217,1.3014704397329309,1.1969796328225506
21.30925986972916,1.5240714700192237,1.1740475586932635
21.899084394964113,1.238913134198431,1.2210878539448837
21.68635707266052,1.292801537231721,1.2469855927178555
21.380501652657863,1.1661911595812642,1.4124747424241908
21.627594513167285,1.3054596975701978,1.2264226601137855
21.814503002332458,1.200762913221671,1.2878311729728753
21.41034972657662,1.2508423579990573,1.3226031195724746
21.375886538054914,1.363475477909585,1.300841317157199
21.986103971528195,1.3247889115394118,1.1649350525991697
21.86185788297785,1.381186516756383,1.1372226836546784
22.3437583964393,1.3842358319370307,0.9847007244775992
22.031359188934644,1.072960125041406,1.3846671067022538
21.24035381531602,1.5586684200576897,1.104926681851295
21.207070729590505,1.5716409075333324,1.101768835356821
21.69148848434951,0.977781350899741,1.5237020616376724
21.648736033741386,1.3219541987002272,1.1743810070491203
21.672561479123218,1.2867462364296811,1.237887927631984
21.623138286290562,1.2626871215713786,1.2671582346507606
21.379330416829156,1.541660451091535,1.1156274540699198
21.547746480406918,1.4628101607748043,1.1379127008636736
21.57931305585037,1.4471003689734943,1.156321927701409
22.087614468806628,1.1176802238549863,1.3129638622310245
21.57271890968024,1.341990369936181,1.275062654727189
21.839625928782233,1.0256033050936377,1.456721207062568
21.717430542000454,1.2013582699507905,1.3375732649722412
21.896870212000692,1.330409255656838,1.1306779351283374
21.633558876218785,1.282032038740306,1.2399261218208923
21.820146388385147,1.2315548944289485,1.2068497382263106
21.309476361001654,1.289143636852524,1.34070977614614
20.989514342856154,1.5163541002207879,1.2194460702748278
21.39595831949967,1.1167721891171578,1.4841480404572238
21.28580612956015,1.0774444970852324,1.5547397838719133
21.615876841523075,1.538790054754359,1.040932265041942
21.943614966053296,1.0953128673910861,1.3234841112787175
21.61057227236022,1.5320757456102683,1.0680584799809474
21.209267676605506,1.312285231021039,1.393441861754331
20.74531422883083,1.3242264419601943,1.5108870280675057
20.98312430251781,1.4129845458004877,1.3092720255029757
21.240363149016236,1.3747746460140131,1.2720968331789244
21.8459045453259,1.299682372613648,1.2131704637131482
21.377709968793997,1.2735549626320277,1.291290746000522
22.083676824007803,1.0824646574346326,1.3022804113861215
21.72096796650107,1.296635345460266,1.2232499685800926
22.077679862222332,1.2459200829382058,1.1516997349617017
22.259022000522975,1.2575700510251178,1.1574913904816158
21.102627861462135,1.314488059358315,1.3541360971418117
21.744593382055456,1.2108257899060935,1.2872726677491002
21.31015146015522,1.2339863780537255,1.4156574363773413
21.988350784629368,1.3549950473154377,1.0754381852648454
21.625791608576648,1.3391969331989493,1.237286974403102
22.225885068643702,1.3035118210279788,1.0230609708531881
22.371553679297676,1.2187825622381534,1.0694837332460874
22.778076519258143,1.1208172961408303,1.0508976187520627
22.555515540938767,1.056212420075445,1.1736330381180975
22.599994609902396,1.124462523880951,1.0801140777132239
21.362154252557126,1.2396515740202474,1.4210464139738912
22.11871578404397,1.271197573990494,1.126803697366007
21.808021718428513,1.3970951210651406,1.0722719398075258
21.703456748393513,1.1962133712455232,1.343707568101367
22.03626995906123,1.232423058452021,1.1788691555201158
21.35308117590744,1.2941075103518316,1.3315244162825126
21.81950671769723,1.343500890051032,1.1349315030101166
21.546589696566382,1.3303431388170281,1.2705341485196227
21.87036538328914,1.1878746503217419,1.2909244613861877
21.784889632685342,1.2312016817290041,1.2799338654504233
21.594903295087946,1.3682330713849207,1.1861761595498388
22.036211610098903,1.1495471150679988,1.3058056918493488
21.918148375778948,1.141619799198827,1.3256930468427672
21.625030855125303,1.2586030488809616,1.2987433596202551
21.64842933949877,1.2983303623243958,1.2325184662568691
22.200162885189506,1.3987215504084372,0.9797471248860349
22.11303356583054,1.3733019912833575,1.0337816375106434
21.4052143588278,1.3127912137616196,1.2526041565592723
22.061799330868972,1.431563528012739,0.9745789047812814
22.05229379026217,1.3866407830673908,1.0185496159596357
21.58806200628325,1.2871216449678715,1.3113678309207302
21.671354862639163,1.4679959668165445,1.0594668060873726
21.662367807804127,1.3007435764037152,1.24590860956391
20.96348468315925,1.4771308730658985,1.328417706948522
20.998736563325725,1.417104128526958,1.3801552185134902
20.933337141936523,1.4525000403786255,1.3616294969762326
21.807792732019184,1.365096536457099,1.1309404390843196
21.83276645707442,1.250842553430415,1.230177831743911
21.119577655903548,1.5532922884462546,1.1899284610504444
21.271029180509327,1.3943814759464412,1.2861642583897241
21.461353430963978,1.335683728485487,1.284726529111262
21.89033258401612,1.3024865563145773,1.1358696730727669
21.970621410080483,1.365891136614147,1.1104538095880367
21.825857208748925,1.269513652003091,1.2252960695660962
21.48636704944614,1.3093756188202577,1.2655078408774196
21.764733003835374,1.4396009802548129,1.0860010070093333
21.949879911661597,1.282294886257776,1.177004474110424
21.76504721110848,1.3094755023037992,1.2155893081424287
21.363984004153203,1.107972344597834,1.493833482342248
21.678189096805195,1.118203293383655,1.4110378738840648
21.86191211140963,1.4166080167372603,1.0995687923047925
21.57810330998058,1.139024954876072,1.4208854336438361
21.432139016120203,1.378551452421122,1.2197498559046878
21.91932437976631,1.305624559429683,1.179340993583851
21.554493119323247,1.3734573642661858,1.1743497675875556
21.7860564019378,1.3506301343152591,1.1471417226177432
21.466456351296387,1.4057260859442937,1.2212518976396982
21.557979609528587,1.4896789808491337,1.059471667145369
21.617813318504417,1.5530799725954314,0.9708121618188809
21.41530116046684,1.3232351568616805,1.3711607802744183
22.387795637672827,1.433946554580718,0.9554036543047246
22.101466890922655,1.3755106963641486,1.1095823274635617
22.50905959755295,1.268925861828551,1.0816509077135577
21.653057032257877,1.489982385995232,1.0698024414437828
21.993268360977027,1.153519363787419,1.2551700905136651
21.801315856607037,1.3614840811655935,1.1648816736775076
21.846932032218827,1.2782652637701144,1.1883522873227712
22.091743049947418,1.2364313525557693,1.2066153296655766
21.469741720878986,1.349510215253427,1.2231157429368302
22.192093937366682,1.2480507972026815,1.169887125593234
21.393050680212525,1.2990239031038877,1.3183445125774835
21.707611122173684,1.3179304322558976,1.250966580246515
21.778898855523238,1.3374982361898855,1.1901042888800852
21.60816571031487,1.3237845630057865,1.249242780592438
21.87716920645691,1.2721405165641664,1.1946775561168241
21.59148363135224,1.3501000114343873,1.2237526605852083
21.678626308475792,1.3175544959455678,1.2235640296460597
22.023324233866468,1.3387241883787226,1.076197021541687
21.863062861116788,1.3343719088332866,1.1276824326014911
21.82809936817685,1.2832476376750752,1.1732237871618794
21.78811124985032,1.3132144286742833,1.1625876101109072
21.628351347428186,1.2499020014277495,1.2997581743588504
21.934459074438145,1.1292604139597315,1.3146991761046198
21.3396416147663,1.3145484685104063,1.2856382424890895
21.249377273631406,1.2967695476736496,1.3489314202803078
21.68607238327401,1.3119291730005458,1.1879083902760188
21.574759751863308,1.392375109619052,1.2133677929775921
22.053768738794073,1.322980182226809,1.0847731349309435
21.36124567355887,1.335955020030896,1.3272417171719417
21.946291575662087,1.081813376916846,1.33302356728811
21.8813384573577,1.2425318362987747,1.2460324528717155
21.8948890808711,1.3596158713238997,1.0658141414988327
22.146264544316086,1.1958076711371262,1.2373770098196601
21.960645386894317,1.3806830631208933,1.0441239429897062
21.59349773112895,1.4760631163643083,1.0463611995143178
21.580180990448778,1.4115719046339477,1.2275287225741116
21.564970740833925,1.4855140472321837,1.12690583565638
21.521046148743643,1.2162387917424686,1.4252198066211867
21.80218879232374,1.3034750164795632,1.2532595845937509
21.99201918534076,1.531499778747045,0.9408419243265668
21.91719941355722,1.4598424403418033,1.0409178508573738
21.831046548270052,1.3318479169868682,1.195517165576088
21.984495198362936,1.3957741927811547,1.0577972336289339
22.050203629524184,1.1887846768762347,1.2304765734913838
21.85787847315369,1.4660635212071196,1.0379562089869396
22.024004515148356,1.4189246734742595,1.0433650343495275
21.685016923279647,1.2294339677214996,1.29621383559819
21.54544753131772,1.3913770519201802,1.2015387959556176
21.708011612258435,1.3707633542975715,1.174657807228578
21.72533052571343,1.17316438320263,1.350805432829533
21.309795159139682,1.594514197698913,1.0830086836246586
22.098711170819836,1.2913443496579902,1.1105270121581778
22.31755493034724,1.2641448866279272,1.0485734067355643
21.106158448358038,1.501337271257919,1.231558488423283
22.43812669031223,1.018851498355292,1.296720796073476
22.400922989821566,1.0494157738101666,1.282338093114438
22.004483137784046,1.1653922549185403,1.2808427718211375
21.580348378205606,1.4775034580945972,1.1394159311044947
21.82551032909919,1.2147580379473506,1.2332578702696193
21.369477662681092,1.3128791614841933,1.2837430383271584
21.399470224697062,1.426185508936786,1.203933703734697
21.432484343906367,1.442536817061151,1.1463108932880075
22.09950921424459,1.3337075314669826,1.0598039654467997
21.09672996656949,1.0642269456079756,1.6521680778238066
21.246380990005818,1.2411341213385487,1.4246068226595083
21.904976725503914,1.3334229956424193,1.1282782087422372
21.57147003022513,1.2530052886383285,1.3406824308379115
21.145713414771688,1.4704930766102644,1.2501178066929202
22.281552660001644,1.1124728663356847,1.220180701374964
22.365120822762815,1.1289806327969831,1.2057130579640243
21.443111538829463,1.4029297422598839,1.2063950775153172
21.23133443895488,1.5079873492486393,1.164744833043415
21.408623246863115,1.3689647779564764,1.1871973461649221
21.534811941896642,1.1595088279507042,1.4110875218845549
21.662773879293717,1.4223275197710497,1.1350676664276422
22.01487568549858,1.1818219750116152,1.2979593751816785
22.079424404049686,1.1332857539872558,1.3154118611585242
22.550542506667497,1.3841129622277293,0.9406534729178352
22.351847002970295,1.3844820313161614,1.0132949939339384
22.217064772949115,1.2703506925805708,1.130067688776739
21.810125681182708,1.2698646133061693,1.2768583450912043
22.22226974452338,1.4642905448432812,0.9504195856054001
21.342357679856605,1.1294179493141654,1.4988646162967552
21.259870512129204,1.3784931211695177,1.2972397182166768
21.965848983687494,1.2513852602921607,1.1878497253136389
22.0626264352237,1.2534717881485846,1.1777419807902172
21.75279567007565,1.1186432956672212,1.3843061067421636
22.028351079508283,1.5783606434459996,0.8799439690855235
21.335244578237994,1.0621126175389193,1.565998928507185
21.517217992937148,1.319617199533107,1.1822279709987338
21.11298250937727,1.2990481286678948,1.4065532773729552
20.950258825695254,1.1747680459633565,1.5988505429645046
21.091769382396052,1.3750210117178803,1.3427949264985874
21.48710412532983,1.2163251497079912,1.3426253202251146
21.904650243037132,1.0267670068421997,1.3715174481607204
21.273602506401197,1.538242934898129,1.0947227228553797
20.975136994799165,1.5227249864419508,1.2580075536495348
22.029497096164803,1.3356500314888402,1.1178440585063012
22.078828390279085,1.2722634226675653,1.1684168805934396
21.196498197163613,1.5202287400281775,1.155790632915681
21.57138210043488,1.3542986855409223,1.210287847387694
21.579826711646696,1.4602478978969944,1.1114700822396846
21.383269348463593,1.2276480011191417,1.3455248130019535
21.325873086001238,1.392772615564708,1.2471389630082321
21.865248743001587,1.202599011275715,1.2245387946525084
21.544082454121387,1.23033670270534,1.2987028081880911
21.09978442947147,1.459552837709993,1.2177263102665021
20.971935928512348,1.3166241446722062,1.4313117940395088
21.368967087066707,1.2793923638705091,1.3328856473470236
21.776323432647075,1.4564118321944397,1.0703601118846258
21.30294622149453,1.2943429820979726,1.330543820408826
21.93845351663429,1.3942683086769203,1.094324594272879
21.35809932237278,1.309581836938352,1.310352530036119
21.519907262102073,1.3305702100047496,1.2233401960346832
21.59156938442125,1.4282756677762805,1.0845500328649489
21.573519461474078,1.4724911922869093,1.0619668872379502
21.78945026674795,1.2960734718753508,1.267596598628236
21.78154168056071,1.3703590129666954,1.1789787761911241
21.985676204502234,1.1469662757214698,1.240478447682245
21.714014902894753,1.374697710415634,1.1002269595431557
21.806524478411554,1.2951385694292359,1.1411008041085235
21.41509864129452,1.3382521503078448,1.2677994561992283
21.946270362348642,1.1434081427088822,1.2604638014110032
21.848781805601128,1.0357592939820108,1.3744638358576184
21.264217244373434,1.1232212726790043,1.4689187141926026
21.507054223339217,1.1099887045615535,1.3992965759232892
21.550066341246776,1.1501399829572259,1.3548190776110085
21.499892824455955,1.1963647384355593,1.3266515157269523
21.37063162666209,1.2724550657281322,1.3328527433413901
21.71726019149505,1.1338251395703582,1.3754658787861884
21.640536306620028,1.409034968342917,1.1515828915580164
22.03034179678366,1.2612895827699708,1.1115598131642792
22.057676381452357,1.3328083118059144,1.0360548385244015
21.99785074184804,1.2638742259796956,1.1566476405625008
21.377598833875048,1.3688599808663349,1.2608437853551826
21.7668128875428,1.302615873376509,1.1894170734360368
21.402349024375802,1.1974496913517647,1.4110259402187912
21.847573860096603,1.4227247410679198,1.0935765035546694
21.446601646277855,1.1227135582759553,1.4369026845298143
20.854524402735926,1.4080350050192454,1.390249572425499
21.613974435950055,1.2960792413629265,1.2597042296285395
21.82332279043091,1.1942867350634208,1.3076957579626065
22.101640667597582,1.188844400117028,1.2366271121450991
21.671830834426522,1.1949768057394805,1.3624915882718958
21.93557165613413,1.2328748419020585,1.2256407477081472
21.188616775348457,1.2886320690081918,1.4128336724235613
21.499387892360737,1.4071330999278888,1.1952318002683509
21.68158244707908,1.1911863977456247,1.3767010185681614
21.920803841567402,1.3632308236379933,1.0614031616839832
21.63469959016818,1.2263696677702778,1.3400070086310103
21.805162055540947,1.380084446323199,1.0853579663107509
21.922969650910783,1.43524941995036,0.9927937280989655
21.168488923371598,1.4463846000177325,1.242657152256043
22.14467159196428,1.218627424648003,1.172727795680603
21.606885037840133,1.1673638494364333,1.3823978237690842
21.909697900071,1.1029254143094316,1.3421335870034352
21.575656022241244,1.5783456846641908,1.0033828596607575
21.879911876671347,1.1052863418749086,1.3606540057755798
21.928781951579303,1.3703980068647825,1.0685292518138785
21.907989477734688,1.3151025297234602,1.1656500319217686
21.468603829609464,1.444908898687206,1.159241760774575
21.412521198516565,1.5134826650453472,1.111452843627794
21.447644361645033,1.3689381857435745,1.244399029119318
21.690567789753715,1.184951478998478,1.3270016328664629
21.658038305856813,1.4349048812762057,1.1243433273882832
22.055958984134435,1.0240813727829843,1.370337514418937
22.0762537118177,1.0265476871137513,1.3493930783603654
21.881578124627552,1.6144324528914444,0.8993816852797643
21.956031323413388,1.3370918162878116,1.1158842045654087
21.878025780194633,1.4538575185331313,1.0044478420618312
21.498482776249137,1.0211260093111612,1.5435271622190059
21.852899565099015,1.515606903815112,1.0278899159359598
21.998752400203088,1.0825856146695159,1.3229953547356488
21.819331115058194,1.1952814664910283,1.2866465846888073
21.871244107596482,1.3302858641826198,1.1424294253137768
21.392557592998596,1.1735329514644752,1.3862384634250118
21.387701713305717,1.1411244698877927,1.4223366416517162
22.09623504322552,1.4875073228943174,0.9792944389419055
21.981068797941205,1.425508328034397,1.067356533937966
21.976072127275703,1.373888431355304,1.1284625199375746
21.761131509639313,1.4112071334657101,1.1552939600504943
21.564494867234046,1.302198496453675,1.206849531461985
21.489577475941026,1.2457679903002488,1.3163417820872692
21.30178284534587,1.2590227924069521,1.3476359722988882
21.93256506086098,1.1296485569308317,1.315952255007173
22.005685568285408,1.033927110433972,1.358697465872996
21.211279376778307,1.2680434338243134,1.4373955898229427
22.32803841090281,1.0060469365947116,1.3071360590445245
21.601372084939623,1.103746654394533,1.4887263726067044
21.677662378954892,1.0798176596277345,1.495311621623809
21.454765903195373,1.1573825359891192,1.4631092243453894
21.561889184641412,1.2224412154655253,1.3710443848156426
20.945967083985096,1.2286454373258529,1.584045181084362
21.754824742960878,1.41463751062213,1.1080276780345732
21.466114221823254,1.3013488216273685,1.3400091221843147
21.70401028251773,1.2980594112964394,1.2299793887456105
21.84832538462283,1.2771079106731158,1.2198955368196622
21.5556794612732,1.2944767685617289,1.2833289777877583
22.022841845276506,1.235783687145544,1.2309200571179135
21.519529626848378,1.2980683814606395,1.3395771248591368
21.73175905631159,1.309163187676867,1.2363068136054254
21.854977009962585,1.1114895953635568,1.3751137899997297
21.159965056699996,1.5071764260314857,1.1854122972029946
22.35493584026723,1.1139856270063355,1.2369811732582048
21.090059709745336,1.3634590793052699,1.3324380334099726
21.07276777529539,1.3527407875983712,1.3564749536574758
21.74774789015019,1.3481246227736654,1.1641553228852382
21.937576493583045,1.1569313369354512,1.3039740869878536
21.338599673911652,1.3783493591609228,1.2414426647851107
20.985164848370843,1.4468402511760787,1.3193426263867158
21.33234066420394,1.3665132088332856,1.2736333292923412
21.84643372498633,1.210599075712126,1.274940462311681
21.828395815192323,1.2853296412060344,1.2009036692307187
21.506917768154246,1.3412401478956832,1.2683025174883453
22.023355365781512,1.21540784045353,1.2258851008273346
22.07530275431148,1.0364973272400813,1.3667902283945457
21.766949774351108,1.484757417328962,1.0309773674804632
21.22485788890128,1.4019943884153867,1.3382387238410056
22.28358785923715,1.1500464264603194,1.1407999737763856
21.285590592982757,1.3282722773612048,1.329429060140628
21.944212842210163,1.3293960574142267,1.0781157039654892
21.641029934491804,1.4763056013658589,1.07730606585883
21.612628047053413,1.4653181285091306,1.0695954431160317
21.802916959278893,1.2796486202028523,1.225165240448005
21.64271582315447,1.3831441676073943,1.1474506872749721
21.86691023660151,1.3372296858753991,1.1132159238184172
21.2632394763262,1.4368324035912092,1.239888866217597
22.185251153828595,1.1501466907521365,1.2124288480510175
21.95242674846584,1.065273698036295,1.3512831879406906
21.81512825814888,1.1243990843184455,1.3697269735648385
21.845334411316877,1.2846387730721271,1.201520443884153
21.36896570575207,1.3443758161300257,1.3220428046385069
22.07320942609396,1.1554862067035316,1.2514655590559927
21.690401176336394,1.3162153242975692,1.2278728020323806
22.08700891023734,1.3051385040050747,1.1335823427881744
21.324764643540927,1.5643013802103445,1.1586815868432527
21.38335484678445,1.5183215362061664,1.1658610066724588
21.73975591491024,1.4764080369594113,1.0778434460333008
21.478572851209968,1.3641738970176018,1.3134306515408456
21.500773199319177,1.3061774794945884,1.2259323301581724
21.71258487954177,1.1861218870676749,1.3530922624102935
21.593913553718664,1.2150642718962146,1.3440982822708663
21.324247682439992,1.3833515687806281,1.265397606623286
21.644478965066433,1.4399244966746036,1.1380265759188264
21.78025662660059,1.4972953263501094,1.031180883962723
21.59318160974487,1.015482050197902,1.517095306761824
21.45233981895175,1.4532335328855936,1.112982509188711
21.617698434446375,1.1917272906251402,1.3817069943534601
21.248418258231485,1.1706820872868524,1.5169168766616843
21.43544845759295,1.209974471506738,1.4001945122759594
22.056761031287156,1.3700160144808675,1.0660140093201782
21.544823340124537,1.2662991576547378,1.3005374017670681
21.94040992354674,1.1720201529216878,1.2680209170153307
21.56435931028955,1.4548105068418757,1.1148839428461108
21.92971790259937,1.2955294866355873,1.1549186643998564
21.545231271765715,1.6148738202970285,0.9896540433670481
21.90937300848777,1.2261500499945341,1.2201986933386884
21.617496945177944,1.3805267402902028,1.1547929897770843
21.34362746025276,1.5033021457481257,1.1541062728137033
21.791193320593344,1.2685436536639625,1.1773148227888617
21.62535182139363,1.2500644642856866,1.2143647267991045
21.788235088290598,1.2069119409099482,1.2020953439035447
21.704620529694516,1.2404244654647467,1.2283574526157832
21.688876587744055,1.2989736779344858,1.2670054301837888
21.752010440765275,1.5235518816717974,1.000893442423788
21.349263519076814,1.0782628526290832,1.5462794332878314
22.018478549841927,1.5179172617469232,0.9195480329300431
21.515126241120278,1.364010084431664,1.2350366874085237
21.637704819805258,1.2929604537325945,1.2579123854064518
21.273054647724457,1.510437785065369,1.1441214644324698
21.312569018795188,1.3993504162620123,1.2735070132692836
22.005966791549298,1.1340646646141357,1.2544830869391597
21.79670168803187,1.2468096354503717,1.2493563350011319
21.6531367622884,1.1947369057215533,1.3300448210819065
21.63249684443724,1.2366132758197217,1.3029201378864645
22.181232327436085,1.1531707034026488,1.1913866001798699
21.3395075793767,1.2439276419080803,1.4166076550845865
21.77910206595903,1.401286275306642,1.074708395751352
21.44321980947163,1.379408226151839,1.287461665734854
21.70882385018238,1.4986537973642176,1.0440673621879561
21.530836007920236,1.081847405294933,1.4662515997211065
21.666645934742668,1.3273679623867112,1.21499343645419
21.69335115115382,1.4870975688184775,1.0574989484554211
21.781348054287132,1.4905844708697658,1.0323656550000113
21.790819277067587,1.3170859919343996,1.144326301232594
21.065256924540286,1.50970107290409,1.163256871141804
21.915498716005505,1.361976569333503,1.0671078228662432
21.46670469657962,1.2860119911241672,1.302513456211558
21.783926844908756,1.2312060786506622,1.2735737896166213
21.555197990582272,1.3048172253716759,1.2720279536763692
21.834142146943606,1.2038595388778215,1.3412750247051348
22.243016778159227,1.0935153028330296,1.2989200643319658
21.495630869087687,1.418633619657488,1.130883934379587
21.523329650506493,1.1550459030494915,1.4024956801741109
21.99440314904515,1.2203178811047186,1.2332564129313328
21.661854483961545,1.276048963526648,1.2399842747343095
21.98298409035065,1.0951901089798108,1.2984184692972722
21.557306146750435,1.2918834618572594,1.2353924685023012
21.18789345551442,1.4371622986899935,1.1953367592207076
21.29455721895029,1.398546064978543,1.2252797296248585
22.04021435143964,1.1612871003971799,1.2680371482787722
22.084141805083725,1.44821643713687,0.986538438678089
21.453540075329705,1.2093537047477072,1.3770611178869019
21.912501644777244,1.3187656192499382,1.0986054959282188
21.043792262858172,1.4951302338710664,1.2786392253587986
21.392057462455156,1.3956120641453174,1.2355400310116433
21.492806152502556,1.1910670903811105,1.4202248629161378
21.52973360151648,1.106460196962147,1.4798024472009552
21.590616991040406,1.2393742800874583,1.331018868632431
21.75915329338323,1.3049656336290538,1.1754656937509005
22.165137461208822,1.1204180909058323,1.2549638273807902
21.33094000261058,1.4114205808392952,1.2343440847105362
21.334752762955,1.4557719152001225,1.1825429967565833
22.22774271635548,1.2219040824842968,1.1413843520727438
21.598870674679453,1.2555033601114163,1.284711703007449
22.113990146965033,1.008334022678913,1.343061724377019
21.939310254858295,1.0790468817653587,1.3577862912479104
21.601546586435813,1.4286982301149338,1.1022724043905063
21.767082913596163,1.1555958672399804,1.3554169622726642
21.79270034370935,1.5768624126671005,0.9456847719965797
21.753509663740566,1.2220417503858427,1.2762830201124713
22.052371779417584,1.441568103892061,1.0055572800290606
21.27552903225994,1.157954591944655,1.4658108338119666
21.830447323892237,1.284616812013313,1.2004495805668218
21.61462157619154,1.3005353497268317,1.2342440515445408
21.514447799481985,1.2595351534493742,1.3042841751078136
22.032534638830413,1.0955758326329414,1.3531898204256654
21.798562344155116,1.4076770265288407,1.1002923033593799
21.406677129473113,1.400843824183505,1.2130445237536223
21.509661133819733,1.3065723940585936,1.2860614159519388
21.868932489806703,1.222581469160681,1.2625193131249892
21.63033328654296,1.1811642074379693,1.3581996708844293
21.675792632188617,1.2269370456306046,1.3198389668350068
21.796867892808734,1.3031418631889866,1.1958493772451089
21.400151732797084,1.4131063078790642,1.213933218667011
22.027151948901043,1.229699687283808,1.1906271050945805
21.643757061410938,1.5588759488337793,1.003802474993006
21.795034001802364,1.0789191823682616,1.4193794159495259
21.685519191818454,1.1380095411109423,1.3514215774378042
21.530019512292945,1.4621755020989655,1.0831145027668434
21.84483657438441,1.2208678317295287,1.1982988765322407
21.6602714421237,1.4304237256535401,1.0822933652893478
21.894138719935114,1.415297967351419,1.046520085402091
21.839067581297353,1.2712119040516403,1.217155942955257
21.477723067331567,1.2529838519356487,1.3074626097962065
22.023718784955737,1.1328127691143797,1.247880982496494
21.248765093753125,1.2995367327531553,1.312505563556296
21.18492568590251,1.268644690477471,1.3685102664147333
21.79974109929219,1.2018481570465533,1.2637027862297665
21.2520518846892,1.335514684059827,1.2948960120624669
22.04634650711404,1.146847551064428,1.2422710307854705
21.401290370049175,1.2527881947303343,1.3160206930077527
21.54157368309844,1.1300109404117142,1.3212599885512804
21.23500066190256,1.0524402075312296,1.5365871100584017
21.75925985972549,1.255722675287649,1.21951754144691
22.050808790935925,0.8481559883325854,1.4942101887943373
21.4756490139004,1.109078856397638,1.4557913932631552
21.93505662928448,1.197397452017896,1.2870660297066392
21.899821751103634,1.3185122875878623,1.1759929346181364
22.049412450788207,1.08180452190793,1.3460286149007223
21.366478812126758,1.5102130726968432,1.146765576610009
21.733325342214926,1.174204758904063,1.3128256146328179
21.64821368304773,1.3710641348996024,1.1790972175017065
21.544746576640616,1.5028324290025574,1.083605977439113
22.05668195846709,1.207809017587361,1.1967106384822865
22.11314815789383,1.1733684559212663,1.210930457424693
22.077276970995456,1.2000744337806644,1.194094017016694
22.03734359023273,1.206182890060873,1.2266356886120922
22.107456441386432,1.2722935435056844,1.1255966025921067
21.703372485881047,1.3425217575954673,1.1785763158666658
21.298546796756597,1.3133856222343143,1.3720478673259413
22.450761376731023,1.08478747240654,1.1838434368363118
21.990135670682005,1.0823972930855013,1.3324009148763678
21.690567034202125,1.3711329766383238,1.17174772546298
22.029839885506114,1.260529603163578,1.1740801262524128
22.280463645984106,1.2086881177684934,1.1507840554068007
21.341940898827485,1.3629434568857235,1.2866903172329773
21.812817105272607,1.2362089131172525,1.2395605815488209
21.827819164202115,1.3357870059222423,1.1747758646827717
21.069492693521447,1.602331015843091,1.1451709260309024
21.761834898620023,1.0554548474816732,1.4044273760002324
21.4156976967643,1.3252316384413196,1.249925008316298
21.520505334806046,1.3821714274126824,1.2435664078611144
21.574731737807063,1.4091411709793478,1.1897213471831665
21.795575545585606,1.2804959922605121,1.2219816633427276
21.667613525456503,1.2514824225604968,1.2376352555129002
21.855520551045736,0.9920589797440883,1.4340599329078187
22.215860711022906,0.9076128801257513,1.3946912701456404
21.340362840113066,1.3945477993187634,1.2493351822558887
21.15488371532486,1.3976464818336645,1.3251006795263107
21.59503117808859,1.2524226381697023,1.2285633337623976
21.85237396360531,1.153217566535757,1.2722833860177882
21.746636954010697,1.483062730793269,1.079895329959307
21.622750459747145,1.3076426665494099,1.1728321598624496
21.06116889930093,1.5173696417845215,1.2084913729768116
22.077064811842106,1.1730838332871125,1.2370142877631654
21.488501839730972,1.4202242853050844,1.2095637187029253
21.391397162219846,1.4227022009596877,1.2591706291888753
22.064830393249466,1.248980578979051,1.1395560065158197
21.803990628502962,1.3554857863908591,1.1402958290076768
21.546171080481283,1.3630453041617174,1.2519679131203991
21.80204423942351,1.2103064202893867,1.256473189812627
21.654897203225232,1.268632883801005,1.2792190221606945
22.069996907529898,1.1421706399295986,1.2662784576443422
21.91896253370734,1.2199356330743918,1.2488586281389813
21.70039385571667,1.3194496810608938,1.1834177547606306
21.604447562993297,1.2581676986282229,1.2994709762359862
21.88920388868143,1.2321303195933277,1.1959174415295504
21.293372839079563,1.4055156921330143,1.2871665225345545
21.663708253880927,1.1660563621989886,1.358311801728101
21.659551355092574,1.1727703381359573,1.3575554015498374
21.911344702101296,1.3093653206482783,1.1473421434183062
22.186642403743342,1.1255006378648913,1.2517044391290453
21.64106077041208,1.3155068089405981,1.2375887009508488
21.543528150994348,1.2761906614378133,1.293258880461427
22.060613864818087,1.1391763071541865,1.2699605331513997
21.944948274376703,1.3122947656648054,1.1866271703955023
21.939627709026595,1.3889633325427773,1.1140860235316472
21.972967671229,1.3710800327720027,1.1240527033499903
21.900578149823456,1.340347065592034,1.1559707631438703
21.572033728408144,1.3689636470549638,1.2623264909153593
21.77988614505985,1.442102878007104,1.0951193004328303
21.399237171047396,1.2024018301253363,1.4207050963687025
21.515674291495884,1.191085712642187,1.3694153317720248
22.006210425383927,1.3900304736624045,1.074531081215885
21.330406564916668,1.2538026526954615,1.3589016102615894
21.696997121011634,1.2930375028876644,1.2048135403762226
21.620519803301626,1.2389469791588548,1.3737160656010519
21.876641016886367,1.4400073879513855,0.9833437311871885
21.87237455398487,1.2188619481474825,1.3247899465097392
21.73535637468433,1.4169469207202547,1.1009512752890183
21.80913744176962,1.4843526604965362,1.0323975944269634
21.7101923695948,1.2513369611462326,1.2949400464924758
21.84061778018254,1.2546345986458682,1.2310680132774572
22.232711237306958,1.1667027418812614,1.1497231121199019
21.243891273357498,1.3964986686362528,1.2731509565975183
20.867906301626327,1.406509292933562,1.420716012620185
22.262031795442542,0.9607817196493799,1.3645676130686868
21.708691670282963,1.1626926197799687,1.4008235847285306
21.364772766666412,1.3915363855062433,1.24600641856055
21.640296164426406,1.1109158599266376,1.45618523348081
21.684601526574323,1.2290741703940697,1.326391044126985
21.617712699568692,1.1091060930180434,1.4470518565775143
21.569398536971697,1.1376275678114105,1.4026876328081652
21.654099682237508,1.3324323758183292,1.1966710806149217
21.264664724078774,1.3456425618147876,1.4056560280905803
21.967460235940802,1.2072904011384278,1.2880608407368022
22.019866385801485,1.4593563397864475,0.9880053720895104
22.227794104137665,1.3056876759668623,1.0593826036483573
21.43207751862424,1.255628507262397,1.4032551202622074
21.701665459585566,1.434791514424249,1.0781627751917595
21.666818724664573,1.414345885552738,1.1089536020954396
21.59524774904535,1.1487141638951515,1.3825147418641175
21.836471751352754,1.275432224852808,1.2152921804038097
21.790014153929366,1.3343954777348346,1.1902551118356424
21.821893014676647,1.153971653943063,1.293679635897395
21.586379801582513,1.4921640150258624,1.0835053588939583
21.681087861685633,1.3161516478932922,1.2276062444210494
21.729048193674963,1.2230267738916285,1.2885277021118537
21.71277650769028,1.237135372770265,1.2778218798179672
21.807969818715865,1.1749385392182916,1.307814466745504
21.565399782119325,1.275511351231886,1.266975556714095
21.69124177555333,1.143763784679916,1.3236958759985944
21.57544763270649,1.5272223394707392,1.0836323653127544
21.596736685273108,1.3534224567731397,1.2180387594553657
21.93695267427125,1.3861589535943728,1.0567002372182188
21.65707956214054,1.2200637896366717,1.3446845364964488
21.739549852195353,1.5472006110185208,0.9643246180321586
21.776126077399447,1.0724962322751868,1.4486151110201348
22.20458039817187,0.9207801412113641,1.4354341320002952
22.241161594575935,1.0282401499344578,1.3253380880671735
21.749784179804298,1.24285654718198,1.284412552847565
21.99261602523923,1.1001661025141538,1.3449380075438118
22.111614338377848,1.073851611057674,1.3309381891375616
21.837358257772706,1.29987858920141,1.2466855087641084
21.51508494472464,1.433389413871921,1.1834878172563372
21.61780695729665,1.443685513145139,1.1509566440964867
21.527545756953145,1.402680637658766,1.2027503027005473
21.559986053871416,1.1437218936117701,1.390360079159001
21.68364827422476,1.406292714334488,1.083323126898787
21.832802584165957,1.3118713212443425,1.235904904867325
21.362044270916016,1.2324828485136996,1.4252381748415484
21.321591397029717,1.2760686425735557,1.3819259648627618
21.734470026867506,1.339626442834328,1.1760677397493116
21.956890648888105,1.2253392744223413,1.2215651695506249
21.02057695628158,1.3571873833655503,1.3957139970451202
21.490414057772483,1.2539089998543296,1.3170987040577857
21.808657273429745,1.135799536766429,1.3123226799584664
21.871560480508542,1.4331761152741964,1.07648569172543
21.646226911146233,1.3540178620703611,1.1882678164257874
21.50349456786912,1.4546999926994109,1.1490016194923778
21.706892030979617,1.1160305761226865,1.3985872556451127
21.483391715359787,1.3670566272982279,1.249500688703769
21.3515549710118,1.345717613936951,1.323888757164668
21.933153124320945,1.510567419274584,0.9893237669308175
21.909877692828495,1.283502373059546,1.2113398061848184
21.490827109589283,1.379646352835853,1.1760437410800102
21.92498339069794,1.315084030893723,1.1682532339644918
21.471291487186527,1.4613045186418037,1.1524217614153154
21.64942087604001,1.3882631706942499,1.1641909696750419
21.54338475142112,1.4936764475589148,1.124637552605057
21.878930684859036,1.0314437147881923,1.3944727995909378
21.66615410037837,1.5451342170626987,1.0085439139027075
21.733283173544407,1.4395010721221324,1.094585466109697
21.65374539610152,1.5423593021368363,1.0257857798009917
22.091721478463935,1.5295811803552055,0.9019577818533502
22.106795799138105,1.5409353451899022,0.8935679429640084
21.576536778259175,1.1641595600374435,1.3671886932734607
21.850121944623865,1.4991033648409346,0.9930461678648254
22.08518589250045,1.20481854471163,1.1957952228791955
21.61425245563501,1.1592171851910857,1.3673417464163866
21.833344885583273,1.3760893789277424,1.1412306959243557
21.559910728799277,1.4897434920055865,1.1021941215323254
21.901861185055772,1.1888205397226939,1.2492132926662765
22.295000240627612,1.2276332322752357,1.1567750041194247
21.946511307868157,1.3485023974298989,1.0622801219644287
21.78096762504173,1.350465275632099,1.1220886113264792
21.52996045906678,1.4681370648042011,1.0731586521265117
21.276049750327935,1.4290538135075155,1.2058750894408716
21.450887841189232,1.3168024510639547,1.2633743545056733
21.948125011491825,1.118929956403444,1.3156556418756844
21.430800748344556,1.5696052754069754,1.0789169111393901
21.91088865645436,1.335383715611217,1.136177600558702
21.87645395486846,1.3406695160825026,1.1375200328962645
21.421301748798534,1.2547639500271608,1.350973866826018
21.993503485525764,1.349881718613845,1.0776382465981411
21.014720107106804,1.3780514579577825,1.369819150656763
22.16400488964444,1.2065661631352689,1.1748090864943066
21.599154500027808,1.4552580870041736,1.12834706222794
22.216452894809994,1.0572729680187976,1.3057285141186654
21.38710502002236,1.532248067653728,1.100635476969065
21.90609915676814,0.9998278192005721,1.4896538334096745
21.404891806660594,1.537180940559607,1.0541349001192337
21.479262943087345,1.2850338574812736,1.2604156154609818
21.472016520507832,1.380173547024291,1.2134095083909497
21.935096494310784,1.3381955124909661,1.124962844510695
21.50967405863511,1.171804418251262,1.4029183852593448
22.145634259509638,1.289370689399242,1.0891451559019303
21.53470241815551,1.4676767825564532,1.1802410411632769
22.020042505875804,1.270078158373661,1.1583781095358703
21.576955289819566,1.635112322853577,0.9989289366210958
22.49178406527578,1.1634767730805502,1.1398140643142485
22.046959427782987,1.3704898591469672,1.0736432257152102
21.499480843849387,1.3595022712126943,1.2518451602241893
21.845458063909955,1.4684647724057038,1.0297256894326356
22.173943346048368,0.9517841305918147,1.4369283217129527
21.185191333346904,1.3771732184046357,1.3188709965487573
21.65752224452213,1.4973744499727841,1.0798979811430813
21.650877198112852,1.5137932716476863,1.0975842934916267
22.11876110496634,1.3156389625714238,1.1165553772810048
21.600134906081642,1.3555608495487217,1.2129176327552507
21.95273289058166,1.250562089897502,1.175676229306679
21.660750921462558,1.3595137332757739,1.138461549877903
21.653890651802378,1.333427367620103,1.155318721925761
22.101646303071607,1.0839290948417286,1.3257911241716556
21.222676614705403,1.5413840353236419,1.1317641571441137
21.63513564982134,1.2390116353636103,1.2778593696998468
21.634198951775048,1.3588835249071647,1.1836927148222973
21.389848157979877,1.1042677981359121,1.5506091960240835
21.514300578059,1.4773350460007435,1.133786343056133
21.595099428352086,1.429468278775756,1.137758481943875
21.56849920405724,1.4651352209726412,1.1144176964145174
21.61546420913222,1.2916687021089504,1.2539459434940408
21.89716974336735,1.2074170308849084,1.2763350819176091
21.842009088247814,1.370044288867036,1.1474822574002075
21.02673324074212,1.390931752957756,1.3189012084933567
22.53508613901789,1.213396469945953,1.024114082893317
21.597944497561805,1.110709476960259,1.4576488277815112
21.889327432318975,1.5107170462489539,0.9808597680152501
21.72999506010451,1.1454167476863255,1.3903688116318709
21.936457133922858,1.0273700951759734,1.4353479865832535
21.50377552316688,1.3305818238703442,1.2913438856620707
21.689575022528032,1.4230839290115596,1.123623746458527
21.68973511821509,1.0764018090247198,1.4275243017999777
21.74272619688253,1.1643234803844191,1.3408555560035627
21.590629002676955,1.3622987842025884,1.1826299554419464
21.830205999655945,1.135178136706921,1.34277531081174
21.31504633256234,1.3480005962980364,1.3167893575322136
21.796630330422513,1.292187323757764,1.2134872924551183
21.856078362289708,1.294656940969193,1.180325646936325
21.557310989974603,1.4447549660977743,1.1406283865203644
21.88925203487718,1.2391972688591706,1.1936258144591145
22.045545415675292,1.2381896245818078,1.1778957783829813
21.299611814568344,1.3474940005366038,1.3044160568121117
21.283530025048265,1.4684410635145424,1.2121122955148482
21.673853859293004,1.247093635915491,1.3086721093000158
21.630037588600278,1.406661336067784,1.105480540654903
21.880669909510658,1.2792091015665683,1.231823344469491
22.12402313373484,1.217210936738461,1.1438658492158336
21.713743394400982,1.3217791007530304,1.2733782428209348
21.595943342617716,1.3076119808522075,1.252626513516996
21.360522766518397,1.4500815253564285,1.1814422671812832
21.87695730188255,1.3545919684693588,1.150454168666412
21.447308965727558,1.2640098432442706,1.3009556927184183
21.540910091662646,1.4445615384756687,1.1547485322012958
21.749915155433825,1.3082404068917153,1.2297901515146985
21.691259186005446,1.2716781350221722,1.2365278389949272
21.743664532139377,1.2883047096720974,1.2129854903789308
21.536598531273444,1.3566540000564515,1.2337018566397722
21.730014855951204,1.393629039435969,1.0851813104011439
22.19249174444252,1.1132131706889439,1.1709880691809806
21.13735238762195,1.3462525922557342,1.3571290464080008
21.46335872799126,1.2665422052409137,1.3082276083641573
21.935946643357724,1.5418853112737758,0.9607432088183935
21.385323680235498,1.3555416903365975,1.2687706289669018
21.323183093898997,1.4003129973364319,1.2258145103067795
22.146234632231973,1.2733515262752135,1.1450206075605065
21.385197698792677,1.3969706633669583,1.2348747521176218
21.893925274011174,1.4654292095691435,1.0093075000884666
21.451685355606223,1.2536542139379798,1.36917224960056
21.69088497456476,1.3671979731758863,1.1582219103396547
21.528192345511194,1.1349615672006237,1.4247291235942026
21.567155871703193,1.2769902845038767,1.287965193563793
21.875161472938597,1.2454000267249132,1.2718922271685724
21.511164740581112,1.2312738308891136,1.3047551000388637
21.23674330911907,1.552294851539189,1.1483047597004914
21.916461922908596,1.1713836455437645,1.3091816530857863
22.102249779034505,1.4159641411588892,0.9635888218525618
22.13962161142011,1.0260392799479772,1.3832170831191957
21.73117190461626,1.543128859281301,0.9643662075964506
21.747340037653764,1.2922433783990677,1.2566815574935803
21.8937049840195,1.3472163018796919,1.1051620095522139
21.40331106920945,1.3327667833096446,1.256957625152298
21.779478931267516,1.0656164878471217,1.4373062836399746
21.442369103963745,1.2749491002110072,1.340765553911672
21.285067622962124,1.257519310242043,1.4136111217835732
21.57432427522285,1.1214773648659881,1.3902030830390715
21.438174363604766,1.0792171446766359,1.489756232270117
20.963425848890843,1.4080886203934915,1.3788339616153449
21.361442122897547,1.343987831766644,1.2768719629713419
21.949242293390846,1.1252314874581302,1.3301626014564143
21.275809367688343,1.3038659500300522,1.3491875514923195
21.85385501304326,1.3410963615633944,1.115446711779468
21.71875243894195,1.2115957949861167,1.311168538603816
21.61314117972345,1.364914827037004,1.1934203912422179
21.76547406791262,1.1322236877422105,1.3180466914697544
21.656127379158264,1.5002173057088644,1.0588413096894362
21.826024020156144,1.3095290683926837,1.1837794961613286
21.533956999136343,1.3002853567192627,1.2307762877520734
21.697455139295776,1.2134700045188223,1.2576433143690704
21.58529012937092,1.231707746962682,1.2875225046576166
21.124982354262585,1.5373543718386042,1.1090724799187361
22.06975296792119,1.367800478472468,1.0372856725296569
21.11592052149998,1.2090942210986682,1.5004724379686276
21.431728028058572,1.4907643586580774,1.1168795567723189
21.864597995262532,1.3103161240444987,1.140879527080711
21.449535269263425,1.256542099570132,1.2914690595695673
21.791631573207013,1.2459299160065882,1.196087186356061
21.753755320968995,1.3007968885304828,1.1342009148462793
21.5584024509862,1.189498048223742,1.327262889860608
21.611084603537382,1.3732118652609795,1.192558097908418
21.567064537912344,1.310920676762936,1.2425680397907921
21.48045960611458,1.3328037246300253,1.2676393478720205
21.6426711715668,1.4669934737079817,1.096751695908148
21.33307625222377,1.3389777707939445,1.275546816407597
21.940917440078035,1.1823724662830184,1.2539372926058014
21.217026353379758,1.4495737644266158,1.2260084110325031
21.681169884760415,1.3583535467860017,1.2020596935280814
21.00287935975079,1.3940939202870999,1.32637807165425
21.975123457627962,1.3127793889212178,1.1790545373100632
21.527489584792285,1.3368979797371985,1.2025539511745968
22.019125070956992,1.2482343850224547,1.2204643712529626
21.495781251597123,1.3981521433521804,1.1708596824125708
21.74210520188673,1.337149440418194,1.1966822811917925
21.878459176513537,1.3849851425090687,1.100884791880309
21.69614475505496,1.0593935446674445,1.4555132320408215
21.73429312717804,1.1787246444500843,1.2926676444042382
21.42171754675669,1.2305414201705203,1.3533175061030607
21.433506443733414,1.2898517442157686,1.2895805102701436
21.580423746491174,1.3242402167940845,1.196403148418936
21.41253267099635,1.336733219543898,1.2662413046653893
21.148517635517138,1.397451888210215,1.2709045990489563
21.802920183821627,1.2827308804170385,1.2319396399275042
21.778191059034665,1.2150523390643935,1.3104329959321341
21.538157029106408,1.1659031758227731,1.3932934031529662
21.582403347402252,1.2302682412223573,1.3031225549471475
21.79233658359772,1.2553431383674651,1.235931882763491
21.90357299187934,1.2297171842431918,1.2052257510084612
22.159526389590958,1.0662754794211975,1.2741919127605907
21.83604718610203,1.3257804863768907,1.1860106099958447
21.30980089486915,1.1252027744744475,1.4777170461714209
21.37389200793178,1.041823608115007,1.5568701974361037
21.56597058262979,1.2882930627423212,1.2328510942977753
21.614264305884916,1.2179575188801677,1.3487601089307377
21.59430506018546,1.2208262603974853,1.2758072658396218
21.6936378945206,1.3338707006217274,1.2676260710321032
21.206858056352214,1.2058664050893957,1.470667689223012
21.25225088787084,1.1808624062820132,1.4869793147743953
21.67509285348852,1.3515217763699459,1.1052581018741208
21.50106350323006,1.3737081899500543,1.172401113917063
21.729133191350165,1.2162019372488468,1.2937639839781665
21.375999403522847,1.49368838218493,1.1517537868988323
21.478970754872194,1.280511392964948,1.293098658231487
21.67002116864854,1.2890295377829308,1.2343337403503578
21.71337166576717,1.3711165578885727,1.0881195358585332
21.659035006342307,1.258699122631433,1.2461249481748724
21.780150851364713,1.097302061670453,1.3449625284627387
21.21707289428251,1.5851193276202789,1.1122871229811004
21.31454316372688,1.4637799492934214,1.194675366223178
21.579730277678816,1.3001733015024073,1.2180950319029762
21.41262815425511,1.3052924867882012,1.270271181334503
21.765934931973817,1.108094038407182,1.3583380292343838
21.6066741591928,1.2741535064461997,1.294025445386467
21.745425391255623,1.380975664709188,1.0714296028814942
21.953629695385892,1.2111774605242778,1.220342316346066
22.206581709579368,1.2477564207994263,1.094999124056213
21.25571484537039,1.3941522908885544,1.3078551018701496
21.61548771295145,1.4338720643503993,1.161995314597602
22.02677180586096,1.294076827686647,1.1175081581937822
21.337522321770365,1.3790243595873235,1.3074580492152696
21.659474594740026,1.373521429259782,1.183267314022163
21.81264949535847,1.3994392787285646,1.1121241914851383
21.747896391544064,1.2178494230559822,1.2989830952772266
21.771351690983934,1.4215847019583487,1.0677784651211204
21.75025349477263,1.506714641154374,0.9935620765140165
21.632182149044127,1.1107477645311588,1.456587222171023
21.702546491749953,1.3945696706561237,1.1238348920616172
21.55910149650579,1.3848738287270521,1.1891459106929958
21.712062497767867,1.3850085168737536,1.1221516475619573
21.14716938293454,1.395266813327809,1.2745247942213964
21.84646783272099,1.4795960446855874,1.082781607641455
21.714695662931426,1.4319722835970508,1.15381127434606
21.724821904455226,1.4246553865241602,1.1297932955351986
21.587299150154337,1.4013459428615977,1.19196140839742
21.453043704897905,1.3595854237825171,1.2594168899025018
21.74415661864176,1.4017483310467196,1.1383882593172263
21.73630591177256,1.2762136134303717,1.2247596213087906
21.759970883296603,1.1887697988533545,1.3296600417498048
21.653664368810446,1.4223123825353274,1.1286937698227681
22.026972286661955,1.3884916763761188,1.017142902723272
21.632118650288312,1.010026563366885,1.4936677223676058
21.437622603074722,1.3695685300469609,1.2257474559572956
22.211981937710465,1.2394600538448965,1.1047510610998519
20.915564089516636,1.4310940975842599,1.3236323263907468
21.19368800670921,1.4291084561645893,1.2213146653535663
21.185580617163374,1.2252633910600847,1.4456508722928574
21.403367033199444,1.279183346403035,1.3035688688897022
21.301358039343413,1.2549398919960024,1.3565631875612418
21.816473670324932,1.2127960006727319,1.2859185408782923
21.78827479228641,1.0797983657148145,1.3780076261364256
21.080461658311755,1.4228089139025448,1.2779272257419116
22.22168795868764,1.1542797785235235,1.2162466625327768
22.0218777795225,1.072431432109538,1.3361829755727805
21.53497446496109,1.3808942014804426,1.2080875052661941
21.56422849738106,1.261511382584136,1.3149346938506
21.877735396323487,1.220009808623914,1.1997991358035884
21.160488408943948,1.2428032568821195,1.4248004961074126
21.21949947308024,1.234259022575018,1.435818348517553
20.974768819359227,1.5499081500043497,1.2158458456228338
21.158782072482744,1.3714309964050135,1.389163718811835
21.520672283046586,1.6007658347054237,1.0366954347018202
21.892515744472846,1.1508418068464172,1.316713314914541
21.887002486477215,1.189108097042793,1.2843450005859278
22.105820101660836,1.1740222847899053,1.2231265248371186
21.226661926231934,1.4374202985001003,1.2646323209037842
21.385422689968287,1.4194703863153262,1.2235537935698877
21.82344380872823,1.488993838517056,1.0381582814501444
21.420770403563843,1.0467382061032138,1.5376991473192312
21.849556786560946,1.6474258392783052,0.8471805279432806
21.801644211577106,1.1148628620051984,1.3271881859516543
21.60035626267387,1.3449255641742361,1.2602421924747307
21.61243363575612,1.2864132137197841,1.2706184056822964
21.77736044125778,1.3293939012812765,1.1818464005917522
21.29585719805739,1.326327286936557,1.3378219689087563
22.06714038805238,1.2447530349962197,1.1523443049985904
21.294263379297895,1.37901661393906,1.3260751136627247
21.433621670478523,1.272015376668056,1.379020518170733
21.981031109120536,0.9446835309391044,1.5148282622207154
21.732082691974554,0.9656579002553407,1.5670304170309466
21.519397403685044,1.4229442896843567,1.2245051046088065
21.03029077287151,1.5253163552961682,1.2655335654274922
21.974622129305416,1.2275059765907783,1.2832540910219297
21.381481090640953,1.4257838087864996,1.1528158889470268
21.547250525623674,1.1353021365493505,1.371892730053405
21.121631392988554,1.3540015057559225,1.3224462743841696
21.148581001923887,1.2821193086199107,1.3889674682492175
21.77050334422679,1.148878607709568,1.2509062040693584
21.31129416623797,1.3170063594233885,1.339685582797659
22.013521016022747,1.0236474771308224,1.395935086587998
22.104152079246873,1.0584295675061268,1.3348272951655114
21.255351988010183,1.474195729340146,1.1850438926649558
21.676792142600597,1.3162269275415597,1.235541187284815
21.937706003442436,1.3731933755995063,1.096812274465035
21.190808872984753,1.2177934823933596,1.4923693103015567
22.115491268644675,1.2532851478414884,1.158215333109232
22.0080891340832,1.4689367426456499,1.0237577766906876
22.333979073676794,1.2015394091611276,1.1915575977111552
21.87960200092708,1.3569226898150115,1.1175836134241435
21.643078218440387,1.3347795698153637,1.1883540611139352
21.454290668263095,1.4801309191342344,1.1202857125325483
21.467571457853996,1.1649394542915201,1.4243087994247592
21.221130082973986,1.3438836825063392,1.3038132767963198
22.064487189326375,1.4008521395101265,1.01937724887088
21.60924687357448,1.24139531504276,1.3027728316856566
21.881499974649998,1.3860662612757422,1.1132316901317045
21.770147749771464,1.5372241062630876,1.0304448085759652
22.152494500765158,1.3396300401362622,1.108515787028905
22.13410265123013,1.505906361512371,0.9212441255440158
21.44539518135172,1.1375469480208553,1.459484439506314
21.49212106621882,1.1688868961035077,1.3878089044536086
21.962584538855396,1.3996155442937008,1.0623871542104266
21.397810013491746,1.1389113615625912,1.4523969597212392
22.051364056217647,1.2218802661688983,1.1725711804287688
22.23707033666262,1.1975987006327733,1.1277783133503843
22.227700757485596,1.172541068494711,1.1639357461086923
22.415968221452488,1.0746761214311218,1.2190893744008369
20.977117837585528,1.4867314207735602,1.2871300556447138
21.62257805563047,1.3192457162966376,1.2495513101519171
21.788909868468018,1.3132603930209428,1.1985671705477758
21.718468119851906,1.4062836547549273,1.1151412038067354
21.70044133808726,1.342332479476373,1.1793885614693345
21.61658910025337,1.4401251239603186,1.1396781351181566
22.22083716215231,1.2783449922192753,1.1074887003428602
21.161498799790007,1.331827052989987,1.3547485972794662
21.5467090654599,1.3741749610346006,1.230817631007891
21.739468829275047,1.2465871695289479,1.2416401661281224
22.044734797870056,1.249380423621515,1.1500488393984332
21.96003819796946,1.3695254846888665,1.0555879283061878
21.94097234311826,1.2897303587168216,1.1933280449673358
20.850603237384533,1.4240783998278603,1.3970579281866207
21.634522275304654,1.3193508342194147,1.1936370739337934
21.53449521497899,1.2409844172611502,1.2730146907233306
21.5882471843473,1.190917045888053,1.322184759510029
21.870223343640433,1.2261580243324082,1.2527595325371341
21.529263867109286,1.4159738118051308,1.1929493636909192
21.69477029710787,1.3842062339670453,1.1738209655912322
21.84228438558138,1.1382032371030015,1.3387328471558737
21.55712012453217,1.4853662094288607,1.0783554464612097
21.86739614163409,1.256655665140196,1.2158686874544695
21.959016461875756,1.3105238207771994,1.1964361175323928
21.417991749624676,1.3843929095800258,1.2553355582953791
21.542302355497675,1.4093533676372447,1.2105207626528431
21.83445801603917,1.3293366337068997,1.2102879756529707
21.981607225389546,1.2812842616368985,1.205649039482257
21.611419456428102,1.3411942496123854,1.1911527356975158
21.605383557086384,1.3421737451701958,1.1923497159042984
21.315854719934016,1.3613192774414657,1.2375245099773378
21.60158642026302,1.1945036815310384,1.2976864354200912
21.60027457336264,1.3141997337005331,1.245126923557247
21.77785545377391,1.3240981926306448,1.2018020737388888
21.566694537784905,1.402157361716722,1.1960855873014553
22.052991886626838,1.2832678860713305,1.1482547426351775
21.150297380577896,1.4139850139834929,1.3098736323012834
21.628281300369604,1.2873077886995106,1.245846466887579
21.76751763420996,1.2866013538778143,1.213223354616695
21.426098684076223,1.430828515727017,1.167719296887178
21.384205062604273,1.3227626656704423,1.3045289258622144
21.212559335905514,1.4366304732124242,1.2287809321418035
21.410487496005608,1.408161567007569,1.2328566756328327
21.474347795485535,1.3469276243570043,1.2647609223903016
21.898891580662973,1.1403472763333882,1.3122530633084377
22.121589920782107,1.148471962983196,1.23101765871415
21.287405370650312,1.4413693288082836,1.21058832819752
21.11868108075357,1.4225795757708963,1.3115308173752867
20.974288075381708,1.545734237999252,1.2465936425960966
21.4381490615279,1.2777674978062226,1.3321864419257488
21.6237158702014,1.5531433662187635,1.0273289436867268
21.632879763959522,1.1161878350629924,1.3908367266772999
21.577991266835454,1.282435279728188,1.2747257136328214
21.396726640681624,1.2729573764900992,1.3504203317806018
22.14581056637339,1.112828966104469,1.2558344289387386
22.038885992216137,1.0713708404202524,1.339202276679293
21.277008335961476,1.4364209047803327,1.169942421215696
21.22983588204039,1.2084285129776122,1.4083022625656327
21.953552223254196,1.3490223562348282,1.0961716542507633
21.924412144289498,1.3188246638228645,1.1412733482949327
21.174944437527706,1.1999337986720215,1.4675505342619444
21.473322373641412,1.1778759922946822,1.314347864760377
21.63471816077231,1.2331863740231117,1.2523878850726073
21.151614264623543,1.3151459475396508,1.4154805764094816
22.160560028385312,1.1561420019366682,1.2215965299027463
21.149886216276684,1.4651706829677331,1.2422187811906327
21.726917083021576,0.990446211264298,1.4687293846275316
21.580867091572504,1.415225456071148,1.1751852306762463
21.983089229243774,1.100552070014165,1.300721039969658
21.4884814753218,1.2277316205175863,1.3473853320284679
21.535666688939386,1.1919469018898041,1.4289013115128983
21.420865939550815,1.6104532626020969,1.0424923898292986
21.5019875505585,1.1675198837624043,1.4043312965578645
21.561918746191395,1.1634795759796879,1.4188068831282474
21.936387918926236,1.5622084112650025,0.9243309245751455
21.517494241232804,1.3081043524539882,1.2824112673243053
21.927356709011477,1.515650943782821,0.9442650747154835
21.462966511410688,1.344153982725328,1.2675768840089658
21.440365554540897,1.412296925257801,1.2108861185246618
21.869639564514785,1.2868411719932644,1.1872589677470198
21.586373464008517,1.3122407720279758,1.2604403536020727
21.950265831156926,1.3609041990737631,1.1025398577041967
21.891087732509362,1.3510178932534007,1.1240006172559773
21.29756682948871,1.1673628554812119,1.4441373454028876
21.977715148003078,1.4853826913734876,0.9411082675094776
21.791053750812267,1.3828046680827657,1.128625437273062
21.917959211360227,1.1008937921415898,1.3440496586540909
21.879478788026987,1.2394387892266816,1.2220815961684426
21.43268415668952,1.4502551051505983,1.165135278194951
21.454780448317397,1.2038601258883797,1.3837680221710087
21.5702783348709,1.2199922718105964,1.3414754091717955
21.476592825300287,1.1866019444623186,1.3563962680456947
21.98233939562926,1.4676547009570378,0.9281655632059254
21.939042697071827,1.6085603964830357,0.8599551938285946
21.912150109997455,1.551790990517322,0.9162821107830738
22.106434774488797,1.4256727971026142,1.003973323891522
21.750037004784392,1.4482938820374711,1.0764166210807355
21.70791576595952,1.1865686137010771,1.3328039794496382
21.599058860447887,1.3975261282405949,1.1528676276685064
21.44583782656948,1.2223990345306939,1.3640164232175946
21.959139762943146,1.1889429814004824,1.263510775311669
21.779724249635343,1.1187156676174708,1.3679585427265937
21.61177027458529,1.5052567593557629,1.0821374452554817
21.93453173529835,1.112214757654366,1.3703940438992621
21.557504729018618,1.4510877457821367,1.080329762767934
22.14786111587678,1.269446262211678,1.136929287264934
21.658899961003907,1.4893927772547497,1.1075133411041995
22.09874952932331,1.3235686036756131,1.118308926015032
21.465315050829645,1.4174416565586763,1.2287112536269114
21.801758189296372,1.4259340316032796,1.1064229099850227
21.27317275243479,1.3454440939979535,1.3196677519884714
21.162266596254682,1.3696690722945528,1.3884202696322558
21.176510364052987,1.547042859689252,1.2041429777944204
21.334975241026076,1.3097439895917917,1.3383360592572928
21.384439562361813,1.2425992017138558,1.368498168944814
21.83526707660168,1.301141086079401,1.1551859728646248
21.858708300736794,1.1576624023502666,1.3279466040595747
21.616364768107964,1.3540304522876567,1.1578084673219162
21.39683124670914,0.9285758518725313,1.6641390557314826
21.551895000380902,1.3505769955780946,1.1151968081253194
21.388365582111327,1.4175569221571156,1.1057052631597888
21.618280517924404,1.065897958608898,1.4126048760073115
21.804540885017992,1.474344408143103,1.0678188817153005
21.86912807700891,1.3152492760580483,1.1788584992794127
21.811603284586766,1.2609363159764493,1.2634389926515484
21.47428695543099,1.317936145790832,1.3205894199896329
21.747360733349588,1.0772072757280402,1.4016067784675343
21.89673807235951,1.2381976446895404,1.1967565295643954
21.69043563315329,1.3365461978875166,1.1715731384769967
21.598959813050246,1.453254184284017,1.0543864863491115
21.96021969905851,1.2998442531470162,1.183355132880659
21.774608784372177,1.2902856375905594,1.2443048604614868
21.77003241998706,1.4028339802347065,1.1169887601387494
21.71167397171289,1.1866505237689737,1.3674899613190794
21.614504032500207,1.3212140410916398,1.2039287295618708
22.100089133341086,1.2429385768268855,1.1484860518041613
21.577843984631272,1.2387418565407,1.2922633616551815
21.74512988555376,1.2251093255970378,1.2790393337186952
21.443314113482288,1.1197303625090838,1.4361821687165977
21.54574316074521,1.0860345487695766,1.4307562399539113
21.45011582168089,1.2544339301539238,1.3108936274491823
21.105150194424333,1.3907276943162257,1.3203716287638023
21.67154130240919,1.3513407342863162,1.1885595360532153
21.58515451621303,1.44487484981122,1.1187842722766148
22.009801180288065,1.2883257201957639,1.1243587055553277
21.413687855900275,1.2770715082236108,1.3519738039137972
21.944919844789418,1.3302942740309949,1.1195704760450342
21.32024657554441,1.4634479562639207,1.1967172840142173
22.04567671095832,1.2931814941199988,1.0942730140737564
21.711862023094724,1.3359687919708512,1.1886213732334538
21.617953387455252,1.3600133701845059,1.1912414025159896
22.20698997537299,1.151424080025758,1.1954441631250632
21.838579663318363,1.3214010193651802,1.1169558158112218
21.727534085367544,1.3040260521312776,1.1837752690631944
22.174950695636376,1.3582948534535397,0.9533931606598344
22.057304767592278,1.32386540851377,1.0393653583959848
22.12855738208655,1.3471930714033742,1.0128299711402657
21.787951497237017,1.4139338953896559,1.0711658573505187
22.071668016424212,1.3974362289342956,1.012829157975071
21.981572607021764,1.296886855094349,1.159509973499371
21.63543301245678,1.342068703211774,1.2134360198840994
21.801701044065368,1.3282498209478635,1.1856995313813117
22.21105059222785,1.0999687817063746,1.2216998915998383
21.322510438335037,1.3181092470344564,1.2722933257434985
21.833286117861462,1.3964963745563026,1.0413779639402192
21.555596514074196,1.4074527655039835,1.1518463550131433
22.397447142709957,1.135280051879146,1.1758840416988336
20.895324315116,1.4773254632869242,1.3143715641503986
21.310780251035226,1.3411078566728056,1.28217378746111
21.627640946861682,1.3974346587363062,1.2017327482808082
21.563838167886892,1.460911692421043,1.1187572505446743
21.768683274936283,1.273586100411934,1.249484708334344
21.790888143210623,1.2709589853336327,1.2475710968372127
21.660255450065183,1.2348659483456095,1.3108243089920022
21.98929451989526,1.46972469492436,0.9774304831019591
21.94570556918953,1.0934026695517842,1.3830177374833752
22.19539269349698,1.0640672691056865,1.2818419656001332
21.81186446754091,1.3128601024860085,1.183699640035776
21.553650467756164,1.1170008403854805,1.399967407780934
21.838201808428195,1.3959114365129208,1.0936724713493713
21.70951922893984,1.3556759460296666,1.184801128762077
21.135823660121417,1.6330007341288897,1.110815575389969
21.245091460355347,1.606307635483663,1.1395038598726213
21.724581878470445,1.3904213395143592,1.1255535965217711
21.341432570853144,1.4307846309365795,1.254761116903161
21.475188580879482,1.4895613091151754,1.1503246384646195
21.5089454309175,1.4594860446355244,1.1179231147985014
22.168827262818798,1.3466122840562262,1.0750564623592942
21.82913845179393,1.3176568659924341,1.1937662273954976
21.631378340993617,1.3068057645536986,1.2681131590691468
21.746576463807365,1.2290816282163983,1.3150263826628728
21.45188503289712,1.3434906073627868,1.2937630973965182
22.00905925825123,1.3092172347355904,1.11137300124856
21.31639056161014,1.4172658935196891,1.2332045810284735
21.673929572310875,1.187263817892588,1.3364680850265023
21.692798865682704,1.1533347564434144,1.3917776230570256
22.047942342392943,1.4030219357438607,1.009507848903958
21.73677301798059,1.086398351673558,1.455226886391223
21.771290953891295,1.4732346720423464,1.0431246089263413
22.052986283025437,1.0708829270478872,1.3526322309780205
21.84934493161586,1.4855937375751755,1.0049066904163018
21.894735545051976,1.0174782774299902,1.4177400425199917
21.84775017262915,1.2069136778870295,1.271375440650212
21.59022029523554,1.4140422865990216,1.1508452039072243
21.676919465390583,1.2143757229667709,1.328074705364031
21.567413100471892,1.2737956786032534,1.2789658889602296
21.432106728568527,1.3310707520557339,1.2965314177648455
21.796256667381233,1.2812292383513246,1.2168303947504957
21.665293662882057,1.3485237430245396,1.207977719966606
21.798344030462324,1.147049886391371,1.3239808907154949
21.727393768581763,1.1470958583306432,1.388878332226464
21.489719558069616,1.273947688461827,1.319217923133374
21.64330187737324,1.2796700875288942,1.256910301869568
21.534782284806578,1.327327383104314,1.2551075705080157
21.463513713224565,1.0784833761952362,1.5129680662431744
21.219093982737657,1.473427539836646,1.2302977244837747
21.52042284656966,1.3797796281743362,1.127896349609609
21.770514681574596,1.2137146580801363,1.3153840079813957
21.66401947959529,1.414225271186944,1.1210282266403166
21.397511126088027,1.4572841448427787,1.1822965351308998
22.17037981785132,1.2060317609586353,1.1652213918504672
21.465801205643835,1.5068681881282724,1.1513004493956152
21.867174591304135,1.2374192749207866,1.1788216183044251
21.592940232584123,1.4539656861255155,1.1437388247044138
21.5107824829049,1.5396929746020047,1.0862812379476958
22.153295849500267,1.3674796708921308,0.986925958519322
22.074223631237476,1.1791089608218852,1.2515601721318128
21.995978245968917,1.22185840477018,1.1866582680188018
21.93816129528188,1.398931254317731,1.0597622441133179
21.838629026474667,1.3846092170580413,1.0900223501848496
21.296523904277684,1.275654303512809,1.4105946520535453
21.7753381772012,1.2735991469718533,1.162813031675042
21.98895125954131,1.10935493528816,1.3979195486094498
22.20868313123649,0.9237994463485841,1.4789134972168112
22.330393061232094,0.8757789356578429,1.4805613556850858
20.979763199989428,1.4666359392526458,1.2992672115065393
21.36101409276455,1.3876895250496724,1.2582345039146579
21.44329886208543,1.328571783684898,1.30119789318307
21.436642460656117,1.3615990047278412,1.2621112087690443
21.61619687070167,1.2608364998380683,1.2403937826728348
21.769043189811903,1.4052063035634383,1.1383460874044515
21.768003411610334,1.3619532977762248,1.1609295660543681
21.830452215059747,1.3203666167681138,1.169445385277222
21.634360064439242,1.2245375275790344,1.3015755783209453
21.57511195982473,1.454413768456143,1.1145196717879782
21.638382642557826,1.0347818323041416,1.4989586247557338
21.894015318793066,1.4829249702407064,0.987196983834337
21.55331216106055,1.596696612098848,0.9844188439906282
21.226672156611222,1.7906054514463512,0.9142524863946886
22.027103619736906,0.8232367459089945,1.6029100954490407
21.253819261709467,1.6734157478705085,1.0090129596820794
21.535280302122583,1.4644051288324689,1.138104694746848
21.533456709103735,1.3865476220850133,1.215589711441116
21.8710235624582,1.197510152499758,1.2666130763678707
21.683661387591624,1.1884279679394045,1.2898309482932353
21.588188649381202,1.4566981846219877,1.1467327622759718
21.803568512610067,1.2493093320319781,1.2415719283699689
21.506294431051977,1.5683618086937738,1.0311006774960787
21.467554802551092,1.0250663413196472,1.5831100732259926
21.857713114269732,1.4904001954926862,0.9896088195548883
21.653656036128474,1.1022155744092144,1.407459322746845
21.729678232379428,1.175292654916332,1.3166058229197528
21.432109898584855,1.3014082699740368,1.3254614205413053
21.862159856689665,1.2999321417491227,1.1853342780841678
21.50022567285962,1.2762423568797219,1.3354240986004402
21.735028696721933,1.4157379155738454,1.1007367109420738
21.90784855877562,1.3613827553399942,1.0972207417313304
21.830410941767646,1.2950360552821614,1.2183907991838683
21.81191913416214,1.3820126646002473,1.1345660716262422
21.545574486970835,1.3083635243837266,1.2314632354166044
21.617589279354377,1.4316512963387202,1.1266104878727576
21.487233567548795,1.313595715688451,1.3169597986247426
21.56154004350345,1.4701220145940717,1.147147324870449
21.822193031595006,1.1758476099248452,1.2614215475551338
21.656216706226573,1.318065332312994,1.2641843396534247
21.648724389330283,1.3706908496921824,1.217639206968467
21.427360766080568,1.267928175092906,1.3807904371685906
21.64827885128092,1.3085371836692052,1.2036869472955554
21.76690371169623,1.2315134341762044,1.2999671075380173
21.78239871553196,1.435642317611069,1.0714018785236719
21.77830975373176,1.326720323818896,1.1495309411583932
21.968119848053007,1.3471188107616547,1.074906115668245
21.708130954166485,1.3919522576072616,1.099958768815138
21.748470729942696,1.5220737398696604,1.0034027251610684
21.704075736901686,1.3916979781072183,1.1782040611179256
21.993950975672306,1.384066029747651,1.0656297912715802
21.453352151470376,1.42621213411974,1.2343173530493219
22.04445727290806,1.204556656001218,1.257589730062483
21.89566412969487,1.3671294690019422,1.1521900826496136
21.504833012027355,1.4254864684631332,1.22931961238297
21.599181090023468,1.3905591955394714,1.1793908431474733
21.86248234226877,1.3133755205455042,1.1824138207287744
21.58624939439084,1.282019374195002,1.2806395157469423
21.541917268858683,1.4898452769013444,1.0944681381669503
21.725219971308526,1.202802981842599,1.3304413771707493
21.63996649517927,1.4177349998107869,1.0861266981957975
21.77121412423278,1.4536412756818213,1.0252553448243877
21.927627333355964,1.227674423414285,1.1906846339596333
21.906289525653378,1.3216373731341786,1.1420877959422353
21.666323922184603,1.357134652450388,1.1774722951565402
21.692346402594996,1.24459044100404,1.243100676170762
21.786487429368837,1.4127245401955686,1.1235147888969124
22.097799629296624,1.1094977293711832,1.259832616269747
21.29169009524058,1.5421274215428862,1.108197001944976
21.80819680411642,1.482929671497779,1.0390685075381763
21.60304058296186,1.2797073277330553,1.2454165036021334
21.76726070022145,1.431546064533696,1.1226734302454078
21.752305204978335,1.3147103044179484,1.189520019048677
21.592057307217537,1.362551236235085,1.2122938813818749
21.495613437047197,1.4517168578639505,1.1514808758589161
21.80566611618059,1.4335805507067412,1.0618641979872083
21.316590462644672,1.2989501617596548,1.3651235586208397
21.08785183961413,1.5554080345409267,1.173324447131351
21.181646566719536,1.3848497861985747,1.2924480100433429
21.026516155776832,1.428386677320298,1.3405212910779392
21.91770647283336,1.2734049677240662,1.1908956268509583
21.477130304783174,1.5849614294509644,1.0165098182524124
21.893681033024798,1.3651908719649681,1.1465120192755285
21.259465960693326,1.2391547116468828,1.3842335063515865
21.42800697270357,1.2594923351474083,1.3255273440148143
21.63039644660904,1.3179059229823353,1.1891968549265735
21.60911666717125,1.2870646386267024,1.2327182931684573
21.44167270613439,1.2572228256476854,1.3241287247510443
21.83579047849159,1.1909038016712497,1.218465349419883
21.475378688063294,1.349749217600079,1.2300519836570796
22.008131751163027,1.2413050231718108,1.137051713465576
21.43492641726428,1.226519303137574,1.3720491352967146
21.70193678102739,1.349487830773491,1.1532415389680721
21.25965398482131,1.5762834522319857,1.101409585099722
21.475981172888996,1.5330516812760606,1.068906098191303
21.317690295951166,1.4906531143600097,1.1465477212276434
21.81841235384657,1.185497908679247,1.3339538730076452
21.24252905364841,1.4334075479675636,1.2136003773768693
21.72488122462295,1.2733649462884677,1.259847956979256
22.051390887307498,1.2523847746686312,1.1605072454348995
21.557288004299338,1.2797970330476436,1.2948703821488043
22.063405012265946,1.5114525521860709,0.9331761460992934
21.544766432100296,1.3422658915103205,1.3223631545093424
21.556234921681636,1.2517976763118588,1.4011285834358533
21.837070050273375,1.417076877402119,1.107563745822073
21.82526147243182,1.085481980537744,1.4040539081639136
21.17647299644755,1.4941970283252255,1.1474903759089217
21.65382196011552,1.028991413649934,1.4607460449937146
21.560351581132387,1.5116506941763246,1.0873220294516879
21.708326518914824,1.0967831114191682,1.394133120993028
21.438640063344256,1.5457096713654417,1.0982710975193724
21.56510210525991,1.5898289102682135,1.0113424950762617
21.430019944268288,1.5560236981763935,1.1176650099243657
21.441023334151314,1.6127178992518458,1.059461483639338
21.41954161924027,1.7325235020088228,0.9481820678524425
22.011368282660666,1.09612419294423,1.3092815892976333
21.35057953120073,1.495182508841097,1.133275649254284
22.21322725637915,1.0553445421433503,1.3114821610792364
21.205460909609727,1.622310864913932,1.0883894190577699
22.071475611935554,1.099602107388309,1.2757172192438262
21.353375965328553,1.5079040813031286,1.140336776210645
22.21719815238722,1.1724391627086743,1.2208721140950967
22.035842011703615,1.285516387429259,1.1638811366609387
22.01321898229073,1.3355481066026125,1.1268818208012654
21.458425213781492,1.370587834190026,1.245090508841546
21.046733569644346,1.4149036797747396,1.3000923113116778
21.70222468915253,1.2765118618088895,1.2559192044486591
21.473315156657314,1.3384011582937163,1.2213880846693244
21.566567922776954,1.40069340204347,1.1774029027849244
21.738120781590673,1.1467051057006155,1.3843953559967466
21.662011024370194,1.395269042808317,1.1210369282239037
21.402429134424626,1.1543566321776488,1.4672343921965443
21.679183408806484,1.2087630977669703,1.3540256682787413
21.75710331872522,1.3905545206762187,1.1129540580425408
21.6791936001076,1.305984627822871,1.2137191474637457
21.800696899189816,1.2533610198646998,1.2593680835862644
21.7414821758598,1.4952096138225817,1.0678178353017933
21.763052772083583,1.3832662156755173,1.147407867241554
21.505763265890792,1.2096121194706466,1.3578813784532868
21.692559043692896,1.1293738011048011,1.351025275332743
21.426423869745676,1.1801616411527198,1.395023721283152
21.57954354634446,1.1893137625805037,1.338956924532385
21.760233597670307,1.121478649357121,1.3209407878265231
21.783128309807942,1.296262438106147,1.1479071792628741
21.373118386708327,1.3011439812266525,1.293246613405464
21.23582585924229,1.3292552481444204,1.2991736739956496
21.805248370808343,1.1278536860477808,1.3211274258818533
21.1956837406777,1.3494833476204855,1.3277723843958422
21.13979725542064,1.5245739553368154,1.1621605962274917
21.57963399882852,1.4488230839491831,1.0873919739651376
21.355499638780806,1.4440187746161421,1.183422534031334
22.02681746918905,1.201074720429262,1.1811581605037245
21.134414183022237,1.1635097989053056,1.5138966536482859
21.62945706460311,1.2881086201396226,1.1910659353163717
21.161672877948398,1.1684526113421827,1.5449697942525535
21.42411311302908,1.1746239979339437,1.454375961725282
21.795139965825022,1.164150672344659,1.2572419618167283
21.893378586617192,1.180204340258567,1.2086860922744698
21.620986148140247,1.3679573551226196,1.1700468169151965
21.50572395977833,1.2188918154686357,1.3209282529213837
21.90513706076048,1.2325768876453984,1.2772672154676257
21.674503084892255,1.4747758609504487,1.046642306745481
21.57993737898348,1.5684902140720782,0.983155574461723
21.90479158798412,1.6764698277615533,0.7877549190200634
21.61687747948197,1.2998859987899742,1.243691073899946
21.310111089450444,1.3725734035243566,1.2411119319628459
21.127907955337758,1.3859100499199297,1.3031159090903006
21.43181145729796,1.5486693286582207,1.0100370785054826
22.395178827234233,1.2828306425601617,1.0567766582634572
21.925769911161172,1.5188955455055282,0.9963763571608248
22.19075197816762,1.2469562894732553,1.1530787615117437
21.451899929063515,1.5091007891780068,1.1124544750067755
21.662666228114716,1.2899692681378128,1.2336534238327854
21.670855978077398,1.3173748749148486,1.2130872737416762
21.17817546569102,1.4352134788448605,1.3199167994936623
21.358283486197124,1.4427560797197947,1.247593477109714
21.99125005016571,1.3448970142003698,1.0633981516369049
22.434945420724176,1.2659397994619288,1.0175485946401122
21.859096308986558,1.408641226913632,1.0616307947825767
21.587286894381563,1.5129041733571347,1.0308080890709241
21.96357089719811,1.2398321617263488,1.2515426283325264
21.939309790646895,1.4493968917005227,1.0303252294168468
21.763276632025786,1.348887092929451,1.1847236176240588
21.79989168099791,1.3549978159404983,1.1549853635827827
21.191197083885633,1.525788713448918,1.207469077093395
22.044595363304026,1.348944695746742,1.018959799196475
21.742406472445168,1.133130423696148,1.387587952657408
22.013535636825548,1.1196163477403211,1.3112845427109276
21.13115918622361,1.5597503726506432,1.143059524900447
21.635728011593393,1.102483804004037,1.4286342547815054
21.911938164001555,1.402669155675785,1.1171678872476487
21.688071708988467,1.3444914509868355,1.2336083401925786
21.74771546067781,1.4077048278159254,1.138185241820964
21.66523024168599,1.11947008451401,1.3739023814035716
21.683470266927866,1.3050034987300285,1.2747881725759351
21.61250611875623,1.4386773318085417,1.1320622576866288
21.375883713970573,1.3222892943713296,1.2909044866726054
21.790042830275535,1.2059308572824095,1.258650923152686
21.32036554139235,1.3574058952238777,1.2882004204381097
21.281098959673947,1.1950854944310352,1.4186023111299702
21.291761861338436,1.2393963416149918,1.3626116145889393
21.83717420445391,1.3319763277880488,1.1699317414481332
21.361013928350836,1.5574898481341342,1.0900829015566103
21.565736517786487,1.4126467921842611,1.1797118128013306
21.65795546918493,1.3944520321986436,1.165687009573572
21.951481552759077,1.338772671496172,1.0943611279033283
21.95669428103828,1.3488142314920128,1.0753486157946004
21.8997977444298,1.143276696328556,1.3112875769235408
21.77754954234939,1.287115163034753,1.2175674593260066
21.503597188799997,1.4964172954325428,1.1049278390686976
21.785769225079314,1.1486886196605233,1.34912010311904
21.064917137015748,1.4936981463686647,1.21752277076874
21.976447276575012,1.152233615708424,1.2353494407317616
21.186929608861934,1.4902728146938016,1.1679011326955377
21.311344262246422,1.3427849382302322,1.33303284315989
21.479703783416927,1.3531510077045623,1.2733053096484706
21.521832627543493,1.3303642583365252,1.2778200394997428
22.073555147744965,1.3008804946471155,1.0946372619799114
22.00175785528611,1.3223124202273113,1.0894490187603578
21.437543138070637,1.3149765997543168,1.3308522745394162
22.487348236532135,1.1185533395989604,1.1819559791009175
22.406270508974078,1.2374820163051836,1.0405265291171095
22.19601532715674,1.0833763148844429,1.2800649702520124
21.929169942300923,1.4442072123113936,1.0676051319884206
21.785108700463603,1.3326264101169762,1.2250056779534555
21.729457031437345,1.408540716503958,1.1557195439384946
21.76604466835071,1.2033373021476423,1.3033856293090418
21.36828284391243,1.370324648249019,1.2229939256275897
21.604782316562787,1.126741150290185,1.4389443720257722
21.807024955406717,1.5489269864721908,0.9488175416275242
21.831104455703453,1.555193476650309,0.947978091571942
21.741077199861962,1.4296068906529846,1.0930889278829636
21.844397284865348,1.36672544207622,1.1358475704558622
21.761039082771966,1.3669765958722273,1.173107284942516
21.538928074402754,1.340154587080998,1.240496478110133
21.713395350827557,1.2122931724969668,1.30541430212023
21.463623177721356,1.4028720667235812,1.184397901789192
21.910327075218476,0.9846380823375325,1.4747578824550784
21.66240159458504,1.5818160203343923,0.9765618113479579
21.212000760601484,1.4238888168636132,1.2583573950209785
22.39837954250194,1.2196108574881976,1.0890142054999086
21.88865023099862,1.1910059805926063,1.2824059123661524
21.608653336618232,1.157281848346574,1.3689706923959033
21.480247793318046,1.2288326930779114,1.350075382578456
22.260197662312095,1.2775320176415474,1.0838391621123507
21.767593680992892,1.1877592491708042,1.3685465334442006
21.224326423738567,1.5465370475858407,1.148672017370762
22.081939737884866,1.2393798758529957,1.1260301757373676
21.961440033263912,1.3041035240755965,1.1524189801219449
21.873370201571394,1.1722718516723063,1.3725948257775926
21.511667669835973,1.2596138424523642,1.403013143917157
21.87642612578396,1.224081665843783,1.309663321560336
22.112009253723343,1.248941479665515,1.1904208737992668
21.99608747214628,1.0877149789241478,1.3657343127166255
22.01675342053448,1.1090112948336814,1.3363887162244101
21.50008224209031,1.5139111523834439,1.1016454559790425
21.857255509444116,1.3708952470214042,1.0952215005951536
21.579019250807757,1.4991769644944977,1.083472023519263
21.933428383435363,1.2387194842140492,1.2094869566022786
21.57566515768162,1.3847141037683732,1.223812937004173
21.22665372936079,1.4913620957372682,1.2204740146220499
21.52240098390466,1.446565999653664,1.1399581420307843
21.775678020015192,1.3740904185316245,1.1216216208880265
21.97109708893021,1.2669814244318003,1.1888829363611306
21.46631496059547,1.352138087594236,1.2573225059884112
21.59132209482647,1.3278960686382102,1.2402307848307232
21.547172097253718,1.3923529907672043,1.2127624322597217
21.437263782932305,1.4563231197172275,1.1750301659662687
21.434161969876968,1.452473870563036,1.178323636905505
21.723811655346147,1.3583157532027061,1.1313422270246916
21.958832993418447,1.4473005454012202,1.030296200213089
21.661910843955233,1.3114900837447359,1.2509249358678907
21.463302269839843,1.2737238522137522,1.3087537339353321
21.539340203802503,1.3397373006592137,1.2288391806398453
21.02917867678411,1.3002191300550034,1.4264177598966556
21.329390418914127,1.6629392637815499,0.9698479237752421
21.619573125458693,1.3036106871473288,1.2628270667822412
21.62730753987543,1.413178003553468,1.1537011140254456
21.733189472757388,1.2257171999422989,1.292185153939152
22.153702299517754,1.3600363099081894,1.0408023241953719
21.63845220212732,1.4198092611792164,1.1205716779414252
21.478715406278575,1.2264463268968266,1.3960707497902727
22.122751100752552,1.0896610916404892,1.289709629442392
21.694151935246552,1.0256406432151284,1.4706628608272834
21.75867328239255,1.3040963238105499,1.2283748772041265
21.400360185992188,1.4507060220444317,1.2367652717461044
22.376062632244377,0.9843523089658103,1.3484965877850255
21.6019331173929,1.3726233827589078,1.1893764289589281
21.68656411778192,1.2541114635895998,1.288775312667813
21.59600900630877,1.276302490418531,1.269453834997543
22.087668015807584,1.3195435207552295,1.1065967717041794
21.197151793453486,1.4018076992560728,1.2955326669539369
20.785342482681582,1.4783159135685848,1.3931686618835786
21.421668257247955,1.367192717104656,1.2405911926691247
21.875142292340033,1.1943294174268553,1.2481637329700972
21.454877145304657,1.4509404680519005,1.1700604028413266
22.4251009601901,1.1507195343717727,1.1668577581914363
21.942281317262236,1.3577079352086046,1.1027056046563202
21.54437162275612,1.2121276216744048,1.3800587989102433
21.933918731182168,1.1658359754776042,1.262540743849529
21.967278277189916,1.0932561524105224,1.2981902001147536
22.08980318571374,1.0430184877597752,1.3151862339010962
21.87192978945473,1.369699116390897,1.1219411823846492
21.545152487777365,1.2677475123340263,1.3061458944929085
21.969417877377836,1.247315279970743,1.2010152091193733
21.468382688129957,1.2100800644787646,1.3643434002612873
21.834499916931847,1.3879013271848095,1.1249095172544956
21.79559831833243,1.3738783032620827,1.1396767208642922
21.41254010999272,1.4620513517015923,1.168672466193077
22.289901923060498,1.1326640011203621,1.1865849889112237
22.240880863772606,1.2092459292416404,1.1041765548257163
22.21052106484645,1.16746443610324,1.1851627235645021
22.090251100683744,1.0860849989899324,1.2624432072492524
21.568535574852596,1.4323181801573492,1.1558889805462185
21.477808653640167,1.3100987628469738,1.3150283943198362
21.575598586240407,1.3522507839754199,1.2217640746096519
21.935796526966307,1.4275139575191693,1.0086750620746867
21.495802064882916,1.5307216463892916,1.0690494728098665
22.218246490204752,1.3299939052176202,1.042755852376706
21.453561324919313,1.4109379314631592,1.2424641409550365
22.10320160693272,1.2236775816241172,1.1974996665988158
21.459603013258395,1.3350567252634606,1.2616852323177166
21.6047162332856,1.4272064539087024,1.1422680018826947
21.730389400644444,1.288577698985625,1.2094587825836518
21.65363091171514,1.277566580695547,1.2784233742864621
22.03882650129373,1.3066389084721959,1.1353223356801152
21.609021676745165,1.4761108163901155,1.093739052559328
21.755256331810955,1.1816179403355433,1.312132181998337
21.82608648206284,1.0550390884768015,1.3964593655679658
21.96469678918845,1.2771135091049517,1.1125569020814543
21.452502062403163,1.3945802366875566,1.1933021031391446
22.204713788507583,1.1585401260571273,1.1591596931501105
21.58593836828696,1.2716372218178733,1.2704005033273977
21.66235335405046,1.342974810996675,1.2014873700545603
21.358256073850324,1.4235222811417698,1.1963477951763748
21.6777491812134,1.3734735388717212,1.166521485761251
21.713121614119366,1.4115211755102086,1.157092276556555
21.58583202109109,1.2680684303177803,1.303380754497348
21.837409003804495,1.4169626423599604,1.0905172873193485
21.776506372152973,1.4720220825547123,1.0916025934444051
21.663134204263415,1.474440098521196,1.1265269125460828
21.98634707751902,1.1877413751842962,1.2432509159975997
21.520129573302373,1.3252478925761222,1.2688829213935482
21.81834829531433,1.11610122362835,1.3583614767519816
22.133309443286226,1.1371892999534594,1.2398336843358215
21.647266686841768,1.2302506251222685,1.3218439720152968
21.46009075831311,1.6405881972319418,1.0006556657026633
22.29189721417512,1.050947318056463,1.277017081389157
21.36179439823022,1.4855144149294794,1.1565477754211415
22.09569831377423,1.1521496259404864,1.2406725593545194
21.884297856004814,1.3250290928006756,1.1496102486627868
21.42502975576735,1.2297377092689317,1.3588484192799832
21.55320089270093,1.1992769658436906,1.3371515225844475
21.668990338382535,1.141493800432568,1.3781701284154229
21.408284384737524,1.383134432419822,1.2317979617942842
22.106694691662693,1.1733009726719346,1.1568180389817588
22.182980512187314,1.2592065526811018,1.0694326394750167
22.122297619646524,1.459455199056934,0.9418794813892344
21.9102527567048,1.1589528552296378,1.2880094507371584
21.924212068778232,1.144870651194576,1.2988617656937747
22.011711102954532,1.1799284991427539,1.2717744265606945
22.1223921613176,1.3139030445205984,1.1125659330819446
21.72478013197176,1.2905334781475357,1.2437589075057438
21.604949954262793,1.3973156228711296,1.1416808015883597
21.54425459844576,1.6201041692664286,0.9856699950419032
22.098628443461884,1.1602989448624725,1.194064643354771
22.40423345821864,1.0303845046452147,1.1947714135922418
21.748579948847027,1.4770004934528038,1.048679290145699
21.63914206106553,1.3901696382440698,1.1636358771574589
21.2322025372523,1.4574354898182382,1.229872116593874
21.51973405584104,1.3674900564298487,1.1963554091937303
22.22431503348708,1.177286316832397,1.2180680500361984
21.731836203372012,1.1787743130285768,1.3286696047877704
21.3640608550739,1.4440178528690464,1.2091854361685328
22.07919717289146,1.0668894976230903,1.3349540481581286
21.70320446235812,1.2590352699949148,1.2407381331441936
21.844326885173324,1.3852308094612513,1.0881942734445147
21.77103846088999,1.1850010003317915,1.3357827845374184
21.391193928042938,1.5388239391041254,1.08966931947326
21.399228429035652,1.555428754459066,1.1058115159740332
21.732504049961985,1.2155407667343674,1.3046695797032462
21.78295184565016,1.213035264428159,1.3043957050039208
21.97939213456197,1.1967124264409619,1.261692547821077
21.38039488427178,1.398642392774589,1.218865067830676
22.07905070267575,1.0594977010201607,1.3764312730920445
21.772972571814748,1.0941622351347897,1.4432411354654988
22.117729086790064,0.9419850972410496,1.4589739268162996
21.96057044140349,1.3962734060453932,1.008694029085159
21.69496533291018,1.1699232488512323,1.3701421117045574
21.185638364504268,1.4711098695399076,1.2500129311169514
21.766369455526736,1.011541797982947,1.5187380133692143
21.75815073070931,1.5019371106916695,0.9686880313603734
21.759582036058312,1.0624451264283317,1.4758444290761032
21.606227389914626,1.5027593177495895,1.0019194591823173
21.68516594426003,1.363945497666116,1.148193149369541
21.992693032268825,1.2764704605326351,1.1658947221494065
21.623220519983683,1.3116324429931356,1.258381815290288
22.115590051053196,1.2909432265767642,1.1238773915062665
21.982758742831614,1.3169263147198873,1.10721565292291
21.961707909484172,1.1993891452773653,1.2525346289328416
22.047911849684624,1.2307883084715103,1.1785008637790555
21.531174179388614,1.5236525687234206,1.0719471793266577
21.554848819517776,1.3926231262575457,1.1737632095056727
21.988990248641933,1.375674541415141,1.0935474639456555
21.291360166115147,1.4576962944093659,1.162461081328075
21.841484539162504,1.3348657840835343,1.1873670900739914
21.623432794313416,1.429238496388842,1.126805283468206
21.77966954495837,1.2665181334011968,1.1999753294672724
21.736076713793796,1.5377508199218048,1.0516843623761847
21.701537465633706,1.5926747629058988,1.0104315146567164
21.737673108327645,1.5229078445679203,1.0751628768252823
21.73050567899079,1.414240200514887,1.051285997101189
21.686175071696454,1.2545264754906085,1.3454934400599883
21.476461580840002,1.4091031425342273,1.1415278677557712
21.813861652622663,1.3091210981330395,1.225452840157443
21.67684989230511,1.1790976600635057,1.3426883144044544
21.371232476968522,1.453848849278994,1.2051228919154047
21.404557453977134,1.362293120685284,1.28345782213047
21.52043386134778,1.3497702735440957,1.2869508357765689
21.794682688608283,1.2708049161026225,1.2668205378241661
22.00811656103223,1.179086256960275,1.2459888446696767
21.4353031577887,1.323904064077367,1.2864668538597765
21.56990365860475,1.1977400642303226,1.4014406866774498
21.523681882291537,1.2062887256395876,1.4005115852622558
21.6639750298049,1.313024857592097,1.2422746118120904
21.736211733918054,1.274608101512907,1.2893731749087125
22.295148340017015,1.2038026572338032,1.0869911068346265
21.771469846590296,1.476903370233348,1.0569452822721215
21.3910134361502,1.6145580428060304,1.0248302543874934
22.258614046828978,1.229870801936092,1.0966061497286057
22.291489307334423,1.3116897069952194,1.0264934839318278
21.83096161173663,1.4667986422136643,1.0564235568129463
21.832082491392427,1.4840536488539589,1.0322131358414646
21.28794813393808,1.3138993091322233,1.3353053372433281
21.575459675865712,1.4916752500067094,1.090367371943726
21.64626475206869,1.4001724064906216,1.1496392239155218
21.494673972355177,1.2678289995641385,1.3488740745742827
21.505836512570163,1.3893004041428765,1.2089102526764832
21.279242900563204,1.2408318327790087,1.3890276297151698
21.32721132168233,1.2468632130473112,1.336646723598849
21.350628899486857,1.031793238391703,1.5312854259043913
21.688620217002196,1.3756783726683137,1.1154448800609609
21.881448292524077,1.4006457353001427,1.136015683504255
21.73845713042094,1.4951209987811471,1.0956310851623499
21.94520420633505,1.3352195914726652,1.1843990726871083
21.81997611901717,1.1831332426530075,1.2897186037984119
21.373841797147165,1.4602524931518974,1.2472368897786632
21.375596113761954,1.4305108013414212,1.180243874524742
22.02797291915366,1.2353521948114399,1.2078388396074689
22.215290293690064,1.384483416325215,1.0223795140699907
21.47419642972108,1.438166380908364,1.1935939381819514
21.588033499508466,1.2806240749599827,1.2868351431593168
21.90150654399953,1.3781209844363738,1.1049654442846268
21.763543181149558,1.475773754929014,1.0295502858746675
22.33852940417671,1.1974358875131925,1.1792524694065047
22.355335990459142,1.1712172888685464,1.1924415942413635
21.909020424174514,1.5110153445730026,0.979499634236871
21.149535384087567,1.7381326808719146,1.0209565203591593
22.00550045265688,1.325825019779974,1.10991214441571
22.398507752012843,1.4766958288390457,0.8570138028702221
22.064721615702236,1.1999105017922205,1.24042516106517
22.260472359019502,1.1660400183909396,1.1962969244099069
21.675066656310243,1.2547480226329715,1.2818677916673518
21.82593322729364,1.1341063754281622,1.3559333495381969
21.544498263789443,1.5549845953894668,1.0400891967341654
22.03022205381079,1.097783755353043,1.3315868312272012
21.052854706516253,1.7142104820884962,1.026891822010282
22.470493506314796,1.24743509232598,1.0643901301913845
21.343399563291026,1.6017140272315873,1.0508802966172994
21.688992539297985,1.6149959754097203,0.9484315581901054
21.253817549306824,1.3560560821512575,1.3052299937004734
22.003667504556365,1.4293492526606857,1.014625648248461
21.487541980037378,1.298433107446256,1.2709964328908419
21.033140871448744,1.4297998214143632,1.2672423174979666
21.945991574985015,1.1632400104031781,1.2786734150193029
21.755170881511724,1.2523779322174275,1.2783692400786855
21.48501001675779,1.3482128686526949,1.251096604167608
22.16418681204924,1.2131802449689286,1.177888158202039
22.203825120226966,1.2006215332188803,1.1849603125900519
21.643228956892575,1.2859385976859408,1.2772270922234883
21.56164635629007,1.1891629792121698,1.3815489019772913
21.85685898240312,1.2500069074496336,1.2512028217751199
21.132321105076812,1.434099045371886,1.306991882684879
22.199043306077986,1.1508328464572575,1.2228119881262365
22.07039972690515,1.1267783763739336,1.2774332714984882
21.106198751432512,1.288231269291499,1.3696241696503666
21.265894701115933,1.2973080584550463,1.3017658282304694
21.37404387217736,1.2634178849744002,1.3020380307027888
21.865149792525962,1.4184207256133912,1.0069825308800062
21.92169207834727,1.1597285870621858,1.3517803156726633
22.190305909553636,1.2873383207724822,1.083190938180003
22.079541424472218,1.1795131905737035,1.2597060903390214
22.008553954677186,1.1288961327021325,1.3228996570982847
21.641656081477432,1.3666580792721554,1.158563190790879
21.67689678849416,1.4022790324363503,1.117040995429673
21.527914416493914,1.29398720287244,1.2908430768562094
21.3237135004275,1.3893649317810262,1.2904526027518437
21.4343258210139,1.525461570951023,1.143131738984561
21.53231770920616,1.5880891444125984,1.0514845915623352
21.05949713617818,1.5573707397454404,1.1971264583998562
21.063687242827562,1.5222015811792868,1.2244132458427341
21.587847427114404,1.177681347389115,1.3824151421295534
21.42487815906759,1.2183780023688664,1.3751661224729608
21.730263220698312,1.3357274574450202,1.2194114434478365
21.50096006302823,1.084012557525332,1.4282752288829625
21.57769679671918,1.0845174666008084,1.3982953571052676
21.454918577471343,1.2585889482363315,1.349761991873586
21.506637173509837,1.277211112151967,1.3101021480566903
21.88471175084252,1.192772016012853,1.2902093143766615
21.7074156896314,1.2950858125183653,1.2526284642157763
22.35965524573443,1.2409768703890793,1.0884064280611783
22.240817077755523,1.0918674627023253,1.243479077873937
22.415496696176017,1.2865002814750441,0.9547168255282343
22.262454770464686,1.2653522848830667,1.0555430558048229
21.916204489428907,1.1852897275888699,1.2471251851598681
21.830846196754294,1.1699476957049342,1.3279259533056558
21.934499924198157,1.1024426977306654,1.3326351540191443
21.61874021813067,1.5127247518562097,1.035844921879783
21.939583709387406,0.9911395299177638,1.4504249104481597
21.52157937438324,1.2664676042486744,1.3448267672617384
21.499209032131844,1.3972636358309523,1.182024859904745
21.525489429013433,1.3636111294554039,1.2143768842517737
22.053337998484086,1.3227636111206253,1.0930788515545276
21.42168211391163,1.324971819750326,1.2926784048025985
21.453072192792863,1.2969073069100094,1.2653733743311562
21.514745078548586,1.2640628013550315,1.3167695113112552
21.38056705143884,1.3289142533351588,1.2700303061581442
21.563032904770978,1.152560571463912,1.369474350398769
21.80108216711647,1.228036853425108,1.1941728359110368
21.63907377193773,1.3095393711040095,1.2078399212281463
21.26978399442949,1.1480014304274695,1.4931537030677213
21.323968317609157,1.14658002931594,1.483191454428885
21.38627556878003,1.4364484281775172,1.161333223404876
21.94982787081471,1.2619492965591603,1.1067482246296843
21.56975277175252,1.4513424840184905,1.1557777033493348
21.48091520753812,1.4477264173784172,1.1837424257544238
21.750459649640206,1.2427841692884414,1.2344204007930615
22.43922160497496,1.042598867958982,1.2478756029315572
22.536530935346995,1.2276015599574706,1.0409580535529004
22.068970099148075,1.1360122180727845,1.2508492253104255
22.152105658496225,1.1519649026012686,1.1949978436759103
21.517929353587327,1.3057636860908473,1.3003788808566517
21.564542772939276,1.3113267232992911,1.2747581331158924
21.352478468302216,1.2641606920449053,1.3766426191737067
21.329734490941703,1.3139469359975087,1.3132243415192724
22.164430830623218,1.263682503509362,1.1277393725947318
22.24438137959767,1.1327660302177627,1.1848633015420191
21.9166314890747,1.0361242628622698,1.4225406505075842
21.703227644092564,1.1814652588696357,1.366572612673388
21.988998516290867,1.3426457511328613,1.1346896767925523
21.605690155238847,1.290908772313482,1.258418835698411
21.595200444179586,1.1215189581637708,1.4348367268672542
21.92643376534273,1.3851227417490526,1.0857757810235265
22.138344776949317,1.2599756667424005,1.1321366364060421
22.015925828390177,1.271164333166511,1.1811566846665302
22.25077282431768,1.1639097027578573,1.211951152978575
21.57243184212579,1.3282732192896756,1.2163889057799844
21.717048371665726,1.219891221968478,1.3179601467669777
21.18722855523349,1.3549172093712007,1.3231455363221825
21.543972621249964,1.3382330312530413,1.2346008178281056
21.98236740562443,1.2321852585308803,1.2277573928814398
21.930086603823348,1.147871582954001,1.333885603261167
21.179465174621022,1.4179192126468567,1.2756826837626023
21.531090798199457,1.3919758850785802,1.2422749973179528
21.78018799200069,1.2856735995167883,1.2633358884919919
21.565744631649324,1.3698081253987395,1.2192347222434219
21.509296683833547,1.4170100850369025,1.1603308080987589
21.946146839535018,1.1367788502930514,1.3333710603508826
21.660434826700286,1.057320003822641,1.454189034725848
21.85390647780605,1.5452040265679963,0.9709363087698367
21.406703213999343,1.1241526725198328,1.459144451882178
21.469019895170398,1.2911697326888427,1.3310061119699519
21.70937736075919,1.3916899785201342,1.171603476391108
21.631731218628897,1.3252190051169248,1.192283513290175
21.729993808298325,1.268063477763282,1.2607984579768081
21.87475250681286,1.4475800760398463,1.0826760565557807
21.681347293014024,1.4146597937987928,1.1577824059749318
21.929727684891528,1.410944145694468,1.0455830857802126
21.59827814133762,1.3515298575913697,1.173670423038797
21.678906523220213,1.262632487254813,1.214702449493949
21.835819988106635,1.2499061753554292,1.1966396220830262
22.172438017849935,1.261229029448774,1.118355551178857
21.411323593049893,1.471493055058242,1.1364500517595197
22.033499658328832,1.339142999883818,1.0415827529093544
21.931562236358026,1.2742166540939106,1.2233188181317125
21.820757192318954,1.1730561374286357,1.2581465712902073
21.75078033154776,1.113296997550412,1.3808948671521666
21.445414704557102,1.3745852149364857,1.2572466212534321
22.04652850866399,1.2554094235885083,1.1403967583186345
21.969695831415542,1.3411591056972427,1.1159881356423738
21.572850029980334,1.2755736585011306,1.2689090298169077
21.615375094999813,1.2686786581742846,1.2646937404857292
21.56842683136648,1.4386713168361942,1.1376535329410058
21.8221073295908,1.4854096752197579,1.0160458742771206
21.282174562761753,1.180636091731485,1.4715698153392183
21.440258127906475,1.3977857717692423,1.1990863150313116
21.791019987965825,1.0799772646694097,1.3830415534949403
20.878760666528066,1.4373885160374273,1.351250043719938
20.96684769278061,1.3198293709807256,1.4229051536232575
21.234971625289372,1.2833770123596202,1.3814811793061723
21.286113476475304,1.230676393418997,1.405868054751788
21.390898466583486,1.4620684516062739,1.1976208923011795
21.41536381905413,1.195663570715869,1.4148734027488974
21.90017694185882,1.2184071288271978,1.1731082408653628
21.81559684874917,1.3634697688950885,1.0901249779527926
21.784316264650894,1.2612777676911104,1.2273043269463346
21.86174164495836,1.3303276510799154,1.1387155349132627
21.773112079546266,1.4237429010055311,1.1141649997703489
21.52598772810871,1.241253268163533,1.3411669648872022
21.68441932567216,1.3961821583024987,1.1656922118846265
21.841667498338555,1.302378591199979,1.1872907683497402
21.80841173275506,1.281816029436374,1.169680190361366
21.87407277313049,1.3444981812633896,1.103803699300296
21.6422685715416,1.2605713446852773,1.2263590366353707
21.825182625835886,1.1659669906342969,1.3310409698216885
21.67286286152173,1.663591913488798,0.8811555140698077
21.766127551403322,0.9584601872642353,1.5049292767427174
21.151602124772403,1.2026792643941873,1.4933186571814834
21.695851053053374,1.228406803848042,1.2765570498689578
21.541064525261213,1.549787665207354,1.0596213351009485
21.674786330897096,1.4629007098527183,1.1036682219256888
22.157627764076736,1.3866176726346504,1.0144895010787967
22.095695562883144,1.407460225427821,0.9967225131805715
21.951014575811698,1.4406695801149325,1.02934790898115
21.33583323748205,1.242077212762287,1.3596604226475837
21.890376095586873,1.3509401283855282,1.0397629629476608
21.674288296127518,1.3654209990413673,1.1417530853756688
21.349384948171597,1.004733581715245,1.5704823788882911
22.19193269073243,0.9950266742773498,1.3323981630416335
21.16922710579629,1.3743276819927686,1.3113055739365347
21.53561036932957,1.2457945338017753,1.3264089852019616
22.08497256840269,1.4420141341717045,1.0284980044161904
22.112626047973002,1.437981569206763,1.0256614678497809
21.877882085436042,1.517857232856964,1.0319020053080383
22.386919820911935,1.1752213283241129,1.2075795611118405
22.22208402540639,1.5882144482279863,0.8610392568461213
21.84605338973737,1.2530041900673379,1.2868632490476295
21.46025267195467,1.5628448358037654,1.0937441642114183
21.867368745390046,1.1129084921096077,1.3212180873617196
21.644012551847233,1.285146735855111,1.2588435668555318
21.96589191164024,1.30503608076205,1.1541975854879658
21.28496050951857,1.3885039538898367,1.2546911832818997
21.735682963544537,1.138972186778719,1.3472265873464535
21.67457919844064,1.285412140888619,1.2650725455286016
22.157008226556314,1.1796636154789066,1.204001751177818
21.708337923051026,1.195365244549326,1.3030009903843778
22.272463472699005,1.101734408868017,1.2278586128982374
21.518147494754416,1.2962243817959307,1.2894286280536849
21.517630977878863,1.3316640482937203,1.2556382661772305
21.51154899923221,1.4441124571571016,1.14723098959837
21.495517098209106,1.4022193892585135,1.1989383158665814
22.086955271957812,1.3084263508904885,1.1202891702465188
21.776588415909217,1.3550297664862119,1.2028572155424344
22.056259841238695,1.3738865020977071,1.1178472212483772
22.11671961498803,1.3676567406990874,1.042707546338666
21.595718845948774,1.4076976425379222,1.1998553020193061
22.17364980746629,1.4343869358680315,0.9723966414412003
21.909145855326372,1.3234115974186793,1.1897023717231583
22.35278363815491,1.0737881847447932,1.2531602343443153
22.28456059607401,1.1681585893610682,1.1832666045929678
22.600658496611416,1.1362435685900933,1.1548737938202003
22.16352448856934,1.2356583275284727,1.145657989182107
21.008879986994252,1.3901117548515785,1.3523250877801734
22.505739832072486,1.0118092071298486,1.242059977393741
21.476082553750214,1.260581063034415,1.3257598631877936
22.004919857903573,1.335783946459066,1.1381094040080642
21.873930807666213,1.2424748039204427,1.2702671913201031
22.240609728643044,1.345561899272073,1.0540233693869592
21.960947237298978,1.2926845816360069,1.2122432244036168
22.079172365512896,1.2937538848288754,1.171920170820206
21.270321470649286,1.2220467163307764,1.375120607606579
21.908514389755954,1.335972412043878,1.182950681453401
22.070209845664635,1.1718086396503515,1.2579471836503724
21.69077572514294,1.5327779789238727,1.0451176773077437
21.39577438399983,1.2406917509934212,1.4610823749214572
22.01128205861971,1.334418461887343,1.1286065487651642
21.981214155841286,1.3936061969091778,1.0929915225355942
21.64350022527367,1.3919205029612223,1.1732304139789917
21.683156187557515,1.2044755822877478,1.2877508937826152
21.937914558063667,1.195508082877953,1.2337382422199963
21.563595312887024,1.1173987149108864,1.380409808428134
21.866139515673545,1.3298253812996472,1.2362876312201734
22.20360710527063,1.3923516112716583,1.0110634335717215
21.729159408420394,1.2913033529596836,1.2745200870092719
21.970005825971306,1.20064424072323,1.2810085724907005
21.281771248463006,1.6439131798706947,1.0790481957044273
21.732555131186125,1.5592951139016753,1.00064562135293
21.735378929673615,1.507380458892909,0.9869678947667105
21.5972026175058,1.3909865519160023,1.2143412410949872
21.63849441148976,1.2990543699378017,1.255851805784406
21.92520657578519,1.408408693605332,1.1211834626643835
21.74374279831391,1.412575665371804,1.1775748328122893
22.237156129332792,1.3930139028813617,1.0072410345943263
22.331013633190498,1.2334114219287362,1.1318571604274328
21.642412200060527,1.4736302360035904,1.1121102784259413
21.975939148071127,1.3517440117661452,1.1244802157787428
22.01377599003539,1.3022227185796105,1.192577804998207
21.96070223184453,1.2901055640335943,1.225888423334084
21.90000584711236,1.4342975188801124,1.0667657217063238
21.883484982734696,1.3414134675651892,1.1131616316117703
21.683415078574498,1.0274424323509026,1.5177642609888367
21.559065363193024,1.445195221836713,1.1538812397310347
21.71133064474715,1.3337954190612726,1.174326644486652
21.941773235575102,1.1960868929983464,1.2256993161233176
21.218104979937095,1.4440992409858189,1.2782702141103885
21.92501572751227,1.2654160082090944,1.1876602985947786
21.384105614795168,1.401384978739196,1.24739136425105
21.299794347919615,1.4402029701088415,1.244009249896711
21.472846044421043,1.2127961383939374,1.3782281189884127
21.421552273448505,1.3087200798761744,1.2760376551249792
21.733190587341973,1.2333011664930413,1.2283878406547875
21.781347060286496,1.2213421071764416,1.2457995185311512
21.791460599357077,1.193958753775996,1.2739608906779094
21.596941716537053,1.2881167558331785,1.255282729136886
21.80421920873963,1.2516224688695232,1.2408627277657691
21.510303706201874,1.236570548115093,1.3554399872726368
21.43871062131458,1.1299371560431952,1.518346111316339
21.805485369509203,1.3992512498470673,1.082354108523764
21.52397823923244,1.2255450198156137,1.374014939507988
21.6933646639564,1.2271574617210788,1.2556815260990701
21.352044001724714,1.3518797924125414,1.277025547353431
21.799343322087594,1.228280006166384,1.2626064274022597
21.675697878248133,1.1875596245532773,1.3481592294093698
21.70509015127019,1.2120878093797856,1.3221512434886706
21.691547965241938,1.3644446042142842,1.1597488154894657
21.623209073120194,1.451189250310543,1.1298178127355067
21.72420687022135,1.401277814506293,1.1261587665188966
22.1733439700231,1.076816912598459,1.2745741894329243
21.77703105425417,1.5351850317017788,1.0225378595001924
22.197294743015092,1.096673611552682,1.2905767917352993
21.621972618118768,1.3325648338389022,1.2334167503087021
21.765493489075354,1.4106330634933673,1.111223619487865
21.537409797979617,1.533799761397822,1.0547534493136086
21.75411045104518,1.212434663810012,1.3175824601513675
22.19248536501963,1.3653798185761996,1.0040572513592265
21.219497699116076,1.2689565562872354,1.4271598973407722
22.015510742488637,1.3483705857624637,1.0612675344395461
21.98402466322711,1.2345351206412172,1.1977843824309735
21.598002496254622,1.3198136898607291,1.2131102847440558
21.768187537657706,1.1458190509055457,1.3347469560278495
21.64509657331941,1.188079902991593,1.2697400085843262
21.751202685188176,1.0912215484839123,1.3571187519118195
21.733724409955855,1.1233893213721722,1.3271051141241947
21.900354826099253,1.1350771989291193,1.2758414391541697
21.28047261436555,1.5070187925201297,1.2093580588878658
21.303679164183123,1.2846651313984598,1.374462657354416
21.516612110220997,1.2360532438426788,1.3615693388959398
20.899270520286166,1.5322770599411657,1.2529664695480973
21.29715518343148,1.4609631165297554,1.2154224904631659
21.81432065658503,1.3912064250712024,1.1383045211788239
21.384410724351184,1.3942447346577793,1.201458057331749
21.77858445665397,1.2762665066350964,1.1451088421354025
21.774333022491845,1.2296263749855103,1.3521711578038482
21.56843068376498,1.4981094584133503,1.0657997503302106
21.655334531581353,1.2354502198281356,1.2571926202296342
21.587149793382086,1.4412518007006643,1.0508388381883194
21.408977750115135,1.4023088034323024,1.1500607986590667
21.697111393704404,1.3846794207103594,1.1052451669775931
21.397277431401086,1.0957819354508553,1.484903736199057
21.24410438927658,1.1227569786879241,1.4952790581968225
21.201031347593574,1.1166325735839613,1.5121757770930195
21.781030423737953,1.4484835585241636,1.0114265990356845
21.451596302531385,1.1943065829958506,1.36988387556114
21.187289111398513,1.3140712549089444,1.3644055943267435
21.265604648489653,1.2088991070156787,1.4114449177624342
21.33014450165458,1.2085014013671307,1.3937411195580218
21.07851181540297,1.340062857727715,1.3534846802945375
21.248160524349984,1.2220886366213912,1.3977365231641248
22.02053765866004,1.2052845437716373,1.2442083892123432
21.800286431444565,1.2614960743471784,1.2706798780081068
22.035608040416314,1.3873397440187922,1.105372648019868
21.953861159092796,1.3753780495350056,1.155345337270681
21.818285212027256,1.352756261900221,1.2205109698158678
21.75096660330032,1.3311799577759045,1.1329893006274536
22.504985184347518,1.1718464040955747,1.1497874125565823
21.637232924456836,1.380438948847933,1.1837571597914645
21.669723734063556,1.4029133873185735,1.1559780568343703
22.139624374930985,1.2471325967501978,1.2041494233930918
22.125589472455143,1.1628895863054292,1.1598985236008228
21.632774660008845,1.2410804887757765,1.2393223974659062
21.876666320875415,1.205281212843504,1.2740002661664145
21.61051701888307,1.3138680175919726,1.2698894481677734
21.531448238157438,1.2456152188488698,1.329155996682683
21.519799888587933,1.3036615501694462,1.2738490996061091
21.51471625609991,1.2947609471999815,1.2765472112178142
21.73243519689263,1.3644950038179897,1.162667677516633
21.609530251486802,1.3747965518130771,1.1997985642968294
21.817616285930097,1.2994145183289063,1.2025622599771002
22.022336702651103,1.3238279735487277,1.133135465917706
21.66109103376999,1.4226972526093207,1.128922885335212
21.703466422588,1.32460176686175,1.2156053276708991
21.708629748393506,1.361861719294122,1.1762623326617738
22.176447059985787,1.3026647257904285,1.0717395799651885
21.93917751104054,1.2261356782365902,1.230456683901897
21.231527041529702,1.5707666204769901,1.1009089318303078
21.135195932472353,1.3951321803229402,1.3080586597401127
21.39397489932881,1.5366305942312393,1.109492944496425
21.74479242717525,1.4673249294699402,1.094424098752093
21.76008486098369,1.5038715597088999,0.9307661570214665
21.558913579239736,1.2674080101268457,1.2974372661583682
21.621132900893087,1.1809336379719195,1.3533474431740182
21.568806691366653,1.2661524004130125,1.3027574338998957
21.232501949373997,1.3861468342519214,1.267102241926281
21.10687845512661,1.3504839898746206,1.3357824702212953
22.060072008482205,1.270411849400079,1.1803528842733615
21.86860492638707,1.449605888146934,1.075807161724081
21.15105544433672,1.1939183214777556,1.4550710510924114
21.63157556142816,1.2374585853131768,1.274699462912596
21.975299975991263,1.0811728187374747,1.390687822886509
21.893882802935707,1.1797350406242557,1.2770761847825736
22.41850300208454,1.2334998020541472,1.065221705476201
21.642646733868784,1.5819360819726187,1.010320655393228
22.067229471060415,1.0900830490670999,1.3425361617106548
21.380662175085305,1.4696109555540153,1.1532686422510434
21.62266670503263,1.4409989379123993,1.114649393429839
21.791961405557025,1.4326893537465495,1.0643977170368855
21.80161934842365,1.121819191097855,1.3772389107277883
22.2357783024466,1.2337931183970199,1.1738747159469716
22.152333015229814,1.3469434430725642,1.042115824593355
21.61699678825835,1.4219222554262945,1.0705905808476748
21.560590017776455,1.222293139186967,1.3233739623998266
21.807491196701015,1.1968683895057322,1.2784069289463271
22.281332209031472,1.1487350919392163,1.1959679176606257
20.935005010037848,1.5411688074683554,1.2060334728889983
21.10007901206488,1.3195997505968056,1.3750004920709757
21.962777265571425,1.2807457249686864,1.159236286285699
21.29278609449586,1.4453835454975361,1.2433909849211833
22.205846810034465,1.2758439456875914,1.0722844594721073
21.627618709241304,1.4857954084053282,1.103852684506525
21.833705747026404,1.1040474138904535,1.3405186873553963
21.618352481021482,1.4324753381386761,1.1469206802559089
21.64542461798676,1.5812865394974875,0.9518187355706125
21.610154626054502,1.2962149756907297,1.264156223634051
21.607769333474,1.3438844451324798,1.2411983877802981
21.592389717506833,1.2996264373685003,1.290214145276032
21.98614262818909,1.1229933129121292,1.3146467506718547
21.77132192491198,1.2717490372243836,1.2549089312527755
21.826308497568892,1.2003434294775686,1.2416814819643744
21.704276724747732,1.1405920579520952,1.330407884766164
21.497557103859865,1.3625805464332221,1.2291708375135573
21.117830332241383,1.3692430222010452,1.3229078584623233
22.041118986360477,1.2116238989784347,1.1275686670792202
21.26361496109027,1.2364636292120055,1.4052195020196108
21.783632688450226,1.5213128987611442,1.0350432550136435
21.980521820585984,1.076806786759173,1.3491181217342063
21.73823915993681,1.1135882000068436,1.3687556888308015
21.914765580031066,1.3757028655211792,1.1257830051122821
21.604468591156902,1.220524634160175,1.3034212512086674
21.628008727512412,1.3428169602064666,1.1699024121367345
21.88943851736257,1.3375904289674188,1.1267911604118803
21.321866822099814,1.1790520644531144,1.3901532944176715
21.321912204706905,1.3557836103771084,1.2563829387682794
21.414994606681944,1.2774324922306615,1.350966909395158
20.898023880050076,1.3544554155696842,1.4867316411834477
21.230513293150725,1.1476132232580198,1.537962866860703
21.055378413976833,1.2828672049098053,1.4783536858352264
21.292724053802583,1.2676939772173816,1.3733411702021492
21.13522625425575,1.3763695224750296,1.304695730428655
21.133732242407206,1.315682284797564,1.3410118158585367
21.31385545657023,1.2835019163148427,1.362323690607433
21.257881189906314,1.3502436564572686,1.3072495832433826
22.150136053719926,0.9187296510024343,1.439118995890624
21.222581480313508,1.3820056579400675,1.3406615168095226
21.492329121448513,1.349112838186585,1.28854703424107
21.244818391521783,1.458258832398436,1.2298041370065242
21.04824535093138,1.4479951941461675,1.2993462071579427
22.3598809994697,1.3287341370325736,1.0048234824910915
21.254268353643546,1.4667438553093242,1.1859873271708157
22.26351488932812,1.2475062046743337,1.1120162841434016
21.834489442694597,1.5459815988063583,0.9699618990069542
21.170394573791818,1.3897179502061288,1.3130326437171513
21.763306619088723,1.4833768738072945,1.0417905376004852
21.903620095318473,1.6180524504203828,0.835428164247058
21.609267346432773,1.2490734510363852,1.2607697499156902
21.659485358286837,1.1659744181053573,1.313430418716112
21.885555993679922,1.4710436724231934,1.043739438144918
21.420264184332833,1.5789005317476146,1.0581211259997403
22.01148843230444,1.1040081527299253,1.3322959545063622
21.93500119874629,1.1040347396928698,1.3535896991480996
21.82645760398919,1.4600749792475047,0.9539372062355892
21.522608593006385,1.5542769848012419,1.115480752807897
21.73061061483029,1.3999021223026866,1.1740054794446901
21.652071344586815,1.324078838859057,1.2300903108740842
22.111623259151983,1.2034181626583274,1.2050602723360802
21.980137158570823,1.3880571556494692,1.0714940618607875
21.638560016449286,1.2867323250719265,1.2787455845810813
21.685737907081172,1.1701661954514524,1.3228144061117373
21.459569129936728,1.3078023589301504,1.303658087334798
21.946699521592592,1.3594204761654753,1.1121030494042994
21.727579941676623,1.2325962419981344,1.2764204883580865
21.881501224733622,1.2275889665122792,1.226556094814526
22.030840894890318,1.232662125803337,1.1883383829499485
21.99127713821921,1.2607901053181274,1.1670783865739212
21.920243613983423,1.1593373084037868,1.2890068098250473
21.807931566394195,1.1692446018065756,1.2957503791674905
22.099585499311267,1.2978561265714892,1.113573054003183
21.84758309695064,1.4643450688465989,1.0177005229251666
20.9726264558454,1.381513091762645,1.364779981609168
22.16650672650672,1.167957386579511,1.183304919457537
21.903849957334184,1.3614639126891188,1.1332725327670077
22.12051635056978,1.2438534906678056,1.1666964527163977
21.48577521755807,1.4608603355772298,1.135015671270519
21.448864188402776,1.466731089381467,1.1153561566702273
21.743117278588805,1.3262468579579454,1.2248766390894192
21.961727498888806,1.4583866758870676,0.9994862315889699
22.23675149219826,1.2455046519257662,1.135867829516734
22.168506248438202,1.3242210114868553,1.084438953596311
21.729797540009983,1.0351840545976942,1.4467649158373752
21.650751904537053,1.0819654316395966,1.4394780768769346
21.489222085622863,1.5747173139092923,1.0440056883875242
21.9042164574351,1.3083566287607153,1.1981306026883196
22.114502383338994,1.275986555733582,1.158249107917586
21.9021248433722,1.223153289110868,1.245725775167463
21.642757714668736,1.3208956046433578,1.2235707386881511
21.612756816913244,1.3968904458557843,1.182566400117541
21.855014019659,1.431558678614051,1.0726267798832028
21.647305121385926,1.36783383919398,1.2231377912446226
21.599091362072166,1.3874695737614224,1.2250926075442146
21.83609221433607,1.2949554081163257,1.233717304714193
22.14333660443183,1.2589890569288096,1.1869688585018274
21.92052022508772,1.2929695710787446,1.195778083048603
21.632519076642236,1.2078616639644193,1.3603097862847375
21.855628097837958,1.3436312877176637,1.1368748746585853
21.70756408612238,1.1381052436388113,1.4205007558213094
21.687154197461254,1.2735125002960126,1.3171846363675823
21.838949724134523,1.190903902992605,1.3457944805903892
21.20425870928949,1.3511730006299336,1.3058145513135027
21.489906868820107,1.286243552259024,1.3508153590996608
21.96330441649316,1.1296729590370531,1.2645699097720242
21.611474032493355,1.069001475513565,1.4954555730863197
21.506689006720155,1.1243032386534513,1.500754531973254
21.513904405276307,1.0998590240856063,1.4907488487303715
21.55056207125281,1.1458093761086274,1.4581068395675083
21.972826731836967,1.239296034814371,1.2089887393517897
21.59117624626444,1.3157529069708542,1.2730289717538497
22.3532089441978,1.2018795013779855,1.1600167404961454
22.02848316118962,1.4027782597035698,1.0190182023830756
21.940111215139943,1.4208615331471226,1.0308680404353705
21.751005747242047,1.3641793704315521,1.1570970187391783
21.15409936040023,1.3836654448458288,1.3475505473535916
21.205228034443355,1.4372892884356885,1.3042294310876792
22.30062541863091,1.306060120196256,1.0225841554527721
20.87594008033105,1.3193142134029876,1.5047418511030317
21.06934192721421,1.2650825541825668,1.4897591777311356
21.91639172521326,1.309153230803717,1.1402837432057549
21.572856138181937,1.4124828020745805,1.2266010314087883
21.648456211209844,1.2385651742000743,1.3363170119282464
22.17000756531913,1.3015021254782333,1.150260404609142
21.66477227394501,1.4026408853556553,1.1785849694094777
21.75980303744928,1.3166116215488117,1.1591089437702273
21.75455753832971,1.294064768118024,1.1776372008963152
21.931237296785905,1.3154419747353405,1.1113324304691803
21.31536848929419,1.351880995126397,1.3224709913349089
21.335292556281644,1.3453348307064465,1.3294158402594178
21.528890438192654,1.3379267041929543,1.2373894258071456
21.624374989718024,1.2106188757313077,1.3440373398853132
21.722545543150083,1.152030106421821,1.3981638097220401
22.012257997923086,1.3432739875364135,1.1583584249284804
21.81872751286572,1.3815338742038052,1.1493716340309186
21.241259744448108,1.5010506956714729,1.2134014966345819
21.340528642128078,1.4843356214118284,1.1980004586333557
21.985258232626194,1.4741696512930669,1.0246880805667546
21.88026136025772,1.3194399439873103,1.1573522588332394
21.616047930928715,1.2366468282377947,1.3073523273936503
21.431710126734302,1.3979025441322737,1.2614549891493194
21.55113699872809,1.3373376502053256,1.313451656076014
21.290354257913542,1.232075787852885,1.4021045042190767
21.447875914178738,1.2254783202163273,1.354038246566362
21.601807955764134,1.3750714649733533,1.2209477524069035
21.371031120970002,1.2344732610403657,1.37982870903192
21.258715648588513,1.4572760324746046,1.209154924403739
21.769266508651548,1.204552176964045,1.3227160486417333
21.74083511868497,1.268129668092615,1.2017399952162133
21.55825734102337,1.3002358330765502,1.2360749159791058
21.86901555015666,1.3247406625736813,1.1351703885864306
21.23373748612518,1.5368654388796346,1.154247776524453
22.23363767298275,1.2125059376935587,1.1513887643343228
21.665824811861384,1.3047872489557122,1.2499229528749556
21.757098755962986,1.2182253361951174,1.2837225227356868
21.630124970960694,1.1921649573359103,1.351753243383535
21.56973787813512,1.392443623008131,1.2112793594946936
21.442390136898382,1.3918045078030135,1.2477595670660802
21.626035879634152,1.36855156743878,1.1597601996949913
21.36227324790518,1.2743922541048793,1.370912961181582
21.508993781494524,1.34533778951063,1.2225212111386154
21.53639459101104,1.3584712650553583,1.2103108340448367
21.94417377784542,1.0897874758683277,1.3180838119522542
21.478477659119307,1.3541558355035095,1.222218089758437
21.687695035178155,1.2464135747894887,1.2743462798783918
21.645912069158193,1.2872437564452421,1.2525503851221853
21.698807192648733,1.2828928749229518,1.2127482672039087
21.53035901644814,1.3709715398284366,1.2364820821635083
21.604160992975057,1.2729423086796745,1.292856201270631
21.87199758283339,1.2660444386668215,1.2267680698678527
22.00848625133082,1.2394036009739602,1.177091686336714
21.2924662981629,1.426190279496013,1.2104040778352616
21.619960806976124,1.382191504870899,1.1591665302889136
21.90107363676519,1.1496646229232408,1.3145822278355468
21.727858613815314,1.3414573255737579,1.16231726453231
21.990053998226536,1.0815018156635472,1.3348390383598188
21.290664651614623,1.5583653034589149,1.1275046283668866
21.537950012459508,1.3958220772712662,1.1620556371545605
21.573338908300737,1.1512685869494383,1.334938641790252
21.547328622487946,1.1391602128988034,1.360568624877948
21.70352202055321,1.2335688934542528,1.2372617549522023
22.021572632991187,1.0622096657428286,1.3410534793280917
22.037814671838543,1.2070226737825263,1.1914088881577791
21.95713693909768,1.4752370934010566,1.0041998504175105
22.030844769713717,1.0719142606128247,1.3581610808177957
21.55514193772286,1.259427783273674,1.3270922443750044
21.986254061775526,1.0918887849624914,1.3547522245603933
21.69346907942512,1.2530915607255095,1.245844954106521
21.73332316558961,1.2719676037820977,1.2750913336284828
21.621116560421132,1.2657370443378044,1.293029742204331
21.481511530174956,1.3515741362388807,1.286693040288
21.662680622000444,1.3739470284803024,1.117810239415145
21.947289627027583,1.4408718007793462,0.9843320188098319
21.556979102289425,1.4049272884317252,1.1830218269803967
21.597289780888815,1.3375060866895552,1.1993381342805614
21.347746055332085,1.486283464698692,1.15771681759293
21.60071747099075,1.4005926389935979,1.1947100465063882
21.620261640494405,1.2792753291864054,1.2441801090303288
21.851702736215465,1.4689795971841242,1.046862485235101
21.509560128780244,1.4344362129152066,1.1292205221719043
20.912957610841787,1.5791014048117655,1.2436746658664704
21.148146711342847,1.5070233837056333,1.1952087747000855
21.5358726236676,1.2510551213896541,1.2878443334283909
22.100445500874315,1.4231561337981744,0.9125782624074995
21.30246347433789,1.334284846801947,1.3788605485321994
21.803347726822878,1.4430947099864109,1.0107053453872137
21.820076444298127,1.0481512918563405,1.4641784873922796
21.29781200638653,1.659528303149168,0.9573183931108139
21.78140247106535,1.2142992357127764,1.333690528311132
21.83427725721274,1.266430918969553,1.2653382494071634
22.184879755200413,1.3624467701655052,1.0291061254961198
21.935857431989444,1.3750135919078916,1.1164180043207883
22.06499841994646,1.2333078944657148,1.1963632095495524
21.39702711212651,1.3075481737820538,1.3036020541333622
21.79446277511928,1.2953203995810918,1.182980049717771
21.713403748083586,1.3334755989508125,1.19896098191143
21.57377633193473,1.2884060307679157,1.2905349801824773
21.483519333238455,1.325338129824978,1.2822013145282147
21.628939324931114,1.3397293583927552,1.206449420777605
21.57880398463235,1.382137031774607,1.193680119618222
21.557075472327924,1.3747525478020546,1.1954587633651401
21.6156031165376,1.2266925536030429,1.3244947485528162
21.99155076892883,1.2542370363908157,1.180838839300433
21.644132818786975,1.5190322554290947,1.0448197528497447
21.588718801252597,1.4050218726644395,1.16570157466904
21.72239703342123,1.2120034346781632,1.2952463053076662
21.96801252361794,1.086561526118404,1.3839265900105715
21.700106069947662,1.0366877888822026,1.4505577295984509
21.761960738014203,1.1725986396090715,1.293822756914049
20.801120324122525,1.374641455688852,1.4088483282966506
21.374177983095187,1.4242463890092973,1.2080661565888544
21.33048576202781,1.5390218333573342,1.1590462339434968
21.387515889705796,1.2626087284431091,1.291611676022393
21.351528217241814,1.2418919151735446,1.3456955317961719
21.18433056615136,1.2690946829906364,1.4245870423392326
21.518416500069705,1.3434602886639866,1.265042441219777
21.93024233085914,1.2123793823449038,1.231386625060789
21.683633778224916,1.2354354640043463,1.3130005847660529
21.639773996022512,1.4043906976538654,1.1251048200487461
21.835175649539984,1.3320071702827423,1.1368243932140365
21.601430055564897,1.4057257467266195,1.1235259413369656
21.674424595120495,1.1727369337414795,1.3721853603196457
21.558231620036363,1.4097553138948387,1.197161842385993
21.882311067645333,1.4500955804786906,1.0515795906728276
21.830191997718913,1.3516710856522538,1.1581916531654837
22.218668881338882,1.4574638661582349,0.9418212145689374
21.548672368216998,1.671199888524973,0.9512880726153785
21.420513418014327,1.3323885161566977,1.244798469747817
21.312002820551214,1.397640343623444,1.209235383390276
21.072239037430386,1.4132886518728367,1.2995061068417044
21.473593024754557,1.398631381383541,1.1957838600385415
21.698529886678138,1.3613538956379783,1.1634155596835885
21.15149367618006,1.5107514148754417,1.1851081898392606
22.264587576110518,1.1796126836400276,1.1723302105468134
21.23415062970449,1.5576652928224064,1.1115512365334286
21.41266879415377,1.4096507277062584,1.244107511241231
21.82452443924277,1.3444049247433445,1.169464667214195
21.8533386308142,1.3625616078569915,1.141293846686353
21.73936306251271,1.1593380262457693,1.3174073141203337
21.860561965916972,1.259838883028145,1.171392822607679
22.079178909724927,1.089407597763042,1.34503117749036
21.903486267501464,1.2123805389070061,1.2480075921370153
21.464446287862565,1.4026042304540713,1.202744555270348
21.58435057316735,1.1977745606839307,1.335922904326676
21.842508663826667,1.3802746743770702,1.145976012648574
22.239204424290296,1.0938771458161818,1.2747428013402569
22.103922377937305,1.3337410298131642,1.1231493247921025
21.759344626103015,1.5537976293411324,1.0066992166358188
21.60075590167296,1.4688693347307584,1.1116158070063387
21.385071633075352,1.550425532340859,1.0989686566083545
21.723403726178027,1.2291262110611219,1.3454927765737685
22.037244808946948,1.3559866735208626,1.0205766678300014
22.082681524783855,1.1940782049181558,1.2125203537980405
22.26480457206166,1.1269547499646957,1.1938966235568746
22.21770352495305,1.1327902019794287,1.2106973160149275
21.748098423861798,1.2139093142883608,1.293225400367864
21.6571666743258,1.0691996334266467,1.3850442585675458
21.269611339553876,1.096087517045527,1.5328311244836494
21.345133886018257,1.20749189811534,1.431002643513127
21.35797576961916,1.2325171398576475,1.3846594468878743
22.489528204392595,1.207865729963507,1.0721247391446156
21.090810392259478,1.3113555531259329,1.4215083648731348
21.248123064583776,1.3006916858600308,1.3855166079749301
21.842870765097125,1.1338718405239179,1.4156733295217403
21.237980091440807,1.3284698140185696,1.437394158212012
21.37000041308329,1.3294723896183365,1.3580003694719789
21.378871821989527,1.420540233447343,1.2614207862774691
21.27607655729262,1.405549157027057,1.2966803307005301
21.589198636676834,1.3796769285394286,1.226620956273633
21.56295005622712,0.9560315281383659,1.5937350644002097
21.80980356388234,1.0480016143241344,1.4778731393684437
21.92863946312114,1.1204054342333158,1.2995445656294715
21.928672667565372,1.1165690638223953,1.3126189630736453
21.38801099852654,1.4003625340135109,1.1957161321788297
22.27113746339131,1.0899316459772344,1.29515188626613
22.10308831900285,1.1372435467094872,1.265940858130595
21.42036430903857,1.2535624074967762,1.3369623822379175
21.698271377630512,1.273086932033186,1.2488304747017756
21.05646588060271,1.509989448485776,1.2206141343654855
21.030687681705135,1.5103523023411913,1.231719061308739
21.206583463104394,1.41372001671333,1.2424554736605908
21.22590390427874,1.4044113191099528,1.2391898253521187
21.470422684863443,1.4083608514025239,1.1843438078333766
21.502783253942056,1.3839195936853375,1.2244926833979284
21.267381038756163,1.4133530698496484,1.2615489556424642
21.547064891557543,1.2616710864919696,1.2793096753121298
21.637696002614277,1.4078444896789604,1.1046652991767016
21.263024713338254,1.316530485335105,1.3326002963105628
21.294663683148016,1.3152354225435308,1.3249928610149664
21.234439929433268,1.4817170348488011,1.1571496660023457
21.656994729388813,1.3118161638342123,1.196420165472821
21.916951354512666,1.1909955801496648,1.2957648125222114
21.224993583972328,1.3318638105636305,1.3221666516146107
22.471796133101527,1.4135140790005223,0.9256097111974161
22.108689829690185,1.042586530298392,1.3845360621379152
21.332274907961455,1.569072792773228,1.0857445798288377
21.52977401614242,1.3322798188314227,1.236171505844328
21.727918600740235,1.381377288639831,1.1390471148211618
21.27864596740789,1.3874949920349244,1.2600080716756323
22.071702669177057,1.1910443685608043,1.2606243629125984
21.325691332373033,1.448084011817252,1.2103777546848618
21.84969606759845,1.1162435525373162,1.3650129242360736
21.707363380874746,1.1975645475156613,1.2918262500556736
21.4996417279612,1.3349023087134726,1.2773814879319476
21.79170836392698,1.3583703822276065,1.131560028887588
21.904047836269342,1.2805841358829166,1.2099763820490526
21.92438824316098,1.6077395833217207,0.8893419601536178
21.97826519979187,1.20697267920701,1.2885229259452402
21.10870487877355,1.5833226954411654,1.1914986008984039
21.360819797672583,1.5620016526198235,1.1508329829247617
21.716619470047373,1.372698145711779,1.2255754537838899
21.813013650966425,1.2346368359204147,1.2992058543057208
21.687343383489253,1.097953121187503,1.486890917732132
21.836988931387808,1.1369923888849154,1.3434926819790163
21.471455560532107,1.5166730406691404,1.0861023352413153
21.241390887541392,1.5730230399958587,1.1285419971398836
20.884062174583185,1.4077675032351271,1.3703161962921746
20.9036438808526,1.3969473342336323,1.3928584662214925
21.021213314667598,1.4045861991243254,1.3551508183751992
21.382147905377284,1.40666191710704,1.2611317363720762
21.38422076260768,1.2950599828868676,1.3279122649382749
22.007560423681046,1.3436629523415498,1.103198384302592
21.25197912769834,1.3637708739074985,1.3080711611558888
21.357375969396905,1.5040633726045767,1.1493399729363205
21.543239216757765,1.3604352575871643,1.197404197553819
22.24500086025006,1.2874787522904982,1.1061230510924795
21.368224459974492,1.1564652542210059,1.4484545541346783
22.077643869392144,1.291452927311079,1.134556749610695
21.53723799924077,1.5733758863886038,1.0517556489136386
21.579572297549863,1.5969335476600757,1.022673706391639
21.840567183874338,1.1637713846574418,1.303865067959945
21.624734602511943,1.1883213981489738,1.3994098640960926
21.80797183271514,1.5105991741577465,1.0040265960705874
21.503063054422178,1.3053859628974664,1.3457115317149446
21.76943540583256,1.1548881020480994,1.4003570083523953
21.237818005789943,1.3518688308960678,1.3559064675298107
22.02792328135618,1.1660847156865197,1.247418610618805
21.62006652182419,1.2037562937764377,1.3645301478574337
21.63922675717739,1.192643101032877,1.3224952486861499
21.669132638891377,1.3435849409812337,1.2345281873203406
21.74172580783251,1.1891833781856487,1.2798014772315716
21.732964153294827,1.2567963567521945,1.2367341393730173
21.815018905048653,1.3153345701124504,1.2242687187213956
21.949705626675552,1.5825180046327199,0.9193333084777341
21.655919749211513,1.4302597524705278,1.1582461366767682
21.59755202146208,1.5643364721877226,1.0423594113262615
21.463577991852688,1.1664228361979245,1.3840359332789252
21.344600784956693,1.6126818000055325,1.0246133470390166
21.50969421789904,1.5470386612717486,1.0176108655060463
21.26214484025317,1.315413705422084,1.3624928207922973
21.47287036471333,1.366930557719482,1.23688137514273
22.13677079712233,1.4371928817938533,0.9972394970193267
21.946365248975283,1.3101556628085103,1.12376378651412
21.895526001440004,1.3555943489086435,1.101666732112808
21.418566576191324,1.4063589783113848,1.250085963199252
22.05580908298081,1.405179927099701,1.025009763140828
22.375732880574482,1.344631948975978,1.0090427255262417
21.67494151382712,1.4461885022858485,1.1313637236652576
21.61343562571194,1.3061378837999709,1.1888365206740301
21.383108627575723,1.3879894317299062,1.1906529718524528
21.43539954150451,1.3866264358922649,1.2221953919043158
21.647054779580596,1.4223148519693622,1.1190394157895076
21.538641599813378,1.3201526879511054,1.2985209190903277
21.783719265203572,1.4593590755178234,1.0521156473983744
21.644275295890125,1.2012032745293522,1.3443713776039352
21.88120749057997,1.2390899296152835,1.2339559639827224
22.670218375240715,1.2356228460034127,1.0235490396307652
21.518036794516483,1.3767121186040647,1.2537436203506334
22.193220419583085,1.4721972617990866,0.9535661389123185
21.898595283864047,1.3644309878529002,1.1402643990864487
21.583046972746516,1.4759413421513903,1.0882092005730433
21.68233557430751,1.422854598001279,1.0846658153181283
21.078452446423956,1.44316231910633,1.3653390018428402
21.92315138481544,1.284836496143637,1.1604940388151492
21.898030254184622,1.310955520982401,1.181317800901441
21.528989426723996,1.3228105460143829,1.2679922301561704
21.73218493062977,1.4177796497454476,1.1121330384473462
21.733249129681646,1.2621108670621453,1.2799124496600822
22.234418897482243,1.127612563048911,1.2698660436770886
22.16923127806699,1.197929387905361,1.225591276888155
22.009428464877523,1.257701000991164,1.2225979832554725
22.055400962153143,1.3365742362274913,1.1185956328326219
21.82951029522816,1.4107658758259665,1.1254342865299538
22.216322874937028,1.129339514074932,1.26753477377923
22.26280857190398,1.0727367405081016,1.304792108452634
21.437709533874838,1.3477908918742973,1.3013960782119622
21.526553804555807,1.3018676689935897,1.3185157592919343
21.84552643534263,1.209372361014817,1.3091610812856709
21.733417131437527,1.2884708249296202,1.2561489374746
21.753285092279558,1.5083218819542539,1.0328736631487798
21.779731627951985,1.3021601005219794,1.222581786630043
21.740455674816104,1.3141025431812972,1.2258808269010457
21.96954735547266,1.3492939928596277,1.10749080644877
22.158212093041875,1.1609651378502173,1.113605610583158
22.17701225111901,1.142458440480887,1.1266578133488392
21.600507507620954,1.2907143308982234,1.2079046809803584
21.554377788666983,1.3438162218184346,1.17430060152123
21.327267257980886,1.2029385674974342,1.3987921334316455
21.083567119058337,1.307432721171458,1.4091820902798435
21.660051849485363,1.4107743504137538,1.1175661965937953
21.237892830224844,1.158442605926177,1.4745567766179934
21.425693243724197,1.2545414650137388,1.2918942382897192
22.011361521078367,1.257674236872029,1.233028555527433
21.656352618463252,1.3122048961972776,1.2065322540430232
21.685621140660704,1.240857692793185,1.3072296308493174
21.968437791861454,1.1675187133461273,1.270559404749446
21.19074727537569,1.596578128034625,1.1093160105323794
21.444206005960723,1.4575566483721047,1.161547656019999
22.24827969238498,1.3907999879986253,1.0048689830847424
21.20722638240425,1.2983786277956397,1.4023897890205739
21.23494699167143,1.3092091603842102,1.3766142379985786
21.699607371662825,1.4562206674586238,1.091029638937299
21.31710107782102,1.4963591789597317,1.2300554482366954
22.0579547418587,1.1084032477679089,1.2826980199151308
21.79476811500822,1.1951435421761842,1.2631235747312686
21.581614335635386,1.096711433816001,1.5052924168863338
21.46487556346153,1.1017667183373505,1.5505336530171023
21.25264247342326,1.2138866133154067,1.4447524348978869
22.12352745974311,1.308944104681707,1.0707634571666724
22.089578507222914,1.3191721090477333,1.1288909390523216
21.32137006609478,1.1742358272274445,1.4132115721608152
21.496744323116232,1.244668437306631,1.295117806716479
21.290620236731634,1.3595181348761427,1.2756438221571977
21.744470946542783,1.3182500642170116,1.1426731893612563
21.925241674898334,1.260113500041283,1.1188768606721162
21.948755021534033,1.267900295383012,1.0931278026972577
21.63946687217046,1.387688402674845,1.1019298965676203
21.843224346241684,1.3855317601932557,1.0949842103274996
21.817692741847903,1.2030361409945398,1.2932089483044138
21.937432985106476,1.113600581435547,1.348383172563699
21.420591935303268,1.1857746901492208,1.3906881795854351
21.977194090614226,1.1755481835079773,1.2920294899246074
21.408376771717293,1.35565253946406,1.2152599325624573
21.326240691570664,1.4166127220147182,1.1896247024686957
21.68483618501461,1.5231578316407317,0.9630343737597266
21.499604475782462,1.5096329044067613,1.0363657161349358
21.57710308901335,1.3687880767381335,1.1501228274462745
21.518752321080363,1.381459009546097,1.1947081357788956
21.672317222297444,1.192551082961896,1.3165642228006764
21.831641490489964,1.3426997122249205,1.1923241569321859
22.066487705669093,1.0911442416043375,1.323169502795193
21.561583241022028,1.4474331603900779,1.159363291534114
22.0428519261344,1.154697614403238,1.276123526828507
21.29006335550185,1.3987271979140774,1.2841445945513263
20.840620214069055,1.3688966315907525,1.4143654389055245
21.08650456512191,1.5041496981135238,1.244521207575335
20.995220266240793,1.5692703666647903,1.213021789706602
21.347407193173225,1.461716568833571,1.2115214954943954
21.440278859007293,1.1801065126399475,1.4042253854255866
21.9708779064705,1.308745915564916,1.1406004206115232
21.28769321425034,1.4077113645150925,1.2395215817843335
21.35596900884034,1.394849242018591,1.2189728975915177
21.762237312678867,1.363173976503614,1.1071642258940495
21.63027735751288,1.4870166154587674,1.037307634953398
21.56447610968823,1.2950692242176411,1.3017378312385814
22.407918322210644,1.1964741701982606,1.1355687144934914
20.99681073943869,1.385700399797115,1.3605038270023921
21.305278161485383,1.3072132717105385,1.3239205393097981
22.027070473781148,1.108385404575718,1.3067753401699465
22.194401652711417,0.9793663249676918,1.386789268772304
21.69544538221396,1.5113620013981923,1.0526849360682586
21.644954526814665,1.2862706763312153,1.2817739835076185
21.921795588661098,1.2250588909095381,1.195529875669462
21.471346948707783,1.3675252739216006,1.2383613611684743
22.09905750215592,1.1478193661282388,1.2811867060248547
21.57926039509587,1.127164449124135,1.4376695721354424
21.50670847210347,1.2297360950337213,1.3777544819116778
21.645314365778766,1.1701981897044331,1.3798593576607845
22.172066227456277,1.1701775237726297,1.1997450413564248
21.501883457026246,1.3158170645813068,1.3106496074422755
21.20523027390589,1.5595886467173565,1.1284870280897348
21.334572917194176,1.3792818738273815,1.244865938344865
21.543942697326948,1.3512663928362232,1.261206778276929
21.558456884897623,1.332517295434702,1.233341800070979
21.26996399066593,1.1256440587851804,1.5263917283329391
21.461048177212668,1.2440982164597214,1.3896557008046462
21.1945980825884,1.2711564977402636,1.4194775976037397
21.95874016240453,1.3303147006804519,1.1175812297946945
21.81024971977115,1.4026433659923319,1.1267366210851917
21.59237556756048,1.1926467729914179,1.3380880965610376
21.607091640165258,1.3416013445589268,1.239328281341934
21.176231666557413,1.474770930285627,1.2195495750748033
22.22277500790814,1.2196842647126205,1.1451940160435459
20.928932441873254,1.4858451822396244,1.295405841388589
21.940282105200787,1.2105406688584979,1.2405865446808466
22.43240681207574,1.0655906403257387,1.2202861989993026
21.591688925124227,1.3356145711824992,1.2322646203473533
21.866134181686395,1.2391174616607348,1.2235684919645884
21.564696208480647,1.4627279749644213,1.0865164208437346
21.945906524871205,1.371025595288532,1.0688376519409672
21.692781786777847,1.2245257687448983,1.3089875687492034
21.72316213400986,1.2050717070578911,1.2832935006290966
21.86311368492744,1.3081840891796979,1.1716343972186543
21.705402574730332,1.3578657917674894,1.1829286749753247
22.029472291913066,1.1271231334014113,1.296066817152261
21.99786543976648,1.315181945695355,1.126990934567494
21.88822460834222,1.2421390966384243,1.2170496707389051
21.806920828368323,1.2572925151705137,1.244763209859081
21.79690761572712,1.409578450927918,1.1430321337947265
21.69380262473061,1.2963717247858184,1.2895791856865029
22.03536629838722,1.471581869490786,0.9480243725152276
21.733499504303722,1.3659272031276601,1.1834463295978594
21.637920906245384,1.382328010551791,1.1978863174478915
21.47365467105938,1.2236354598768389,1.3874493958545755
22.075604026791275,1.3214038487420499,1.1053374025612723
21.80613351334116,1.2289879665152617,1.2204101259361289
21.624067888909877,1.4216852154232713,1.173418161008025
21.525546612783806,1.4292484834889958,1.2061472494633991
22.143011043504888,1.3806954543326806,1.0593373992842192
21.97333872378139,1.2441088424558364,1.2639664795069856
21.644899045403143,1.2797234770393562,1.3154892205703987
22.026650453320443,1.5751291092549955,0.862550911613954
21.792814234611196,1.615860426562595,0.8955510904151764
21.56629044233847,1.4268906742742713,1.1730673460833712
21.93675816161399,1.3235509671220973,1.128274550685509
21.897992501342685,1.3096544856044678,1.1597958895501685
21.864980417225997,1.300594995343727,1.1505209414558628
22.03289382030381,1.0901975033275297,1.3074930669225322
21.622040434680997,1.1735003748460786,1.395875201849485
21.738673860487733,1.154242879041962,1.3184653538722269
21.65214056639219,1.3608890772369278,1.1965748695635297
21.667478792099274,1.3803430556573377,1.1766459755608072
21.888585341880734,1.1785268505663573,1.2827844212945767
21.610092056745756,1.3706089236627128,1.1957237625853945
22.106615497167645,1.1458138745085082,1.2748102523741063
22.37569857860607,1.174090153588166,1.1896945235338576
22.21700335020902,1.3082908636421977,1.0889390377921686
21.363349408763042,1.2108271036946947,1.3990034970112544
21.823139592742734,1.3148782495400893,1.180987174540761
21.320542508462154,1.3316346346760137,1.3041594567900439
21.24089127870276,1.2987130396862876,1.3549841128979567
22.307198380027003,1.1626737592273153,1.1987119318483659
21.314413772916524,1.4513274794823139,1.2029079908029694
21.616825184899884,1.4474104785657134,1.0962065283303981
21.561627701775087,1.3753636656455537,1.1517427637046824
21.46431790876606,1.4495882306670258,1.08764264040332
21.620773780342706,1.3521266351726338,1.2371730742718101
21.714627110606138,1.4642428667275413,1.080034672645254
21.456457399916573,1.3218661421440314,1.2953624978268372
21.83547616343201,1.2478067088115399,1.2171994895855232
21.931182037850927,1.217716728162788,1.245174212080219
21.447514036079045,1.3432102574173772,1.2301544510072064
21.966440650691986,1.0052672756507406,1.3416176949390008
21.50783377382324,1.35588196557798,1.156274792583164
21.459622239697296,1.238517356303055,1.2706407392737833
21.630783653090695,1.2712308158001102,1.2549188001242362
21.2956576045084,1.3305179751446583,1.3020842628372131
22.0255591644591,1.394291283980576,1.0889534850038851
22.07411127993409,1.2598225431778616,1.1962718830454353
22.442972750703987,1.252031257101978,1.0595601884958685
21.616226248125784,1.3012377322929858,1.269123511659294
21.524544856621556,1.2350973345272347,1.3278815159219408
21.799387109170425,1.3236328116381584,1.1974782719938777
21.565675413731647,1.405268972059209,1.181074074766817
21.78765304530138,1.2983081993732402,1.1991864164390775
21.88808897905439,1.0793789171646977,1.3909591255538931
21.54219123189878,1.231778477269119,1.3543468857314112
21.561867166801072,1.2044375953126083,1.3699249584915372
21.26726111046814,1.5515013139808869,1.1210932603761614
21.72745500202808,1.1930156457042478,1.299331358406521
21.76961430664084,1.6028783867702998,0.9276122873975129
21.809637879517226,1.5433482852614013,0.9679404661638323
21.524589735437942,1.4743766183272835,1.102487861998639
21.430178984867588,1.454292579772264,1.142459115299687
21.90960013531321,1.230124046704912,1.2339364146460834
22.07721995564717,1.3844980850171478,1.0588757038652252
21.899888143931914,1.5970521759273975,0.9054639627362863
21.877719043802223,1.2136891317372527,1.2640512662066972
21.822474366268615,1.4103173306703838,1.1118670462648026
21.317345111571473,1.2754963579873042,1.3609131693647176
21.948184614506886,1.381901770420361,1.0683207655476779
21.845045835997922,1.3650730990303543,1.1862278672252358
21.411691583296374,1.525703900870921,1.1491828586641537
21.31807215991979,1.605759570248404,1.09465552263155
21.416111570411967,1.1474447644641963,1.4494786297324564
21.411784091654443,1.4696613994189245,1.129912631103696
21.86510305923471,1.174469825639116,1.324113596158824
21.809368920470575,1.166767492498959,1.3525419686198603
21.720483370196327,1.2524466151815534,1.2558234301488238
21.870941749075495,1.1406057992354035,1.3151258080275519
21.876992000322968,1.2205612358288367,1.2564383132525025
21.75329500353007,1.2822896328127749,1.2297618254230278
21.406835541388617,1.389259025072149,1.263162529101627
22.02090795546431,1.1482020763967649,1.3423116817731793
22.480256970256697,1.0830305073576383,1.2933817541449721
22.443030578200887,1.1277838060848024,1.233698449170305
21.454345753423212,1.6511415424032587,1.0183061593834581
22.62603453431224,1.1528577593987108,1.1131439311930915
22.289740033800825,1.1233420821973918,1.212901707383905
22.258661229109016,1.1929047654143192,1.1607071594968321
21.59617376486026,1.336326869475775,1.2581232718069006
21.36813538875781,1.4122998909619222,1.2353087386432131
21.28472717866247,1.1861547774295003,1.456410660356586
21.67994503913082,1.426635098303932,1.1047508429664397
21.753778901398302,1.426707367734769,1.087957398590171
21.47385905041944,1.3325182873256973,1.2409233762112932
21.510817377360418,1.3163377740590891,1.2375631117876387
21.634834225266033,1.423242086366744,1.171771198712629
21.355371309315895,1.4021345539035375,1.2325743003459528
21.74118111738136,1.1802342859634871,1.3502204554482262
21.62805354679574,1.4561362915942535,1.1312236912547886
21.430186053611294,1.350143377306988,1.2812526457796822
21.362555762717566,1.2340124617259418,1.4463646134316346
22.18676684932747,1.524651673518184,0.9175897874561547
21.619348433466193,1.1805938531826414,1.3573795647892584
22.02396455640534,1.1273544428045277,1.319605558410519
22.042881658106346,1.0879132883423837,1.3361093381334053
21.92281235506031,1.2828646641078059,1.1528306080465078
21.9502375970957,1.353896766817629,1.0989994935563852
21.84392521222489,1.3008962704350562,1.1782941870713792
21.79957655828676,1.32677591502342,1.1860443267449654
21.337487497542917,1.3760208075907117,1.2833891153545032
21.531755994695693,1.3243052276193579,1.2600605510436937
22.045115228111317,1.1524868405862794,1.226602789240498
21.055312843682316,1.3836233170805095,1.3484127354428077
21.845903249069814,1.1690762980950833,1.270581439503252
21.551424652930017,1.1759689639067934,1.3577744629574597
21.42835863660075,1.0893283315892757,1.4915607087532006
22.104800750735343,1.215390535008731,1.1639932364522851
21.584633077216743,1.1704779453564962,1.4084813760289703
21.38660261191862,1.3421859141000332,1.3140114230275715
21.430891896933026,1.4717923108989912,1.1838368165060233
21.363790951501635,1.4639665836475577,1.223538115671617
21.96691328404725,1.4113625079872498,1.0440420348170814
22.306542312919813,1.406673136665348,0.9177637263727075
21.444700749683985,1.4212013155430168,1.1870395563811162
21.455981600110704,1.5004198769167783,1.1386414781023362
21.84697980993213,1.314795226931943,1.2074312294343963
21.91762050636303,1.3343106551576307,1.1426365319485976
21.29627499936474,1.1771796090060027,1.4676266243296634
21.626161043934836,1.0968629259248308,1.4350563531073663
21.824734076635803,1.0680910157519556,1.4561740436315835
22.0037501756615,1.0916040176894521,1.4023260452528412
22.075691524176385,1.0857300425821705,1.3615964029089227
21.531602129291578,1.3542001748504227,1.3051006867789834
21.017473396158998,1.6077671463552188,1.227096721723949
21.371812621542546,1.4954460100931313,1.1835587373405618
22.00295206367535,1.397543886922406,1.011692844761578
21.449595426175524,1.4134196394054235,1.243104901165267
21.26272074716723,1.4554191862956425,1.2438013317177132
21.176299996985353,1.5864340935324786,1.1554914298836199
21.80522581639042,1.1542500391271642,1.3221758227774651
21.718787762840144,1.1574008582013355,1.3535568114753556
21.681269088208197,1.3185132500517158,1.2304791413350145
21.815648251675583,0.9298324280943026,1.4768773080708086
21.40061137458182,1.1892546387092608,1.3750431662761409
21.133728009596638,1.1478940989832886,1.5296278963765717
21.188776896627864,1.5510894902835046,1.0973000754614408
21.472086747714627,1.3295644382566403,1.25994499604913
22.003351052687723,1.2906702076265282,1.1598432268685515
21.37678339233228,1.4349132788596197,1.2860020329488064
21.451481275011396,1.3760100687615107,1.2930947293178077
21.623348948840814,1.625885374611444,0.9468524683852011
21.139381072064168,1.4891059230581434,1.2114492947155173
22.405268836539708,1.4348567827317693,0.9065500303967648
22.48361975007527,1.3910080557780369,0.9105749483241694
22.034007068657736,1.6757201391857302,0.8011632315587771
21.498777386119365,1.0838267656797032,1.4732872194228175
22.04129267314349,1.5261275804240706,0.9103172936496875
21.984391095362724,1.525593756025519,0.9223650987967283
21.50841513417164,1.2824281742420032,1.2611905929388183
21.500745804191673,1.4721698191055934,1.148467226060834
21.35363393253199,1.3216685981180583,1.3215906781099662
21.7448113155859,1.219800809566886,1.2867387292228283
21.350397164610186,1.3252023870856597,1.3023076491621648
21.614455717814625,1.3014506165868078,1.1821720759092693
21.106363735863148,1.5922009995448965,1.1000226388185543
21.66720299672357,1.3309076419831614,1.1575598711308002
21.37427795296972,1.3902630618546323,1.1755841494395745
21.378706906160033,1.474788434005317,1.0924514633907367
21.982799488375043,0.9762547378416695,1.4476123060330162
21.92941826343117,0.9529203299468112,1.4901262953562968
21.705142985529108,1.296566605274278,1.2618337433238225
21.784812781806306,1.3015541657655738,1.2582732257028515
21.32610629636401,1.2535745486141017,1.4218096169612355
21.88422053630329,1.3623680427016354,1.037512204888563
21.457228819151993,1.3311759544489705,1.2810153685615677
21.82349239085409,1.1635362004024918,1.3640032750726536
22.13580791679024,1.2162367947196784,1.245247878350188
21.876930690304608,1.3582690395351464,1.164224383122513
21.987031915457237,1.4478245546869128,1.0439779306640646
21.53908642146866,1.467120404421362,1.1815426690063766
22.305664191223602,1.1434359335132518,1.2451647957038352
21.44538458439123,1.403599564410157,1.1738254875962923
21.700994896779683,1.267621706578886,1.2836598308108853
21.522349441777067,1.2521473131377623,1.3404314771596277
21.838092392502375,1.2577966239332965,1.2069849611306036
21.725069707514866,1.2469453688798076,1.2954260762360343
21.522254294835037,1.4287988001738445,1.1290283970247994
21.429685485552532,1.3831396238836542,1.2727143402968364
21.09769422755052,1.5031934053939504,1.247581113624464
22.021414126778055,1.3832066402371197,1.0545629872213766
21.674268714262297,1.3799980950462465,1.1708985215426386
21.857561326187835,1.2156710110294602,1.264262168128927
21.984109116574196,1.2027183997974655,1.2460391301139122
21.44105759958208,1.2145271239710538,1.413840013427569
21.912853912493816,1.1505550814008612,1.3157822291727355
21.167174704500702,1.2150053655650155,1.4466485001916505
21.038757246412814,1.2457961540002984,1.476333898897651
22.18691186016179,1.2240469113886572,1.1011815754900973
22.280502799792586,1.236825841582571,1.0483571022000269
22.01909575261369,1.159534038739049,1.1947567152282699
21.9674216433607,1.068775184707264,1.3066365203226091
22.192621851606763,1.0812268519643284,1.2232172411438482
21.568112974832538,1.337218244220675,1.1805178017525944
21.632067690190187,1.235634840799974,1.2502304498543668
21.61922710325996,1.0325866295693105,1.4760298717185216
21.73574044669708,1.2378971747491503,1.2058114257313473
22.054074948233264,1.1353712610886673,1.1971986135692139
21.59977244510022,1.5734009374218418,1.0151200182603097
21.382845064647086,1.4218365315171642,1.1884295929598905
21.843636783709226,1.3547261010949514,1.1647272747101347
22.112485316199415,1.2741624388360762,1.0846280178250933
21.270276714771754,1.3696513893402529,1.3185952783427164
21.293082056570967,1.4580855970689781,1.2182126620583575
21.615213152146698,1.2645097071591418,1.287118813344302
21.284848763240355,1.4377069885151756,1.264516544580986
21.33621860653066,1.270309082745124,1.3883111668693806
22.33222320750243,1.2479536079443168,1.085458030090556
21.267119713669192,1.4211073970881865,1.2444280116695736
21.60607991951134,1.2494582428757122,1.2799290326633306
21.59268032562423,1.2595207891934372,1.2818186879703368
21.34087985136433,1.2397717658519276,1.3578073996953286
22.07106027858881,1.1091246234540966,1.302546872783518
21.380202384704777,1.259251461532259,1.3451926316527731
21.91116622056924,1.222094627986065,1.2109020413893543
22.009537834410093,1.0944411187696466,1.3010946484500683
22.13238385775066,1.177860246718055,1.1930143913575633
21.848072970539764,1.0766293938676792,1.3838441147565177
21.162887873037715,1.1823931312079956,1.4867024750443887
21.6025218751073,1.4091878906922533,1.1148337566428714
21.037667075374003,1.272791659138446,1.4386524486635566
21.101196277774044,1.3542190407602053,1.3446022868560175
21.321513626967054,1.527008699512424,1.1610489453223973
21.21594332495701,1.3101266659178192,1.328772675170364
21.795616230595144,1.284071704845664,1.2035080032163252
21.684214277406753,1.3538823207761748,1.2030327905507168
21.58698206447798,1.417101228058275,1.1824253335152182
21.644221390994637,1.4655465021762726,1.1181064085188042
21.772113410285534,1.4743463865440292,1.0684098696836344
21.77139355503536,1.3413346195249911,1.214548593215427
21.846459390694086,1.3715104819892876,1.1002795092829565
21.922241853586403,1.3852627130372228,1.0809220857844293
22.13548709076646,1.2884892456274328,1.1368222458311565
22.050150151328467,1.0037831847097023,1.386870150158469
21.6668018394284,1.6121686381442903,0.9301960387584571
21.717438269693453,1.5827583977820538,0.9391401142200788
21.622011388486232,1.444420437103454,1.0927501917529678
22.376475751628302,1.2240309989138298,1.0938517153181675
21.736404380540783,1.3043274764271422,1.2116832775183335
21.711766271535765,1.381509038325466,1.1221727104605133
21.75168077348181,1.413604422416924,1.0880066317631154
21.937577043000374,1.2920152314983178,1.158079501997202
21.61887658958617,1.2443447181439786,1.2339507115652528
21.51585107430826,1.554645968022393,0.972071103600861
21.202824977561637,1.5834756919697575,1.0547562040754517
21.987671297279405,1.2962867580474418,1.1443678020914094
21.752577156979328,1.3794545491944663,1.162929894866067
21.813233833413676,1.2031340851240209,1.3110998859556005
21.761759240638863,1.3071246341494194,1.2436720271901869
21.767501191168392,1.4647488842869816,1.0053817164049832
21.646178117639167,1.3749905575119914,1.2276111219583437
21.7266168293571,1.3919574770731653,1.08923464372126
21.713669937832236,1.2982450227443099,1.2739682516045097
21.20869709510695,1.4789397695525155,1.1463743642596849
21.443735446299474,1.3525693549116702,1.2227558249946933
21.54552243491133,1.216075642698244,1.3160569190469282
21.871796553348204,1.3908088766032,1.076749888992311
22.06839212667474,1.1638138667161146,1.2059369976189376
21.46682808832029,1.4234316860744418,1.1572402619304392
21.557420418784695,1.4808995310971098,1.082080273348111
21.583988494069754,1.379190942329985,1.1794591737642868
21.826809507133703,1.306984723646199,1.2023251012139038
21.81021483977503,1.3513207503394384,1.1665482355839307
21.914655355851366,1.247094439871288,1.207414619566847
21.643629592700748,1.4254187526239164,1.1473408265340317
21.6261903645421,1.1893731391135525,1.330617991508392
21.59212708972813,1.1695017106365349,1.367546683912863
21.635670057867923,1.1956207217277464,1.3169816638833123
21.780245109823163,1.2797104165779276,1.3047387145165275
21.108474821035436,1.4864738369663606,1.2768395490835263
21.95231537343544,1.2934099999569293,1.196414115513868
21.607331503369515,1.1092612188030913,1.453438465240714
21.646739027751593,1.0187224638530246,1.525105707528122
21.708590572797746,1.2622839348566341,1.3067684748442598
21.552734256321067,1.1336118924164897,1.4689323948117754
21.608376393735128,1.1394146968829824,1.447326087608677
20.953868603346855,1.3373178520740305,1.4420866052407941
21.037393478860036,1.2697167078276583,1.4771875835068768
21.038103457413776,1.2759107189672079,1.4727541183827815
21.760104279166605,1.2178980742639038,1.2799971731444004
21.198503786847738,1.404701828907671,1.3140044720496664
21.49403201922573,1.237486292847454,1.3076533201520641
21.464423293633835,1.219272633723536,1.3100595326623292
21.23633219513662,1.0675409660628619,1.5459910424622725
21.455127228734515,1.3553979101996956,1.2095254679102645
21.523541508192643,1.1822725892367583,1.3874131208720495
21.59315615911933,1.1557061191796842,1.394737139761094
21.976130799737586,1.3743487211611742,1.0864760708330286
21.873001044195792,1.3461127560461876,1.154892587695161
21.599874407958907,1.06765900326372,1.4704451274066688
21.656865465024268,1.3155641241556881,1.1979599466224364
21.39612130236599,1.3470320775591014,1.3416550221413388
21.18030601098139,1.164799892126637,1.5096062589501633
21.868998672532786,1.1712191428008645,1.3285841048166138
21.540645971189033,1.3183198788720396,1.2086925148644392
21.393302248658348,1.3860526778417996,1.2109983752162148
21.25944047517077,1.4460516881801895,1.2309840224946205
21.533581694554005,1.4483993838075466,1.1697838388833803
21.572217914635484,1.2371252130853472,1.29964405073426
21.301268305936407,1.4260756370747953,1.273582779190746
21.336406298589914,1.6580369084411968,0.9930351879320394
21.651338786986894,1.4377578547054595,1.0993818009761696
21.91739557008141,1.266698063812713,1.2591727722897843
21.543831266753457,1.4875208290186477,1.0930168478013644
21.799133411786023,1.4196692121645418,1.085038584692961
21.53772290208297,1.4071927520386203,1.188402631371322
21.67974587963886,1.5036243470901078,1.0621929872233054
21.537163491288027,1.095564964895717,1.4476056592190123
21.693355816446893,1.2909740992384948,1.2069761160721342
21.95266804714501,1.2651866651083155,1.2463642763795646
21.363962785815012,1.4420473077120404,1.2013507063658215
21.66120636447593,1.353096204204513,1.210121507670333
22.19924818019545,1.1875389193469688,1.1810384524655637
21.01482586546721,1.4123537099449277,1.3426717077557009
21.46231668184909,1.4231886259889117,1.2373154758977103
21.58197933499499,1.4477961443212073,1.1798999766137435
21.73268188477169,1.4822279951233037,1.050932535851828
21.762703241940656,1.3268508007714974,1.1742470397256493
21.35603714948671,1.348876840406457,1.2672173414974404
21.019215696645155,1.369981959834592,1.3452696696083581
21.597472062243035,1.3747697565837445,1.1818627365954881
21.778052781773905,1.368668147682749,1.134975086099758
21.629031050642357,1.358084140442928,1.2142073669938869
21.814559165675192,1.4107861469113734,1.1083073115567175
21.266210619306584,1.2150102266009641,1.4373813392178856
21.95013165912254,1.4719684276477842,0.9948919159657512
21.49707888526401,1.329536171295675,1.274642905517512
21.75743136686131,1.4548170700844631,1.0528628534288018
21.792327952536418,1.2676930569279063,1.2704897807361462
22.243978216964592,1.5077774051130193,0.8890967802715687
21.27650455673362,1.346107309469732,1.36568404271966
21.41229027191919,1.257526489548393,1.384439580956433
21.99043850499352,1.3404345975536613,1.0928087575851977
21.079071777021554,1.478383884866631,1.2577355790799052
22.057822515402243,1.0072968396725346,1.4172603918207511
22.0413184127693,1.510725273529936,0.9325629655178161
21.364487371065344,1.688829817445176,1.029650413359775
22.194426752580604,1.1637371944881119,1.1645404305027074
21.86042803182402,1.5127532237266275,0.9593899078491978
21.50305449909444,1.3397629459916165,1.2610448002526096
21.9803645154997,1.2677750473449485,1.1697772711344683
21.444820361729196,1.2523028133455074,1.3617735795178392
21.317807023285045,1.3631466806753834,1.2918326541795861
21.650768984090924,1.2997900811484722,1.234459376057436
21.74610521180896,1.3879744335256736,1.1617154054265666
21.6149528316653,1.563853016615608,1.0118561333011937
21.581515665052287,0.972165058600731,1.5306075924239058
21.572705264301355,1.1616754116379064,1.3388102960972932
21.741795093561542,1.0562719935135292,1.4196834694409373
21.587156779997862,1.3978369036581575,1.1093475925853926
21.991006408463242,1.3845243104243514,1.0684429394195096
21.058863280804083,1.322230690107984,1.427212543330888
21.815012432670294,1.15446079724564,1.3533222047008537
22.13635133785477,1.33823645773026,1.0022374817617021
21.472530661892023,1.4823172346680689,1.0581432439026373
21.242142024918316,1.227905499068332,1.4103632357726525
20.968052150409438,1.47304623109099,1.3105711382739216
21.81337528969437,1.1874334929773658,1.2954117226956061
21.61758438826805,1.5114958964102567,1.0431926416987944
21.885761325987104,1.328984988554868,1.150615106120688
22.045464051850104,1.2297757814255939,1.2085495534179695
21.86895995393654,1.1897289607724921,1.229263637285192
21.30607324280122,1.257107830051934,1.3753965088306292
21.93680736376846,1.3711640654370847,1.0904548168239343
21.48602331607239,1.4422192008150818,1.1668718664102196
21.55315197268014,1.389324051078604,1.2066613101629855
21.979343522889693,1.2513253010794048,1.211825949591576
22.008815472641775,1.1569928518759036,1.3109949609671707
21.978984722375838,1.3302661520758567,1.1403653901110602
21.43185967796129,1.3401995545571945,1.2729340948520302
22.14709488933367,1.3845815927285612,1.0022826600019155
22.278228652479537,1.2182837936355007,1.173411118389788
21.957795492998926,1.0549925976048038,1.3605963447152476
22.273415923993,1.2274346827260527,1.0900438948672726
22.40372880243888,1.233780185758898,1.043483252503342
21.4937283708408,1.1182552983420422,1.4495448195261917
21.40571769974631,1.511944591045008,1.071291698871993
21.76216165162274,1.3755927010909812,1.171017236306522
21.64025946224797,1.2480021476480654,1.2967370665779294
21.753502241822606,1.2163649688710139,1.2841269556576345
21.750307473630393,1.2662821856759574,1.2435140854991291
21.74748245295256,1.319040977713845,1.2481695171554883
21.47882021029681,1.4630138088260605,1.2055136767980648
21.62304901100708,1.3564546716310228,1.2522949994370176
21.686335389699025,1.2149304608316183,1.2672267597722793
22.16304541245875,1.1034570108052364,1.3189107040884833
21.387818343369606,1.4661712020414317,1.1530071049218917
21.683256023633277,1.2775566418806816,1.2424618505332066
21.8419834159148,1.21696364041655,1.250550819715711
21.47661083693783,1.4069024579515959,1.2044486634986828
21.80650994407196,0.9707356378034196,1.488657585280053
21.67760378425521,1.1007542711212437,1.4187348164308768
21.687770657873894,1.2443439532227063,1.2424099691083823
21.671690508036015,1.314979613908247,1.2551520984912203
21.998307463404686,1.4510229021011585,1.0198644777328305
21.98052085368291,1.3287593486120406,1.118636881477702
21.564080472563283,1.226460138601814,1.3203125790618613
21.899956269417792,1.5652106497547031,0.9728865543713698
21.972523227626404,1.2637038328958297,1.1944204921535397
21.40242476222788,1.3378585833222645,1.2570507497366452
21.96352058999942,1.281898712444216,1.2050760365446829
22.0987717156736,1.1833119879853127,1.2421066804090943
21.756098583720046,1.475638260818886,1.0349140223060607
21.68728493265121,1.3035815991683528,1.2396005380155581
21.38149659448718,1.391741606480056,1.247815624583005
21.67749191261482,1.3424363615335582,1.2031507597610829
21.769737661913865,1.223077718852464,1.2692238751841882
21.654687553396595,1.165980142592529,1.3712504275299036
21.507230916918363,1.5998026637951952,1.0236085956454044
21.813431399826552,1.4987763420134117,1.020589146573874
21.435684260007307,1.4484899744759034,1.1663548514551667
21.338304421628617,1.3332691940448695,1.2887650056337867
21.2738902663576,1.309586233666515,1.34736280335729
22.168203820168713,1.331136518085957,1.062718598006905
21.721444163991663,1.441012110628775,1.0921564400717854
22.083077729199402,1.194569895848747,1.2296230030423168
22.23535783994856,1.238730461373935,1.1426890123712943
22.270019237276404,1.2553971461348659,1.109475215394835
21.62358758282361,1.4533570984515496,1.105476136178551
21.40236311424961,1.5115559435207395,1.135186489813318
21.953834956165988,1.2917336145527765,1.1598632633773052
21.964597117892534,1.2793636103277903,1.1922232887928739
21.449843340453057,1.3247997318816036,1.2405954914522657
21.51669891170452,1.4140841871944123,1.152309412498735
21.765567307665457,1.1824483606701244,1.297084516934549
21.756476272585207,1.33620719284673,1.1886668107238374
21.670467559352566,1.3025024599256103,1.2312671765697496
21.830982907523648,1.3380803621072317,1.11883459945273
21.52498152513636,1.5142248529078488,1.046160042574209
21.73017425254063,1.3715409760109398,1.1960326455966483
20.987129539728414,1.2939325327026578,1.4110794141702294
20.93493604514215,1.2384917986400428,1.5024419709493144
21.22328524498832,1.4279281477373853,1.2201868371009006
20.919792818649725,1.2215240131887357,1.5457930761584906
20.871772958004485,1.43093182631653,1.3672177194981263
21.66834178632842,1.1405995097011963,1.382342524603448
21.989020178825903,1.220754980238888,1.233468223230692
21.739875753733713,1.3376200593446066,1.1888743624847191
21.897906544206336,1.224489028309543,1.200199144969014
21.463346198373294,1.3422282707153566,1.252470327192535
21.637319973493884,1.230852385884855,1.2935943141113468
22.082752518297305,1.2050516457215334,1.2161065424912798
21.816062084465383,1.3346523037803217,1.1718377368956616
21.91141097937276,1.2855395489490227,1.2373880776143902
21.923097198427197,1.3101096504383405,1.2052192748681219
21.155518242839364,1.300214596769248,1.3648509537262987
22.10276086424128,1.42273745983817,0.980509011309787
21.37595402127922,1.6371328476571054,1.000148940725321
21.84377060142814,1.2373137852204859,1.2122090791686
21.65257571457157,1.2734521243058599,1.3009010830812586
21.888848533357518,1.3551542084440444,1.0978975677659268
21.373443528515104,1.409125939142443,1.2320967195799104
21.65423885887879,1.4542068828202934,1.1048154162542605
21.39993087602219,1.6892023585193046,0.8910245746774054
22.07573297019163,1.2536721142141285,1.1940911165051078
21.227605869401714,1.428483400848776,1.2017983483743464
22.46056656646686,1.111805087981992,1.2382974339955641
22.128246399589656,1.2472262638682627,1.1941468524166874
21.48489110982645,1.2605244014169388,1.3658176915336533
21.562027565521802,1.4014997051645015,1.188386177302903
21.53691954413148,1.2804551055646047,1.3228523705977742
21.363490153826568,1.465592523395467,1.1649157993252335
21.04962467587781,1.6425680574734174,1.0982069138482111
21.26434212739295,1.3374794742851042,1.4131905107180753
21.12930601288285,1.4529014940126317,1.3482344249284104
21.963133733441147,1.263779131375377,1.1712475398794295
21.46559999097603,1.4550569108625417,1.1799670764329004
21.217801149720472,1.5687548684051362,1.1659575565342797
22.215259551088653,1.1226818351987324,1.2466060068148108
21.231362838690636,1.612880561454895,1.1219123085349392
21.419777407309162,1.3204902940667516,1.3273764811662598
21.522447977283825,1.2239560509547034,1.3538535347545193
22.009783112799383,1.2014558680900926,1.238984934117219
21.55318841008261,1.2996184899262169,1.2617368582268105
21.63355204877,1.3090997008359935,1.2094025900396606
21.79022729276987,1.41281808891853,1.1570557637742112
21.388403540842532,1.1836181527268694,1.4426427442582246
22.424104896024,1.4039240876000116,0.9355852043419288
22.071276425222216,1.1847423580117926,1.202102109418414
21.889923407845515,1.2462343243887428,1.1798679759748716
21.655918023173214,1.4601113248343054,1.1160360223788877
21.987488743871236,0.9956527630744109,1.4165891085415085
21.796686944065716,1.3418573942247232,1.1919100275804388
21.55442764479497,1.2601400624888268,1.3515520366530591
21.65347480601403,1.2003328509284155,1.3036494752482082
21.88010803449544,1.351514454076561,1.170314301032551
21.62699017107417,1.1588876198621598,1.3602470216388014
21.671433494158535,1.1422084571594582,1.3707709097134644
21.643146769128972,1.3552584099140497,1.1949421244725589
21.871380468165697,1.1230731638572697,1.3511106578354095
21.60709697190024,1.3164077329929333,1.2802296676402738
21.810752340960242,1.257866219547279,1.2681180533175704
21.66902446490031,1.2068437961864038,1.3013872075435327
21.694461181857612,1.3688534608859577,1.151217626125069
21.093820010191706,1.328015073513932,1.4359102888260469
21.43805342491251,1.3992875051122475,1.2020046045847632
21.704591020137762,1.3013895265790862,1.223532885082246
21.787653167141357,1.3168195361559616,1.158068463487443
21.819967660389693,1.3422112469242797,1.1302566094574031
21.30946378795295,1.4854971493435087,1.1895897018795942
22.054864376792096,1.3351413570123947,1.0391120234618318
21.41433023846558,1.4216145412554884,1.2443397965567229
21.40705624502816,1.3574401082355756,1.2551922775259965
21.906077607109694,1.3141941630292295,1.174702961222437
21.228524397658845,1.565180554845371,1.1164874165852126
21.284010568660754,1.5144911703752981,1.1538485132144094
21.263857475750484,1.4945754543384957,1.2063036735099764
21.30040870973008,1.0124064079011852,1.508290749026635
21.15491301555654,1.3339190429850978,1.353811019734788
21.70022582132362,1.3828035587393592,1.1517874246497608
21.73173473576,1.2997620858765817,1.227964320044325
21.807469391378117,1.4552682565401374,1.0750580758480945
22.040834763923577,1.463786327314627,0.9826891059805054
22.222374065671378,1.2189713205561352,1.2090308463837287
21.5311056476259,1.4320614304858743,1.1825138545814933
21.997461652816867,1.1883626756843066,1.1900936204471684
21.31983193888835,1.2726406382380535,1.3425620532491456
21.51305481833782,1.4499949240141867,1.1626056512960814
21.36705740942248,1.432991222292724,1.241207108729577
22.007999122923692,1.3605386251968088,1.0572721027865193
21.672876777776068,1.4614287757129538,1.0881409883877757
21.771714689630628,1.4165042945757245,1.0937967802882724
22.104361615459425,1.3240226978072334,1.0756139562278648
21.305337272792023,1.491059384989234,1.1759655799859894
21.36696052769603,1.4702998647043788,1.179619607362422
21.934073381371903,1.1683140249654866,1.2163924157608315
21.662752679417903,1.4016636763132868,1.0636860726366637
21.086056730567282,1.3159407319605527,1.4212653776916704
21.189956008756916,1.3984241084802385,1.314572815629269
21.974111116309913,1.3663133570570947,1.0815624080091748
21.354319370206877,1.3454304712280396,1.2668854083562182
21.355846325066125,1.3256291791931403,1.3235395090022168
22.28130118646052,1.1350940636946862,1.1656543571661808
21.937649875681753,1.4650467924540096,1.0162020225755093
21.589444385968335,1.1895421553198664,1.369835030336387
21.653779782787147,1.2467742515766818,1.3004655289289495
22.000115855779068,1.239599571504727,1.178137222560101
21.43485188452513,1.2905673339309538,1.339530608584788
21.611977804466836,1.1690959813460737,1.4140543352459158
22.38508725001725,1.1960228750913453,1.1386733779680491
21.21214218854996,1.2654034453927374,1.42215477882013
20.940410604967298,1.3938519495102621,1.399146062304035
21.37682671888067,1.4644065189761233,1.2260480794332724
21.55652075598592,1.437960590854244,1.1264409932448296
21.90264405181727,1.3059476126227771,1.1473507398947103
21.64259000746801,1.4039290103742943,1.1384355180731744
21.735933222141462,1.4368945301907392,1.0693837154253814
21.674366827852467,1.1831760564635,1.3158786649105922
21.772158180023187,1.196790821925965,1.2888481612506102
21.63865028338961,1.4642867744073182,1.1183130582609682
21.58747218855936,1.4048545438790372,1.1267759309384169
21.841981957392726,1.2748429633324136,1.2566364203885332
21.919345512842654,1.3165778452537433,1.1359948074530526
21.2902441097608,1.3254136885231234,1.3532169351280265
21.747001789489683,1.2385535352191672,1.2009649573809587
21.2082158468979,1.3003574635885704,1.3501781442644432
21.812581263129776,1.4582016799640427,1.034268625685067
21.469098471216444,1.4699641342714602,1.0944885219213043
21.635052696551178,1.263499140531002,1.2415027866564239
21.702189765329194,1.275628311514289,1.2303289607223988
21.537050184506178,1.1149333098146903,1.4510286428107078
21.508597130584036,1.0949132795481151,1.4707736553481878
21.514879963698057,1.0940670821193956,1.4482819603684236
22.17217688598508,1.39882343452449,0.9982572687045189
21.458555092261953,1.1444388910819843,1.4527714669647858
21.6405545646228,1.36825676836327,1.2142129097783416
21.67764535535466,1.3971100224330137,1.1479288792717646
21.90318960078915,1.1046983516258666,1.3616266360305842
21.980901303734225,1.3957028980303336,1.0491815727471465
22.303828727903046,0.8373094911925915,1.4944314240020355
22.07874425396743,1.019150856922661,1.3829634752245763
21.946214000239916,1.3637711437934696,1.1482205857427075
21.974337327007383,1.0891028338098392,1.393781250961107
22.53349838828273,1.1932900282841736,1.1337421911555035
21.88009795249787,1.354910631315732,1.1382640838014633
21.7501027678248,1.1011486544099507,1.3662823321734003
22.225353950990616,1.2950403487996336,1.0966299291358537
21.985438292397298,1.2764958461640907,1.1601751104468097
22.06519891598648,1.2963379742369525,1.1489805050642639
22.116222485397117,1.2737888628658425,1.1494434089810086
21.571837007632706,1.5016003786767187,1.049676416852112
21.297804488202082,1.3952773327663954,1.2327348768559205
21.720448879362394,1.2596521618099334,1.2980543315025255
21.271409153748976,1.6384611725720684,1.090277549831603
21.576351165989703,1.3545574011570198,1.2589389567575786
22.06805040410478,1.1515055597697597,1.2537012775699858
21.38561948066762,1.2450898887419573,1.3604726412485495
21.439101816817622,1.1585010247333098,1.4269366659988354
21.60434925445108,1.3293177347559526,1.2319800044872262
21.40725498250442,1.4657847922786098,1.140576950032578
20.947989811572533,1.3737102880776797,1.4214147899932015
21.840684332475355,1.1503323417839049,1.3695989484194766
21.433270979680692,1.5006563102668762,1.1086523371984627
22.175437858304022,1.459562573924836,0.9780343134580294
21.88324883310758,1.3122040174215872,1.1708667802638943
21.670960913678343,1.3203158973128268,1.2606778545257473
21.84743585898955,1.2391178280140849,1.2705488934821585
21.98082789692864,1.307219281964207,1.200465584889001
21.748149320898662,1.1381606377454083,1.3614952527603965
21.67501033250668,1.1830030883514866,1.3298936646745843
21.613427684914697,1.0877842430428317,1.4445580774642126
21.802979172431307,1.4153143565811144,1.0895694510175669
21.73658979007978,1.2170052718416564,1.3062101886732322
21.852931831574516,1.3993682716775122,1.1311761291263733
22.021006583607093,1.181351695394135,1.2499460224896504
21.36160878583101,1.4174672949507467,1.2536718095372668
21.527751076873386,1.448970850202494,1.1715930545740576
21.80471186195311,1.4069444563020506,1.0635284338504853
21.543718724049008,1.2360291468472837,1.331509073589459
21.72101042490224,1.677759552376316,0.8525707390889965
22.12256530195575,1.4517119218094026,0.9270408399219474
22.11198711724926,1.3841910601843435,1.0469386415844555
22.188760241370122,1.2811853199813148,0.9941293986084511
21.086441320509557,1.3359764704521402,1.308593744227575
22.270278674315634,1.2329382540263922,1.044912166789498
21.800056682354473,1.0857062868311629,1.3707045925669143
21.483080457219096,1.0795731048927064,1.4715559946066081
21.56140708462142,1.313802899655089,1.2131775309323511
21.60373445824982,1.3618192795022113,1.1605792723938677
21.81167050224937,1.0699187802582784,1.3814799352692653
21.788850420444348,1.467654474401897,1.0780984881111895
21.70270290778012,1.091394791544387,1.3767220838902463
21.796966406444398,1.1878516096675877,1.269224221882491
21.68735601451259,1.1828544787924131,1.3825794837951906
21.76537357069282,1.3501477422011827,1.1655065076430278
21.303401900376464,1.2651028574197005,1.3809507314613358
21.584027289714207,1.310235448011401,1.2245140572826254
22.089150547801626,1.2547783892900486,1.1543783278787287
22.106943130805014,1.2887765950039964,1.1060113317968558
21.897558254650836,1.3821242067406427,1.0997549795880093
21.888711307076207,1.3922140866645085,1.0842441340811872
21.5672014017231,1.3105094762111258,1.232632190149241
21.773287614346327,1.3108733655542562,1.1568893424638018
21.601813744510082,1.2931413672613477,1.2537566602364065
21.58195586059704,1.2309241802488153,1.3477291198792738
21.526862976406363,1.3610413374743946,1.2633778124293633
21.541093897646967,1.3561294609003323,1.270320890355617
21.672909110995075,1.3119784899528733,1.2495107860970733
21.079663387874163,1.533471001570115,1.225024147850768
21.320636081784627,1.5046586233418473,1.1883678570119642
21.708297698341646,1.0666848249518999,1.410643015403847
21.388527525462592,1.343848247700752,1.3338956198908458
21.197414244788536,1.2908016115060077,1.4077614882494816
21.938250020509884,1.372161085391148,1.0995196989679867
22.18931236322459,1.1882725140885222,1.1782220864433504
21.29580821005508,1.486356876418736,1.2112765796901164
21.87311631364981,1.2833253108961864,1.1561639515953288
21.366229459102506,1.363802113575762,1.302445456626982
21.183017590462043,1.3870749680366152,1.368949896243924
21.967840497447057,1.467473924789231,0.9740392622859383
21.5078147938466,1.1131838565174321,1.466589219540423
21.567577714163704,1.2552812951765469,1.3356627455158672
21.612128330888392,1.5934596972689339,1.0054584053876658
21.786031063068265,0.9160694500753156,1.5582727029669317
21.693129066823545,1.1548887671630341,1.387932742259467
21.870981383723695,1.1350804602280418,1.3006522733118235
21.529648827555725,1.3339336870588707,1.2893511504016228
22.25806447873805,1.2340187882320146,1.184424701582269
21.098261331412154,1.3215829824143868,1.3845878420569029
21.631425817169145,1.2846983173243627,1.289919759252393
21.89588798350943,1.2631744615203278,1.2389314084656293
20.993749992376703,1.1406966882898213,1.5556783621624608
21.038089367852304,1.147236478346208,1.5481602723047692
21.188290761261932,1.0729149619649874,1.5694911604594357
21.193603523407766,1.4712961492938486,1.1866016562936692
21.669934850835595,1.0725848959229527,1.40595212532003
21.667511100953178,1.2917974706576256,1.1907621806129847
21.60905645940372,1.3709795591649176,1.1910711844792472
21.965799507292825,1.321294360737598,1.1061734840522106
21.067794282719383,1.5789347900367812,1.1942894194332583
21.789836118382162,1.1830597427028926,1.2829444701859691
21.454401004487963,1.4526891495685137,1.1563543742238598
22.42582480399552,1.2545647502579669,1.049647275151357
22.194332503111724,1.3489992838443305,1.0595413526916229
21.27321560432227,1.1442801775171716,1.5479163142079226
21.93795182158184,1.1154811234356738,1.2671065896438525
21.574093661813688,1.1957643402316511,1.335013762179321
21.597276257148902,1.2002252983445485,1.3311141863259535
21.8689345826069,1.467513429329931,1.0419833345990568
22.1267758682213,1.3117084707220492,1.1349524985870127
21.222525193355644,1.3927530078476313,1.2278662293366522
21.407380630890223,1.377716761811913,1.1682935301152866
21.846320298873245,1.2559704586235707,1.1531985071156294
21.664922809486832,1.2209489342923645,1.276597428937628
21.41233609692577,1.279942810653925,1.2787584275374706
21.780036072878758,1.1723628519220604,1.261900825932227
22.25350873881738,1.0364942929015275,1.247516672704076
21.803812584936445,1.145972032990131,1.3162024515533097
21.919252272341183,1.103743584594305,1.2613000093662918
21.62503064319104,0.9649253446202584,1.49655818496713
21.45210655183777,1.086242737386003,1.4430736834432936
21.70585049956838,1.0789291146627134,1.338997570604201
21.44391323745431,1.2934390161244524,1.237084248040712
21.534384639619194,1.133039270203532,1.342098568261265
21.234063313774733,1.5144701680158592,1.0930222451950649
21.452483344570485,1.528695898210409,1.0025365944531666
21.385158717694082,1.516947909324287,1.059537527522449
21.897845726775593,1.1479593876923015,1.2218215741144036
20.939797813072776,1.2383438238784321,1.4776930803298771
21.144945923542807,1.4832545079205792,1.195798195627895
20.914878737094334,1.1552418602575023,1.5583850736371205
20.959670902938104,1.202913571269429,1.493686803525318
22.07946805121601,1.2882434975229526,1.0441911257870293
21.41715855342065,1.3557773623753369,1.1959937668589122
21.357600872033423,1.3398912887876606,1.3123763013776046
22.372493973902206,1.0388292914542583,1.218105466759425
21.845180793423957,1.2628930879406355,1.1585939431194672
22.018544892343833,1.1692211195669018,1.194593895673296
21.975936259239283,1.1489900356322158,1.256570115734007
21.632716094761243,1.3168734965850077,1.1968571153610263
21.50043822624219,1.2813988631537625,1.2911968676068857
21.851361494572615,1.4349271342576935,1.0211028258206016
21.620300632616306,1.46322910049484,1.1166621719910668
21.5370870156999,1.2766543953450966,1.2716834417663319
21.549376999425355,1.17021633358743,1.3570752518386313
21.32671699921233,1.3685735752892019,1.2153731847236071
21.643855335548366,1.411431061884785,1.1793928222561647
21.990974537140584,1.1452573754857585,1.318788767095187
21.82598596933995,1.1911829450162787,1.3115860991459274
21.630485639560625,1.4003269969222059,1.1535914333156627
21.11069819104815,1.510116743012087,1.1923388166071192
21.432869087228415,1.4815863557054894,1.113254152658897
21.349316443866233,1.3458916186127632,1.2689823522841714
21.410250863851072,1.4338470580002292,1.155903278030527
22.020994996281786,1.4370293778986325,0.925166030786104
21.56418673260125,1.4091406796326171,1.1167982123228306
21.65223713900837,1.3844974709894695,1.1302621455887698
21.91970322074056,1.2537310645580295,1.1596190207808947
21.359287877434546,1.3099044887489084,1.2872874506346554
21.53813920449442,1.0683766918434372,1.4447394300961094
21.545627364296443,1.2800557499766922,1.2448606276649048
21.364605785624722,1.2429130561849016,1.3325060556741484
21.462886644130784,1.0951596655532372,1.4455822210851466
21.49745424075099,1.311689649611721,1.2649759199246489
21.28674879929836,1.352931306822684,1.3237215233043609
21.183206761946966,1.4004880700671276,1.3222975946705624
20.953595003017544,1.3835102080196062,1.3801733762924417
21.022807047159542,1.462343161326461,1.3502410014441637
21.472289764805844,1.446102452354702,1.1450177630164666
21.25681641130373,1.0653553089155243,1.490420494460742
21.55481489688655,1.240532611973708,1.2925613336407296
21.606667217796804,1.2210396309961058,1.289038818288593
21.54563961175824,1.3486608211092583,1.2464618859904102
21.856792559355195,1.2250960644024111,1.2172191717234915
21.82782207057646,1.3223096558121274,1.1715434448348039
21.79063801837563,1.3254597037162748,1.1854735994937249
22.026759462604797,1.1746295104586497,1.2831697097132664
21.533125262739937,1.106521460026909,1.4462631745481118
21.893530700059483,1.392083449071176,1.1459352870924862
22.30771827658701,1.2566541812310976,1.1190186617935398
22.026563232618102,1.4436143842423264,1.0170060652762678
21.857135579682918,1.3110226890634766,1.211312560754151
22.12216665819893,1.3089735791350123,1.1217433168214905
22.23717067966296,1.3322552229071574,1.0827381126585238
21.93921805468449,1.4116808613807812,1.104761324397342
21.566174773924136,1.20820959275489,1.3641465725426962
21.878756151197308,1.2870256021758348,1.2439176041037674
21.701484429079457,1.3873986740524276,1.1651623155978845
21.51746128312193,1.103178137458557,1.4406930862021072
21.842740326378163,1.3848895889947714,1.1334077517477956
22.33853474118841,0.9281677003312219,1.3590860329852956
22.079365693460673,1.0998995960281115,1.307897547612026
21.966191096554645,1.2057503125624875,1.210152221490315
22.028153498221485,1.3916701477625522,0.9981494298595467
21.35801692891402,1.509930686912932,1.2025344122688797
21.68338714352847,1.4927634221185595,1.0557090555421245
21.88462822937126,1.462701745542563,1.050530740752962
21.41046367941368,1.2867070159473308,1.297434720808705
21.477773919262813,1.265628694348023,1.2812510118110243
21.80568410875398,1.3270761753208018,1.171486135961451
21.606574220903514,1.3371225746285138,1.2501255262709023
21.861906525359224,1.3373718607052714,1.1241414561615637
21.825836215433164,1.2447137779302675,1.228156984795423
22.02413241720774,1.2406590053883682,1.1611463590758093
21.088975417097735,1.4661165853111324,1.2530388301236577
22.059490960854664,1.4502899302023875,1.014559812741508
21.4323796013205,1.2361411428564197,1.3601168558531311
21.184131738749585,1.5310107687908316,1.208554309376558
21.38951038076783,1.3611200794046279,1.3382732688720391
21.96152407394961,1.0421338646121339,1.4092715630461852
21.397269695458487,1.6033644487613132,1.0287783146094132
21.322659353600965,1.475223991943356,1.2016585184377013
21.656506812009845,1.4237803164322451,1.120293496408262
21.647519728673714,1.391672468757133,1.1488023265054563
21.715356050048108,1.2373507684395755,1.2948588616291279
21.496492435183583,1.496117080400734,1.079920252973888
21.374702227683073,1.4803401702647287,1.152901582763722
22.07692169898548,1.3054009604738759,1.1503023618275172
21.660690352094996,1.3705914108730595,1.2152515172929266
21.04046471756255,1.3492734510908324,1.3969332215864865
21.87229241974044,1.4402731842555478,1.018437044100386
21.35967499948297,1.4338323463699267,1.2106425665164524
21.46078534217029,1.48764434596195,1.1186870334372585
21.90990743724502,1.380428810713255,1.088739606734875
21.98512798969731,1.2155134979340614,1.2289111841612126
21.087350946732638,1.5337677768489169,1.1694104219658579
22.10651554305091,1.2328286341491352,1.199882868426214
21.716873866465324,1.5255719709930207,0.9979891937695629
21.35632504343525,1.425867018725894,1.238428974214141
22.07643323076347,1.2673067238208973,1.1054280167801018
21.1483205549398,1.5111809285166247,1.2224537924321184
21.498492419458486,1.3463547782781116,1.2554584316099524
21.73949113236348,1.1199817632334048,1.3646031133989323
21.28826808981852,1.2344681656488132,1.3688979607884961
21.2922022103729,1.1176491295280504,1.452656113299629
21.695141519879208,1.319884469156332,1.2142278650577545
21.89401621828509,1.3002591590109844,1.221875636158449
21.986370952186956,1.2983430322306124,1.1926607313834672
21.93901714797856,1.4086750593855857,1.125723073460244
22.24704542571503,1.4480102068710847,1.008103229599072
21.550817217255194,1.59486811414894,1.0339674318417844
22.76751499888347,0.9974984649873516,1.231661038954474
22.51121928767025,1.2238205120865118,1.0542276553755712
21.943774257587325,1.4609435681857095,0.9881819251189581
21.412740830965227,1.395245520003249,1.1901078005140175
21.840733931313068,1.2481313919084709,1.220973266610171
21.356035424536415,1.4098699050484709,1.240666501329976
22.032844205687763,1.1873903349560688,1.2550796454492088
22.190412128674538,1.1126174121040204,1.3096487263166758
21.722810212171638,1.470708234227902,1.052243907309487
21.072231013049112,1.3151114745610497,1.4303301396542403
21.630093250372212,1.2259421140221287,1.2984451746383259
21.861214998861012,1.1383399568932784,1.3763688130169613
21.62968756687674,1.3818255324673128,1.1654062610717513
21.700379540060354,1.2302822375706435,1.2929544443313559
21.72739847592399,1.2242474743908527,1.3047199847028468
21.47933357283931,1.2775579397089496,1.3266799078266076
21.823831027699374,1.1994508094426837,1.2784470243230222
21.80478111169994,1.2702978530297253,1.1969195763690825
21.248770840642628,1.4866271920350733,1.193036782749671
21.528167817627676,1.4305866885014262,1.1594835760129907
21.84089790152389,1.2687340050828722,1.2286026211754395
21.67968604699845,1.350337253660427,1.1832068196679524
21.186728294845125,1.219993972290753,1.423400409982844
21.962859931190227,1.1967301953390583,1.2076615930708265
22.003042444718208,1.3000361224276837,1.1132703070592125
21.992537663416908,1.3415546489648653,1.123543326755699
21.437125723183527,1.3419285767689513,1.2759585116879375
21.75901942734609,1.5011118711728209,1.0160450385346569
22.019241258957944,1.4956865247642324,0.9640453226199656
21.96051046278838,1.3748330202404104,1.0989175970932246
21.797447306807015,1.2312090870814332,1.2422398222280941
21.66346253502795,1.4498453199928445,1.1537821395099674
21.684248648807426,1.2722450939060819,1.2852438376435826
21.67471080235113,1.3225385121291253,1.2452754198799296
21.60494980565468,1.228953004599022,1.344450556563778
21.25864617227257,1.04716130512782,1.6013759005561898
21.340277312702547,1.3890673457281586,1.2496646786901446
21.612011034243963,1.3714842402634375,1.1842382934125952
21.745143436601115,1.4240523729679375,1.1068708281527706
21.882489424070506,1.1424389491896418,1.3581928778431378
21.64391071605202,1.1349682671283325,1.4385061368934797
21.66336547788032,1.0945544475299462,1.4603433806615227
21.917808946754036,1.0834477309968285,1.378939582320887
21.55732991798949,1.500655960105672,1.0565954643149285
21.450611848575214,1.3249527265253185,1.2772023403596158
21.848782998638978,1.2200640410516401,1.1847549639597925
21.556218143665575,1.4901638109487942,1.1729722348964569
21.848346993759442,1.4372471816020473,1.0867914667782947
21.77253497137181,1.4965364568596173,1.096404757684749
21.370487451559928,1.45687457571108,1.1936954812665341
21.529994348803697,1.4038407180656745,1.1924795623339568
22.08895262923223,1.1369695678362486,1.2294861322581934
21.560584226759165,1.3833087451048551,1.2106456957662795
21.859031687568702,1.3266955223754624,1.135228865737791
21.67443299559789,1.5094701898765,1.066434974098897
21.563510550888886,1.5325613532375886,1.0715158818780455
21.676368630701543,1.4288377491592266,1.1765618618677878
22.025295782895594,1.2156645518187281,1.2697720912188317
21.795439781209726,1.388103833741286,1.1759068383133893
21.917372591215745,1.327207338362303,1.097563998808403
21.82956204409816,1.21881173554681,1.2346413022672078
22.07503445482503,1.1564874108185026,1.2443167417171455
21.445760260669527,1.5478126794950073,1.0719782907329194
21.810397918764888,1.3108515167205876,1.197330165176816
21.413170803542787,1.449718806814713,1.1892928761276687
21.82960609114204,1.2933401111537985,1.159266378546069
21.804190956660214,1.2300917011451111,1.2373461841533844
21.54207285749561,1.5131178324274077,1.1162398688510342
21.81254554061948,1.312869599678102,1.2158179291681626
21.70498542331244,1.2933482202922417,1.2782275162228682
21.700490104849152,1.4087280377275675,1.1851120008327565
21.342395147719913,1.3625715180020146,1.231330210381138
21.62804455353902,1.2097120394383922,1.320904734887571
21.3779175088596,1.4295607719763965,1.1794371511397888
21.719017671527443,1.372299748345947,1.192213324326375
21.760656523558083,1.3655612744974874,1.1326711065320492
21.546681623226718,1.3723009675243751,1.2429317610293467
21.7919197281404,1.3301036697139355,1.1670640336818183
21.677516565615438,1.3821157269324098,1.18823860809342
21.034021894252845,1.3444802683217087,1.3795101591788128
22.29398662219647,1.3638063704151493,1.0023275453482874
21.618145659403076,1.5430542025593088,0.9697012610689403
21.404517559209552,1.5588168549302506,1.1092323991616246
21.656633587849356,1.4526335043999095,1.1072290805450442
21.71902847438793,1.2255809134321265,1.3294765871859175
21.9678370538898,1.2278770014360498,1.2111864938365269
21.876606573733095,1.2966472533778461,1.175964029677694
21.659167777974993,1.0734213351091504,1.4732896382966654
21.78946840075055,1.1478608003803827,1.2700708976766213
21.84584927740363,1.1981275649298675,1.2465303486206414
21.707707473720355,1.187636125711127,1.3025811205532813
21.882848850242837,1.1191120233638803,1.2923002358082505
21.739429838752727,1.1358930575399944,1.32819489721348
21.477054609112336,1.2856466265991764,1.3463254547057328
21.776779872814508,1.138723205688843,1.321462136310357
21.6123909563079,1.328779864289043,1.2708844744880583
21.360188464808278,1.3899841080493132,1.2834912714804716
21.12598890883952,1.4911384955633311,1.2563716793808855
21.714964123538973,1.280481792084501,1.2640185749072432
21.66946947288291,1.0692948669499835,1.4647835745481355
21.791527551987137,1.052868989152166,1.4215591891503399
21.362029638496544,1.42945050109164,1.2436883820326292
21.23771501387343,1.6240060198332047,1.1036280828582834
21.453921803306955,1.1590314505184944,1.4528402988544145
21.271586809385205,1.590884769744128,1.1400411332647944
21.54175845564793,1.50711229225262,1.143310459599428
21.900813601608228,0.9640483414718066,1.424004485505562
21.40868009924791,1.494272108669405,1.150011252176664
21.37735834695954,1.3347895118686957,1.3049291348554923
21.72905953303392,1.1667711116767299,1.3067621791448605
21.61330346726185,1.368936961117788,1.2161476026085496
21.972322821591398,1.2465100764804065,1.2126666606080938
21.75802580175369,1.1541951943812576,1.3357849280674445
21.404009307842976,1.171182248673369,1.3976184315304319
22.187219991348464,1.1004830206985738,1.2552412543785885
22.232012171954615,1.0958868061578635,1.2510990681689247
21.2078501492174,1.4891879890293902,1.229888505589161
21.76934452830171,1.1369337805498643,1.3712924156126507
21.817412690634807,1.4012928366403279,1.1168421582832735
21.827637322981154,1.159265660892314,1.3156800375149427
21.744205733988256,1.168196516995807,1.3440274737006317
21.6171393695354,1.403382614122103,1.1511329897644533
21.65308667509619,1.5024082874745737,1.0798890420295997
21.806543051868438,1.3960184517399747,1.1278916178817564
21.4220848374186,1.3754061194692937,1.2408139275286787
21.142676062583256,1.5291496486243124,1.1993230152419276
21.84811061337917,1.1847807783810973,1.2902290525778566
21.933358244663026,1.0447926373311036,1.4491246579364434
21.748198169817577,1.0905422588777258,1.4655034208154138
21.551147040169035,1.2875432629529293,1.2568401975594352
21.47992887746924,1.0408024736843124,1.5351300432602915
21.681594733913947,1.3333845231063532,1.1863363914591056
21.979138619567443,1.228480149534845,1.2335883207842577
21.100993365126236,1.3601570246987136,1.3227387980685543
20.978783265714114,1.2839958265976759,1.459699967973219
21.022786008910593,1.273449792040344,1.445930197166686
21.064873801900674,1.3037900594181782,1.4093267332490305
21.24266112092242,1.2477880036972284,1.4138225642702522
21.878992971736984,1.456693519143541,1.029684983340105
21.75982631295463,1.0807909366307413,1.344922143404716
22.128444972966598,1.20926710265692,1.151292547822613
22.10384082093939,1.1139862089928831,1.2714923953392188
21.615300445378892,1.2634687086690806,1.3355850869385668
21.88824108661462,1.2333295952929704,1.1920251419487076
21.12462442206536,1.416586538036645,1.3501087344636988
21.585046718839116,1.0892838324036205,1.4172591689905563
21.205194661375586,1.150068986506445,1.5231935166540653
21.443953089956715,1.3201804139356028,1.2686561603791486
21.854460561341792,1.4910475576111788,0.9973110643029183
21.783499854196876,1.363757062718709,1.180392674287434
21.576315678216258,1.4191904839665452,1.1001231573986718
21.650862305799503,1.2074926626186266,1.2907753380090616
21.66233939988414,1.314631333152258,1.1945515145444656
21.25710536081658,1.247753719077963,1.3811678438970403
21.59223460367439,1.214790216089194,1.3145778674751445
21.66400514602275,1.3838278115109022,1.1489484853899967
21.79398260069186,1.367565978544293,1.1508458291984598
21.174576350823514,1.3638077119845904,1.3404622128384178
21.5905596811392,1.3028395872522969,1.2783165250067274
21.679970006230988,1.1579494670434212,1.3643336518362517
21.953495312743627,0.9241792607321451,1.5223453792865325
21.844900105903747,1.0757259388349012,1.4351473818137284
21.856151113483765,1.1975788782782129,1.28739943827443
21.872048160924564,1.2003087098682663,1.2779487941466225
21.6883111105252,1.2404351901575554,1.2905249908704208
21.57815300468146,1.269751530867771,1.2889744661567621
21.538580689964846,1.2870514523457002,1.285761246372667
21.397895586140677,1.2777788988044816,1.3272023096910042
21.96764747261864,1.1966493730362573,1.2450743343551691
21.77579358726487,1.3325619795591102,1.16784635292416
21.68967035408113,1.1619297000826072,1.3566766891061472
22.01155395125683,1.373849455929781,1.0582615409593081
21.53213871176797,1.3338048510203073,1.2602616107535731
21.94334786244102,1.1832329886395725,1.2933157769885673
21.977523632263964,1.181157186310077,1.2961759760347127
21.745547654039107,1.329741550202124,1.1710200012699659
22.492001447195413,1.035383749723669,1.2365328966146023
20.94822792005324,1.4108189251641952,1.3558382701469458
22.537505679553014,1.2148302439331,1.0645687019051608
21.28104417758343,1.4612763928066106,1.2280560222562924
21.924410692128454,1.1772330888153988,1.2562507863421764
21.607946531501398,1.47645857878033,1.1062749539436947
21.89160805407503,1.1483633539520453,1.3149135254860225
21.638706959454943,1.3397264810280056,1.1892128204608605
21.726542857254845,1.1266167467589236,1.3638278125633232
21.676409219074117,1.1322784834648696,1.3286489698514798
21.242018201820784,1.33237229823119,1.3514238572869754
21.262425291436017,1.3991135008335487,1.2336177956849037
21.005810602243294,1.4500515520413733,1.287121787966476
21.91456285220415,1.0868252628097061,1.3315205463777964
21.94766654329185,1.3832660415150384,1.1085843979343772
21.774876345403108,1.2026145895046743,1.2748533483018623
21.543689975334203,1.329385998184072,1.2532704083353168
21.68478641140997,1.4363318154857279,1.1569880594585655
22.069339164651065,1.325587649661251,1.1471895665820206
21.9004119135656,1.428795407394521,1.0744689465951691
21.962998972668984,1.4096735667369855,1.0454387624133368
22.03143482952379,1.4766325511595966,0.9585723050999974
22.159616329015037,1.2379124732826532,1.1708172976532372
21.513226533910576,1.201988376256521,1.3338507613607655
21.720531775888425,1.4203818718858083,1.1539225082000566
21.436203622965117,1.486434212303582,1.11603080664984
21.50147554990947,1.400398191275572,1.1832302348256027
21.8237751112663,1.3733075713170475,1.0846391217851714
21.394344943810392,1.353532068386164,1.2503462483025818
21.386824474128574,1.5292382192518752,1.1600896127362639
21.82176491870437,1.3494358247377334,1.16576864881021
22.440997661635603,1.1913530221571988,1.207123362710987
21.32443697316635,1.4594452051600837,1.1387305121071516
21.530222374964797,1.4543895416006545,1.1749059505985053
21.6628824081659,1.2029085891621187,1.3452066090043275
21.207318087736706,1.6676332340945441,1.0438343135662016
21.0661688652869,1.3656654638602779,1.3628986231821554
22.17391362169404,1.3487724913862988,1.0356809437522059
22.269460054333205,1.3316251106229555,1.0403890469106216
21.233074628695988,1.467096394400761,1.178394744959695
21.724613310073817,1.325095833072295,1.1286772636737077
21.00606999973288,1.374040563600517,1.3899190604886975
21.476559392677082,1.583510315628065,1.0840118637474356
21.40076686909197,1.3633803344499966,1.2561790659303933
21.976449904341763,1.462064811057634,1.0254552890090194
21.569479439280222,1.4898624480846312,1.085696220200195
21.955579083423572,1.3036468014554867,1.136148443362974
22.3774878754287,1.2711640454924686,1.0522844331577728
22.17922508259951,1.104692292624754,1.2583323604640437
21.117300344360338,1.562879725266333,1.1263668124872654
21.512856842759398,1.2473602005630122,1.2531217754562505
21.305074376621853,1.4354262876361523,1.1782560947006762
21.515830347392786,1.3227569477798065,1.275164537190859
21.630145614148752,1.1316084767143877,1.396470706005386
21.74659525629251,1.44140309341797,1.0970668959782477
21.912520611729487,1.4042423282473564,1.084865597049142
21.634159530210436,1.356111162714175,1.1829030650973444
21.628994712665467,1.392084175105003,1.153742970244907
22.15719128146629,1.2327435377221045,1.1796081913522196
21.464313493851975,1.3317213582491736,1.2457071473807912
21.635053880062,1.375749559228146,1.2134410401580518
21.455119209085467,1.042751110452227,1.547316480267122
21.75706839976164,1.216023238620802,1.3407803861510788
21.71072152086137,1.2617797511997082,1.299069141464539
21.77615767714962,1.1440582173831892,1.340092374954105
21.82931608668877,1.5239766799017618,1.0126598324921965
21.655079685259473,1.4492194451527156,1.1341866436302184
21.60357084447974,1.5321843317422226,1.0843002202952965
21.964033449566067,1.2565754222251544,1.1463282522622893
21.7212709804097,1.3313777093151447,1.1973722496039292
21.598885270664805,1.5114684683307547,1.061975542851512
21.81717128198639,1.3007410321742126,1.2176778447115792
21.707948483705863,1.4142927407792216,1.15890007939114
21.968130151435894,1.3400336607822638,1.1763254460848611
21.56313784384639,1.2142778618018386,1.3042261526973928
21.92865268203856,1.264360389958705,1.2316404374772898
21.779701274203823,1.1187267668499046,1.3919390675044392
22.043353260029967,1.4435676802592112,0.9775568892071997
22.120721819539618,1.406085431092841,1.0044573767568106
21.547231970797142,1.1188926537307347,1.497957681699416
21.59570905499346,1.1846504304560275,1.409305931971066
21.94655890060885,1.2982434814620112,1.1735708008685983
21.894284325600665,1.3163476941111605,1.1730669301007566
21.565266138924052,1.3879159091273128,1.2349468975633788
22.20376174479399,1.2088921308810667,1.1614400601163615
21.855471368441293,1.0919576056289781,1.4155523194788382
22.119178164199724,1.2959157543338211,1.1790284836993246
21.56126178968916,1.543438808206281,1.0732121068098615
21.854151942989077,1.0914253664081457,1.400694741634626
22.28763129552474,1.2931268501795403,1.0290705748594247
22.200574164938363,1.2684199444550497,1.1044235909173001
21.793937164109423,1.4416813198758638,1.0716540085929884
21.700754365455158,1.4946962203521448,1.0336065664460468
21.676754686297706,1.3493295060535415,1.1871196314911823
21.748620348363502,1.2317373730431525,1.3066024531980112
21.677725084988236,1.3846085611818593,1.0997318343412374
21.707691799137763,1.0261200326169087,1.5238164838832302
21.674951955093405,1.3263805022472068,1.2752792674351012
21.56177991716832,1.2923976754617195,1.345020288271777
21.699309804531843,1.2300159738121066,1.2805761048044304
21.430771321055914,1.3248070383195572,1.2725219672033445
21.18466389207956,1.3824486406129888,1.3301081020706054
22.06627635188802,1.2898581499649635,1.1296657224960993
21.187908377482938,1.3818849983588117,1.3089174866450835
21.929615208674974,1.1106107910458811,1.2942954939151416
21.637811673679938,1.217683543122649,1.3193299483303156
21.70143609126731,1.2397816269682302,1.2678584830217523
21.589811692845288,1.4453946971709628,1.1612748053921214
21.545746324926295,1.050636405642494,1.516524024837613
21.485630295172733,1.0890638162788369,1.5103917136197997
21.729958757877988,1.4265402390164346,1.065265148945321
21.704604910201184,1.1699840716088203,1.374885373063044
21.8721830588339,1.4247131351771307,1.0633724829083755
22.120515081276892,1.3348383434175215,1.1108668130594237
22.16757306428973,1.3491445758539091,1.0676785467150718
21.961841439230803,1.5129009810679648,0.9623694181167121
21.752105482109616,1.238005452045964,1.3211279677719843
21.859921732077595,1.2120708776243105,1.3142414236652533
21.61936337846587,1.3772942891959221,1.1843613263873614
21.54480753414459,1.4102931875177462,1.194408142941285
22.05851247799066,1.3377642489505155,1.137842242383734
22.09109565187512,1.4031186843243233,1.0643887546590365
21.761824976434,1.3801810769639946,1.1742613273006637
22.11956957957102,1.3024779664089579,1.1103801070067336
21.373244028710417,1.4840910682667614,1.1395835018836282
21.313703548168952,1.3836641280358961,1.255713546360358
22.14898473822763,1.2210338146335025,1.1933233082872643
21.838514931369048,1.1870491255781161,1.2795634017402433
21.63005738841105,1.358236058232913,1.1772271513548567
21.721296824827135,1.233526137133966,1.2578791697545963
21.73220030886805,1.1736336394851767,1.2835006079798812
21.3916674458117,1.2047586471434182,1.432141340025815
21.689872214357848,1.3644087852822528,1.143189237478659
21.535620791444316,1.428049387047922,1.1568003153926056
21.481488618706237,1.4576340399592884,1.131403857323189
21.919531616353225,1.1633288990807449,1.284389592352131
21.527020734288232,1.2677091326295555,1.2767870339954337
21.438503798342303,1.3767095967737957,1.1986705122990589
21.700838038189016,1.1402912400116094,1.3938409110502754
21.345160732297707,1.4261070949394905,1.2197104788340694
22.323213643700313,1.2250225752823587,1.1086968979923828
22.376752544887648,1.1294901474726955,1.1774331705586123
22.065291114050932,1.1477411003186178,1.2683326163367645
21.73703574774722,1.2541917902609498,1.242406540429795
21.57153058435276,1.361134086925892,1.1819885707085316
22.01173354146003,1.3329726656208278,1.1113726149659908
22.01493984134758,1.329426173493729,1.1051969171068308
21.171593849418425,1.3036286151336793,1.4157815401293299
21.872663171067458,1.2530429078482743,1.2509095870149403
21.4426260234658,1.4265165500793695,1.1672867454919678
21.94945346174687,1.2928201824950893,1.1819040775650376
21.616650665135573,1.295253549777574,1.2440950306454222
21.97847334894268,1.1372503980248774,1.3248529995236944
21.936814597497307,1.1603723172012437,1.3135518061173703
21.883969137343872,1.1189614259523568,1.3474047147936772
21.486069338535884,1.4755261436772866,1.1367914554477594
21.80425014910127,1.388109337166665,1.1367168265665513
21.790397930562108,1.369272291713493,1.1539775129244194
21.838394808524193,1.4586850917224337,1.0370011820054348
21.006951987791602,1.1682463834200452,1.5784107581872988
21.08776845417286,1.3278374316211812,1.4056223478125633
21.88908289119504,1.2257535562198918,1.1586757093498399
21.743704520792853,1.4310532563348686,1.0821702358914835
21.695086858267743,1.5169403173571383,1.0247068739731946
21.71836709266124,1.2199103024135376,1.2901069149614608
22.066705951280525,1.0199192984024226,1.4163335788720661
22.007000726740568,1.122326596561851,1.3320186425833056
21.519775518107327,1.285395567355521,1.3096365866349273
21.729764441762473,1.2580396099857658,1.2614253445366266
21.61748667103092,1.4595126547075243,1.1258752831908678
21.504955632341083,1.3003590516965589,1.2715992509313212
21.588395417818298,1.3718273792116031,1.2241410701828084
21.2302824753598,1.3262999965237092,1.3602055150283026
21.392302961049587,1.2837228759215245,1.3029016599546448
21.968583067443245,1.1453711857754696,1.3301891864097009
22.25206037575661,1.0656096068837184,1.2912754414909464
21.38499353986627,1.2554796099607257,1.40329863765365
21.582306296217887,1.4839771389286163,1.0977388258201763
21.251476528236108,1.4559939811742684,1.2625833733822291
22.370799323990852,1.3112861516149492,1.0008682702220744
20.957027145840474,1.4062920520989337,1.3586609339760483
21.70523454956428,1.3863005045709473,1.147439121583503
21.67578632828765,1.194268513831735,1.3182128919055014
22.027572929311788,1.07015546760117,1.3255800639534385
21.276993293898585,1.3550410689570351,1.2731312334020548
21.19724615232046,1.4152728943682145,1.2398842210370864
21.232512844447264,1.2145177643003955,1.4270259364365205
21.123566126173586,1.3349628382151215,1.3408516689141081
21.97526520760172,1.2856734484986263,1.1496364596398196
21.780714069871888,1.0971988412938316,1.3530443014384315
21.819545761456602,1.0992407455490376,1.3325017977203442
21.591954039445937,1.2308550586566809,1.2705313792787356
21.59389472169156,1.3425577995986535,1.2104444978532967
22.025031488597033,0.9636075647864069,1.458071156056227
21.651545256007232,1.4738179237688664,1.105258959753911
21.67553181788642,1.4260108706005643,1.156818323403149
21.85681972856007,1.1103290504345282,1.360705668116167
21.533927948998414,1.291935629341177,1.3209115514264922
22.117376257690843,1.3083478295146842,1.0718555054322165
21.467159947562493,1.436735343234181,1.191560716002981
22.07687365539155,1.3637055686252704,1.0764097766667287
21.89323065344631,1.402431796963646,1.09047673704401
21.72201405017486,1.525889565205022,1.059898869704445
21.774347068676956,1.4987971326007592,1.0461436038937295
21.837250811631243,1.4044185589533718,1.1052155321519987
21.73151715986576,1.4028365785557042,1.1366777609857324
21.723099565928894,1.3633274860893987,1.131060337878799
21.651028111637103,1.2576393231537206,1.306959556411573
21.605742668682087,1.310787137687382,1.2683513936196777
21.88208610430147,1.210508412396994,1.2561448068684185
21.79248852683567,1.3251102287150671,1.1887851699493082
21.31877446832751,1.5584930012243516,1.134665709372947
22.28943369486936,1.231537343431986,1.1634128629740057
21.534766173537527,1.325180283725591,1.3471883727688825
22.0682797377738,1.2414212595982113,1.250039147430853
21.932173669589805,1.2992016343512869,1.2290516662972653
21.297507372971452,1.521029630684502,1.209032406965053
21.461448474780898,1.197352681803564,1.3896042760862906
21.884343770276796,1.3111370568785048,1.2018671707781656
21.645866465497747,1.257345303786899,1.3161284605522137
21.65590960619774,1.3691838974018165,1.2313389538114015
21.612122086616544,1.2766174923159288,1.3250964235214613
21.833505497144255,1.4018621396927449,1.0680940755687813
21.73200729337386,1.4574176914564443,1.0992330355022562
21.68163757477587,1.2523748015216911,1.2634816542539917
21.948253452256537,1.292147862075552,1.1128977291766409
21.863654522111048,1.1546863800508826,1.3152163791127531
21.737428464170286,1.4488612483189853,1.0991536550427166
21.52044529655629,1.203044834962144,1.360449906639031
22.014987245256968,1.4193798961246702,1.0484035509833942
21.545961289556395,1.2441488796662739,1.33486073571007
21.857431938273848,1.3819446220147784,1.1444293894387734
22.231130408300217,1.4394737692175417,0.964426814334284
21.32425797424053,1.3268688798131154,1.284906026128233
21.947102868362094,1.0907003560618989,1.3287182194020377
21.352758578570644,1.4918088466943424,1.1347940167283415
21.569485617177975,1.309334975558549,1.2259556782083034
21.428832276023925,1.578491510496232,1.0566508591572292
22.227699465248385,1.1193505379074684,1.2052322755938136
22.02518095603883,1.3464455132655344,1.0559495972665738
21.229051664349818,1.3126907188418453,1.298966780074073
21.44627124343272,1.3018949661506447,1.295226498265434
21.51406642488977,1.2927274337599775,1.2943960025316503
21.377103878392784,1.3647781370125223,1.2860855875162842
22.099908493115194,1.2305859589880084,1.1717002698091743
21.920889761820078,1.1877700335215515,1.2848704477897783
21.78545331520099,1.25348287256977,1.2786227782444322
22.225151051842392,1.210746139221586,1.1638458058075354
21.53376808893409,1.1638472259548918,1.3758978735081149
21.230771133721895,1.2041452834565882,1.4543522442454613
21.359064858834707,1.0692266507314085,1.540930037554932
21.502345191754046,1.4857989618935137,1.1356993976824181
21.335168019496848,1.4648019879365817,1.2249009466801586
21.585438869461733,1.3910820040458427,1.1753404437738124
21.725975229261564,1.0913801987138896,1.4294569354635054
21.559593412520172,1.4030109926739651,1.1907270078666765
21.397937372827926,1.3991644396023544,1.23073931183377
21.478418402006636,1.3842169048106152,1.2242852646531395
22.230127811875036,1.4043862506308946,0.9447085111551108
22.343263198277107,1.1890284908093207,1.139720944510101
22.28965066729087,1.1684692944552928,1.1773823096589793
21.974979631041233,1.087671380598685,1.3191464017406682
22.01847283790252,1.3440742125343108,1.0950442688098025
21.777346869745998,1.4801853557157045,1.0631393504204305
22.054865051049767,0.9010463129220185,1.4651310233615102
21.767501187422063,1.165943343348557,1.311617396728078
21.777808122850367,1.1203747609368375,1.3466904972974372
22.014030628246122,1.362329794693899,1.078397676609153
21.95192694705851,1.1248523278770213,1.2823059712588425
21.28336027565844,1.3585433009459318,1.281848401587507
21.964697893238554,1.089268153766035,1.356812721189133
21.89382980232483,1.1587801634235597,1.2968304019337222
21.94948223264852,1.1736585943946662,1.2620537421102294
21.42930347194379,1.397433065367711,1.198213393781739
21.85966107747607,1.2331189693784348,1.237613835064064
21.48809841005378,1.3193261709386424,1.2698684613676234
21.700414034623854,1.389147655514582,1.1371100643198677
21.748173520969033,1.403423053266935,1.0964382508540456
21.349096060210996,1.1805825608605791,1.4556232739035424
21.46638833997769,1.2334667152344148,1.2820024066789455
21.33513030839972,1.2688719906886723,1.2827173003477197
21.56975640609229,1.1106767341871244,1.390379492178003
21.24049437867049,1.5352755799981839,1.1669062295583654
21.01937959792723,1.364052137703238,1.348305515287954
22.009638644174657,1.3912392160991118,1.0571965087341448
21.906017718096365,1.3193192507451394,1.1476912742814618
21.63088451779856,1.4651517501763107,1.120111133549183
21.639205377832152,1.433044840884076,1.132229854166524
21.429525127366492,1.5319765248333148,1.0788016380569836
21.814946885872747,1.026411742942875,1.4909164899939686
22.33177795874206,1.3628108071987,0.9497088728072617
21.52467373255191,1.1013562630788718,1.465319661266689
22.035900500965283,1.3254759059282517,1.0956878487094928
21.7102905467328,1.3725066629660765,1.1714540217124627
21.673291808929804,1.3558989929424017,1.183855092009552
21.368789974176313,1.5410774039865678,1.135678278818523
21.447098898247017,1.3332526112545255,1.253440133693625
21.962906562004996,1.1953052670762876,1.2291535811668233
21.421617347820835,1.3797753251569838,1.23172654967692
21.66955668731441,1.4215520265739088,1.1706112714018433
21.712507441555747,1.1974926288377856,1.2967123574545927
21.720209206557584,1.2915137111550616,1.2155216448246156
21.968246686411234,1.2455722575669987,1.2252616399572445
22.038791714967807,1.3522146230966872,1.0963329582043257
21.77932038079311,1.251720583155457,1.2059105238563366
21.235786696921163,1.2173079380449858,1.4254852140780168
21.700636980351952,1.2834889853716522,1.2034667535720525
21.586947456078704,1.2724859993148472,1.253072698967855
21.184317894354347,1.472842454728017,1.2331120833131746
22.054391293753774,1.2080758457875385,1.1868404564921102
21.77780919010297,1.4376572319849847,1.067406302240587
21.5550131543878,1.2169886546303026,1.3673723859369529
22.40384808023325,1.293178022904187,1.0228669685348744
22.287157766361823,1.2851110414455633,1.0769454749114702
22.185420023015794,1.4981541862229886,0.8958455210368612
22.357292156967326,1.4335953284487535,0.9223133761176949
22.006274371879663,1.4240999039979612,1.0496089422011563
22.106167511625664,1.3121655269563666,1.1147174816782393
22.195067405088025,1.331417808496369,1.0799315853442981
22.020751806532743,1.218269947571172,1.2443954715237315
22.0982953292109,1.2601817596546465,1.171954964694471
21.478348676280813,1.3608398260712558,1.2573246663115767
21.59276037708095,1.5462280460941922,1.0306620913671862
21.728880547812068,1.3731339928434434,1.2108894937983345
22.028639248891707,1.4792389423893182,0.9804519420759527
22.420326861731244,1.3348350974110343,1.0044339822903727
22.36982514737935,1.2168816347646427,1.1619879227466852
21.9032574093254,1.3354831826056497,1.1946656585120454
21.834195531119043,1.363458797699578,1.183588951623176
21.622414218326675,1.4293594055816912,1.186646345171964
22.073027981875544,1.1380867580294307,1.3028578097901147
21.268086069132004,1.5040947917506542,1.1398624402403275
21.235079991397555,1.514728582248159,1.1569662685853348
21.27956659425388,1.482024526973392,1.184429442808371
21.85068455649187,1.3095736894528955,1.1817750246360978
21.647961560497492,1.3151914601780212,1.2213842946482774
22.21352196004211,1.0867010616293187,1.282912182113865
21.487817098528826,1.3947874937206521,1.23310439264698
21.51569012917711,1.486569764787428,1.0941466496165115
21.589772196767456,1.2347554557624,1.347698837549848
21.696481214186484,1.5282021667081667,1.0183706102412924
21.700366787827186,1.2382797364176064,1.275901672389582
21.697368421759514,1.324186943070396,1.2387105655072108
21.346955024396344,1.2696267625597562,1.375376506874055
21.633414174441377,1.267572410704436,1.2824520972854168
21.866004312396385,1.295699054518785,1.1874595520960196
21.857696709228676,1.2637218136850934,1.2367939317344334
21.859105906633097,1.4540561734158515,1.051700938697608
21.893383766417507,1.5125535336576408,0.9769335957597193
21.400466094682038,1.3070450715259725,1.3395854866844812
21.70073985101572,1.4527211841700616,1.0584626507099428
21.915564065573275,1.2805630739740668,1.185351964733321
21.760027337021764,1.3531021936164982,1.1386227170307033
21.429436018685337,1.457729829314738,1.1826965572766186
21.44988926178165,1.462042314430966,1.1608274387903412
22.0404588093446,1.1897294422173998,1.2368987907390596
22.131024349767358,1.3244477557050265,1.1116271132943232
21.508851944473953,1.305848753185353,1.3350086476785172
22.038987872950386,1.3602372714909547,1.082777681131418
22.241290085393658,1.280084756767198,1.1344646705632775
21.495992162702983,1.336508964680158,1.193049104512882
21.394363671485642,1.366579733929307,1.1932654661373652
21.661477056641992,1.3429822187843463,1.1388823288757757
21.582397086335366,1.2548575413437124,1.234146636675972
22.031975374738344,1.3258968988913433,1.07641364439707
21.3963111427812,1.2749989461624318,1.316501308514597
22.26703631994947,0.9604853766119633,1.3846584330739222
21.795484839898094,1.1170500956755054,1.3578558158073841
21.8889252106488,1.0351047777981641,1.3854883900134272
21.66808966889851,1.1166839811304954,1.3686645522319207
21.653987889923968,1.1610949439841016,1.344883933690357
21.892896247465142,1.1765474683431854,1.2767199560975246
21.061619252328274,1.4626651685187142,1.2294492374158783
21.46429336455983,1.2604732899448554,1.2851303247670292
21.959983157220606,0.920578384249778,1.5047211017555648
21.5290334839831,1.6077590106364967,0.9868330312979219
21.721777540291818,1.4478308232305346,1.0662676594744855
21.657852227277978,1.3011347564271942,1.255702950001209
21.8148819218477,1.3856840771922272,1.0856018351974326
21.891544284469603,1.3030339885361935,1.153079454912784
22.00845299410007,1.3719652372914946,1.039226654410002
21.240301847947414,1.2019046859937985,1.486816431509496
20.920485775817816,1.7400755580367502,1.1150546430064514
21.31030132318751,1.6832494903023298,1.0485135940220238
21.83007940659358,1.2449604562705032,1.2524066214949021
21.615007501185012,1.3052661923471869,1.2833749387123874
21.926261885861685,1.3302437990816873,1.1155348964230738
21.903029959091064,1.3112417414792052,1.171683205085664
21.29505164682739,1.324206202011526,1.3426171756754217
21.409961991161694,1.2836136418900133,1.3526798091598302
21.33751636916862,1.3304117470752161,1.3244238871255083
21.930966693540256,1.385990767534143,0.9421527236288011
21.71431363334896,1.3773785720706968,1.048062166176146
21.331166785780315,1.3358154994384568,1.3006386207067373
21.34237131375967,1.4829578367698617,1.1857155246546316
21.700388526429123,1.235056615021414,1.2951385636510406
21.912859670167872,1.1287701235427794,1.3238979159416924
22.02443359893281,1.0846064579621373,1.3398460987863077
21.580198730658772,1.3090853729045986,1.2456401423386305
21.738327471198662,1.2538557846583633,1.2740130801484764
21.469216814749387,1.394980504005,1.145860056474796
21.30880087940789,1.3547759135639021,1.2366305460030804
21.52760697197724,1.328606203045818,1.2333215905294064
21.370283162728413,1.5779094935947027,1.105941903041202
21.634894548817428,1.1575500432503527,1.4196004337547308
22.045226893187948,1.3593991889883752,1.147015632222351
21.852755190162135,1.2827956647339547,1.2594395041892719
22.312810889238605,1.4111741083596674,0.9770788661409624
21.69012042898175,1.2206477939263791,1.3951461035799955
21.787252457588785,1.255969499744762,1.1986555062476345
21.638364702240274,1.2380132862266615,1.3126884049356486
21.940986500267286,1.4053748988051065,1.0439390441131804
21.49454391550814,1.3947369815347304,1.1981803151068164
21.478565997109435,1.4391362363950273,1.2125278893980267
21.730283201041637,1.395567154965184,1.0918760168984145
21.64481527225633,1.2082549778038625,1.3478504882381863
21.66904408703593,1.202854982621846,1.3237529352712922
22.270388943275876,1.1229508059604316,1.226913641982652
22.26257666535359,0.9784637993044291,1.3407418400688131
21.48438736448828,1.7113559685653894,0.9240894624109616
21.572048834177412,1.384739904595588,1.1794099428622862
21.679683070913953,1.5090915557796984,1.0266065582937063
21.733911210372227,1.4017057820982302,1.1252262344125432
21.833398496662834,1.29481097947111,1.2106497278941752
21.64241371249954,1.2207086623989687,1.2957726904221096
21.982488170340076,1.292896270057346,1.1714872292645386
21.455435336522882,1.4242256708777596,1.170250867908185
21.575448286306838,1.3326370979892712,1.1795099649785485
21.24251669147295,1.1979149894158911,1.460644369936332
21.814209122421847,1.3912746399958478,1.0498478445933925
22.120544110046225,1.1820380515817652,1.2079376889142808
20.99453612988526,1.6656805426605181,1.1619371987194311
22.536503340225313,1.1411990415178042,1.1045855919234913
22.21058183566656,1.2699909383106764,1.0849685550952137
21.810358394528834,1.260274217819902,1.2589372774033036
21.814503971197922,1.1892404057117403,1.2688869189892942
21.5832536112071,1.3036227838389827,1.2586459291163286
21.972980751289686,1.4528219981036876,0.9849978679539565
21.616640752612625,1.1356379407511548,1.4489538373066315
21.386298000928353,1.2370086109928882,1.4144501611489595
21.451742586195685,1.4145940334376472,1.2452123697455046
22.03775549392783,1.3079362132784347,1.1338419370965953
21.40942037732947,1.3297544218593567,1.2957962755453516
21.648073509339746,1.305817755613862,1.249638693120848
21.555572640571693,1.4268622692095698,1.1863391298836121
22.351342433181973,1.0568535890002788,1.2498821913506426
21.01380960299967,1.5925710373964577,1.2026047475124073
21.508527943416315,1.2970807494247019,1.299928536374332
21.6921859745297,1.2247925852781159,1.3085741591933229
21.813698663926818,1.249332614475116,1.2149572831103694
21.508932968075005,1.4328568506347301,1.1663596774148919
21.905394890772406,1.4578827540172332,1.0054251553076676
21.393160753208768,1.491234547391821,1.1536723642079612
21.617039891031073,1.43598636107867,1.1390895664692247
21.76624679865899,1.2479031791030872,1.221904397524445
21.575362566473373,1.264403870161408,1.315392571808017
22.062098238672238,1.2677286236732503,1.1428584363957184
21.434001696064502,1.1993157692140854,1.4249649456866065
21.948666690080287,1.4350439686270398,1.0600418971821643
21.788615969762102,1.3815417989048555,1.125375167518161
21.56924006270021,1.1499944255405086,1.4089605091599369
20.972434398022017,1.215740159012103,1.5154966585070713
21.27583646008694,1.288160897144667,1.3621833084378163
21.45928906003589,1.132159516923922,1.4795364049288908
21.400873432289075,1.3941559395698981,1.2093164847217204
22.036422119540262,1.030784514661435,1.4245873250102399
21.995862876822738,0.9564058841786494,1.5001726342643618
22.227057689902693,0.857397147405052,1.4195439593062233
22.142182079410542,1.2631777281038359,1.117724960161097
21.95534289904576,0.9837429944901559,1.3927437612563114
21.860226154781735,1.1941886246796933,1.2263712730512157
21.84953118801478,1.5199744961643735,0.9152756046139918
21.929138393074492,1.3988966112301437,1.0176571792745503
21.256831405760554,1.1787110213191494,1.4489086247272949
21.748426373211476,1.2315099281020638,1.208995538063561
21.963982582604125,1.4862752566440758,1.0197316368790053
22.06117530654854,1.1907967053816415,1.2670691107058838
21.957911164660384,1.554396078836662,0.9328205434650075
21.659221361143302,1.244662328719079,1.3226603422934187
21.769841488293437,1.5264725640872636,0.9598449789377694
21.928639465532882,1.5036317285439333,0.942029639544647
21.912381601689006,1.3489681117533419,1.089970321280495
21.59154254767581,1.4303157232847585,1.0871459926839193
21.412560935614614,1.613827999500404,0.9874233457770184
21.98233418401153,1.4309889413227441,0.9900193364208808
22.022288626058454,1.3014717146284633,1.1120093266600788
21.87605856113175,1.4427093760802616,1.0534058558791384
21.71224405549549,1.2696016607162437,1.2563054729358736
21.81611319979744,1.498799318417818,1.0213690203976145
21.5427595440309,1.2078103585759747,1.3592091564820923
21.901644976408654,1.3369421072777505,1.128785740215985
22.10256730555747,1.4006559601566888,1.0437202206642702
21.796062829689347,1.4233445689698532,1.121438209732763
21.793934374153054,1.4235942182793933,1.1274869842056499
21.610924203273917,1.5043770068972138,1.1110393563656655
21.885012250404905,1.3917528485403385,1.103815948110679
21.762598811065274,1.272515288174376,1.2573277811472732
21.68305427140326,1.2644342756652582,1.2495080723331196
22.2124105945669,0.9587139679219155,1.394596642405488
21.71292569547706,1.4432682745096996,1.1121777233757846
21.387076904698457,1.4114690653137427,1.2086366478396513
21.91427849535326,1.2286370200602024,1.2190887997958588
21.536701394916903,1.3078653570793077,1.2824113879340477
21.784493145709682,1.4346104226958571,1.0948933844262625
21.638893836016244,1.2497500259244403,1.3098100972150746
21.862491659543533,1.3393569855012062,1.1381454243877964
21.454939982310542,1.4589911928846495,1.1511788309061262
21.516409127121484,1.2144786092947808,1.3960631988298169
21.619750903365187,1.3782465748146788,1.1992666590234236
21.88076410792874,1.341016874249677,1.138166518027053
21.60515465472891,1.322098420017,1.22276485223485
21.787318670441195,1.4543936679182545,0.9920543822356604
21.996940175523882,1.5711125323565212,0.8898431285554507
21.81180888668088,1.4652658561526701,1.013835384901308
21.28421044049505,1.2919973927089348,1.3436876413420624
21.630859965929762,1.38222228248,1.1564607463395629
21.531593977183228,1.280961810536156,1.259748926880109
21.424381081612566,1.2738607213949087,1.3267064462139537
21.965019942190946,1.1639497690535325,1.2617047493008677
21.59622972001182,1.35513821357073,1.190211158090314
21.57893830620757,1.3272645653559292,1.2235002592344852
21.416606913847957,1.2472920568129187,1.3514499947123264
21.319495701140745,1.2919867569230234,1.3773624693103785
21.128175121963565,1.4980880170708974,1.2209809292584586
21.985147430555056,1.143717664833887,1.2655272934901531
21.554245910683765,1.3903022401528642,1.2232860930124505
21.96545118444149,1.2246220206597291,1.1848988335745476
21.673132088959047,1.1823566810403774,1.3298465405104256
21.75728577966475,1.4119089625970904,1.061645071380586
21.840882651162126,1.3481930546464673,1.2064541666830437
22.060520532226796,1.3267745844958865,1.0714422065188975
21.832367545037762,1.592533154194977,0.9023264349811823
21.49277666465026,1.1056321136542175,1.4842488412459107
22.095442672718224,1.4088221166451271,0.9942424275444507
21.246911472381058,1.352375875841558,1.3023935592770477
21.355761340511044,1.5190657111647314,1.1527864415463176
21.452183811339356,1.3620745426948677,1.211527399706808
21.78994214991262,1.0686407337354642,1.4054359414076354
21.99643917713425,1.021765186213788,1.3807688039436214
21.38804513893354,1.4945662187643949,1.1086619044600607
21.93908762171636,1.10689050457124,1.3335658888180992
21.467939832301248,1.5242378038795548,1.102409416599837
21.67104931473675,1.4221557813493642,1.1348114877077657
21.376222161128542,1.326483378164876,1.3243572846854292
21.816566373630195,1.328786069808412,1.124055716502304
21.958104632924474,1.3291434957158774,1.128859999322665
22.00054751705529,1.3214883013848873,1.1101891201559524
21.90413400671806,1.3095305220531193,1.161377496652852
21.63878001708691,1.6661501101022602,0.9301172597875096
21.698622189430566,1.1891614189427506,1.359739067167323
21.946485230803653,1.279950041782976,1.1785180316154356
22.2035729607948,1.1731188003767026,1.1840719714100425
22.314486890577008,1.142888019049055,1.202917388978644
21.58975330518271,1.4514873260457013,1.1040814880257008
21.551857262586008,1.375882039029409,1.1869455081234108
21.812865312967407,1.2320811233871931,1.2209815957456358
21.761365303101634,1.2705979975872488,1.2588369510376143
21.579708755028435,1.4202620170322413,1.1585531995765819
21.602376455333644,1.4649455667919968,1.090097153868235
21.63851236638805,1.2424089897845396,1.3161993593468415
21.33088997694367,1.2761726863452894,1.363048865404673
22.18596083725025,1.457654875174803,0.9655585117512917
21.341054902847155,1.4283549912634048,1.276315663777104
21.35275519740875,1.279032268460641,1.4193147895476428
21.54928566561439,1.217112491648505,1.395850062776103
21.894816094964703,1.118245328188343,1.3230153055186606
21.568229374917998,1.4496609116739234,1.1337918178536
21.605002914681982,1.3833919390204752,1.1970262707878672
22.014557405344853,1.3453978802912805,1.0810804757594175
22.076133680792516,1.062426622819382,1.363546986585928
21.28714617678789,1.4547961532511011,1.1775730097826544
21.455061638686235,1.4424221836756523,1.187577248611072
22.01773602830826,1.309487240181185,1.1197260170192291
21.255788138752553,1.3294597316456542,1.353177080276146
21.99728261525955,1.1341672216412937,1.2642407878774116
21.1587146712783,1.3257568214172715,1.3486326824471235
21.822369591522143,1.26250857686124,1.2203490432121231
21.535237866884188,1.3803774593485132,1.143126929511473
21.67515413005794,1.4478888028405876,1.031488699106681
21.59483173796908,1.1694983194681823,1.4554874849056876
21.604026676010093,1.1337317872666395,1.4856312444447743
21.897449945641636,1.47615775363673,0.9403306826557998
21.793763279937835,1.438924897045996,1.0054942610562234
21.85343732345489,1.269983277237875,1.27762090611126
21.455448943913115,1.3840858138099095,1.246317932221544
21.884283719823767,1.2356311148517143,1.2374295348179936
22.200497682007466,1.3591309780744927,1.0122263586850304
21.91015305211735,1.4257335348034543,1.0574257328601084
21.849374638782443,1.427883219226311,1.0879204125854993
21.903544845069554,1.3317458238416517,1.0986386160519277
22.197591355976947,1.1272645078151924,1.237543720190011
22.066880754980033,1.1664513475334863,1.2322879288510191
22.045083452889422,1.1829783928727602,1.2271233204590426
21.805906064338732,1.2918199879504335,1.228838964139614
21.84948090841013,1.3118191157202468,1.191855390933949
21.442563134107544,1.3152367294673295,1.2772787722779497
21.26473237924519,1.2903372437456746,1.3340424149040915
21.7738638629462,1.3703249958062222,1.177002664354122
21.99370585912169,1.331433732772346,1.1079700456178507
22.11071230748624,1.4234538651199007,0.9693106540227849
22.265888202416473,1.495293225651319,0.860121307577171
21.413510943441125,0.9876778388544423,1.6320368234659957
22.146709715370182,1.4379197370560513,0.9496604206346869
22.00250206322204,1.2098459740981042,1.205436090121851
22.02248355785006,1.4155612140060068,0.9823660137357436
22.39510882731767,1.345512869395234,0.9577581677427427
22.016829727775114,1.3952534145815687,1.015598706307631
21.80729010352536,1.4739441050970368,1.0376900506978055
21.998914037044685,1.4035601271259408,1.039944901958848
21.434299080615475,1.3011574320283816,1.316495975078789
21.585960216879876,1.1638869549856263,1.3973749289462596
21.756791178608687,1.209537731380206,1.3086263237839197
21.52151899346386,1.4423699201428064,1.1786733856463416
21.811603312192148,1.3189705833608891,1.1959076933343586
21.576621631396826,1.272427506994293,1.2925783468747216
21.67874904299608,1.1063644506160293,1.4651826149907912
21.6265974806346,1.390036713846878,1.2047511869192167
21.890473481139438,1.1549937471978513,1.266416370088727
21.339064730216933,1.324159558351082,1.3268578324140314
21.56999670311557,1.4128749283754993,1.1757951974300913
21.431585047967282,1.270279590754426,1.3278526309357008
21.06988252422463,1.4498120871070557,1.2597194219625114
21.206827497242543,1.4732008395240699,1.2340356539900479
22.29769318182318,1.2724352525154927,1.056073093866057
22.136515432025952,1.3276429699004848,1.065252762318831
22.241965232749465,1.2511986743360937,1.1012700415949435
22.21381174286055,1.292942474558555,1.0787117307053025
21.268226501582326,1.242308789815496,1.4137919904456906
21.113376843547975,1.3583696398363092,1.375867068666769
21.184219253989514,1.4201511876577044,1.2900697675367971
21.559229249624146,1.3595057927877212,1.2427664835326682
21.693305969715624,1.254841935514629,1.2355558770438086
21.40348960426023,1.3641889078668052,1.2749325739024375
21.471777412422266,1.355126474171606,1.2431050061564395
21.391389708920265,1.3814061822481416,1.2507337335012294
22.08744506070488,1.3200380756296473,1.1054923308736868
21.609973589047407,1.277125616221699,1.2474610912215716
21.33126462668772,1.3213053282072014,1.3194082121766113
22.04056168374182,1.3130023270040811,1.1032886996224163
21.289023426484114,1.4230798621018967,1.220379046559863
21.754310164992816,1.311379280245914,1.2200672954291611
21.379345795838724,1.255504056172768,1.3670146517736466
21.936590407891977,1.2968836108665625,1.197420651671076
21.817764384906376,1.226342501277663,1.3071457362947925
21.772512300460633,1.2609153277295255,1.22524443434839
21.44871623544428,1.3602437384890538,1.240349418876865
21.422480468469622,1.500097406494812,1.1416725403896764
21.532390499397398,1.2808771418066267,1.3079200188142073
21.73055301428431,1.4046137564842036,1.14845336465277
21.535719314281224,1.4127393680510838,1.1860583326786676
21.651724846986127,1.189978682602934,1.3295809352040007
21.66357636315454,1.210109184757878,1.2800660097535423
20.941221464691466,1.3486120973662388,1.3977574236393424
21.30269633574745,1.4090044491784945,1.2738080204454234
22.152056737862566,1.3039399589999254,1.1063653110199176
21.249601119901627,1.3998341741378497,1.2610159112202954
21.786982289979647,1.3594743706609154,1.1778800420794837
22.027365911706177,1.197703849006384,1.2613118749429166
21.339813370264388,1.5286353716746393,1.1224837937619545
21.34600123077786,1.64696777491465,0.9895140476123256
21.756528693098716,1.235975434137097,1.252619770109547
21.614190623670037,1.447948542089365,1.1248740485716873
21.711330465650335,1.4681132762510698,1.0721447031094584
21.529985937931507,1.2502454509473964,1.3192863126519314
21.840841629255852,1.216536121783038,1.3071944611738746
21.896457429049324,1.1402854373407394,1.3640501567586736
21.912106928593957,1.4041803459406326,1.0614878789661482
21.501467684114083,1.5114920026796101,1.074506254224418
21.523800499567606,1.4052220780764673,1.2069933891372888
21.33423266315038,1.674085045917622,0.9988072597921432
22.153889158488546,0.9680158783621092,1.3874809968632396
21.55080055854062,1.580257760369181,0.9459094060024142
21.504819702348172,1.3983933927479142,1.1816062522773636
21.492128766298208,1.4058671916143233,1.1759708618286506
21.412308547469316,1.3525412941877433,1.236685307093762
22.33964907890121,1.2913439603790877,1.068992076508015
21.660862960353644,1.302921858403512,1.2501840931826846
21.601878047448324,1.323390639714752,1.2400108343664868
21.75032925200547,1.4925507043609376,1.0472033081396888
21.796804059858427,1.2444991621898855,1.219804847826194
21.714536314536915,1.5148663599416994,1.0507770627993689
21.764929517428378,1.4293053901813748,1.114790666112479
21.750095468123114,1.4032012846538693,1.134872023816691
21.817456535264093,1.3348358575938302,1.1151599864560984
21.77245123346694,1.476809508267443,1.010177187305283
21.448935757517567,1.3161043823713914,1.2406852969850373
21.617806261565317,1.375080924010478,1.2041752087024973
21.407429198502484,1.1144564519459945,1.4258027027370745
21.255599828320406,1.225975940592098,1.3502424728992013
21.92697192424528,1.0611985760635774,1.3654840821517078
21.36897011093425,1.111631802884811,1.4363257475051212
21.62783994509067,1.0879544343716476,1.3884895780983477
21.50164496007635,1.2879417002481297,1.2196833722037463
21.126746885598074,1.2230035658012448,1.4213077565506351
20.695380925804116,1.2106607074755709,1.5872677512569944
21.02310242386109,1.1876868511600376,1.4989305920566585
21.56222655844177,1.1697812533680554,1.3374071673013268
21.740961812139638,1.136579115169514,1.3351681753080602
21.08192800810276,1.2823022125726784,1.3710635906167388
21.98292703188264,1.1285415813521222,1.2644852733619873
20.984766397295118,1.309668341069543,1.4273899893171227
21.669303951751388,1.0938154972379774,1.3940396579194434
21.596261013064684,1.6308958303747805,0.8742371203778366
21.89045155483869,1.1592873383964315,1.3076907654846937
21.653724981917215,1.1023373574904032,1.4571233275812794
21.841729957965363,1.453769613083046,1.047729572432748
21.894569758051738,1.33456736582805,1.1015074032960062
21.779119041413512,1.3013286445196108,1.1707178224550219
21.357421525913033,1.2088939836763493,1.4255439237528746
21.899175287040556,1.3277374989883302,1.103374679791734
21.32634246510237,1.302706833550808,1.3780340685766619
21.37002495544449,1.1882599427960587,1.4449920487224321
21.35630204020951,1.3700076129826557,1.2785271915050955
21.698932487758242,1.3885492108205069,1.1682352936720863
21.48737839319668,1.4158480117161392,1.2105569610159879
21.741887020507917,1.3256459312939073,1.1461428454328475
21.51682383685268,1.1957506055345641,1.3583873860306879
21.353458573946302,1.5051491838227933,1.1343907784437572
21.51485939447972,1.5704907011212768,1.021124602230337
21.696576700509418,1.1317942244326291,1.408085960021761
21.42472797867299,1.1734199280354896,1.4477827883073096
21.640337003136153,1.219287676133641,1.3502397336801022
21.68387241192707,1.5147984711402251,1.0350758108098927
21.397777329680427,1.070807213034832,1.542610831741784
22.289004145607354,1.0124916718292665,1.3168728932439415
21.411635562782788,1.526524516430593,1.11897172179125
21.27271094019073,1.3891839588607826,1.2969324060514198
21.00433777566291,1.4719146974416957,1.2657779662971484
21.072482189122198,1.4958367425633323,1.2537048452925212
21.36389567399675,1.3163062370840015,1.3557259301140383
21.293057185479654,1.467060715073258,1.225475685315396
21.543017726791682,1.1264491844278257,1.4149303594408644
21.743671492466216,1.301161893177631,1.2242326010039872
21.76337650716678,1.348822851520871,1.1908841558208816
21.60043333987081,1.2495595702702023,1.290826098822657
21.46789244879251,1.363294377416792,1.2094807183912748
21.236202991501084,1.308080486764702,1.3771005921830402
22.250137111936294,1.3127516254353464,1.039031481054694
21.09593625707513,1.4113999204416372,1.3247709438233617
22.113146444454532,1.4658554759336788,0.9819177519158914
22.034552817340593,1.3551493826608563,1.1309995785586693
21.573491227315298,1.3240304490264192,1.2509663704691059
21.644533351720632,1.2396682663950864,1.3130259271232936
22.251220083741952,1.2173670366933196,1.1594959949290577
21.312132284618272,1.388912910081066,1.2539655392457432
22.17967559951853,1.17193036190537,1.218349813879691
21.826373083104503,1.2628050942150597,1.2387534044138668
21.835309070125618,1.5030915418933561,1.010283951290748
21.400371529430434,1.4438661696605386,1.165836269065565
22.016691982938852,1.1115706133930303,1.344641929166589
21.333834947505636,1.436171399729842,1.2067250990144156
21.883862335663505,1.2775502017800593,1.2228962536790287
21.21224816337974,1.517029519683114,1.165666919783699
21.94395429378357,1.144307335728914,1.3016953576179604
21.4618673425998,1.2409100204804815,1.357618543304965
22.09452678901999,1.2371225152966765,1.1830252198575524
21.361427814650412,1.2401355566601369,1.3532025182278062
21.913606778923118,1.198578750549309,1.2438247150467605
21.876062287359737,1.2240611378429467,1.2448936692432342
21.759481028413546,1.140575953449955,1.3372885158916383
21.991860891706175,1.3223559548336639,1.1598780418493266
21.97264367702823,1.3510350522541508,1.1302077039398348
21.415107912208782,1.4287169293826345,1.2611690704129899
21.89449509652809,1.3939469294563893,1.137614056349352
21.717868833807174,1.493576478070607,1.1141993884494368
21.795692593358318,1.2897639216692387,1.221264030371788
21.63561671277887,1.3958107897738021,1.1960080041094105
21.75520639776923,1.345681229007553,1.1967812866748537
21.961413930859706,1.4361380166893034,1.0551304433362436
21.660465678859328,1.413236989455675,1.2256086191039675
22.067277351789976,1.0905926090020388,1.366388755498199
21.90946345211584,1.0835908798166305,1.432421065970248
22.311579954672283,1.2582437665153376,1.097654366769234
21.1917933848295,1.274970057625239,1.418226249560373
21.60300390499303,1.507613582491834,1.1170107539313527
21.759686536166466,1.1667641071280646,1.3367267416844821
21.153257234143936,1.378133189771724,1.3501838714343313
21.086445710157637,1.4058934289163751,1.3508152437881829
21.82441266929542,1.427540106595152,1.0738897407937813
21.481436741124195,1.110043942587448,1.4859609388751176
21.783101076838847,1.478553075798551,1.01485968262705
21.85653920777633,1.3120253960482837,1.220147973152466
21.686271978079418,1.4463999872889475,1.0621181011544858
22.06472210691372,1.0686780820744133,1.3737192728242762
21.69633915497917,1.2516930060013183,1.2911757898940341
21.631239482503137,1.2831081539872227,1.2947908754068949
21.445328818336368,1.2597110319244644,1.3283055077370662
21.724931195602345,1.0967456682779735,1.5012879366128127
21.91828383127242,1.1149131858979955,1.3158916787317716
21.236230778414377,1.414669487267226,1.3137835820559438
21.599657159467768,1.228865361794535,1.299255224856182
21.67150389168511,1.2842191532027818,1.222425569412088
21.780017192751593,1.2150023550154212,1.2627207705451515
21.43987131052893,1.2084590355322455,1.3684294992236479
21.387382305778374,1.100965988670845,1.4229589132790101
21.532053855660973,1.177999953508227,1.3183364192165656
21.79162215526278,1.1869167739857218,1.241069782741474
21.29325619117394,1.2823620593985463,1.3844639932331098
22.00560900402151,1.20214304362651,1.2119924503787538
21.36779584531123,1.319368561784165,1.316684370059931
21.500484694289785,1.3696280153912272,1.2611861894912515
21.924406758043318,1.1505599347486748,1.3141808465283416
21.538030899817045,1.4087108154668238,1.1628889742161614
21.78994851788155,1.3294708587588175,1.1697653061989461
22.274198237120387,1.2437474979762397,1.18340923320996
22.17189916721388,1.3178369692487253,1.156667265737094
21.458260655294602,1.2303532562906458,1.4479091617725628
22.275515219756784,1.3411393192278793,1.0636108740297632
22.079587834852884,1.1191960008555808,1.3042490981446142
21.995651583415555,1.2533060678739265,1.2212605297490717
22.562906520500096,1.0473235756389985,1.2203872821000468
21.27992282064684,1.4451470290044328,1.2540307507646744
22.2935978854939,1.1672719797911315,1.1452726649585365
21.8069444405063,1.4813884324634632,1.031565749719652
21.656227554072437,1.306320597880504,1.2270109309293338
21.84509035684396,1.1529589883406282,1.3253987616029153
22.111788558296197,1.174011125203745,1.2340884520546433
21.317161256455883,1.2419927102605604,1.3560754843893497
21.611463757495564,1.1981858872857205,1.2969495260597177
21.737065892408445,1.2738191308912332,1.2784611741120484
21.543913423105916,1.1875457930281335,1.3775520353520603
22.180542326423524,1.2009204193809522,1.1057278325560969
21.489867226632484,1.146752268842291,1.4456319657993206
21.417097914588474,1.1905074706858012,1.3952413610820222
21.761179506949844,1.2297388693690383,1.239317466521743
21.43182239899241,1.1695361900276016,1.41567479625273
21.507459866295356,1.3617385774208557,1.2179304307346979
21.659744944496804,1.0238398758995995,1.4355708446439888
21.71404318981672,1.5998916507518175,0.9859719126437625
21.5784423791629,1.208854177504522,1.3214429178876483
22.261129962091793,1.4613657068212031,0.9462856837731428
21.82963126561593,1.4651845196339215,1.068259069655328
22.018520787506162,1.4734125646956344,1.0018315558581141
21.583280487726114,1.0600037525757071,1.499827588953518
21.7768412313758,1.494322680755757,1.036231625529247
21.592366508245558,1.5276932341305083,1.0596422522381712
22.063868870501132,1.2414163877538602,1.231528510161299
21.18801873170589,1.4584443634450552,1.329175214312423
21.202205385870545,1.4278582303683438,1.3507158031247137
21.519384771055826,1.5744810978330492,1.077558160590075
21.716640706587874,1.4991964332628638,1.080539706628411
21.89426642784967,1.51369907911742,1.005479114297
22.012991462307134,1.0792031239581656,1.4064402396112168
21.9854976756236,1.5480631569299028,0.9577365065936181
21.98992358431081,1.366834923491411,1.1480207213303075
22.064796064623458,1.5382014250419163,0.9439868199181797
21.872387586171154,1.3886612372373512,1.1374332436736658
21.703717446132877,1.1740849694309528,1.372080983765373
21.704193842037974,1.3139839268445064,1.2411641154729223
21.976830976742658,1.4315175694988582,0.9815298081240992
21.333105524795542,1.2608849547854264,1.398973324407008
21.603498105474536,1.4435135063092617,1.099849905175375
21.80717097616551,1.1234474910345398,1.31396756345047
21.659426360063872,1.504627324937109,1.0962655675428916
21.95078842511382,1.2381355915675711,1.2523775028451267
22.250170376909576,1.2211459281568517,1.2065198412542717
21.83087675311001,1.3115474327857721,1.2595378672686175
22.15238206475706,1.299623952364443,1.1023961627286258
21.50973876473944,1.3957097139892984,1.1892267023659577
21.849716638843383,1.230526854983198,1.264813627736117
21.954756561261895,1.2070906977715201,1.2628925228906684
21.91334231763851,1.2643562612405506,1.2258146028040722
21.8633779549127,1.3400882117621236,1.1670432304333531
21.937935267360512,1.5066402776903547,0.9901615679163054
21.799457386740322,1.1694452223156866,1.3214446714927113
21.111976715181804,1.4005329040873733,1.3008851804996957
21.54367855866756,1.157831946244212,1.39481784927362
21.44305286216503,1.2877157342834733,1.2491119985652994
21.816425170709078,1.2657205030322898,1.2675935510404872
22.004787251182314,1.126500119561009,1.264356449710599
21.573033406090666,1.1330687218693654,1.3934104580069537
21.43145522062535,1.1749000775226526,1.390535744946149
21.46428280177679,1.3618685687181245,1.312866695800477
21.565875045207946,1.3887137440477368,1.2638024816145972
21.410555479272944,1.3236031498072456,1.2553547292653613
21.972078669162578,1.206498929196123,1.2216513226544727
21.55556956754542,1.4311923864835334,1.1657029703923971
21.807577816701162,1.3029056084186985,1.1871079271703535
21.9963102653506,1.2282104266107101,1.2132726886688325
22.24093232708765,1.0010045118634219,1.3652776648759808
21.660788251360394,1.6329771391495738,0.90509337862391
21.825920246518834,1.2076422438005956,1.2827165114932515
22.2749496237371,1.3307646797290809,0.9687257653893485
22.242988715816903,1.2894723163571962,1.054694293211023
21.053139332766783,1.5094519054251818,1.2290272411380587
22.342119362516048,1.0496305434451303,1.239978963595537
21.17600557046552,1.3206292525060592,1.3594622761556987
21.415660745822244,1.2178408660535625,1.4153508533439878
21.674881908983796,1.2369495863721929,1.2439419901577407
21.747786776446176,1.2373066071279442,1.227453098563885
21.757968980609974,1.263518241084236,1.2589720512049443
21.063655739169697,1.384757139539319,1.3355515875272337
21.107096269256388,1.5062280478098695,1.1736667923105113
21.17472812841369,1.4932188154817847,1.1762676203181603
20.91254910075694,1.4168258733315122,1.345120682064869
21.96785234084858,1.1289640114948165,1.2810644544531917
21.44945078945004,1.3642399080394716,1.2438082695906862
21.721931146369936,1.3652956218849583,1.18351078226175
21.548101838311375,1.3118215416449492,1.2379504531979475
21.334342969597618,1.4641915817889015,1.180043637574911
21.757005206940175,1.1710248337372007,1.3476908124993452
21.804811842565307,1.33806300565799,1.1369966435915875
21.436783196193424,1.4542229142180736,1.181122048421728
21.567936681085595,1.457010340129164,1.129515738672438
21.79671531908697,1.0548671019912907,1.4440072061238236
21.979998895179463,1.0810616262435908,1.3622601656165947
21.97321882664215,1.0003626360959035,1.4448482466564394
21.483402545016553,1.332124425375873,1.2916286281157052
21.9627893385467,1.3209261250626265,1.1375951873970505
21.7370254425565,1.313572552759885,1.2151815793493808
21.608869845299864,1.1145074765708058,1.472917950906616
22.01763797345108,1.1309334635194914,1.2468427846909167
21.63124107526282,1.6149322482695385,0.9567266458244489
21.446071142897956,1.5821970682222268,1.0590382716878133
21.60777983133378,1.33165564420214,1.221379536194646
21.659516040481613,1.3300570158358862,1.2255505354018976
21.81326869953196,1.304772326391547,1.193417388667709
21.633494961529514,1.3254738422024612,1.2204703586934105
21.43362634463768,1.4734536692799203,1.191566232743396
21.86712060573119,1.4210730054861238,1.1051222373331695
21.458197311513047,1.386177692729426,1.1958509324919173
21.698157957001,1.260755447771266,1.2881988977907661
21.704838651085304,1.369137498211683,1.152821496043448
21.903960940211377,1.3437514809531013,1.1290572793980833
21.620731306138865,1.3610958096386234,1.19701546188503
21.83977845017936,1.340774825796758,1.1614941931992924
21.560927515931184,1.1718113508793362,1.3772901497421783
21.403107430167257,1.3388310647094563,1.2513143844782868
21.75209469348996,1.3877773410590695,1.1857812849823213
21.937346542180258,1.1848272021095083,1.302450934711779
21.73424242711598,1.093454662443493,1.4445626713526043
21.411602783294832,1.5274755423326976,1.0941386691771984
22.28239456273521,1.3819314708264392,0.9843574689460237
21.498099249603573,1.3437738797013925,1.251072866537142
21.568275993972428,1.50502982235509,1.1113362069244372
21.433560587996034,1.1353835979745783,1.4023286031573505
21.522002061513348,1.3313472603485716,1.2766361431381306
21.445990251464522,1.2933824862327663,1.3454353904350418
21.8779575892024,1.345156973340907,1.138436499473582
22.037996695948152,1.2734642915002645,1.1229057316137163
21.676905912000468,1.2889803521005514,1.260313809848163
21.792472671909234,1.2616150827143637,1.2334184217837545
21.570481284419905,1.4611415336878126,1.128964288497683
21.79730781416771,1.1417836073137373,1.3582694573667744
21.870546821892134,1.1553799222398211,1.3317970045800631
21.841149621806863,1.380433372634075,1.0713929574440242
21.5113743893521,1.3655838818822927,1.2033978934427876
21.93728040636519,1.3583946902605277,1.110037897302048
21.41889559003154,1.407035716920826,1.2283372780727562
21.793374449859893,1.3387038246771612,1.1849202265082313
21.556535634914802,1.2721333597072177,1.2928754271848557
21.79554827876241,1.4606053869972273,1.0299518435161414
21.84562765119717,1.451264916740699,1.0382136376251496
21.703112846417138,1.2828765541096487,1.2675797265630426
21.479732401894736,1.5052503556635897,1.0892524189176667
22.120270141049915,1.0590075167086277,1.3543985545002575
21.700098874956602,1.1307107580802078,1.4081765029610611
21.606974327044032,1.2803499767132593,1.3164058352816088
21.991694335747653,1.322796149705023,1.0922342443782875
22.03366809955827,1.3562177486924625,1.114897497472719
22.094135297043966,1.2243906891152827,1.16063487752544
22.235691896918432,1.1975331378841974,1.1379430637993562
21.76702989547087,1.1342277696769376,1.3859327345974188
21.425740280452302,1.4274545116074766,1.1805318482672793
21.4937723964157,1.165633708731342,1.4216934038099862
21.605926199142978,1.2072355668120844,1.331751890649257
21.27859395865697,1.2427240327515956,1.4012733226786036
22.06985574048413,1.3120636671074808,1.1025599660642764
22.022772962076047,1.305374866908661,1.1592937360140938
21.323668774391724,1.303525946653115,1.3434541899727275
21.155684688646872,1.395225028815273,1.2894337605634831
20.844493991437442,1.4768486485993,1.2941569375367632
21.438250597374353,1.0883906740096363,1.485895470794078
21.37487740445402,1.1863652600573087,1.3751994920939072
21.828981186370786,1.367660703522306,1.1262793203623003
22.116304513186478,1.164850885812185,1.2655245522020286
21.864111031622297,1.3158971917131224,1.2137933909021055
21.514855038105487,1.5807992781310338,1.0568277701252866
22.079199511399075,1.2273959682762225,1.236261902819145
21.407694137175422,1.5979115497305723,1.0923258339190034
21.293467516617092,1.4282854611191167,1.2714053501512674
21.83575953256178,1.422855418100838,1.0564786428372608
21.81494281881173,1.0675325451827204,1.4564636411281617
21.748712463839652,1.4937152550730945,1.007604996454559
21.544077199466,1.1850641985650359,1.435169886218655
21.42626160893751,1.1889264956152343,1.4415063210752408
21.7984951588327,1.003456763545097,1.5051444980913837
21.414930368319226,1.1079551403046115,1.4893186143812172
21.474324579033286,1.1843229812581173,1.381165698341476
21.525949946540617,1.1970782710303627,1.3684844916077081
21.31631996192901,1.504836999284804,1.1380025105245648
21.37960610438472,1.4981778948916071,1.1376493101381944
21.807254234066555,1.1822820718630096,1.3047878537296866
21.565556427905253,1.3243604260400534,1.259075477499898
21.606202647943007,1.3427723907971814,1.2182517554245724
21.49106368647408,1.352839115866645,1.2113732189048647
21.22380085460408,1.4377642288620998,1.2325118332615346
21.456090666574823,1.4589533515345394,1.1862844846236051
21.29672452086774,1.3179238762552696,1.3255172197830738
21.786446827439015,1.1174267043210757,1.3866981285168447
21.781372962918237,1.2420743043211675,1.285376948037811
21.697508896896615,1.2854156871436524,1.2817201629655899
21.58846493232402,1.3914866314404495,1.2332092017085854
21.31742842195122,1.4276663358677049,1.2770154198899704
21.66238418842854,1.5321135732995534,1.0614966030578805
21.775769605613306,1.2127972141431425,1.2782367989301124
21.95238422180898,1.2308636571081433,1.2076924129311126
21.110753196280154,1.4605226947771066,1.2382791302342153
21.20990095946685,1.3385161943577988,1.402163441099959
21.86954254261292,1.313519213999803,1.1317868809632565
21.445310833530673,1.2342180399102098,1.4092792454569563
21.520796473539797,1.1794933503684963,1.4103063534469633
21.79652479026189,1.1753928567589957,1.3247478494260594
21.682895238628284,1.1622987607845872,1.3738777256835828
21.653478055007078,1.2646636095328034,1.3259790941039982
22.198125052125707,1.2347371009496906,1.1515587498540683
21.762948254905513,1.252512895670042,1.2820305576195188
21.728163877458044,1.3519095508002017,1.135914656642877
21.51720816149863,1.4656393003785928,1.1557283964972258
22.218819298292928,1.285911739570833,1.0996104041073382
22.101849049651143,1.2189856221794968,1.1843422307678237
21.669233293934756,1.0969197745879844,1.4013445134008415
22.02021136567317,1.2888982407068696,1.1088604051842192
21.38618403966587,1.4286857477586932,1.1436131680700456
21.719276374711413,1.4170869302570575,1.0959295842890278
21.53068314354894,1.2820536499555972,1.330512030354204
21.47645606892135,1.2421179677281138,1.3857852988814143
22.306762992222072,1.065507574686143,1.2757633422102603
21.6489561022313,1.2770910686214325,1.2428334854490795
21.440283725711062,1.4187468175141513,1.1694584910870287
21.80098266455044,1.1549736350948236,1.3546864625637882
21.821432390287725,1.148557552286972,1.2992766406918088
21.864521394732186,1.2756892507912923,1.188001497219976
22.040541434663133,1.1976092137649943,1.212743242072876
21.723811015921292,1.3575537287354482,1.1493023657165924
21.690865768822515,1.4597873895815134,1.0283652719911105
21.669014404638258,1.4606434329286981,1.032252231327978
21.70362263542473,1.5994669102748715,0.8802839847346926
21.245165023028456,1.3077239851766302,1.3984560436265694
21.39474115173782,1.2499565787953768,1.4401187111960614
21.159629026057637,1.5041671555985014,1.2620000738507107
21.246970370671374,1.4534409597103441,1.2128216781167196
21.996679506195527,1.0571357651210633,1.3738924896999065
21.44111685031963,1.4719398953205043,1.0670096098319706
22.028638065614835,1.24432392590898,1.2543087406620215
21.4537153261439,1.4906099804850694,1.0277386261092505
21.57069210687643,1.5320009656409426,0.9691035628333218
21.461396609658863,1.18369155511732,1.4144795097140508
21.88702568132874,1.1597389621365874,1.2902991647841195
21.139678298816616,1.4000929703318148,1.3171391566752844
21.888988083269506,1.1783609477740993,1.2661971409755735
21.30257408059729,1.3331996378684383,1.3354451780408112
21.58599486283873,1.210526030087297,1.328883204621959
21.206928447397697,1.3197484040584693,1.4019777205449107
22.000558877913676,1.3139970386270428,1.0951897365974057
21.491865480799497,1.437166523160224,1.1340148851733305
21.241187281164407,1.4088222532650294,1.2426390790621678
22.265345320488866,1.0640240608239275,1.2598010769950547
21.246098325169513,1.6107130528061904,1.0131818804694168
21.994058130325193,1.3394791763126317,1.0585088192942793
21.82340551191174,1.2094566556143527,1.2407456809653814
21.99758681464053,1.261176162036502,1.2078147792649974
21.46057251030568,1.4256473271199301,1.1195303418613969
21.77423902076668,1.253924109821278,1.2255568268968622
21.65463471311076,1.3600696947702582,1.2203357962161452
21.492589179054363,1.2888615659756215,1.326886472858967
21.48301337973289,1.3632899444350075,1.2353630320880742
21.501500106320584,1.194480242015834,1.3645724820255642
21.738615652639048,1.2663792670568434,1.2267683989799367
21.83895279415249,1.1954774305027853,1.3119025503223216
21.6697904624093,1.517865680697989,1.073011998181527
21.873516458438885,1.2737599028039757,1.2218609119888308
21.988292595936436,1.212690417791634,1.2261430233991326
21.657479754784845,1.3910298540139703,1.1816668005012274
21.712636135967244,1.2497412796229876,1.2121490142693458
21.681215152882064,1.402173221526727,1.1726688960532672
21.787796244448145,1.2956546386039487,1.2370023289283791
22.22640372303656,1.3630764067862446,1.065368837888091
21.90961129514991,1.457496332549152,1.0450111111858538
21.828286870171265,1.4653032933759433,1.0638452105557532
21.759884562553164,1.5074859114389887,1.031450607398514
21.823792377776655,1.4694109096836587,1.0412635554703715
22.310654722093112,1.0615518021186505,1.3150320947961676
21.783070898260632,1.395782478111283,1.0802437530532554
21.694348351356282,1.2319535485670676,1.3254826231707775
21.337322939411926,1.3025411458579899,1.328600346135212
22.193235392811797,1.1933241306414297,1.2056338957138404
21.550122478011694,1.6422093592159461,1.0000449605717459
22.071577535809016,1.282060496132202,1.1447051823383871
21.5749322704457,1.577301355157732,1.0567346011128498
21.894947160139267,1.2297663853054326,1.2286111395721295
21.547989837377024,1.4376511013385576,1.1693968457365571
21.804368954591656,1.2362504502304765,1.295368704839673
21.40163070589282,1.369935154392004,1.2306489153009887
21.195908995717097,1.3999081137161777,1.2769961312525246
21.362234861127945,1.265144341081565,1.342757385883459
21.648221185604292,1.256241928530138,1.2245706286791749
21.612280421401486,1.2398613287904607,1.2632802855857825
21.718546367145485,1.356293290565982,1.1834270367679989
21.70417084893866,1.354954059935455,1.1877579215873573
21.464018719765363,1.2285341610665628,1.3973762883597816
22.04051211549224,1.203894201670768,1.2206070577559314
21.762317990673278,1.2747629293809857,1.2629966915182604
21.816789035468705,1.4143572246593865,1.0792346366569354
21.485995710937427,1.1814570656770196,1.4047889389924604
21.44503616555697,1.3669207382399036,1.2637940097039606
21.546181913191596,1.0740975538687267,1.5012510383555366
21.683454123593044,1.3440938658996318,1.2317184367553609
21.90530725303143,1.1339363488699508,1.3553298961325873
20.888762777520995,1.4954282808497381,1.286975360085393
21.235884621586035,1.3517906636571517,1.3173146666792892
22.04511438173215,1.3895148284866652,1.0345440377140223
21.505689936788393,1.4078564674518859,1.2365847662584253
21.850674990223233,1.3879665393337108,1.0954730593330608
21.491157940200587,1.2764611561121195,1.2853134112691595
21.732277518061807,1.3371849794301385,1.1478075276625523
21.292368053236785,1.397912397491984,1.3015852617273795
21.478691655345493,1.329452813350587,1.2543620075334787
21.485273680820193,1.1502119869867033,1.4790190151885088
21.29280158135792,1.557326601187682,1.0953532690501013
21.604778879691303,1.2494549192921416,1.3029831862901406
21.71445271857365,1.2685247872233594,1.2824418189503455
21.83629137307183,1.1464682811459053,1.311327070007012
21.832867195321057,1.2730505838803676,1.2358202797707685
21.808400105072263,1.316355683618477,1.1784299747531268
21.27341274687894,1.2178179805030531,1.4451157174502574
21.239484896037748,1.1761532489710513,1.4895743733487088
21.210296625059836,1.4388864261640735,1.2603374998092767
21.22162621131521,1.4556197352574698,1.2440738912318416
21.630218359563333,1.1779414894058369,1.370592683828723
21.728049256845544,1.4377240687044437,1.0928599494573008
21.771851936615167,1.105955732570382,1.3857932404966748
21.21323729121401,1.2254845096646,1.4565619464532804
21.430531157321667,1.0527332120078863,1.5475812173874748
21.694696120221955,1.0270687977373196,1.5020380865324239
21.99694986957546,1.3476457274878977,1.1172799552885069
22.007611381498904,1.3557535645064167,1.1027134803321876
21.80509886969918,1.1246228595883219,1.4018423551798096
21.774561886769202,1.1938440960791556,1.3675522371624085
21.293365493998884,1.4625755583812765,1.1797817833373938
21.392793365225067,1.532655023813658,1.0456941322685906
21.905685259971392,1.1876587388085398,1.2941288980899326
21.83448949598398,1.572723112931516,0.9598998477799431
21.790648293763162,1.073684881728185,1.3694892143844424
21.901273897850956,1.413906948117621,1.0880939339150089
21.38698221004103,1.4255102912160542,1.1431292967454287
21.94285848683184,1.4239368737649132,1.0892963590704314
21.10520319104554,1.5982832240330644,1.1566611341336899
21.179919293765195,1.383638370850543,1.2956608939818097
21.932431557439763,1.22682862815558,1.2322901343051607
21.531040830440908,1.0955178269730674,1.4465916545251134
21.370853501779646,1.3640257856188218,1.2945166563484252
21.657977131099013,1.2533064926350623,1.2545390780110974
21.024887362038324,1.3462279354748454,1.3879269620742012
21.79624726194738,1.0188771463734272,1.528114164298905
21.298827856720862,1.38232609523322,1.2918912903571538
21.67731145777285,1.4277219907822392,1.1450030434130885
21.8459565612865,1.161271214570149,1.2494682412665314
21.235052852486092,1.478834818911244,1.185551919252275
21.30355200826611,1.4885509135347466,1.1562434316783954
21.663492887176446,1.4100095542691098,1.1201309052123753
21.392479348438194,1.2960604243071339,1.2929354018220802
21.44548631977161,1.387910455801556,1.2528446820238204
22.027527344008366,1.2134251795081294,1.1591596568109404
21.239966326064494,1.5697388112026067,1.1873194436422152
21.6950550841639,1.4282147900705475,1.074714622734528
21.8072836373049,1.2829601399923567,1.2785622143344808
21.73856221203686,1.3127980729150166,1.1283539564234135
21.749602050117492,1.3630820050285108,1.0917020720451038
21.367445391057977,1.1950305852933458,1.3561605680032571
22.040705351725283,1.3678954887462513,1.0821133616245193
21.405916959646177,1.31884951415568,1.2959345200587737
21.530324416710467,1.3530367974542972,1.2208038467426128
21.394795239156814,1.4798695289273869,1.1663261823950761
21.21816332224492,1.5173673836644173,1.1765824223668395
21.868797992605984,1.2917635969838366,1.165635610957212
21.148212911914044,1.3980192450849838,1.3178296546335164
21.846130511501862,1.5719552016391907,0.9196864436902906
21.667193061432656,1.269990702005376,1.312308095222496
21.3229697149753,1.6212347394691689,1.0251120225777473
22.258326302146376,1.172259584664467,1.1681884103220093
21.05620654534082,1.5578460902400095,1.2106071373088672
22.201942401150927,1.0064275439984507,1.3028480550809527
21.610347830869472,1.3169636396671978,1.293207070478462
21.990711148087353,1.2686748433201311,1.153185168677696
21.382753309982032,1.4160322000509469,1.20783635388194
21.618903925512438,1.0978484834068698,1.479211840770035
21.48156138606702,1.4056287090537107,1.215412833741644
21.961101368630615,1.101295785978488,1.3054183017937413
21.813919103521933,1.304336132631746,1.200987516524623
21.756325314221982,1.4176797701155188,1.0907077092163033
20.983172629357426,1.4419714816571474,1.3922807612837058
20.92315520230532,1.1825080924982458,1.6053889915804902
21.037998829334807,1.232104108862791,1.5533695281703874
22.229367278944544,1.470195292673815,0.8809249977883699
21.213410109704714,1.310238793687102,1.3685683481000475
21.724725756885885,1.2498487055329166,1.2309107837148792
21.64121251693081,1.5313316078004777,1.0272706122924264
21.604334270480607,1.5947646253637495,0.9790699257748111
22.350584290269897,1.2297328940389325,1.0403814069738064
21.879676025752644,1.4473156545699555,0.9706016036705418
21.726273496792672,1.441788318262226,1.034588928796603
22.084396345450138,1.172613696533061,1.271413369707966
22.109903764808866,1.1364338722374019,1.2954626602110235
21.553824748035744,1.6066541760967532,0.9771471639877832
22.27636471847444,1.183227895276373,1.1758095913310909
21.76152990858664,1.320539116594783,1.1606955166646502
21.450062925282708,1.2287198866020095,1.3737786934821874
21.988070051585346,1.3250966700065787,1.1051318889807025
21.57070247559949,1.3666385501819973,1.1460672123403377
21.796508587866313,1.0793544431967703,1.4413580058530222
21.50154382819794,1.111727526498449,1.5107971381757161
21.910340656836023,1.2591474712628623,1.1712711351519602
21.68055587083611,1.287411374161411,1.246496702392871
21.60785026020944,1.2107829146514042,1.3204683833201478
21.357885071671348,1.5746210330106039,1.112423108295134
22.106732338626955,1.0791600375424453,1.30247820362546
21.783301760946706,1.2571961977059913,1.2791344985935054
21.962624555508057,1.216296115145661,1.2253931422537625
21.344955714618223,1.4216493433954889,1.234043805656613
21.474310550986523,1.3337603441499188,1.2996911934549615
21.46151572140159,1.3723008630908688,1.2556616620779013
22.03794336857795,1.111557026964863,1.2692898620631095
21.736277290535146,1.317299355648611,1.181831489527005
21.694805219640152,1.3105082366224847,1.236997174625141
21.94712831875179,1.4156187319579325,1.04430008561383
21.438028185946628,1.2303229748967264,1.3643521085291572
21.7431377880755,1.2883985689823145,1.2533712206587857
21.651684694420762,1.2622541312904672,1.299904794013537
21.467795833220798,1.2601587793450977,1.3581867164144128
22.304625531132753,1.1040783357034947,1.2349275062486842
21.16348628763344,1.5755276027161063,1.1376558437809177
22.06688716443896,1.1722927789734,1.2467262824775391
21.89734080701075,1.365762125882503,1.1247946869580363
21.956200264606558,1.230413511336541,1.2040554220027118
22.189107602860055,1.329465272616664,1.0229076961920303
22.066869477064916,1.2155646275112377,1.2398789442008702
21.84224889069577,1.3335681451531147,1.1009151202957403
21.728726425279216,1.1889984676796996,1.3115340453019921
21.083359078631965,1.3354750555324957,1.3234288444118782
21.39691598113704,1.291449284792023,1.266299476139277
21.446924817490938,1.3066967715688766,1.2894581417934967
21.37316571806726,1.329738431419107,1.2800366898574347
21.850077114271542,1.1365445556316338,1.3391056282585772
21.74514090286863,1.3911328924038535,1.1342381676122666
21.865092708514442,1.2157677333163337,1.2651011007166657
21.522360562321637,1.412480768841539,1.1660649033659845
22.167845133536588,1.208847285452896,1.1616042188046152
21.260721760280724,1.3309153412859769,1.3556266547179079
21.191615854381517,1.5437338076290126,1.1674101146279505
21.861907547120225,1.1493870093444707,1.3408189911596418
21.561663595415126,1.2757735730675475,1.27980259306541
22.024332303782707,1.2402502733765794,1.2167118249647633
21.313825553030007,1.4473145310244675,1.182969718302945
21.45306484291423,1.1587829505751595,1.4273792487799404
21.210053939190445,1.2014136008909369,1.462662383899027
21.424542761319298,1.4871055028096594,1.1189882871030017
21.75022255790946,1.402727912181774,1.1050279410862296
21.8376528597058,1.3482918285030454,1.088719024393494
21.80085569924193,1.2852209463183473,1.2556426378244268
21.848965731395904,1.2410638573661368,1.1958743207778026
21.880578489303876,1.2357173889070465,1.26943743442419
21.49161338148709,1.3304969256040764,1.24918653077989
21.981922689581367,1.2599266045126036,1.2278151264181787
21.83863426789572,1.2611138626688176,1.1678673429077637
21.69521972009173,1.0647867469265013,1.463217337519786
21.82354210784699,1.2407551976505802,1.2915546703028349
22.27289822616442,1.253535573632593,1.128106962319426
21.942065642553366,1.2764992711306447,1.2252268921872598
21.940271281690585,1.2899238806503954,1.2208523115231915
21.834256510962383,1.3499093852269797,1.0832963318659998
21.172907714293387,1.419180124323334,1.2453287805014135
21.426818737734493,1.3896412498061195,1.2932460327184956
21.191042811138352,1.4936580585557757,1.2378232260034479
21.34502342879734,1.5430823803277443,1.1260214610428971
21.771247544665783,1.4390731892273314,1.0675571892821607
21.364801242427994,1.2302031511055085,1.374525308773609
21.715615320707563,1.46077449622846,1.0780640697763904
21.779660323053783,1.2041031590877658,1.2822458369514405
21.5455180265405,1.290024579539068,1.276066413599741
21.989151302055085,1.3436027342396504,1.1101450637104706
21.42974485769684,1.2416996112499974,1.331665301626638
22.07967243908145,1.4284734931456127,1.0256196298705251
21.59824713336304,1.3756641708119692,1.1318886303180253
21.439305963389682,1.4776403886971285,1.107090323309896
21.436820415587416,1.4150166888245348,1.1941894089899794
21.64986454458809,1.3569456609828625,1.200204219859427
22.211564323964705,1.1656786572038396,1.262340109724622
22.20914717818937,1.225456887790869,1.1944655807646225
21.238970263757643,1.2426363451740965,1.4055068375960633
21.405925511820456,1.390340046574941,1.207959927205842
21.850139787913655,1.1724853234904253,1.3138205378676948
21.432329095302997,1.4665847241647079,1.1201168102226837
21.243455374060776,1.3013685318556167,1.4113164577752686
21.079275533458116,1.3570039288084554,1.4049863097111426
21.513312337514535,1.4000062052751403,1.1713393785544215
21.71355492807607,1.294774279727863,1.268712882754888
21.098430748721135,1.5897070798630473,1.17592766959877
21.688215215866553,1.254320980943712,1.3208566880142851
21.34852341196823,1.419474325209325,1.240777612463281
21.719829130469655,1.4981752710060934,1.0670302358582806
21.368880323404273,1.5698144884304999,1.1078531398639069
21.283907023049764,1.5042897013941197,1.184043028341317
21.612566587783107,1.366305530715902,1.2104305577287695
21.79397440016404,1.4765804233979638,1.02857401263073
21.774738270042086,1.217378285829304,1.2918719524994733
22.13472780173631,1.1746433107488021,1.1850072197822703
22.189181422704596,1.209257445238212,1.1341018006566652
22.004510243804578,1.2552685520700262,1.1542014751308074
22.182442792929404,1.3564086830198967,1.0549673084669973
21.41400344305644,1.4732133582473892,1.1287962901735382
21.396257440036585,1.5165546404783128,1.137668385959132
21.605301667627963,1.2836187198782505,1.298811394781424
21.613314698433264,1.1217360770814762,1.3859741104787038
21.84314784575107,1.318787142717692,1.2066035442383038
21.579699985793233,1.3475782758966952,1.205251595553252
21.579141857726626,1.4911723810367996,1.1181272613644937
21.581189725741396,1.2072306811827125,1.3232761539225268
21.59843412312285,1.2533832663028588,1.186429582840422
21.90950627192445,1.403686134418214,1.1729003998949226
21.992455538361895,1.4197357629107081,1.0384671795320242
21.953645086647985,1.384618053793301,1.1384914654342786
21.639680822108158,1.4285216626308763,1.1780023161063253
21.533013671058356,1.321357752248517,1.3030869107023126
22.25537148096999,1.1765870123341444,1.2144204076709624
21.546627683875705,1.4971652861000908,1.1502003340498945
21.800853924006137,1.5090107117929754,1.0580385808382726
22.497875691091128,1.2333820342431732,1.135321218997034
22.07055750019043,1.5332165916245477,0.9769845572561979
21.819706951417473,1.5552862866426385,1.0575096566350048
21.44085516750605,1.236609972297784,1.357378674887882
21.649147966230185,1.1848973246736996,1.3462028855761257
21.571554396702513,1.1727593286277025,1.3565101291900399
22.278189191961264,1.1689002810154616,1.211920425971704
21.516644082746517,1.2713390966548,1.2930899014422679
22.318914779674074,1.2838126059229005,1.0801023967550778
22.387134244969168,1.1255162212577445,1.1810859921766406
21.808940561863146,1.4406531407538645,1.0716338472587854
21.611295138632833,1.3844169002789721,1.1833430976091306
21.58904208890605,1.2622198487457752,1.3445620522822577
21.56243324137902,1.3829621655897288,1.1993470737570182
21.57565695648207,1.3461581890180503,1.2225835777467853
21.627533362099314,1.3279246356849688,1.271354501730847
21.890509171074395,1.5949537408900356,0.8988323160673658
22.07218949449983,1.2785821549391623,1.1809106028921514
21.86850414736442,1.1821415158521105,1.3402678866590418
22.053405467620486,1.0696492885151467,1.3865009624603895
21.306152224846663,1.372796345874873,1.2684316042220716
21.491509719825707,1.2879233034512008,1.3203069126603093
21.68051180422412,1.3134762815433751,1.2096283542689446
21.66207588846503,1.2698774376176065,1.2604070763012636
21.710400886412618,1.3092556390485572,1.22548592423627
22.03375638658096,1.1534842471761746,1.269915490774599
21.923846654034307,1.4249564566859625,1.0522165697095767
22.23687193117478,1.3465691677299034,1.029304570881836
21.136718404778332,1.3547745508875164,1.3409298587141878
22.564865843373546,1.177891830487762,1.1077385963577622
22.594916333100624,1.1659749763442036,1.1080073412997296
21.69946323887605,1.4736425998384508,1.0918163175988065
21.475806768975907,1.298070147172549,1.3245701626747448
21.232766036799113,1.5133132300193375,1.1466542326957894
22.324181247220135,1.2289141184317764,1.140302631274931
22.131832667105805,1.2780003117208718,1.1648013750447948
21.763848167892682,1.4598825938863058,1.081037398559603
22.299195053432854,1.1536884561934655,1.2288723075418957
21.92931497156922,1.2944932944824195,1.131838649288
21.894874986275124,0.9852230008368559,1.453238741223354
21.49069155834546,1.5501871600955934,1.053380615403692
21.90519620611337,1.4571222477876897,1.045972924498635
21.822505799839757,1.22733276565802,1.3303951046320521
21.874814239705103,1.4882782672445527,1.0123643981525037
21.82466823114289,1.2288292684345037,1.290544936894284
21.959938968986894,1.247499533769991,1.2362411023116608
22.0417459978521,1.1831824994259268,1.2723570069763614
21.16873935136252,1.5368326417370068,1.2136383154762287
22.149432763342414,1.2499965190045694,1.210959979393786
21.90648950114774,1.4619178770244177,1.036246951316203
22.044062966380626,1.3631218300289745,1.092585977895871
21.80080478170536,1.4100054855647273,1.1501729108787542
21.934272028253346,1.3217466497600585,1.1293193112919941
21.488703161088203,1.123925851128761,1.4846168893041654
21.45019493432342,1.2688941717250022,1.330841198319912
21.79291452052842,1.3439642997910348,1.1869559706608817
21.56457722173594,1.4113951516212926,1.2084987359957886
21.173388710985293,1.532832607152673,1.221108380418033
21.6967616545461,1.4281033656806899,1.1348459578964354
21.54207651948751,1.3384193335054135,1.240702110533811
22.106264429079054,1.1770086106808908,1.2205642344449437
21.424092615851343,1.4368213694798264,1.1908878644561314
21.59374197015308,1.1287040836865831,1.3913200733899769
21.916507822339646,1.3713792627556156,1.1036825308106368
21.715617012925048,1.2481211978083104,1.3304705307122486
21.44549397900735,1.4584113051685432,1.180368270662116
21.44948118708508,1.4293223605405465,1.2686551516477895
21.72528737735336,1.4171939563329332,1.094616784989274
21.73528391781145,1.310964332476554,1.2562440975499158
21.918553835290567,1.5206726883567556,0.9538270815892749
21.58459735399105,1.2506896144050106,1.285468420851625
21.53882168890016,1.5160619233501011,1.08865150576272
21.826955991548544,1.1904411205906527,1.2936986166639992
21.62963089817154,1.4670648666825037,1.053322426148214
21.79633130796136,1.475520600338708,1.0094839421675748
21.665924631878248,1.7238330984621761,0.8206631823304875
21.818580405215766,1.4954122411111106,0.9495352835859727
21.436950294624474,1.259591093522826,1.3358001120030432
21.234340957248605,1.3501903935377633,1.3070341750725871
22.065354908449226,1.3748967491191175,1.0440689558701717
21.959392234102076,1.5525492340884306,0.9092085390849332
21.450403250166616,1.3398184315155621,1.2729776915843904
21.551211077692308,1.3479176017731,1.19357813162171
21.528376314342214,1.361695596441072,1.2376845401437944
21.826254667179626,1.309825635220557,1.1995694259055716
21.919370753650387,1.2564406270926125,1.2093710379229041
21.261248079800858,1.4089236820146527,1.2447132956249733
21.50753672996181,1.4681467315401153,1.1909988844555193
21.50232966394487,1.4892220084053935,1.1743556836346263
22.078121684903458,1.1844475176971698,1.1591754425382335
22.098710011279994,1.2543396390530313,1.1352067899943585
21.686168327767888,1.462561932738677,1.0195227411640395
21.578414944199398,1.5139345180217187,1.0119094190191606
21.26614066961321,1.2985944990957439,1.3667826245664443
21.98726139883598,1.1102243084485965,1.3489610672121228
21.68274617564979,1.1397470844597595,1.4426830916151516
21.776560229165323,1.2542430521403198,1.2070065417452431
21.2383036897812,1.5429931872334288,1.1447596319723665
21.931099773217632,1.119992713592626,1.305059902913821
21.92112459556205,1.123037206014815,1.3044415531682372
21.4943302514582,1.2406363470871904,1.3434476126738764
21.485428930956793,1.2238256930420133,1.3801684839254797
21.64585309772317,1.2913925580292671,1.2735288611532496
21.15328671543309,1.3616944061902476,1.314763135542271
21.233995947105576,1.186345982971944,1.450995930985626
21.027776466956308,1.6616915280413262,1.0484148556450619
20.966806348111007,1.529022858295269,1.2269078712445352
20.987727083291308,1.499412685848035,1.2420306778797365
21.58873852360754,1.3175624890769804,1.2698452208184279
21.618401725944267,1.494239452609356,1.0330746717461248
21.3683435255806,1.288165800667258,1.312938714146189
21.805750552750496,1.032024905380134,1.4106069619482071
20.856535019812068,1.498995803589507,1.2769208983232987
21.150019833440993,1.0873784057343314,1.5523605766851394
21.02763074819104,1.185235835740214,1.4981374526575328
21.03597669852569,1.1834828756723579,1.5015066965994426
21.14234227381433,1.1661335882181858,1.4824489865821409
21.42551919397191,1.218789558734456,1.3123353595067302
21.31348627313364,1.2613766700192874,1.3412234139512549
21.29662325724458,1.264411082740661,1.3140212612956272
21.74424409201852,1.1984392011882428,1.224877847193656
21.63800030437129,1.277752874554998,1.1950941976782
21.833359757399954,1.2146930025947023,1.1852936520905308
21.743787848406654,1.1905866667343405,1.2342245103233882
21.663891938293045,1.184184298020091,1.2581129024165638
22.281723692889265,0.9282482073549014,1.3124083349572735
20.846804014980385,1.4684196048244134,1.3194569181366078
22.446191404677297,1.1813763260398595,1.1128649164347773
21.15956090806197,1.4972108132058208,1.1832752125294386
22.13908532904341,1.0678521940789554,1.3098258969404628
21.363597602019162,1.419167173277815,1.2534268086265985
21.834924041996956,1.2482106567014302,1.215970850525219
21.755740815331663,1.3086339034144272,1.1855979559772387
21.8463470568908,1.1855486415197534,1.2915131556855797
21.846556106181353,0.9673583370180172,1.4871613809765694
21.421582715833566,1.3353327620915119,1.2709736657539865
21.490344296950333,1.227387361046061,1.3535670548636671
21.806715547769443,1.2328624340418972,1.2931661325586346
21.62728024614211,1.39438091518866,1.1329264670503383
21.90346456209097,1.1548686664395689,1.323199667346352
22.01637539312447,1.1944778971874508,1.2613004668313192
20.994602732467257,1.470921933350854,1.252038543920114
21.94292707824213,1.262217880595451,1.234893273531969
21.57347286547346,1.2572802399063483,1.239341631475252
21.921374759655777,1.3568980530515062,1.1745828200402808
21.56943095463464,1.203796939242133,1.3041380859358058
21.504222775790563,1.3360411163945536,1.2492477016063475
21.466439723450062,1.432272526093061,1.1504991115951202
21.358926340696552,1.2824959849574942,1.3417410216504975
21.618269011858217,1.3920552515288023,1.135301172699443
21.56291825466975,1.2643878737987972,1.2795379757465117
22.335632779066955,1.4153731788525918,0.9874184644057218
21.83589625875318,1.483865585167501,1.0451452478758672
21.528007815804727,1.3025959348394005,1.3175024887435476
21.53725443912684,1.3169711571869442,1.3047979847274385
22.36893857731713,1.238180127695099,1.052335646711746
21.167236300616693,1.2628086329268449,1.4361458467697232
21.450988686929485,1.3649846885416625,1.2441547987499273
22.124648913100742,1.2312119109703672,1.148774243047675
21.664388338444837,1.2054113105836264,1.3310300549950695
21.553374956923186,1.2527782774724587,1.3261811639659262
21.278703478265044,1.2842947984477906,1.3690509066953962
22.1343310022838,1.5515354709581195,0.8237484261041826
21.467745236266634,1.2464430015447385,1.321470693534912
21.568444278077383,1.3645219505857116,1.1453795158365858
21.723989986793534,1.2694552468181695,1.287193335241539
21.75696830482535,1.4810177636331772,0.9691554669868617
21.521541578684392,1.3801502582652727,1.1758406439811542
21.832006249592066,1.2148073654985139,1.2962423330666517
21.983843712288753,1.0510927572195492,1.373680784796102
21.723380832188244,1.271986307806256,1.2889123747511415
21.36182059531695,1.2619784473347422,1.3733599284844804
21.46443459695512,1.3850866295409279,1.2411370747041404
21.407687003200923,1.2558606482527401,1.3855253770522664
22.291350007473945,1.05337839243145,1.2596148800193547
21.591736570533907,1.3112655104357505,1.2484804592735144
22.659212028840017,1.1210045753794298,1.1538121749696795
22.544759006566885,1.1581440315767109,1.1546948695161088
22.218347492850263,1.0275644102043335,1.353922081085427
22.131510032838392,1.0830064478882004,1.2996745095775626
22.488476853964595,1.2691490857895382,1.0298328577441618
21.360244778833724,1.3697194492139593,1.2843367660453537
22.146877803103166,1.211839643387887,1.1910686237482795
22.088371961650218,1.120456081159641,1.289868221686909
21.97048783236435,1.1649878352161305,1.286417087905592
21.54205053423337,1.3486214894720923,1.24259285167542
21.42638104151685,1.3164549510913122,1.2829339944264533
21.254894114725644,1.2131532638887124,1.4087083618873262
21.736033094233697,1.3546162996983482,1.1353328597588797
21.095588754327835,1.354140320464482,1.3508380401287319
22.015227793791137,1.3390557156368619,1.1111497672642565
21.803052319731883,1.2376301377890244,1.2652826058921118
21.69556217533809,1.2408451160385499,1.3247567449279918
21.869572623087322,1.2086337337484092,1.2532827173333747
21.97326011201963,1.1935913198863182,1.258187482972561
21.375287998276608,1.3842779077485918,1.2315443279408869
21.140856842909614,1.2743330195730376,1.4152110923060592
21.842039847969204,1.3246500362677924,1.1256993466458216
21.785962957374505,1.3037265762272106,1.1681759067582793
21.82526102818663,1.2490845422565346,1.218007438104416
22.03701644806911,1.3394480937912396,1.1119315732859534
21.986280352353475,1.3385866431948237,1.1020578318946137
21.693654164611733,1.3875925284091801,1.194840054724551
21.95133722049499,1.1805819483707787,1.2382558081520243
22.31922120951456,1.2820571101538432,1.0637735110778406
22.474096954859153,1.2751642727460546,1.0181686571483375
22.331658847576207,1.0226289796258339,1.2778648627890976
21.54214034339177,1.077040510273354,1.4622391136148276
21.701247894020515,1.3038416657972605,1.2069456734137776
21.549241754040423,1.3830505667666453,1.2095575675898167
21.986861432977534,1.144868865546535,1.2482913739433097
21.81504673266121,1.2845386599204611,1.14971799631121
22.520600090877345,0.9468307225700298,1.2725347023539006
22.25024088113184,1.1453939567700302,1.1411299341413739
22.006252139640793,1.2108891049530337,1.1594395323107525
21.46107122915749,1.1195201977246916,1.4436219145871252
21.595212374839015,1.251546342965281,1.22798864687165
21.463805392886172,1.217466877443256,1.3144137757114402
21.633366600307397,1.116614982960588,1.4232037028321112
21.936779539946087,1.1116321079479512,1.2984617447741447
22.023467445579673,1.1358904516434125,1.2496885857996618
21.31475035622475,1.2978363604552046,1.3269161358673243
22.326352643805105,1.1225528197763348,1.156105813030456
21.83769804510478,1.0618952132125712,1.3596559725569008
22.034207761925583,1.4937246575890992,0.9635330090893687
21.455428797760476,1.2651990273369114,1.3126059593925903
21.732952705827532,1.2744112992798284,1.2345185875914775
21.767796856093124,1.05378761432169,1.4035722542590314
20.9942324075586,1.314509794428124,1.4193062027445393
21.874789640810768,1.367984992011118,1.0608784393958628
21.469890036867845,1.4614098611207131,1.0812875032837983
21.80310946160483,1.5337937267214752,0.9230108891488544
21.70639497252622,1.4689428419721637,0.9920279527623276
21.832480320545983,1.2045246596064674,1.26025853614295
21.71605627912609,1.3012555271258675,1.174716277904067
21.86464460511828,1.1579041531311303,1.2660583280453135
21.552239579411673,1.415260030734632,1.2086261778186287
21.762820933579604,1.1260585398815142,1.3972023057750336
21.679923385280105,1.1781484672027074,1.3702534810373115
21.843696109500414,0.9851987191840347,1.4776885749503001
21.261040529660217,1.7136873841941784,1.022377042078788
22.102473147084837,1.0920275194982698,1.312255841704704
21.344038838946005,1.5145371866847188,1.1415337949332178
22.034801207415466,1.4899634547683043,0.9003924448955675
21.77893934354499,1.459924810445927,1.0513472669117718
21.753043278294594,1.5742240455556313,0.9334374556669717
21.404252834854574,1.101643690245673,1.503466085379412
21.799279201693473,1.364198006018196,1.1513532064796963
21.72761656882662,1.5258302486326167,1.0420456888203629
21.695346134573263,1.289716223158125,1.303965519446958
21.84467684611404,1.4936315319713604,1.0009056575916417
21.61401757352271,0.903287750658067,1.597302762942351
21.91788380102978,0.9641101247048506,1.428948528553628
21.393648265924874,1.3284758154970797,1.2557420447506016
21.06414239176926,1.4766696283482543,1.2228070760259584
21.716319683547606,1.3202187650007695,1.1941705951738417
21.664761091782054,1.2869303065130877,1.2477108995735489
21.657622596857813,1.3090656129464613,1.23960803076531
21.603982454255092,1.4163726304114364,1.1473243631151968
21.60670840860665,1.3632955467522359,1.1613096432174137
21.778040770985072,1.2336288955231378,1.2977725027188842
22.043911308779954,0.9740020379227221,1.4318401770696843
21.571355444133467,1.4471366300579842,1.1199030549227944
22.148196788785803,1.4568698032487948,0.9946025101162531
22.20440762945168,1.2073100351299622,1.2078147470228167
21.406554285695044,1.2037137585729636,1.435392886792684
21.87808998777179,1.3262375409075684,1.1462343678286393
21.526440165257398,1.198792151269342,1.3731070617346728
21.49701215811201,1.1485365886708572,1.419835657627275
21.723049629267997,1.5446999367476695,1.0028639537469635
21.782066967454817,1.372597479418042,1.138215135140737
21.54913084053771,1.3592889601548983,1.2215088715286488
21.326396610067484,1.4454595189027097,1.1692362033937325
21.786098509534057,1.3744399715095121,1.1343338584308502
21.42386964701636,1.475955680294123,1.1637483439555334
21.61495461778494,1.4906502534255988,1.0729936652320542
21.93095882500596,1.3542531690078374,1.077484460277023
21.504205775464367,1.3181156700984247,1.287317829123377
21.532623262933477,1.4302971050844258,1.098743208426894
20.912553061298475,1.327875336767787,1.4268283486480096
21.336026046893387,1.396240882809681,1.2132814155796658
21.159433905950465,1.3741995644885265,1.2870304365690795
22.127396113346855,1.0900506582390856,1.2232004021304308
21.205991424573682,1.4532744272158906,1.1629939007062022
21.623349763640004,1.3305877344111587,1.1424712600522593
21.52131848957109,1.394151927794628,1.1247695330486513
21.506996732574112,1.440179554366707,1.0934449654179776
21.857051651062108,1.2125701652309326,1.225318455247195
21.776098833509195,1.3676227513705026,1.1268336275010165
21.781905477439494,1.4032904220482396,1.1144823829731723
21.46623517096839,1.3130225532291389,1.3063935883964977
21.737149651542538,1.3699071848539506,1.1625721023765916
21.33192803753053,1.2358123940142975,1.4328522043000809
22.13215325407102,1.179921152509462,1.2117466766536396
22.20691318349884,1.0819556630195504,1.2871620858752506
21.30025410947289,1.4181231078858205,1.2488922522351296
21.843728307717516,1.4111683828232882,1.0622677587377667
21.71033762295076,1.3238719304477629,1.2158771226220286
22.0269293586794,1.204531783524123,1.2867165329074555
21.817766998812672,1.3854575780407923,1.1149016919902743
21.71571680910649,1.3337763490833108,1.185602384532787
21.624145567801893,1.4695113320684428,1.1123290572917333
21.11334455259983,1.2251671624939382,1.4754174920515493
21.27239137832445,1.296996863571758,1.3908220534972155
21.39630795863548,1.5651934402452157,1.0632201453052135
22.15496473572767,1.1419209654521312,1.2549500367374724
21.454836905456542,1.4652137015515672,1.116140694860487
22.1627012242338,1.1857923787143125,1.2230277755732937
21.602556519132975,1.5514649326910244,1.0712971814788284
21.480783536487706,1.3366570351666864,1.283718807173626
21.513763400969474,1.4043770344718207,1.1571092215236143
21.339958836461904,1.2453980854360542,1.4405339216215112
22.08192445188936,1.2890844225042881,1.1034277840204352
21.447782227108775,1.315806330378432,1.2963828265507185
21.45193851401577,1.3277194293066232,1.2839165373168728
21.52827066945615,1.4720569773987608,1.1464056411161878
21.82590562877367,1.3735951340656598,1.1144087311506348
21.047361854555604,1.406897187235535,1.3581866192236483
20.97341336153887,1.575061734633086,1.2283958927754521
22.131596266001054,1.198480347105148,1.169651491442739
21.211446736931197,1.5279314065093998,1.165502974974013
21.367017829655367,1.5704405593688264,1.0654683359870594
21.709098164061967,1.1105602671775583,1.3283309483158252
21.80280074000669,0.9923855873369057,1.4466211630589692
22.116642766854383,0.95604090176582,1.3912105799408263
21.979305130164423,1.0031718376660834,1.3812029861436161
21.380044899177797,1.3843641513723026,1.2112384199931938
21.87097477671108,1.3684452959621853,1.1665916524135505
21.73124329639873,1.4361160920020861,1.1007024031044295
21.897072103034226,1.2763040405950132,1.188574524249601
21.643362344223256,1.20812481034369,1.3483822276434978
21.79314068097932,1.3139431687879282,1.2226718419235667
21.538412617782306,1.1732430971117747,1.3831578492789862
22.17415826723678,1.1365684798366458,1.2128071355065482
21.57678873860831,1.2679633449876935,1.2706321013667765
21.768078244015754,1.1688726642052825,1.2793933239858823
21.735693924937543,1.1846965501037758,1.2751992511071586
21.278974556353997,1.1293891572345303,1.4637469605158753
21.673620590575233,1.4462622218852859,1.0665264864451285
21.87474880520171,1.1804420249575522,1.3078775597357448
21.542268386887912,1.3866236259074045,1.2394473700928512
21.743037436203664,1.2284287747045388,1.2717520110052303
21.635485051263522,1.3651031446453565,1.2269149846103296
21.65632092805827,1.2804614842298545,1.2726205317525925
21.995054969699463,1.3329733673257775,1.1350423046064202
22.258641548435442,1.2893937218972744,1.1038503141098337
22.111784511132633,1.3214984605259392,1.0887576485532797
21.79617660862152,1.2412733310753643,1.2395550898424776
21.87921996694449,1.3519990140544158,1.1613034672342788
21.64111198287095,1.2102730059140905,1.3488322887090285
21.643339569526347,1.3306536853770732,1.2534807792302043
21.61411401098745,1.3886841692207186,1.2081046853693371
21.901159313223857,1.3281263555945437,1.0849088618812814
22.16055585270886,1.2906605753871958,1.1040765485530453
21.453639023880207,1.1061587205124597,1.484950282858789
21.883517847248754,1.291284456493603,1.096759928065717
21.834071854890396,1.3418273596460302,1.0807607596294864
21.243634628204894,1.5454614336917853,1.1246123254853209
22.017405321075408,1.2823430660315367,1.148461357947833
21.47014058792537,1.4804830143331904,1.0979092919351654
22.105450679511037,1.35716591819942,1.0868280763049138
21.53812405439468,1.399786880713024,1.1449156109955472
21.59773587953825,1.5110511119145544,1.074828624003776
21.857216136863492,1.2726752637936745,1.175821032764264
21.660513537951665,1.520157516975816,1.0576163803325986
21.32366013267265,1.4443691509724865,1.2179869407000485
22.196975037776614,1.2690396399795172,1.1248371817208147
21.521806005887832,1.3036656613506619,1.2652799440138014
21.911046064645944,1.4451469558559014,1.0339504942318365
22.063267699803912,1.291445958513759,1.1227958850477637
22.29926614170082,1.198049815452751,1.1255294536077414
21.714790720773085,1.5351656026497302,0.9843316335135903
21.87184245754498,1.4211246666889674,1.0397234207091728
21.722676875714438,1.3012584958574118,1.270152338430246
21.70628925801437,1.2635680700928846,1.2918196796681873
21.85726054827298,1.225769880487937,1.2815125384177721
22.04246048507119,1.3016310504414328,1.1630835961830894
22.148709584647637,1.5421991496934362,0.9011395557569422
21.702252183089612,1.3190016720196174,1.2079212566057214
21.654182765659954,1.2464030643464519,1.2979363784237894
21.65934703305342,1.2703103283182278,1.3263717478011132
21.47530877005602,1.3575747325532135,1.2773007906840037
21.384776706782944,1.2269178088242803,1.3583158521376473
21.94709041496734,0.9628601415861334,1.4346880083172988
21.77059228192075,1.5430596110954942,1.0069908471909128
21.419970717985375,1.1980237140737824,1.3898295557971398
21.363694370758182,1.5107517349138537,1.1878420637931346
21.636491850632826,1.61283313562309,0.9864778582215469
21.371450087687023,1.2036645537883395,1.4334698243744177
22.147819010732913,1.3797097195785568,1.0519215248944742
21.363154244036153,1.4385604936225818,1.1726470501743516
21.840718920493657,1.3366003583244699,1.1163884378666036
21.65380110291854,1.2902724600019917,1.2317849648625223
21.19582292776802,1.4444129490287665,1.2465331681883407
21.39441930200229,1.359721887099741,1.2499290233149187
21.935540187477642,1.1015967078861868,1.3442579485049002
21.914548297741185,1.2812924380669988,1.1334150658182875
21.032281191140747,1.3034762423091812,1.3355827116574028
21.809655266059643,1.3463935681248773,1.072263079360086
21.223371887391075,1.1946971317311812,1.4874034167915
21.543990051711056,1.1580666098827712,1.409417418478894
21.864558308803424,0.954388843776813,1.4818802509202946
21.647895123712246,1.2078287865168247,1.3471099727921763
21.81620112601748,1.034131980689598,1.4073965654079466
21.8543572618673,1.0066240301836145,1.4167597283440014
21.845950360054644,1.0022032749239778,1.4499239850432353
21.731657598079572,1.4446982708716947,1.095403120727223
21.740587903123494,1.0983649041667236,1.3281710004123484
21.46394458114769,1.3120367998686004,1.268921470867128
21.676196356415538,1.363922790090116,1.2357125863010183
21.544592631829374,1.4846130345800068,1.165591237851377
21.510428673053845,1.6956648396915541,0.9347424110827404
21.794662726729808,1.1825651871231857,1.3052404931513522
21.459790509613203,1.5908178181681685,1.0404537224868766
21.449123448449043,1.5920597946818646,1.0302427663076024
21.366781189844236,1.2483814266682802,1.3503927628174022
21.812110450162727,1.340118805094637,1.1678242642064172
21.57285890120826,1.4288220719371265,1.1548291173759637
21.53843650056787,1.3574384114586895,1.2262695454203505
22.00768984995718,1.2362420825312896,1.1825258256008166
21.74942545921155,1.3744877612505242,1.1298941994574914
21.722671624954128,1.4269954304210688,1.1349010453037482
21.978660716739576,1.4533080383450452,1.032536792808702
21.801984214181417,1.1288200212279647,1.3537102798109075
21.831913902081837,1.2240280956356429,1.2707330958954546
21.732028996184063,1.1842762209033613,1.325060847149692
21.954970832438494,1.2643842775465495,1.1954360125765955
22.111409426461382,1.187128635957625,1.2031681501392313
21.983927696120958,1.1980139703892956,1.205525335363994
21.7653617601415,1.3827728859794124,1.0649730929946217
21.84071427632272,1.2074394900767165,1.2390470087698298
21.781275543163304,1.146038960741408,1.2993616616651642
20.862718443676044,1.3653142352269256,1.3706241655692402
20.87972604797937,1.5332985393044087,1.226106186789039
20.853734729744346,1.426800694681542,1.3371181815379536
21.27863456342508,1.2461845358197174,1.3727665299378775
21.997194301559603,1.2327877270627314,1.2300991952766582
21.062289928439625,1.4614364535308164,1.290905134731249
21.099901743833318,1.5892031226104724,1.1721864945985712
21.964363788196383,1.068578065907278,1.3588518761811488
21.959436181393507,1.1215274068368928,1.3044272514799606
21.68610447385764,1.2194575026600245,1.2847648059953363
21.405560214895246,1.4133908357848473,1.1749979021466201
21.23007387322705,1.5638334390161268,1.0900936423708643
21.303270551855874,1.4713450333322242,1.1454401497939428
21.283694105530227,1.2387825456757615,1.4099869014472168
21.40164831761068,1.5437511580539922,1.1230314461874307
21.639099489573624,1.1895419424071876,1.355531812454223
21.60735738739394,1.1917874860948603,1.3609276522754008
21.6256346749652,1.2896550777784062,1.272187311240966
21.815335079340887,1.2435568426727355,1.2246267095973857
21.854010047602443,1.261882282402187,1.2229050061412527
21.662653188163397,1.4421372070426677,1.0775083467422737
21.73253454504833,1.1636651971659444,1.3864209740645033
21.653104292170603,1.4006623652520471,1.1005841613479745
21.882485741054616,1.32131144624986,1.2106055792506536
21.639645896215903,1.2875552423190204,1.1968649475432631
21.273595487585254,1.2244310887011385,1.437899907690012
21.902888085631062,1.13681199290077,1.3471180739480204
21.632333114065638,1.35650816267348,1.21088492353987
21.774352746089086,1.4372516297105964,1.1210702378859176
21.758956551720626,1.0930778555986054,1.3794771487565975
22.06820703397122,1.294082619504944,1.1403346660007874
22.11403791895632,1.1488193407231126,1.2392454234288688
21.733516808110103,1.2242971222048484,1.303341077594743
21.709495670884095,1.2403202921606775,1.3084643299977736
21.65010721058142,1.2555965223116747,1.3089702756169947
21.84181653289777,1.3521968092415018,1.154613218890135
22.12366944199368,1.3147998162885173,1.06557858755524
21.354091158281967,1.2696640031739848,1.394058503919259
21.145487779851706,1.297941246244306,1.4443912711088631
21.16638285527676,1.5043634173905251,1.2417975653378777
21.50623467548183,1.4336685004748524,1.2229493738449375
22.200950331925714,1.2239243777624544,1.197277409834942
21.451168608962544,1.556985167489486,0.9840527360296427
21.1164697234475,1.1531956704077972,1.5540864727578048
21.232688227966765,1.1697662090771705,1.4978154018461358
21.04760609031634,1.7792727283674334,1.026821302023754
21.145653259013024,1.768761293038533,0.9729635462319717
21.12863899104705,1.6224894223784074,1.1431217160677198
21.406616945274692,1.3640071464608239,1.2374929758093263
22.03333022518285,1.3084384481597962,1.1472622514646722
22.00082882763791,1.3782022475312286,1.0940290534342034
21.21773178933842,1.4737766140463202,1.2035001764140683
21.592000822694736,1.3122389376223706,1.2911097731580428
21.72150553490849,1.3989272650951663,1.1286380832804461
21.632738225778883,1.034681024540125,1.502122031843223
21.74102300807673,1.4517645994224206,1.0537069149136151
21.920505471758702,1.475500604815301,1.0007269276755706
21.892968128631296,1.1220866395105962,1.2900643213449112
21.860961486282335,1.2658298866128648,1.2046503690623676
21.2311640501741,1.310731923817223,1.3305621372824894
21.631269202307497,1.2379320779929641,1.2650025380065044
21.321581957679022,1.4168174393596065,1.2224555266301569
20.962602310323938,1.3637163820839382,1.3972671159473542
21.567673818038553,1.5818898946849778,1.0196718647329956
21.896942742474568,1.2043144547366267,1.2428599767992587
21.963593506900708,1.2203270197353977,1.1923642542799784
21.3029878793771,1.489875688862187,1.1879419758895065
20.984489586538224,1.6362470426300222,1.1460813420069178
22.464541728479062,1.1019065521139,1.177269114988311
21.40375945971663,1.4434025329691793,1.187232386755976
21.292084852129634,1.4737460845378147,1.20568258360735
21.831073505574423,1.0798387331833166,1.4140725631407827
21.724253741561533,1.2683369527918835,1.2439756069611483
21.294112429541343,1.2584544545396297,1.4418931963758588
21.601500710247162,1.2381734546935386,1.3457395706285324
21.7111217659025,1.2268181240321767,1.3263166741036239
21.980334622566218,1.223245928494789,1.2360807503518416
21.32852114413147,1.304733585907723,1.304689695210152
21.783216001811823,1.1258828950303,1.3399313603246865
21.65682909783811,1.4633218184084402,1.1308428768626178
21.91798649964445,1.1071743012400368,1.3408083528491268
21.221024511166405,1.378946009296756,1.2952901581944412
21.107602609093263,1.3995967073038322,1.3557480915696458
22.218127607717186,1.2068473711797298,1.1230848548706724
20.87335638831219,1.4070269230955461,1.3926857243238617
21.626432121777185,1.1700030327155009,1.33840436262758
21.874026129409486,1.311989566776246,1.2001055019834308
21.47028802644703,1.409158569650599,1.1828391831241047
21.995541462756847,1.2001979504326534,1.271960666492691
21.72599163080183,1.4663476202690566,1.06753235849791
22.0170045470288,1.4664415963165902,1.042833007109114
22.087237841543185,1.4163614410937566,1.0743392543435095
22.048482908053796,1.3995121300720674,1.0770196087029376
21.330974786356684,1.1431097001662947,1.5227271967886493
21.880504432891804,1.0188169138931795,1.3972778882282442
21.648436270973985,1.2397948564442527,1.2709075090156643
21.74315617839213,1.5358517596804984,1.0442373174599942
22.38852670509565,1.1853646429970799,1.1705909191643529
22.41993796069532,1.1053874165751016,1.2372951569362065
22.296506484279604,1.1882188742602526,1.1860288363790235
21.703678826516974,1.33160901818983,1.1862590557091297
21.495935786507424,1.3444067652718945,1.2754002084430143
21.538341175902445,1.3553889692737362,1.222795780048876
21.82560242857057,1.2208197567574017,1.2534105542906455
21.90602228506362,1.123957056894067,1.317182794044763
21.550954771617207,1.3847398656999113,1.1974976871302916
21.22454352399593,1.5083790756889228,1.2122351906966076
21.798102215379554,1.3139919719633792,1.2003063261009264
21.450386442396876,1.332651537633455,1.2463013483506717
21.978969388954066,1.3436848936764265,1.1191965376133775
21.433890144332317,1.457220379490727,1.1383976626571883
21.3794409868996,1.5534726737639073,1.1187532556308974
21.312881069576488,1.415547720103188,1.2819971189159352
22.105123331364055,1.4840021594149362,0.8669141912220355
21.5281803083253,1.461015606825093,1.1682843521299997
21.863778397516903,1.3241140853634854,1.1453323587733606
21.588731598595626,1.2492278764873546,1.3565670753494
21.476170921954356,1.4705533999315092,1.1988033364140445
21.542627911765482,1.4448712283947385,1.193506095856906
21.632401846923944,1.4202422595342739,1.1899796668742557
21.808376492185232,1.274846124413451,1.1984371187479432
21.54226826678438,1.28492054166258,1.3101531119807115
21.279074189818303,1.4478384698955633,1.2376435147882405
21.286295623711098,1.4036179902229098,1.2854015912485655
21.659247372578044,1.601734837982402,0.9595584189814514
22.015467747846486,1.1074750194561946,1.3055320045874408
21.87816021103457,1.2566423925984658,1.1868982720025678
21.627467372507887,1.2026496551444885,1.3590448921999176
21.517246285024207,1.601451637410555,1.01062132931766
21.8844023613554,1.1384567842873716,1.357832969092475
22.18359858332687,1.0414458259856065,1.3562269398295748
21.47347743055609,1.2369551295285899,1.4143661923925608
21.383984798265566,1.1392910796812958,1.4983411294599738
21.510441571318278,1.3684856553811242,1.236921514196363
21.567686371647607,1.400673415591114,1.166125728684615
21.76550726290686,1.2467342924094316,1.2396097513757458
22.326070530603875,1.1607306812630498,1.1627470316541886
21.672231426197214,1.2098297584118995,1.333463942545521
21.836354335922238,1.453173887210645,1.0225787804976891
21.947846893795678,1.3096751346421045,1.1343397950710492
21.305812266039624,1.222098109870065,1.4205100246363593
21.98088868109676,1.2710292661912586,1.1758689209651962
21.441151774027716,1.2629992672490953,1.340650205164422
22.01614484314585,1.2561900337143286,1.1791441437159211
21.45296444280406,1.250651293439452,1.3649847798967436
21.199187911869416,1.554527752944041,1.173124778128986
21.617819443382885,1.2350287089266427,1.301378786038937
21.64959333612878,1.3286514751004808,1.2372008793359357
21.84744519155088,1.173599513170493,1.3093282753966458
21.791747307178056,1.5972203284928093,0.9311521202471423
21.718557637634056,1.4491423930756253,1.0733976529724325
21.7635138861347,1.3308060642716897,1.193708942443534
21.386945458519346,1.542956935816899,1.077631162299047
21.246638299137516,1.5276284463516205,1.1432374573116864
22.248851651327417,1.0808513639449753,1.2509935236836267
21.579080147868666,1.181190421628382,1.3885446257479082
21.70236836090426,1.248717599358972,1.2715173957375001
21.159645083967906,1.3915999496635936,1.3236279620992901
21.74760724680952,1.1936215581935814,1.3136666007873221
22.04995476894267,1.257549521581008,1.1719166119189561
21.7745998941623,1.486029136254701,1.1015626624765358
21.840320892738937,1.1935268875835086,1.3462057369408225
22.12816799052265,1.4252701916989163,1.0270664709610504
21.316833422348857,1.3465942453010182,1.3276695473961453
22.241906549695262,1.329517942292456,1.0275633354114035
22.188535767904387,1.3635826798678754,1.008033619717577
21.804135649017518,1.2191882025753862,1.26228637433805
21.165387600026712,1.6210587638167795,1.0976711210769605
22.109843455773273,1.3302186397295221,1.085018290571314
21.66237845571888,1.369821056237668,1.1593263445454476
21.088697121235583,1.5259136648500147,1.2355170900357386
21.65960106768214,1.1618078453438203,1.3416407855593528
21.795061625006547,1.3084523087081426,1.1075100646459324
21.605347185996038,1.3752750943634644,1.1092659760630195
22.064040852191244,1.3493171794263317,1.0663678168642146
21.67010161423357,1.328109101269078,1.2215692625154728
21.77637512077385,1.3002201281276844,1.1875776016102788
21.175427097627484,1.2977192529319312,1.386322648992452
22.03081787917121,1.2438592826451105,1.1659943003435422
21.442218492416174,1.2115094246931535,1.3756174567405337
21.99864146467227,1.349803993374607,1.1148774435142714
22.197216201135635,1.3375963204854744,1.0559335519422226
22.310580618229114,1.0183071936389652,1.2904763268391073
22.07553351863293,1.226555569797388,1.210033744702652
21.300294068144215,1.3828044898495169,1.2741709324447588
21.405113263597276,1.2015549455885277,1.3958809733164674
21.69220122966479,1.2670334171599216,1.2448439087989331
21.807554151033756,1.3595708810547658,1.1532090706479212
21.69367692995892,1.4701906391857846,1.070003377170272
21.404672271039875,1.2131959199620435,1.398579574546212
21.384602883046753,1.2334425269478464,1.3863333031967588
21.747735881376023,1.3656513600573212,1.1686806424966911
21.8893757351888,1.4241918052256959,1.0753931024339456
21.786949458096082,1.325758239745432,1.1929410695432898
21.55898952129548,1.319753102283112,1.2453149854982697
21.24649402031815,1.1282528297078516,1.5475028508661544
21.429785106716075,1.2449671822717472,1.3323344825852235
22.028229315375597,1.184896739881721,1.259257531042436
21.27732391307439,1.4102922707145975,1.2493104841358136
22.155157075114925,1.2208374617300783,1.1823007596956017
21.353311680066522,1.4451693331337396,1.1895960675598072
21.57150781816449,1.5251130891201328,1.0914295843505448
21.476311767752946,1.4103537166555238,1.2829969232791782
21.2274402926562,1.3871891112819588,1.3923753366893514
21.297703304260875,1.3263362192912296,1.4352777967329702
21.930895127686185,1.3832192898333155,1.1167574615539648
21.64802366007236,1.2414558513864602,1.3656549909523734
21.708924539807686,1.421281259921384,1.1233152803191928
21.750581636504933,1.3819749324811739,1.1067024923123883
21.723919204524748,1.3470416972595955,1.1869393664402683
21.963003732726552,1.325296268403513,1.1318742730907771
21.643168437634763,1.325416423364064,1.1966345371172666
21.5843401088356,1.341737333297099,1.1837009916684358
21.86312374955402,1.4075080917731546,1.0728417395549743
22.00691369971759,1.3406381712908932,1.1662140825635519
22.11804089248864,1.3163768482469136,1.1401440853659464
21.788537007411662,1.4328129138269445,1.114262953870105
21.905307553645876,1.345414920252205,1.1543254267320386
21.775697129370045,1.2132689245609931,1.3035098938820229
21.93651944498012,1.3605724447338725,1.0789761161004494
21.245422877602454,1.3005170821594136,1.3898362807506566
21.259127935516105,1.278807825902227,1.4029592871183099
21.63803215145238,1.3285645841468425,1.234810677905561
21.756158260346957,1.2157565142651767,1.3173770972795364
21.802184335137433,1.2322168477413038,1.255729835389785
21.378402599068295,1.365625068393173,1.2931095656308405
21.652719703992894,1.263711879032303,1.2894083387143982
21.977778084137718,1.426869552873605,1.0081185241308122
21.85628374415343,1.2401606114441992,1.2757030470455284
21.66348556666574,1.3213777808864549,1.1665808214361812
21.670905607653296,1.3426798118153906,1.1763564958374446
21.66203422056964,1.2940457226446969,1.2477407530449012
21.52901232689203,1.349595570302049,1.2269981776569825
21.793847932352996,1.2463511643869574,1.2822813711445613
21.338582643487953,1.3685592643104068,1.2640691339862695
21.499140205537103,1.3216047723563191,1.255943071667779
21.525156084811925,1.0880341934741005,1.4616621997379229
20.92712539862903,1.3563386990999091,1.3886135641468151
21.874436643044127,1.1377900987023803,1.2999794311353168
22.047150949939123,1.1609095609618172,1.2325705987093443
22.151975019047104,1.1890079128372468,1.158496140391505
21.396382683427802,1.3316965764782138,1.2851514365665953
21.362961530854726,1.2935617271916315,1.34666621293017
21.546982982983884,1.354569419380382,1.205726062348958
21.534950535555566,1.3575860903592494,1.2047586653140698
21.589053932264264,1.2190444983698063,1.299808601235692
21.42197433027037,1.3180510980157487,1.2956056816601762
21.605643329350613,1.4941731077034233,1.099682155779915
21.59979634437491,1.4214101930876295,1.162340821682664
21.715603681768247,1.3610164156484161,1.1485171987513974
21.468800337450197,1.4093333776139059,1.2328334179247498
21.632721512667963,1.5509039080259295,0.9957138915557501
21.734069841828244,1.4762675325193402,1.0531227551267697
21.570347045902995,1.4947781539300675,1.0998881584406601
21.929356004561278,1.4498704788207828,1.0232601700933512
22.38515532137124,1.2504336082263772,1.0681205816209407
21.176169386450496,1.5592104605596941,1.1657834039674788
22.15717064356319,1.1441585412978148,1.2560385334568291
22.022997420876433,1.2676613957359355,1.187592154712544
21.866143918222324,1.6016115568670577,0.9228275264919134
21.775211372910242,1.1870992612099616,1.2994469850830948
21.7199993927652,1.2689377253886367,1.2282570635329673
21.42538990761542,1.270687663393206,1.3260811636999748
22.10249937338366,1.2392783832979843,1.1972236343272182
21.47158816669466,1.4695119746502119,1.097784927436008
21.554772712489303,1.2937163981158473,1.251780406912919
21.12650447055308,1.465940002280505,1.2527450368477584
22.188443296700264,1.305809692119123,1.0491541338698074
21.29458105435043,1.4477485072596608,1.261931011422244
22.158879324541367,1.243859039179346,1.1360708438096139
21.379469702387148,1.526947899712794,1.1379944201755379
21.54445239445574,1.2227245438434384,1.350333922420088
21.936709729049678,1.361306171847093,1.0582425611849764
21.844966068037785,1.3259689305090774,1.1209757921234376
21.496522543963323,1.3717331829135915,1.174041923064737
22.024907971625986,1.327103337189162,1.0910333800137357
22.17138799546665,1.317182358959759,1.0630013532185898
21.96420845523305,1.3331406239662085,1.1089215768844038
21.779575922898456,1.3859093777938611,1.1117593007618596
21.513975363426347,1.3247505164280882,1.2508416486444294
21.730171422770884,1.5235563289641227,0.987079305430363
21.753201918310836,1.541011032963966,0.9562648559486233
21.41432368061293,1.5237990595593816,1.0800375054229727
21.37634933661559,1.5278722388302868,1.0902211755577185
22.045740523324323,0.887258007873862,1.5510881502805436
21.71054582167401,1.0825530301762318,1.4791118691728609
21.552590249237298,1.229305494833627,1.3309731888737497
21.361247217246973,1.0574150263994198,1.537964273388153
21.7516715250298,1.160307778475118,1.3466460424162154
21.78828710533764,1.237717672054108,1.2671073855526829
21.667857027125635,1.3630736936285826,1.1571515411648587
21.957016608287365,1.1311895773222884,1.326057535150509
21.73217962671213,1.1166299648296039,1.4588141684256843
22.27508691587685,1.1967702164751024,1.1940057893980558
21.775891908999537,1.3758148224535054,1.1619594940902538
21.6901263299667,1.431951942984852,1.1492272665549912
22.165224511367114,1.2618706364990697,1.1391766455770325
22.00515100565659,1.2625708591595288,1.1655690285740796
21.631660391949527,1.3545609086270127,1.1303772059627106
21.951473516535543,1.1666633665704724,1.2055783344749822
21.386011510316138,1.4541120251523043,1.1305912939821607
21.917989398403783,1.3330046538558353,1.1507232717403195
22.098349231514835,1.3766183330643191,1.0427698474804366
21.679275431730822,1.34349700885616,1.2607033741766254
21.78562374344111,1.2202752903781693,1.2069022841112975
21.3500613027309,1.1206554756024811,1.4756473972407975
21.651125947196807,1.2989939948056448,1.2002927184976007
21.149527437058993,1.3692722839426716,1.3000915654981189
22.32943050122491,1.10586449725331,1.1682660644316734
21.96548744729541,1.1007630430515583,1.297777267534722
21.64817904156881,1.2662756907992088,1.2277980491382818
21.59459640978993,1.190139748791494,1.334512202985455
21.49806387885769,1.1527551686033368,1.3478339034363225
21.931099827984383,1.2611215428599207,1.225989642098927
21.721427134818466,1.226931313568386,1.3126206700455594
21.207836888025348,1.33276084494314,1.344124042079978
21.220904158875648,1.4319951621826459,1.2402995294877384
20.970779323954595,1.4127794426507105,1.3125932876717752
21.469756555985718,1.2775016338474812,1.282337118060946
21.80339488633168,1.2904694947232676,1.2323523946322377
22.065686984273317,1.4502098878284941,0.9805906672371969
21.716210364647416,1.409862238995757,1.135352721655354
21.779646457595348,1.2111466597847,1.2654733892373973
21.918182848813593,1.1593081850688485,1.2849401668440892
21.604295057523693,1.3330868463477739,1.2060587706595463
21.569401241610734,1.319666210436843,1.2167946472326079
21.525979979037533,1.1480619031364288,1.4121371892696402
21.646459144170745,1.1159639439827271,1.4042120503411422
21.6771598642159,1.5506634795731806,1.0018731055128332
21.30121330469954,1.4212316685035784,1.2894269725881142
22.064090784086478,1.244833305688059,1.1776145619420937
21.471345656762523,1.3996196248226371,1.2272019350154755
22.116167489049037,1.0963224174746231,1.3001155602440067
21.433030284661946,1.3363569967147118,1.2635129218931394
22.31198944985617,1.2988323012987286,1.04055532805743
21.749984362381745,1.2633530816497172,1.2457676592715339
22.29906843303437,1.2700490876557198,1.0459019477993166
21.548667477443097,1.2115590153648585,1.357764376806282
22.071105016048772,1.220776351309815,1.17268120075846
21.74361392246783,1.3025495241630378,1.2239276844542601
21.67427165980945,1.3112444106640966,1.1837234781277768
21.998758644022033,1.160771538345723,1.2598943033070664
21.768686838187985,1.3875677603554148,1.1342940786131603
21.662265719379405,1.2609210135746247,1.2889995454961438
21.72240998308743,1.3714231909519323,1.1076941876602424
21.354253726549334,1.2537410557025224,1.387151993748355
21.37956253933958,1.236436728864518,1.3491823294429952
21.151491797001047,1.2863641263265473,1.3709332038584463
22.015340399260303,1.2400313215337335,1.1769625842135403
21.580365230779293,1.120512964235215,1.3880468057578226
21.80047072293811,1.3461622088797474,1.1781997928771775
21.802191249880096,1.3625745863423067,1.1450767862541278
21.96781929888131,1.2536365939849239,1.1886592260012878
21.4175843293237,1.337835991643652,1.3268438361603756
21.431774090577335,1.4105739908810135,1.234611323458442
21.962024336034247,1.1375505356836055,1.276156737849676
21.654355430826463,1.4656959278477277,1.1129788707024024
21.91249104836278,1.3251327271582536,1.1510233875949083
21.577737896890298,1.2732932454481627,1.2893159015255369
21.348790856834704,1.4164318359628383,1.243391404054912
21.51850580090746,1.3551527522124567,1.2512727719348902
21.56361270106491,1.3037448724202787,1.272142458157138
21.85112022393646,1.4678463008499367,1.0193904408500163
22.3488275880563,1.2312529923462419,1.0892146063206603
22.264528916375763,1.3125063773918675,1.0265257034819268
22.00120021551458,1.3447895396983378,1.0537885518259729
21.826740158940652,1.411723778127869,1.0688145435489356
21.695233965896016,1.3231010920832258,1.2138436366225351
21.302583240876626,1.5351237131994777,1.121763849628197
21.96736568278292,1.1523946444331385,1.2335543659160528
22.015436334864724,1.255067988121035,1.1000522660888996
21.340939362124487,1.5759245083509221,1.035617121602483
22.50480909462294,1.2098311136388042,1.112057032504955
22.460184502468792,1.319807579869312,1.0102738696181381
21.397571014740663,1.4100342548901381,1.2545151531253294
21.869641099243964,1.3070308793288288,1.126001508215969
21.669635937141518,1.3695272543401176,1.1200156049912635
21.339672883831362,1.424784770419094,1.2251959032698694
21.925490337611734,1.4234419272162044,1.0659932615464023
22.13723457018127,1.5212067572502042,0.9092742604390064
22.331117984157736,1.280151981282407,1.0650450945505128
22.589204760437248,1.2800983511242616,0.9962070956357172
22.230834201522562,1.3056916667844083,1.12025618332503
22.075507169423087,1.1733175372285374,1.2193184560542798
21.64055476561303,1.2732990275991058,1.2782078416603906
22.289323786339843,1.3158071047651718,1.0411444170303548
21.86141413257924,1.364872219847049,1.1536858876358091
21.65812958097225,1.4631997548493596,1.123081934974097
21.843586589565827,1.3960579776938458,1.1006815076198757
21.569930378549316,1.1899056806514756,1.3431134615099058
22.000024002693415,1.2932220574638529,1.155750553120801
21.456247099309202,1.2134258317154862,1.364477524248896
21.76192962152975,1.237795630192766,1.2668113025678909
21.707483709022693,1.5132309564313786,1.039394649012521
21.93874725024571,1.3759118316094143,1.0888027510844052
21.459396264622722,1.4527986034149083,1.1872309716854326
22.12138367938484,1.2178175488399423,1.1663286178884893
21.518955356142207,1.4977422725797693,1.1229481784141473
21.91307895144137,1.2156749565062426,1.2290521483385675
21.517266818951207,1.2226951659692231,1.3745971130037848
21.760268709147983,1.320371012930404,1.1801415596957656
21.344669787755095,1.358853491211727,1.3379200495426586
22.26139723597609,1.1588185289472384,1.1789352437791731
21.668364126840224,1.250108051555934,1.304848787550183
22.608631410425062,1.1861074543271886,1.0893779319205505
22.027262035299003,1.2972455006540569,1.1644184667700235
21.910290910632227,1.3602831389257426,1.111015608670297
21.77725534670168,1.3781223804074303,1.127951294615656
21.19079744536681,1.3604131365544703,1.301467550915867
22.05464073213398,1.3132339830968134,1.0916908399496188
21.67354127036812,1.1873928850849484,1.3497603615633147
21.862387925118583,1.434711053979755,1.0907993500490225
21.963634417900312,1.4904285262955936,0.9527774587226472
21.65371208722251,1.5162766772767395,1.0204851245889077
21.415738659899425,1.1827731759498674,1.41054460697085
22.04827772063842,1.4129181350764217,0.9954338047770515
21.828710347118815,1.4115072623899145,1.0884238038236715
21.634208937225182,1.2083683669577792,1.3051908544685844
21.494936601526646,1.3826630931889403,1.205321435922803
21.96180607235846,1.1432617022755804,1.3171747127913702
22.05608769484204,1.2608539278380426,1.1939743366919837
22.048811241081967,1.3237371891401613,1.134958810571786
22.09532604799353,1.1914680378371434,1.2085474827605187
22.22810135267129,1.1845711352762536,1.1866565192366847
21.726164523424814,1.4524319316309178,1.1209988318187063
21.393538673338266,1.2299197170647829,1.4606046502219847
22.04930492883735,1.4345741722174463,0.9744693402811039
21.62329184873392,1.4617637717233676,1.095841231356366
21.712469849362133,1.435046681077552,1.100364953833197
21.707600598455514,1.3919798678978679,1.0767843515257511
21.552462266140665,1.3386614920006628,1.1853982128461533
21.8742365869492,1.229961504780437,1.2304445694234787
21.612206290687062,1.3824093516821367,1.1640012275931482
22.019837762064554,1.2120654392052568,1.2319618419972023
21.89307113392305,1.2408762939370859,1.2359297040443176
21.415904643162236,1.0878620160700458,1.4918484287316442
21.469575622389314,1.2950820156940985,1.2641416566780335
21.845408649649457,1.1963180519028638,1.25035033425799
21.641144708357803,1.1435970250791416,1.3740258519539812
21.839950120975978,1.0877498667059653,1.371199514099306
21.8805365839732,1.2508738778136714,1.2390691552252275
21.605407521644047,1.2804347147349233,1.2926791195306668
22.58205921360606,1.1717144083626214,1.15531099285095
21.12690713998554,1.2539454313901706,1.4026319780115337
21.802724157811284,1.5055267261274214,1.06465176649483
21.671912982249296,1.1926993533989116,1.3090742469747512
21.621137977642956,1.407911400704777,1.1851750264569396
21.438907383582702,1.2209194856090035,1.3829644577564508
21.78873365780776,1.190097131620969,1.3228612710560954
21.729197563050704,0.9615310757508256,1.5409904876715157
21.23166268581809,1.2921505349288163,1.380823388066326
21.198182491050126,1.4252937379332016,1.2312056061806658
21.269333911171152,1.393151019846668,1.2855813209465583
21.81766023471911,1.3626692148830124,1.1235675589848566
21.790841926663767,1.300232051461304,1.1929105033619183
21.733410803232864,1.3236563656896334,1.2036660178946461
21.537086235941107,1.3343784748742962,1.2374482285164574
21.61772336430841,1.4584124557400096,1.099151119369178
22.097554541363312,1.199187750369216,1.221550115187057
21.345879617453207,1.5660529890459665,1.0968367856166723
21.792606957464997,1.5519131435043518,0.9666178857841882
21.62273595983794,1.2758457104294645,1.2420775086563265
21.566658349488797,1.1909777619555726,1.3950183901621536
21.563588961838068,1.4436751913508943,1.1205308621156056
21.983906166836654,1.2223953340035332,1.2363390168303827
21.830795617821774,1.3722612970710393,1.1150247309077672
21.70159935805397,1.3988792994949362,1.1056099777101216
21.722344665956655,1.4427150260412251,1.0739306857879367
21.750858834000834,1.4529428055871911,1.0654392944289792
21.12524966949264,1.47895053661112,1.2530586153154675
22.190111599684066,1.250055499189965,1.1076672524186124
21.794523716369795,1.4722587975831154,1.001833122881773
22.13466258000515,1.0656227872921495,1.3049733836383708
22.30982372676675,1.2150399628319672,1.1154154943690353
21.066139467034468,1.4494738825157918,1.3081750463993516
22.243263869870816,1.2544236434884504,1.0817257546369519
20.994844136984803,1.575702455794754,1.19881421257113
22.142593345237373,1.2882556355487649,1.071280787318796
22.162739598112438,1.3182115758985653,1.0335985318539496
21.703098188016035,1.4505301817077334,1.0369096533880817
21.97560801492776,1.2430828131885303,1.1869001459285244
21.929942189397508,1.2360431164532817,1.1876240777801945
21.924517542614325,1.483131800411741,1.0099667030954895
21.648523874550357,1.1594798546718745,1.3674701650448007
22.18803774100109,1.017314989590578,1.3319552352856345
21.42705369838884,1.1909141314981377,1.4528816562779072
21.77487333791855,1.3932364993012738,1.097255586567472
21.657724428932006,1.2593553585562989,1.2929565305333497
21.69298540153741,1.4062494579000482,1.1680202442980534
21.483827732984494,1.3658897332391031,1.224915530748878
21.796565045237198,1.1716217317751163,1.3375709517789387
21.80746335180392,1.3955651165244254,1.0470601017189192
22.111202096380456,1.2837464958844025,1.088980689181064
21.551326322518374,1.413732928196415,1.1839454410826513
22.10369455158285,1.0634181949641068,1.3025666050031854
21.81983608813984,1.0331551693957102,1.4075140350545545
21.459186006815763,1.2424998216245406,1.36201628227994
21.446039905023518,1.2933165179072597,1.3123165262281427
21.703367763459493,1.293018409818481,1.2306472450472679
21.90561938772045,1.2710096674785099,1.207731838084006
21.559075826903314,1.3760125048646041,1.1774589594097247
21.689513900996253,1.282258137847979,1.261144223141873
21.84144736271124,1.3324816110716964,1.1609191219608437
21.74725926256912,1.3071093086623937,1.1776672054774482
22.20163474539054,1.197371060535948,1.2227854217345588
22.38624251787543,1.1075547659461726,1.2286092134868227
21.21269244206409,1.4914982468062266,1.1414105138894644
21.337567718380914,1.3498949114589636,1.2577241626652436
21.945873000013556,1.1736434680095271,1.2421613789036536
21.81691280055565,1.2729565512236645,1.1886567081583912
21.1593435259983,1.2838910991353107,1.398526430608039
21.47800573929564,1.3110786870325803,1.2727460628557474
21.7610058414731,1.261101943115714,1.2446377908473338
21.683702108741223,1.3142135698859512,1.2162626466248065
21.653637896075395,1.504507470372114,1.047470253560788
21.926009363642756,1.1643905410474547,1.3354715750164128
21.628273024821045,1.4176380846215513,1.1500257639287683
21.6042219824772,1.492222704245041,1.100530833439448
22.08412529085474,1.2810716520956649,1.1285749064269048
21.63777478469852,1.4066890055905896,1.170204977670041
21.8653563394733,1.2103023190723134,1.2711000140759685
21.4882079248445,1.3389049985130912,1.2271073484156605
21.728135076421033,1.2180106505940782,1.2662140899361278
21.048553682803092,1.243701437848349,1.4533290117000368
21.28661694490131,1.3521738172374593,1.2990885508714853
21.51514994394612,1.1633039010465196,1.3953842917067258
21.44908017975495,1.1398739092064458,1.4570633571233138
22.037294186284125,1.2591505004161787,1.1325768745415654
21.69380593590558,1.317006954402968,1.2118393475693192
21.957054510446685,1.2293393369004693,1.1928895212721273
21.488627550144997,1.3428846469095257,1.2788891508356064
21.471178987880602,1.2125039325063465,1.4463724410591463
21.173473300111816,1.369198502241036,1.383014394147067
22.505724749963857,1.218726182939225,1.0565673839653387
22.364382662724736,1.2710582832843633,1.0580940735636573
21.534591923268103,1.3550150652342454,1.232982266857956
21.409129738510003,1.5159337346043555,1.1462488365318502
21.26214859901737,1.4040551763662075,1.2661351803952425
21.63305794885303,1.3210320698851308,1.2260801040174758
21.77878515869095,1.360914049190031,1.1694198537713991
21.738499631840774,1.3802512011813224,1.1318702556389533
21.911546789837004,1.1381847188973129,1.3161309249236064
21.56075107286103,1.185975459554804,1.3636232119018799
21.56034135485632,1.1677937469509714,1.3829362627593758
21.990753613591032,1.335430680549679,1.1169593342133173
22.20374051081083,1.2428938262824876,1.1616448647968576
22.21091181014592,1.2691357316170482,1.1156729198565254
21.866368322308517,1.2646592136507662,1.2907879502228288
21.530525942823925,1.5182539776888384,1.0102203837898236
21.599410324025364,1.5185481412675477,1.0227222161313396
21.88187745303742,1.2047729783009997,1.2552171684573137
22.10112867960981,1.4989193694052014,0.9198703111911439
22.092703377287144,1.3542944267747379,1.0271612664883296
21.793491540738806,1.3134137263618226,1.255119909644955
21.690035958006014,1.5260079727841875,0.9666116473553016
21.905938405867637,1.1733021806298725,1.27102201532875
21.841976052873186,1.2118058293300569,1.200514738990752
21.698416471860266,1.339070581592417,1.1065960133202917
21.767795275816688,1.3140076083184824,1.1468326773458495
21.61850935270592,1.0462567968236929,1.4716252959559937
21.80108732365688,1.2558255515995977,1.2024470542527437
21.652479070056742,1.2809259844925638,1.285766735599029
21.605797923967458,1.3794138420438633,1.2151604027625942
22.473226961119586,1.2118907505598844,1.1187739071394143
21.93566044778194,1.4508425062330865,1.0781125685581474
21.749949173679553,1.538665481153822,1.0261190520945171
22.228264867547114,1.3402351332256615,1.07402218495933
22.432286479614984,1.3704266771732077,1.0038362771197673
22.03963217658292,1.3583653930143487,1.1020238120118453
21.625770114838396,1.356918231615061,1.1980559719573105
21.830548594412164,1.3886618031659934,1.1054342825434662
22.058286535578972,1.2901609939334433,1.128070240689883
21.79049700243798,1.3269688173654972,1.140466588932481
21.985052278120836,1.2443014314605643,1.1922938050896406
21.517111764677846,1.5494566652141464,1.0537582820030817
21.715060547660926,1.5798845349383916,0.9669078798147386
21.551568968034417,1.3132271065553265,1.2754885169602272
21.85358013385821,1.2524911841973976,1.2064933880540551
21.38347988606268,1.5165273612124583,1.1155546745254306
22.171967932139395,1.1573495249478394,1.2028788986194716
21.60630682812574,1.2822617755505656,1.2561029952389988
21.537462760215796,1.133378934980141,1.451056500673809
21.732927222607884,1.3956879119236707,1.1220083112105645
22.191237671326917,1.2408247215866974,1.1652327182191655
22.522524546993598,1.2063517800954937,1.1568843435765
22.00841966276387,1.1333488675017545,1.2871662131883725
21.677675831707642,1.255863431434503,1.3318055290051969
21.882279188443146,1.249718618251804,1.1860977450074195
21.5901221884235,1.1333975559590603,1.3925802832971856
21.449636772130688,1.424232690566001,1.2317547387856553
21.358745163998215,1.3560885271824468,1.3083707354200407
21.485154419056713,1.0588788604156785,1.4744084612758523
21.757624766344517,1.212190600544076,1.2317865065802942
21.81352228430802,1.1907974653804736,1.2396649542316223
21.676645245284504,1.2076101413787583,1.2819252388528841
21.412297245704693,1.1901270489912954,1.3687686163455686
21.903064900862773,1.1470683674561295,1.3112493125804308
21.77147261268272,1.2820393566625428,1.21919947665511
21.53782515601291,1.3185453155787357,1.247511395450731
21.7340858693455,1.153165856713875,1.3582368578850794
21.68211042811196,1.1975840254950758,1.3330140632449794
21.601611148083812,1.5194799673100143,1.0377793333365486
21.84683183055501,1.2381774022306422,1.2547786888355503
21.235168707342297,1.436281063934847,1.2327695238959449
21.234808345873724,1.4674779326435359,1.2034047684988685
21.816065958383525,1.1082287628144354,1.356408319557555
21.436715906524903,1.3338046451503702,1.2974148674916184
21.59964097700224,1.2645608972992881,1.3041677283632982
21.595717223083852,1.45858135312324,1.1085467334347747
21.68426717433581,1.4530713391092251,1.091723993166199
21.38394375245624,1.4021518020359587,1.2633616406873907
21.3614195371573,1.2843307090852878,1.3582037217109602
21.332659458495648,1.2933095209763295,1.3504414108363576
22.14158691246905,1.2702732531148224,1.1192313023669238
22.11379021018758,1.159888052110925,1.2765098559223356
21.213288777507042,1.4383867526855043,1.2344802071158398
21.48417545634363,1.3023714472893242,1.2616838844398475
21.985767695015205,1.191700098795139,1.229506322314544
21.63649999902816,1.545761366429486,1.0457398455750881
21.91966326190974,1.2547483292032728,1.1781954999278752
21.726882339363353,1.1948897204245115,1.308826488008439
21.902889087698668,1.2010192513821616,1.2487869028575596
21.742910807759635,1.1950829762134203,1.328291100232888
21.540277633082383,1.4394394885802835,1.1865477566020817
21.388665185055373,1.4373557369641585,1.2537644693758792
21.09614109432328,1.5337052365548873,1.2236191393229876
21.155768267177393,1.4522168058404619,1.264285208672492
21.13320020721894,1.597477758599158,1.139606751461521
21.69652739974044,1.2874184818044583,1.2580960059659148
21.14772201794522,1.2201665083515651,1.5005125821033611
22.1655345494922,1.2164827323957113,1.1784793945122987
21.573194994129764,1.4545470741574142,1.1180965435656105
21.684127050915336,1.4696888194381577,1.004455038932466
21.507057516029253,1.2733712883655504,1.264929032516167
21.607704166363035,1.3872147719347154,1.198461915659936
21.716794494208187,1.1504128328484684,1.3513094331795181
21.45712276611995,1.1012359297472238,1.4692996923619626
22.083292458201917,1.482000391895831,0.9334603467250316
22.03824037971933,1.5521523269613928,0.8733468500196171
21.472325193987707,1.0881492094868233,1.5035971451122105
22.13278400938723,1.4087267253454108,0.9866855975857093
22.13791436911869,1.2984743103612861,1.1083829362379447
21.63032139852303,1.4266267534322805,1.0827373164860083
21.92179504340694,1.4235751611996188,1.0932386733377149
22.05428110366986,1.3147442489279222,1.148470415242871
21.819560196237838,1.3838365027024497,1.1406628738612798
21.38727467567287,1.3092616077832298,1.3227411246538188
21.367851195942865,1.4391265856876716,1.1595866541579807
21.74089077403784,1.2161086772182625,1.3457040432920242
21.560321292273912,1.4421190280838114,1.1319971254356351
21.70691029475214,1.1331773437906998,1.4273275765676081
21.954445274930915,1.074262329470367,1.387837684574941
21.621573041830686,1.1598135995174093,1.3845336736052265
21.90090857044924,1.18775074380811,1.2629334503031682
21.46238902994442,1.3324770062883586,1.2721814309969617
21.615124249701683,1.6085383961634763,0.9581948315777201
21.489409699494164,1.6006621059437858,0.9941134775789173
21.9545910548723,1.046413217369791,1.4013752926559226
21.825123585656907,1.0707217350907965,1.425282689235509
21.25081304297263,1.2396153717322105,1.5087627681591822
22.053297248714816,1.347027622964424,1.023023965954243
21.788854634449066,1.0896605093342997,1.35119216938707
21.71869244908735,1.0945312282182307,1.3823523057324658
21.835621315577118,1.258149553930623,1.1699625815309909
21.546536291015983,1.4273696248125585,1.148894784027748
21.80074623262069,1.2659070363470841,1.23710110952513
21.86041702943372,1.3795212908213843,1.1217544861402073
21.57913327545636,1.4817002048726493,1.0945193650089018
21.47805975283392,1.133376195720209,1.4544892398157816
21.446733132413087,1.1449658998081165,1.4485522660529906
21.18552836120505,1.1750744720768374,1.490887840648032
21.550492090039246,1.1909213228182731,1.3423477480085857
21.42634064843061,1.3428444393431616,1.2520429575549676
21.15082611292542,1.2912235949813913,1.3835738205962016
22.232262391886,1.3038050664847582,1.0738199833835613
21.467211171182917,1.163937038313861,1.452423384624367
21.701665652420708,1.452500706570912,1.0788469306935533
22.076574605912736,1.2487274232357486,1.1349522901474554
22.197514171707137,1.3578313806503606,1.0597706250599204
22.224941427470647,1.1861468611784178,1.2208933961070692
22.379265163145728,1.3394205945902231,0.9975685346581433
22.001729813593776,1.2807044518654354,1.1869117933655768
21.49627980215564,1.4188558948454328,1.1259770873401647
22.058667635820196,1.3167037675950684,1.111365286445807
21.723353482406672,1.5052437304702393,1.1158589734198356
21.49902495479856,1.3677319894281132,1.261960138915176
21.9397095224429,1.1873757765631747,1.3081680932617141
21.743465746634946,1.4915687245970726,1.0544561001281154
21.89047894402354,1.3659479822639429,1.131851991811836
21.77636138927544,1.2279056743121994,1.265571808621244
21.617278102186525,1.3366400176992634,1.2458337842241058
21.788519945395166,1.3998298379862961,1.0828325244439791
21.44985449797432,1.4068885221550769,1.209987088773947
22.20919151281606,1.1692420970213122,1.183210834556484
21.63861545356776,1.4030995962619734,1.1570272788698843
21.76911043320722,1.3312218649835996,1.1936923951776122
21.659598690828215,1.602627444789697,0.9623990054670546
21.543241611789988,1.5496132644986311,1.0519860544087987
21.953889995864067,1.18982496663542,1.2656653146444397
21.559318624734622,1.3858862437547121,1.205101473261975
21.592167788479916,1.398355087256283,1.1894022800973036
21.98738646043396,1.271020894750297,1.1756506099898614
22.01470958477597,1.1934131399462533,1.2098565408565847
21.640566100011057,1.2785700192146257,1.2555063071193462
22.210489506898696,1.1928230508832893,1.1839241726960954
21.416845735964337,1.3194923926894309,1.3206434454724427
21.83111549169834,1.2546211075606868,1.1844406782985701
21.503599684973626,1.2984528313423536,1.3281209522272899
21.462043586417607,1.2655936232846052,1.3377863307221822
21.72949271008828,1.2140493066811142,1.2742048294623183
21.906971969787953,1.1799434130741522,1.3133022291258383
22.124220040853512,1.188260519121638,1.2475262672261191
22.09877756456012,1.1506849973445215,1.2668431924130312
21.626465311293074,1.301205981300516,1.313056806288848
21.986493571826223,1.140776964964383,1.3449362959700972
21.85364405447506,1.2806460923573146,1.1947651916779258
21.701833636523567,1.3124849044501106,1.1888219007058525
21.538596748278014,1.4100724747226754,1.1562582124547518
21.967667560636897,1.152213688602931,1.2999924688693545
21.661553069405464,1.216619256870772,1.2735938018369857
21.503090662886766,1.2940615162939086,1.2875149135914326
21.932882795544728,1.4584548195353675,1.0192518819694711
21.784081337685073,1.1555547444375127,1.3599215058191259
21.42200191677493,1.1638539769512304,1.4279697657738362
21.9561492672466,1.3334098482964327,1.0922926560742034
21.288880774854192,1.620972208337899,1.07938642448036
21.836212445212237,1.2766228838846365,1.195106698976518
21.53929013569804,1.495459597177344,1.0797013748869755
21.55684441292906,1.480556358973811,1.0654970946652098
21.13018783051731,1.1801338311222256,1.4915140953755759
21.06221633098369,1.1905445030815651,1.5030143294684255
21.305639477454775,1.5533620326333388,1.0679435664319923
21.388777545130296,1.5168159980632587,1.0748461907120863
21.06776173780129,1.1502552299514235,1.5595110629821327
21.141677014143802,1.1700660394998186,1.485849706594844
21.402657397187312,1.1132815630363273,1.4297508790959388
21.22390937830994,1.2227245308604793,1.4028174529680826
21.177860448117556,1.2681390438881845,1.3872959496092168
22.27120890357772,1.2393965039830164,1.1984281263962198
22.0030421018711,1.402587908867763,1.1417840573954463
21.99390933791686,1.3593066661154294,1.1633299739503187
22.017620567686556,1.6320217830408117,0.7913885655596483
21.96737669661303,1.646336668924041,0.7903062242856573
21.56277497163788,1.15018142107231,1.402498901321317
21.74957289643364,1.093911803087174,1.3844464445094857
21.82896098468049,1.1427677194401358,1.3179202526736034
21.55532031127086,1.2979646658816317,1.2442499214980358
21.762493215413137,1.3961366787284388,1.0737331788367033
21.9854850788739,1.3144071112340092,1.0783277099045119
21.93992628630919,1.2658317890772688,1.197233141693547
22.12996100192071,1.3546561256062404,1.08684674313577
21.94015812330212,1.3735682341158542,1.0675937457290556
21.877036827182007,1.3895605056107672,1.0868760474905632
21.318652713894593,1.4006488977735876,1.2304636800373459
21.98791558354445,1.259646461102393,1.1690051061681557
21.719474549087593,1.4036466243050465,1.1005060564875855
21.79113021602236,1.0524245822971057,1.3648442328822548
21.799992078469067,1.0241977888237175,1.3889717193338234
21.493483283656396,1.5195188430552784,1.0733919486429513
21.62255745420691,1.2965493514267987,1.2900483789239727
21.67969838241528,1.49084811262317,1.055299747004093
21.61391074736792,1.1578057122969883,1.38134552792455
21.68224132266887,1.3644669149202688,1.1885015531652756
21.799655182529854,1.3145652321618353,1.125779032147809
21.986514895179837,1.2860581407715885,1.1217012033225007
21.390959789643944,1.426660667234638,1.1952735177858695
21.739580793012927,1.1213434970120864,1.366462992922136
21.662476144856207,1.4270250719651734,1.1291914323591423
21.47483411072421,1.2432700407938033,1.3520525337777927
21.469026161662004,1.2841387093077985,1.3181943722284668
22.010836049948992,1.1653065488646526,1.2579574295314393
21.616661337656673,1.3486708174509494,1.2209609712500717
21.624409867957358,1.3361671618109712,1.2533117068549697
21.712306188405346,1.4580686318795681,1.0901307791430963
21.880805420741204,1.1132489487835142,1.3578252116922807
21.917123311191403,1.3565304676390504,1.1123348066341228
22.030448502956798,1.197183173630253,1.2042827228182689
21.43276657953919,1.2565905436783844,1.3565805024723077
21.90583208184178,1.1052867347687045,1.3644600874345727
21.566372004489985,1.445441814344871,1.1042761489632973
21.76869034668872,1.1839356052973653,1.3365000596968413
21.913987734686092,1.3299837012291291,1.1616469651140335
21.54726137799275,1.3369441411753935,1.1604097879744188
21.76884631128206,1.3569481050860934,1.0463489610429484
21.409721341896542,1.384613509801798,1.2242075497134088
21.877187730497646,1.3380749992050769,1.1539068341979424
21.513781922736108,1.323685936631102,1.2057746711858326
21.7248943708057,1.124042111553029,1.3672705188692127
22.059743180963928,1.1644843583218445,1.2052444943108718
22.564372029929572,1.1262335951057079,1.1000885699019454
21.162641648609057,1.300580058852081,1.41533747037842
21.3148982781591,1.2245793178211366,1.421640479454996
21.366007034205495,1.221422310964831,1.4004691565159504
21.531054277037473,1.2694124679570553,1.276233373037416
21.093017495734415,1.546803443277239,1.2114732968251865
21.290044801951396,1.3635072353789197,1.3177343622981752
21.955726224151583,1.2683602429148721,1.1559976094982403
21.517141249729786,1.3731105784205428,1.231514349126254
21.587426756712002,1.3492233190852296,1.196133377731467
21.050685038137402,1.4712398004684886,1.2455962188953844
21.91009572981583,1.1994578323010308,1.1857362816349528
21.711181594654995,1.2786238685253077,1.1715619804990998
21.87102370282139,1.197510433097823,1.3242633327407722
21.702214166947847,1.1646815827136332,1.3113188392216375
21.777176618923313,1.3313485274974424,1.1101947028783132
21.69539081815409,1.4402325507524585,1.0854212260151723
21.25166074580674,1.5144397281325221,1.1970758825083105
21.5001297045653,1.5208944989403317,1.105958574213742
21.88831790720522,1.1521875041482978,1.2861422225785069
22.076861492192496,1.12227654128301,1.264864004414487
21.58610481659439,1.3486304359459595,1.2043015056364283
21.84432565336426,1.1823476171098555,1.2929219225180406
21.750684785882143,1.285758438307865,1.2499917452136688
21.301157803987973,1.229879900018895,1.404180209319122
21.499114812405317,1.0902681402940284,1.4993105292386824
21.716073711290875,1.3948170096578474,1.1464337037454253
21.639798465319302,1.190953254126674,1.34402285705158
21.81866619738054,1.409421714862332,1.0964398037214884
21.558469790630774,1.2633334485006404,1.2672956483052176
21.42248723017152,1.2307195905037736,1.3704403445298479
21.697183229487006,1.421482226052429,1.1055219056572083
21.66001865467466,1.4657320994224798,1.116728014955159
21.911544197187062,1.4114084824045865,0.9871705515602714
21.734873157801275,1.4422491968968247,1.0994671300439727
21.327452328414253,1.3823673011478887,1.2712451243947445
21.300411263531892,1.432796562934734,1.2202923682717033
21.9806965829613,1.2723543295339856,1.1409307786566776
21.5609737489566,1.318885731652555,1.269029234955487
21.858285441815195,1.3634339906480961,1.1572140887887439
21.802408337175457,1.3736918502865723,1.1365707949601576
21.50568020698695,1.4229432398940685,1.128160118072335
21.494787918552028,1.5138389067954612,1.0788074446174476
21.95522582478169,1.3921311884921859,1.0862362474317426
21.842547961533654,1.333469849320932,1.1801151241039372
21.341864337096844,1.3296783715135805,1.2971774778851923
21.63731690248146,1.397327848405724,1.154682411007663
21.203148600848348,1.5757154295981208,1.1098192476674291
21.735270161887613,1.3642208258427717,1.1431088987936968
21.28296424673441,1.521098091909738,1.1478521693395234
22.595161926995967,1.186810171052006,1.0831756973381645
21.68393349328022,1.4297138029544765,1.1428542575245526
21.728585880025555,1.185488363606322,1.348810731457381
21.662305995514146,1.3015895361976564,1.2571585877949796
22.057341446134252,1.2147776588595194,1.1868999806132225
21.69510772892461,1.3794628943542937,1.153204957339303
21.820060898496692,1.2793643606984162,1.1854860089952508
22.013290293813753,1.3603632011885896,1.0793985568475688
21.790257222082722,1.1993565249287348,1.3009857650310228
21.61255346728484,1.2075079566864566,1.3334440786830897
22.224976414077226,1.304592098486966,1.058931439769824
22.000231740926125,1.3994266562990438,1.0302047942481591
21.548825340243837,1.2868684019682806,1.291796371285312
21.60158204693743,1.341474832911122,1.216685119881422
21.99277964189369,1.1983847597546973,1.2625390596056527
21.566223324208842,1.0309977388561236,1.513651073236818
22.039887699658603,1.209770680003734,1.2065961388228006
21.737424637342485,1.1720381877065775,1.3595232178088643
21.489983583483816,1.3111632572978498,1.251632070656089
21.821735365874403,1.2880145358542072,1.2503034145769403
21.387154811420743,1.3433277660176905,1.2561828507952
21.63971126648562,1.6553629459121726,0.9050196138981851
21.646519712800927,1.6504321427839113,0.918619271674906
21.69656754597619,1.151762600027058,1.3965433549269604
21.835426015031377,1.4415778079218533,1.0428475736494707
21.653735827967598,1.5084319760631086,1.0161611156306372
21.625747280336547,1.3176758202934267,1.2538722555366635
21.84732764756342,1.3789462620527317,1.1002615663302722
21.53407331598985,1.2781218404634098,1.2977851099908084
21.663407184169362,1.4423313833885347,1.0347834742651543
21.768334381450185,1.1773611089047686,1.327926609935267
21.848789672364834,1.2557717864421807,1.2010460362443445
21.292266417556228,1.2286701356308005,1.482990233606511
21.470902963181203,1.3960294239863007,1.2598097552671883
22.131933620680062,1.1450683217633713,1.2648517092635532
21.19700941087055,1.2452201986502882,1.4481982515336642
22.094004685310942,1.228244404839641,1.1790377331257254
21.670611103049893,1.288213414130587,1.2629876615831364
21.687516927392245,1.0529563154807455,1.4912233629853837
21.79920195672888,1.4776283421210563,1.0161521220039418
21.577231249215988,1.4976496773037462,1.0743570778200293
21.798660835123314,1.223873825366142,1.2627894254623737
21.5351655010231,1.3636753996887112,1.2321649597195972
21.86078039355253,1.4029660687667362,1.0993285194571996
21.54174628099775,1.434986050120024,1.1744833973350135
21.520914137614184,1.4214437656761052,1.1804617263731734
21.48885365153871,1.218772410745583,1.3124374430472059
21.362899447097554,1.4796980649412448,1.12285296650933
21.422623383966148,1.4596967447234448,1.096706106892714
21.910615318806805,1.16552232834743,1.2411457831066188
21.375106421366254,1.5762686298171404,1.1086627830331706
21.636363752229002,1.2380482077358186,1.316054537702307
21.83356603860999,1.4172927540729605,1.0598594177011293
21.23706317433914,1.3652633544565553,1.2939963988396257
22.126712261298955,1.3365569623173463,1.0741353646471068
21.39514615329739,1.3917420763040393,1.2024573022474396
21.779298480709425,1.2047343264210006,1.2690854035860333
22.001350693233746,1.2815931548099657,1.1591566609987114
21.654018345751645,1.429871316963129,1.149304928198136
21.416547611029735,1.3312329036052233,1.3121573443102303
22.014557672102804,1.1113625902257076,1.3755113865969342
21.711165602628093,1.4073918504415417,1.0857475415944906
21.601248743927968,1.3670581908234218,1.1692338428464342
21.55785434755782,1.6678616903491903,0.8688328572616805
21.57029121235672,1.5105799499849029,1.0477853392282686
21.63383589617117,1.4719645242757071,1.0923134392559721
21.19634824766038,1.6257896863184234,1.07203130102143
21.651303714633034,1.039835046699033,1.4743386878229614
21.6216750932726,1.1847356012052894,1.3773819462134582
21.304655003460198,1.584800126915698,1.105307683940456
21.24312143303539,1.5210624518595293,1.216718323658562
21.48453839004264,1.3930863169818979,1.2063008653637823
21.773189317187715,1.246216497732681,1.259766229935306
21.705052617610278,1.3261071051610287,1.1932452382857588
21.581289996429508,1.321201522483424,1.279545213623816
21.66173046819055,1.2616882530514386,1.3156916039929962
21.683615117281647,1.4196346788331682,1.0973864257142814
21.463296585407868,1.1604834307821748,1.4101294518284742
21.078908510178852,1.2315434487573333,1.4266095628797373
21.865598115632555,1.0881840183316973,1.338842003345877
22.118218912559833,1.0969711929194783,1.2273359805785724
21.164721376173347,1.5499547039001502,1.0780896616126336
20.852105470502437,1.5979258634388371,1.1575983552821596
20.919794993793765,1.5147487837681692,1.28594936908754
21.374192008782295,1.331302013763022,1.3154383064939694
21.30209420095637,1.4499247988015533,1.1652793895415057
22.02535759962639,1.420896422297758,1.034588517576773
21.696523204710694,1.1236693209303181,1.3516479720341255
21.70885873943944,1.12373908185188,1.339882109171294
21.659430614131814,1.1442948774960657,1.3453398197508613
21.997192554997298,1.089344681004658,1.3228002153199105
22.117332969396543,1.1143528070088757,1.250102191485094
22.09088796845485,1.0921495422800116,1.2807251623180451
21.447249737344418,1.259945064280114,1.372751640463915
22.053000718258833,1.2170063827168023,1.176752387672791
21.337413173659968,1.3377756351631223,1.3373036649697965
21.894941654327745,1.2919941838806486,1.2228707457901646
22.163021392983694,1.1958216069409957,1.201344508040628
21.19960449172723,1.393544853004811,1.2894165714840342
22.09990213917811,1.2453095897678157,1.18856063706395
21.86871039392996,1.4435271370285145,1.0711920223063154
22.104799420114343,1.3394114986878523,1.1191519366912313
22.220214263658864,1.2751796455873248,1.1128800158337853
21.594238134733175,1.3528736694620864,1.2153600539899245
21.862292311629922,1.1922810705490379,1.246492589883336
21.471849970957898,1.49277673047201,1.1323880599167302
21.684209695042163,1.3928845178706348,1.1673268213208152
22.01792900792962,1.1716948947853172,1.2237160989632492
22.017123068589825,1.2158720436419854,1.2025902899162777
21.70030866043043,1.1928332205399128,1.324314896456014
21.508528342930866,1.209978854872757,1.3573708684924954
21.677273060808275,1.2340755380147648,1.285094036679832
21.69918361467682,1.289599587050709,1.2314341507191089
21.699198022495885,1.4467386745874518,1.1130584034050535
21.92275731639096,1.1341002740388537,1.3391980896309101
21.371210781774035,1.4714762439498201,1.1495164457696199
22.168893158884668,1.1443188536788735,1.2868310103138947
21.951611766292245,1.2838275065369844,1.1391218422114464
21.55236947501816,1.388948719230734,1.2170237452162516
21.54995636033527,1.4248776573536441,1.2047195249560227
21.417838160029962,1.4480887614168962,1.224984189223702
21.493212471090477,1.3853631265731374,1.2068258220262826
21.684570001758694,1.5013667792196803,1.0473770168268928
21.931217730399887,1.4495725833129527,1.0053589172905781
21.26077059401557,1.3240219261612558,1.3462388376845105
21.723106367290306,1.2435961532913258,1.2746345496583342
21.795742491295155,1.2587607600677773,1.2511359755791145
21.509603336468658,1.2752784146346228,1.2632008601612412
22.144384272760053,1.1564168300519535,1.2536736184051787
21.714702906201556,1.2931775343766698,1.210810167032277
21.99898941313021,1.3092274275058091,1.1283343366776026
21.5119288194551,1.1236526879884705,1.4648955299122906
21.89655481716591,1.2630080488740667,1.1849645191835778
21.454521280125128,1.402081872598012,1.2173126947627095
21.47854543776537,1.393834106660944,1.2237319522476773
21.256113328826686,1.4354810912605938,1.2123027048645107
21.261425578885316,1.4851668316251463,1.151900092109483
22.091936903642164,1.4502483777089867,1.012388352833943
21.221985709923725,1.4504027193798519,1.2185255167987812
21.419557192172164,1.3370926248571173,1.282945801902014
21.66136777045651,1.3856727401908544,1.124521406813316
21.754987260367784,1.3821298476964379,1.1377923857102965
21.76093617435329,1.4485857759818375,1.031416224144205
21.945969609041782,1.4292228679466858,1.028584832375318
21.907537051788733,1.2716037194734606,1.1712686527994978
21.581283471214324,1.2227611478300502,1.3041932773752392
21.26160564799709,1.2349626991838847,1.4015447481085086
21.430365163621357,1.276293483589263,1.293085028499961
21.73924406579915,1.2215239055201763,1.3114023440112679
21.61989463118113,1.347805830971704,1.1532815519736697
21.75909974194493,1.3102688433832175,1.175136836321015
21.49126649345658,1.4402390700010792,1.1508609544264883
21.40093789159168,1.5455258667124598,1.0960328856580994
21.83137242890364,1.3022376950313694,1.1571961931098196
21.711128470618817,1.4124809109264425,1.1732193540246507
21.950972192500423,1.3831301070253756,1.0518193641377904
21.54372954111698,1.415719234909534,1.1858662912026974
21.611901172813717,1.298416691404001,1.234489686547052
21.48096431761264,1.4689623023136287,1.1488236603450845
21.895205239295716,1.2693711332817545,1.2130811936570434
21.555137008013112,1.4607926463444656,1.0883786472022565
21.614591364560436,1.5500349654848644,1.0008847360843056
21.7010823452061,1.2419712054265808,1.348387039413987
21.52822088024815,1.2626451548664497,1.3465334738321473
21.675329065455493,1.3238975715121495,1.2524304165858593
21.584849331754334,1.269420287919372,1.2461874723817141
21.948581465266056,1.2736895767549625,1.2026615745074913
21.64214189817016,1.3656846358397094,1.219301008436758
21.54271222197432,1.2709040263186966,1.2547345587851029
21.62841687752531,1.3727067449403927,1.2392801512757508
21.23190918732505,1.2556196354819325,1.4025130878688181
21.203802616965028,1.2564004156643378,1.4147418857349312
22.16339709265537,1.176212131175835,1.227336494080342
22.134328772628212,1.1835054893483103,1.240273833444134
21.631239635652417,1.340328678475728,1.1871667948887816
21.689994030344067,1.3717391133117072,1.2006751720229496
21.325227624198,1.5303473872710243,1.1443414092144553
21.927701254327836,0.9685672044016441,1.4888981642860049
21.2012805927474,1.4746457293976194,1.2245596798348932
21.824725532775073,1.1878896855373828,1.287738902276514
22.224912706917525,1.2330618232629411,1.1063757715561906
21.836391148428934,1.154118500271368,1.3174096980313927
22.089258073053927,1.4496346019573638,0.9952400415867994
21.350514030835985,1.2927236644269624,1.3134899103760251
21.767278961885854,1.2938399754076964,1.2108788830342236
21.72915576778687,1.248400380054367,1.2774316400753436
21.83816035594733,0.9297866175643978,1.4981235408404228
21.651309250608925,1.2023371029074676,1.3416275481762143
21.59662447105178,1.1675547692649257,1.4172123166764259
21.746983817570086,1.2869742872155054,1.2277113153804338
21.451597218877716,1.2365682303884695,1.3735489739571451
22.006228497718176,1.1544378444694372,1.2246462350870613
22.13043537670324,1.0772219390119775,1.2575835359871226
21.475520352120093,1.2618505030165577,1.3376569523199402
21.979718864758446,1.3164146641685472,1.101281125433591
21.729621754686775,1.2770011723863033,1.2083621410148853
21.639079400376367,1.2500447941499728,1.2843251904943518
21.789933791437953,1.2851036074030253,1.2210730197552864
21.777987122175077,1.1878076307669867,1.2787077717787925
21.09382725745059,1.262804735212737,1.4171497737382954
21.964438873188957,1.166202719456923,1.2393053163642038
21.835040907018765,1.2348436457561303,1.226793733682629
21.875891825348997,1.2956242029114553,1.185687768252202
21.74195655758998,1.2506085869940764,1.254625962875855
21.752988958568494,1.4038917081210904,1.1383364857094
21.85009858355467,1.4304878687677676,1.0243214204828437
21.68103423145696,1.2791567787064513,1.2992674035996157
21.62436881271048,1.312841206364311,1.2916703753270433
21.696423724581052,1.478408979276016,1.0800166208861446
21.38442918345219,1.141686387989495,1.4924877394385327
21.960808825764307,1.4237446556926745,1.0129183688482897
21.681879946728838,1.3823263830074042,1.1458790353748562
21.79336408505654,1.3911946568145692,1.1203254336678035
21.676300684435923,1.5137507341904788,1.0116709691868906
21.073709628537898,1.301876433705125,1.4480232402735946
21.461769602881766,1.4906702281593347,1.1356540466671479
21.663975282737884,1.1526529626580757,1.367126383333102
21.854632204524073,1.2046975933021928,1.3431042760253333
21.79617643621557,1.4634631413656878,1.1096668377596293
21.958455287495887,1.451265416719723,1.0391267330278522
22.036193472853228,1.2075398035833007,1.2302143898744602
21.804420362429475,1.3201672769192123,1.1904697266009585
21.781182552772,1.1976685056172667,1.3224964234009335
22.071791531036798,1.227770678979844,1.1900162482299346
22.157123782697923,1.0580193161772948,1.4120180195594627
22.190976516527726,1.3372649438372413,1.086346293839628
22.161458444205305,1.3526826100609683,1.0441349515616367
21.482336303063377,1.2636775166742782,1.3020086225690273
21.87042483496898,1.1455731101864295,1.2609109756247345
21.651781340221714,1.1351784232440691,1.3406082045232317
21.428889474367878,1.2663528653565372,1.2788267483752687
21.481211536071115,1.133843190814401,1.405640631596365
21.894488923956956,1.2028549820883925,1.179449959776654
21.819099519065077,1.0350583961758648,1.4712632193415112
21.647012900748273,1.6106700172528774,0.9297827112700048
21.748174983468736,1.4939594517823978,1.0329702019144822
21.568633889396878,1.4746616095043636,1.1313267972606251
22.01367974102663,1.26538259833155,1.1162536405475496
21.863624571864527,1.1973841686774305,1.2900248349820713
21.878126299047757,1.1835702802709436,1.2947975319075653
21.778199126032966,1.254376497002505,1.241350667283065
21.822934347132744,1.2987908560342685,1.1632620738218884
21.597895942066458,1.3409252119190145,1.1721295114275916
21.886705675060725,1.3329833426950244,1.1856556049990719
21.845755325170806,1.268284195991132,1.2012643054859107
21.681013309731178,1.3362251305447663,1.234464843370208
21.754778813580234,1.2208628900156444,1.2933407199731823
21.644884780624746,1.1540726338245104,1.4083071199204549
21.586415241401546,1.3170604509168686,1.2594672139084324
21.493675493156513,1.3255168164578484,1.2397028513931065
22.03775178925594,1.0982880633523937,1.3176786112359766
21.325372818419446,1.527720478721787,1.1386714106979643
21.315823343629678,1.486248360388419,1.1888995115031589
22.05423303211823,1.1670850279798224,1.2128987725869598
21.98233328710433,1.2645577638487104,1.2101764581925945
21.402267975790565,1.2955751240779525,1.3044979870184443
21.639184731056012,1.468646728222031,1.095421091968903
21.650738889386513,1.2703169109565424,1.2355943396020468
21.50045922960365,1.1613434235260698,1.4131290778739212
21.368353309576783,1.303353593973545,1.2946829232371946
22.140590204390154,1.2568156965474062,1.1735191541553387
21.940446508400388,1.3500364946415402,1.1386747953183993
21.620212333697058,1.2649505609947473,1.2931094857175756
21.66738566769358,1.307590320282435,1.2302182283140035
21.748780909872146,1.2985982280330706,1.19242260213941
21.791110992752404,1.456227040020983,1.0837763881815705
21.389061160197734,1.4640462964695333,1.140840555270963
22.12122237239179,1.2248341171185178,1.182718040368917
21.571168841117547,1.2767804848907556,1.3036917605678744
21.568309791092297,1.349487355212416,1.2174119077811298
21.748112099323826,1.2181540198509857,1.261719806071372
21.416225526815577,1.3433497557089937,1.3083016256495181
21.914840676278423,1.2577549989279224,1.219573311234844
21.942789251010545,1.2619121456137388,1.2075284423788113
21.33974139803005,1.33667087337236,1.3353055322306966
21.69524128463639,1.3584135401698338,1.161231388604998
21.641844974974152,1.2987884215584427,1.2459507287671763
21.57515860635531,1.3817844459008304,1.180199637972465
21.788135670335727,1.188857912486873,1.2665229555921051
21.6053014563469,1.3041093029310766,1.1986231690336442
21.783965509559323,1.378068936719399,1.14478888306967
21.45859120951154,1.315572028673301,1.2651113707447061
21.991993086079553,1.3235327492248252,1.1144788008329707
21.98091701223894,1.3117294128029673,1.1264574327283843
21.50873546700742,1.2383893917727626,1.3420579527599028
21.697482610206993,1.2728080733780522,1.224355709383972
21.741360770624638,1.2110095067764612,1.3084466603682032
21.55041464629413,1.482096105625215,1.0815189874405644
21.58982027452597,1.157566439900507,1.4027173098979397
21.534827703832427,1.3227693883634786,1.30794596533506
22.350262761505924,1.2054157240745016,1.0799436771338393
20.956445069450737,1.2450923605627109,1.5480794476297626
21.773561329094846,1.3304532810699088,1.179625440718917
21.681453749686558,1.2477320155372251,1.2647871503902504
22.011556979780188,1.213494651127693,1.2235985468058044
21.99089926835762,1.3475561188311391,1.0825525694684983
21.891851641834535,1.332802814404233,1.1461485823232926
21.576288354099333,1.2154348256641399,1.35967034594035
21.95412804162047,1.381359542785346,1.0996101595350467
22.02690682229192,1.182899857122653,1.289299368724122
22.201565104951463,1.5052518614115213,0.8932740368577143
21.62529097902507,1.2008487263317538,1.336489906335144
22.09287952781243,1.4921624234898172,0.917842914748679
21.305072810473227,1.0890796749567844,1.580780300577683
21.754888216299236,1.1076890548283493,1.417426589182623
21.77821077169238,1.332025150708595,1.1906904124044275
21.46457668768274,1.3528549106589352,1.2749061617609903
21.89325984514308,1.0155908107252443,1.4542796071566497
21.937504539010625,1.0156541797074035,1.4422567051069304
21.212161115035382,1.3247530717498552,1.400583592764594
21.37944742802142,1.554760969692785,1.1087985026151683
21.418961777229807,1.1071850952345266,1.5119663165628572
22.156029724037836,1.4026573147526247,0.9834483304471876
21.620865584628824,1.1851915649992042,1.3373861336539128
22.11392549057055,1.427006686278309,1.0093224251395094
22.101523252978197,1.492050445955663,0.944337097247084
21.801575348679908,1.2997034424754588,1.1972878673715854
21.528127393385446,1.4073725764013227,1.2125797878189035
21.831871642732118,1.416709929261462,1.1100585795466966
21.384687341983458,1.228210905261222,1.319722757605082
21.263748194528027,1.3459073403537962,1.279163102284368
21.807666225070832,1.329649023711622,1.1954180308072428
21.86910073694039,1.4425032021407787,1.0445886163340197
21.56586175858027,1.3800163267019492,1.2399188248744308
21.641329478821028,1.3891757082568692,1.1549052868778282
21.270376995496743,1.420066478463515,1.277349090656277
21.66523583194972,1.301543916815184,1.2106096461296476
21.868955377707703,1.4337633943118695,1.0756878241480754
21.932576584545252,1.188082992337632,1.2214013022725523
21.426948025884574,1.3326115060570791,1.293782847470329
21.569995243360427,1.5763982407743407,0.9519942116202378
21.813895556433994,1.2947409131077208,1.2334905080574234
21.941381222448324,1.3193433582520662,1.1679317526269108
21.981379953398566,1.2929273512032133,1.183772654862092
21.36591794051226,1.3829399832930875,1.2519690203270886
21.717562305600865,1.1309603316954846,1.3939001479367787
21.891700155278173,1.3458804585363189,1.1436344368546947
21.98063193345728,1.304584884440809,1.146498922123563
21.308158137456083,1.432497336409786,1.271229667134661
21.768644174925917,1.3313976747299316,1.182496906600528
21.682910418957093,1.4142370112918512,1.1213481532991953
21.31463002639058,1.3838922704563006,1.277283886440248
21.80478181284223,1.2026120566291025,1.2375229745455416
21.808555913796738,1.028117026362067,1.4652365519921662
21.577344968814025,1.2920917166913226,1.2626749530309043
21.77689066406323,1.2913586608896597,1.2244402591662447
21.77704081461551,1.2192589241363436,1.2662808177533602
21.633278632595122,1.2525316994822846,1.2848511920094017
21.66845926468427,1.3263396396114249,1.2093944445425253
22.056015985147972,1.0734376880463357,1.2793424791173171
21.91546199581463,1.0969424824415133,1.3417685091550275
21.628955141307088,1.5413415336565144,1.0340719402402547
22.22573572898227,1.3200551671736198,1.0828606110974721
21.356298350645567,1.2890083809795374,1.3120525931854519
21.27312217181637,1.3695292677030526,1.2526990527279618
21.984928218853945,1.240211002573009,1.250950528396365
22.05889596197968,1.2669594245217206,1.2043547569739175
21.586501879468344,1.3809172796526519,1.2251819578507777
21.16100812292809,1.3952743481234622,1.354241292889735
21.49703497904881,1.3817009796862612,1.1924723731985951
21.331683859023556,1.457746350703125,1.1726882868209088
22.067409417664408,1.2174964711377336,1.192393279077542
21.707564893185083,1.234892199563935,1.3578247292107066
21.495310260726768,1.1667058961167713,1.4464849879093473
21.556763239262644,1.252363796715498,1.3557368984085356
21.830840723993184,1.1628281292997893,1.2906589240005963
21.480693582593638,1.2937898545291373,1.349109445558915
21.614095644232208,1.2299232599144179,1.2873266417465876
21.679949904698066,1.1909622393374248,1.3174964211762858
21.351214994160888,1.349583694048892,1.257578210729101
21.330130642968793,1.3640576355064375,1.2544419480434597
22.291671596449543,1.114683981741315,1.241237921872823
22.313756219432832,1.3479950054526983,0.9955366964996455
21.90314557179437,1.2840279008260007,1.1832991850340007
21.92851342083943,1.1111460028696964,1.2802729331613991
21.69327272867754,1.478359412981196,1.0368502957333616
21.69688459061264,1.460236708649341,1.0549574256741399
21.366629051251927,1.321203799147363,1.2758700466543298
22.190454171626687,1.3747937418148755,0.9456877828072392
21.238687134306467,1.3413663912229141,1.3811157338256697
22.158373756780065,1.1763554036617674,1.1720396532857156
21.726496921863433,1.3972693833749865,1.0941997806679613
21.896972621437445,1.4740746442663528,0.9782024376044645
21.84936010537679,1.5064381379664806,0.9607171745315275
21.24689903445926,1.3210900809724146,1.3781211268156162
21.213940139242837,1.3120907660541725,1.3963758022636301
21.595942429951783,1.3904448531787126,1.1854446182305443
21.56965269289399,1.2811618903040995,1.2639565982596088
21.87367818349717,1.3553381291880457,1.096475906688138
21.567076366544427,1.3647513871138666,1.1885575907463433
21.95585840739588,1.346417398010476,1.14009115261693
21.64916640968964,1.4391077984859924,1.0983999840491845
22.06629147601535,1.160862776462731,1.2720894020631897
21.760587878296736,1.3436476174212486,1.1632925829160312
21.55995175604541,1.336916089849425,1.248277714255556
21.59109182053222,1.2727703721669634,1.2778408153533989
21.764995288735342,1.395338756117501,1.1238037936582772
21.98836311362347,1.1882718314771923,1.2857465679978541
21.98351261210943,1.16695938368606,1.3092020086743492
21.879698976711904,1.3223296194561398,1.127697364975752
22.3820719367016,1.2099983712383835,1.141298642047581
21.386520080416908,1.4672846454679622,1.1603648650314684
22.267503417235023,1.0964951222380015,1.2423607433110504
22.389984603032623,1.0822972845223444,1.2607609065833776
21.722444190429886,1.222937044013085,1.2684814756625773
21.57187780433388,1.2279806813940013,1.3214734374901895
22.224558745753633,1.356316168827549,1.0327688286626484
21.728958983689303,1.2558754692347558,1.2449585249404809
21.748980855862044,1.290079045770521,1.2421928060169778
21.665016034059203,1.3779009936689608,1.1593007474458936
21.542529432658853,1.4813734144472277,1.1308985991932996
21.478821112835096,1.4416126708667856,1.1761466720443063
21.400793324224267,1.476200886644958,1.1587835587736013
21.999416175561322,1.2070979157077701,1.2441636283473734
21.28636041087868,1.2986280986988175,1.3582578052232264
21.853304836208107,1.1558550024050402,1.2907145566296911
21.1150872899337,1.3624914810768929,1.3599121504958391
21.862453452859558,1.3061113040923653,1.0996341761478472
21.311988363985563,1.1321607106371527,1.460649251460771
21.551004383502402,1.1892985816308568,1.3495410860169983
21.054186316249893,1.2697673349377456,1.4039158348811938
21.652912186812728,1.057985168881823,1.402655174907573
21.508524280262876,1.237893725555834,1.3310608940240758
22.009173206965766,1.1217685017271022,1.3243016707602921
21.573767844307262,1.327332772540475,1.1881315664334215
21.1940128953978,1.278336244901781,1.3968659485909654
21.49471469624044,1.2371865390827939,1.3738788693655164
21.911123657620116,1.2689412126229498,1.1683512337467499
21.875401152305127,1.2957808147649663,1.173235786623708
21.764244117047703,1.1295963784845005,1.3698705600797592
21.58586213529464,1.2698689955850255,1.3097947941537504
21.939930172784166,1.266331178574887,1.220869898709676
22.046108047161525,1.3389232486184686,1.140376178617301
21.825376252231997,1.4967972834699248,1.0612967450178845
22.02767608552206,1.27259195940129,1.2389551176253557
22.341391936549094,1.3212371338177917,1.0819217582373708
22.266649856280594,1.2246532228512528,1.189866845270747
22.13159471267717,1.3893079727933861,1.0593516525981768
22.01166615362068,1.3757014598660406,1.0846062738718898
21.319294336177492,1.2282427006261687,1.4183489681667683
21.556986157472902,1.2555322225213628,1.3317546809258518
22.01260441536428,1.2480520334337775,1.2055194330559997
22.01235299879653,1.362227197289343,1.103538690298287
21.937123842343233,1.3118488212861246,1.1755890208179862
22.030625705263716,1.2874973386854747,1.195170611215867
21.534119984808562,1.2697965267357116,1.2655351002132897
21.68949243763557,1.121946774631018,1.3328377185257811
21.266521402632357,1.2682521553289914,1.3807831589803263
21.71394881264895,1.3082186187415323,1.2594429715678148
21.706564260902336,1.3189137708821426,1.1691305175808602
21.67412554710821,1.1435937691903704,1.3883042356471125
22.00954930324177,1.1263094137913188,1.3167034246639326
22.03802654729307,1.0571891013972246,1.331964608529974
21.270446872081536,1.5874020599157632,1.0996970947632743
21.824702995281626,1.2063435989141846,1.2710362882667015
21.424329368179805,1.6103813122845763,1.0390284360193105
22.188846799677627,1.1310105044688308,1.2197866693699568
21.215741859708274,1.530109844514607,1.1557311089444413
21.225757168260177,1.6783302204657378,1.0233021424420288
21.18092352963241,1.5799236957981166,1.1285657892709735
21.140200786379665,1.5554083313120524,1.1548767632432673
21.132459537920475,1.2484742365313062,1.442618641602997
20.9819312858861,1.332363460994265,1.410533511271227
21.14048793082619,1.391961461377974,1.2789956660612714
22.06219332725975,1.3827278678107164,1.0812122048678832
22.12711571523944,1.1369542101020644,1.2533890016881082
22.082763626278368,1.187744713145052,1.18897485272534
21.916312173847412,1.301284940822694,1.1388463794814636
21.516028808337186,1.2724371651211184,1.3469107424966573
21.827051783124247,1.1568371398268307,1.3382795296095766
21.871317443412305,1.352934017737777,1.132550667181854
21.713964187601967,1.324198022101046,1.2202369297691065
22.3332859555625,1.251267396303911,1.1311231160262258
22.000347813976948,1.3227237807351622,1.1430769554144
21.653318668724424,1.2645298345196019,1.3349240486489788
22.411328543120312,1.404949887637686,0.9335500404908493
21.9498385713814,1.5150904178327023,1.0131583445581707
21.456295419535856,1.3509037138926538,1.3022802256957933
22.131179128442795,1.1274543217250894,1.271360599625339
21.847050585187965,1.2670003888611296,1.2057534060237927
21.543792087408583,1.2270370156169417,1.3403434616936492
21.75254443632904,1.4307343169887574,1.1581979933097715
21.749372171592455,1.235782102550329,1.2805106994675182
21.27265157362057,1.334271304324379,1.3766701434264668
21.37033867486219,1.3587779099904402,1.3246182077002002
21.367400929187028,1.528696813742595,1.123785858994194
21.38508650875987,1.3266743028757166,1.2696585325394028
21.856546976402136,1.1982840443658018,1.2812860870856146
21.673883863992174,1.209522803945594,1.3238091032269026
21.473669263796438,1.2660375677897902,1.310948335273436
21.58196810224659,1.2338498480815685,1.3063730437145875
21.266822899975427,1.4406600770213371,1.2616832609533815
20.806159689812098,1.3936331372542483,1.4274514959657814
21.01597390091954,1.3376940091152836,1.4245781955988606
21.005264959986505,1.4193780261130378,1.3401500774778756
21.42176088929818,1.3652486163498594,1.262708699481298
21.86551972728855,1.2520985513336877,1.2340042234699937
21.805655578174335,1.2813390489927556,1.1855129804322437
21.2156571673448,1.2866047769161704,1.4006038862398063
21.23916008195387,1.3080619454297016,1.3084619749869646
22.347174378394588,1.131310736149956,1.2039737628512073
21.315959704526335,1.4082851697624064,1.2688616521176972
21.644918060700583,1.409608269960145,1.160295235042986
20.96292090680131,1.3619965579304867,1.4875889857286486
21.401373686457063,1.2915568721664341,1.3552797034975756
21.687949797154946,1.2289315664089258,1.3259764823106126
21.94918259959553,1.5476470013654202,0.9725305956426955
22.073738139100602,1.460903823956658,1.0241973886232216
21.732366001658672,1.5222026196600296,1.0669633128900518
21.3267965252549,1.6504718733884314,1.0250895737726302
21.557205424927897,1.4614552590606542,1.1814114750929905
21.743994696573285,1.3848534265035,1.1820636469271655
21.539591145547856,1.3327480733350519,1.2489119165710896
21.653281898826428,1.340815123970789,1.1966597402186907
22.038107729992696,1.131305394818236,1.2660687969907392
21.730913773577242,1.2983385215258996,1.2630615351881602
21.802479800595982,1.2196242363384735,1.2497123293857786
21.867092721087012,1.3653969392538587,1.1602173139750855
21.465657855484103,1.3168190085956106,1.253069388991966
22.076301924721093,1.3622427527826302,1.0750374079446525
21.716053103683862,1.4453334620193978,1.0889110052721556
21.509417533438636,1.2829419473276567,1.3011213873215792
21.044440939167842,1.3849290753061958,1.3373862843590494
21.13331646008077,1.3037674874714682,1.4022878452632503
22.194799776974335,1.399696813497824,0.9833023634453
21.513458646113172,1.5927781291579062,1.0637186406406187
21.954415955042215,1.2843026853098154,1.1833023812780403
21.86057388403396,1.3303789205811827,1.165210105307855
21.72943269537047,1.438174140446996,1.0832446177270905
21.541913511742603,1.5230590649433209,1.0506385677953967
21.697936239072753,1.3037850702338303,1.2088795475187137
21.725481431851534,1.4261018992325385,1.1068826162478078
21.68868573590495,1.1676769931654358,1.385287642241646
21.67875567333547,1.2008615341349274,1.336555703714124
21.56678060404981,1.2935884893260818,1.2601292213090463
21.68701428324033,1.21282639921998,1.331903971610848
21.676373814250944,1.4499562237162333,1.0877868495128327
21.446899369833332,1.23118261984934,1.4396048709429006
21.574098267526075,1.3591587883043437,1.2352010866655634
21.800372939941873,1.2737466802965527,1.1847165108134603
21.403964342271706,1.4423387556428249,1.2081834293483111
21.926099676880014,1.2335801594415037,1.2146136068063036
21.373040950428724,1.5685723430846439,1.0753837630766947
21.934145257744277,1.2198355290957759,1.2286671978838921
21.333288525261615,1.571261221914885,1.0674577376330765
21.736537780158258,1.3691969453278854,1.150195946919799
21.58174166130366,1.263489371497736,1.2676270595665646
21.67290441181094,1.2707538146859463,1.3147879546022028
21.80327218435942,1.3071232586569217,1.1646166415189514
21.76405432020337,1.465756350028917,1.0686511434307167
21.69066731363453,1.4440250630362732,1.1020824274746952
22.03049909559592,1.285651080066101,1.1633591157712122
21.43363908686488,1.3470311621235058,1.2641058805476642
21.700239387528,1.3445520023392818,1.1753365173165973
21.69986647954063,1.2726349644232167,1.246661540841721
21.90623011485851,1.1296068962571184,1.337311208522883
21.798676455441367,1.467948858149261,1.0305830941271665
21.95611918610158,1.3264478410175764,1.1333180524218893
22.454548472326493,1.3225066988879592,1.0364146629266866
22.003481058003054,1.174195744803393,1.2572897308993587
21.501197803723578,1.2521151068263723,1.3649606623302883
21.779805958357848,1.25051573327894,1.244065224212453
22.16681839637352,1.2913166752235048,1.0932500686249713
21.73107260763536,1.18893679207352,1.341302311430173
21.80924591152762,1.200369296624265,1.3134996507561396
21.426010811631972,1.4688738393670342,1.1709260639390766
21.9260281663002,1.1449357139326843,1.2631520018683384
21.986570490864413,1.2498743710398454,1.21602282996396
21.985695841454103,1.339226390153115,1.1216484780557374
21.695556846574807,1.3266825637135626,1.166316651032164
21.945809202366288,1.0919865536291513,1.3257107718357546
21.218104042738318,1.4639747009891584,1.2232202119929363
21.744358735030673,1.1924087472723643,1.315777382896006
21.64998444850635,1.2392492714073424,1.3182251698103356
21.350233796789098,1.2772765367818197,1.3445275861789439
21.448159556158256,1.5709807873171688,1.098811922432044
22.14441553170913,0.9391924018258938,1.5025454491737742
22.117232941251643,1.0113450511924598,1.4213680979075065
21.200944369302285,1.6614352220836288,1.0475161713164165
21.497546550146744,1.5117284438475755,1.0570275959928228
21.748334602467303,1.207092528985267,1.3175243103633014
21.278581303039125,1.3846882596126782,1.2653107756869097
21.646039859352264,1.3766379313937762,1.1802021769139854
21.629573248985174,1.3226088458568899,1.1889082080012403
21.740585185653096,1.298174187288695,1.2568265776030514
21.679207548464596,1.4503890365374306,1.0662523519850455
21.805690424680982,1.3212296324396815,1.1700995522377737
21.96137457562811,1.3816270318147852,1.089573789796392
22.243604966150848,1.2357625189692285,1.1389986496017273
21.52509806284578,1.3938057663165728,1.179536144774034
21.395646519933784,1.3155496301857121,1.3064281263641233
21.628956440701174,1.335375615557197,1.1957394403344759
21.771402386502402,1.3375242985628808,1.190885978662845
21.43929148950808,1.4193292493538228,1.1888137272892714
21.918666339400126,1.203467897983397,1.2924460682730812
22.531210107951807,1.1297300807260997,1.1780783928740424
22.50972277711375,1.2056646446288795,1.1190658004587797
21.860163380783817,1.363378134914252,1.1402984805722625
21.67833038027058,1.3041437379293639,1.2841227706842222
21.86553143713695,1.3164775907860558,1.1706415007349906
21.362521819130386,1.3394514323265219,1.3212514206302302
21.604707706421085,1.523608325526958,1.0442203297174781
21.87114592593867,1.3494454891737737,1.1509956052893424
22.73379720817549,1.3720323555402283,0.8309628760182493
22.251431272441774,1.1153235867163964,1.2341075160763457
22.86099633855911,1.1883740388592345,0.9965867742970052
22.05475828021229,1.3901167958352905,1.0983943811039654
21.935805266384172,1.2745170376236499,1.196134224704162
21.560558689086577,1.4844746902082913,1.1164637109400115
21.592080451290023,1.3794071864472015,1.1255157613387927
21.367956304573735,1.27482621357222,1.3522156004288937
21.54110808522445,1.5669350830471809,1.0370807840899867
21.77215974614707,1.1735164282905701,1.3341022597759453
21.79554194115439,1.505632242974645,1.0083136579562573
21.526744334401336,1.373854620446118,1.2174370752090653
21.505160587719953,1.4071969530585,1.1540526222868082
22.013589898012974,1.2105569484452818,1.2079969067201253
21.63642751458235,1.2283093392643178,1.261064158587438
21.609718568562663,1.0989517748868007,1.4160435940580693
21.67399287022179,1.1186679282341987,1.360959016988172
21.39409868781283,1.435205649372409,1.1749107852328924
21.551588478818072,1.104402627293992,1.4025971151281287
21.921907874886625,1.4295081925812425,1.0110805672355125
21.49759565800727,1.1982158350342922,1.412870066585804
21.408485404197833,1.5428657507082246,1.0229275436596434
21.88813776609242,1.3142602742774223,1.098352350812801
21.490371296345145,1.3835990477220905,1.2329122379740813
21.968241924001163,1.1976475050022035,1.2600646719933948
21.760267544398232,1.2779864774105767,1.2135900032499942
22.15963529381441,1.1936012267742788,1.2155793333739362
21.919677547032396,1.2969844798063903,1.1646231558017968
21.392997345593194,1.2653212759198913,1.3539583916164426
21.635715958990506,1.4065259508006904,1.1633078050926005
21.603721560193833,1.330877386775404,1.198643043863696
21.739066568878563,1.2404078824895897,1.3043945324506045
21.931056177971143,1.1787410200316288,1.2948579582776705
22.178333877415305,1.2486036208008877,1.1724238916165326
21.676036013883753,1.3432938241262178,1.1871632198785675
21.729044067949157,1.054773677070249,1.4377975006463457
21.421974533746315,1.2811788756886484,1.2745921729712129
21.412191909611543,1.0168892973653174,1.5692328053515858
22.051012725994696,1.3190861865691477,1.116113550255958
21.046084563459154,1.2489566254335451,1.5096042434359491
21.467036793133815,1.2172785119454186,1.4345686607560757
21.51588492094221,1.4497011323725684,1.1296255779956825
21.909779981667263,1.1024029086950728,1.3663697246337085
21.355730073904365,1.4071262065737937,1.223601411853155
21.74035499554764,1.165998562995999,1.3739464563188946
21.438055547851384,1.5406831671796533,1.106402226134203
21.872800066235577,1.155729761747964,1.289501017309586
21.512183097734464,1.3177144304965238,1.288994403340487
21.89974931462568,1.14871761770355,1.326751855183041
21.564570679687158,1.1973816015963115,1.3740608343627034
21.792882914058637,1.322146866871655,1.177939788532575
21.752166214591508,1.350788936964197,1.17344890127973
21.922315923378143,1.2229034187583665,1.255219209868209
21.693537910291514,1.2252823638528283,1.2866883868451282
21.56884219465344,1.3218324739497624,1.2509666042247989
21.653478816004448,1.3069496843144646,1.2557828001303282
21.926086101164874,1.1701475758656663,1.2713521579387579
21.314839340582388,1.4128638913844946,1.2490257113088001
21.424281522110057,1.3725099217237562,1.2817113785763445
21.746973147174437,1.1758507319552969,1.3206408931456377
21.737998548774534,1.4305941774168425,1.1286059942628455
21.68754922245916,1.4047797075829522,1.1525491319002048
21.55358017783345,1.4287816099093025,1.1792573153178676
21.316271696971775,1.4097909640457331,1.2539716758587094
21.52873537207647,1.3178488348425523,1.2707031645839124
21.581947011516846,1.381544981156082,1.183281528247531
21.49274901984394,1.3141979189797999,1.3010259372969526
21.93035679442915,1.1824373968487798,1.2574219412812098
21.600090615338463,1.2396152022510085,1.336160591116848
21.387200691049507,1.620135643684374,1.0184604818189522
22.328499966163466,1.1961928549342566,1.1362872617327218
21.846895480329493,1.292189537004892,1.1988408144708331
21.612900432560313,1.3677689298216058,1.2045443862072793
21.824071099917468,1.2697949354367188,1.2532604173846449
21.74504713823105,1.1518264706329682,1.3054077092746321
21.74461033624518,1.422734649769322,1.1409839450314645
22.125202212580028,1.2262559907399828,1.138152870117781
21.932481653540535,1.2014535554230124,1.2117191838202035
22.038035145562468,1.1829720745464045,1.2259927589964574
21.920223165174527,1.2400125144180927,1.2014452460930145
21.489232386146792,1.4650715472096028,1.1346970398907004
21.825351675639805,1.2972963673520606,1.1764958061847859
21.663929945312926,1.499860790773379,1.0367176564389675
21.586383056364475,1.4111798902297248,1.140099889912563
21.936681018570972,1.2423179138007712,1.193440664521691
21.962246577299062,1.3026072307559202,1.1303005573783576
21.59953329684217,1.3211938841884137,1.2765612406488043
21.80398243136127,1.4319785017691544,1.1013032880309188
21.695702413525034,1.181355910481025,1.3229805366312726
21.996154776194626,1.1204155033304726,1.293323182026591
21.588695015797654,1.0393432110664615,1.523476485645578
21.961873779341584,1.270834956113271,1.1810687063348067
21.578529030620754,1.3460776754578987,1.2406908036869315
21.761088513140656,1.2877736684389776,1.2097937057856014
21.51039196657637,1.393989851166058,1.1744154341924375
21.59789912399015,1.096512029224732,1.4614203774897918
22.004608816433933,1.3391090212555508,1.1201706301628598
21.424096782638614,1.4976520306851524,1.1086184231027534
21.871320838913498,1.2819825511247358,1.1929462089196163
22.02826830813303,1.3841226586534685,1.04679858088071
21.437188398066436,1.2328870253028117,1.3674772471243233
21.188719556579684,1.2433580030207743,1.4484082972679695
21.315967249832624,1.248671401797276,1.4134451755626265
21.68273431618447,1.464455745835377,1.0834813316180198
21.726042592567854,1.4909580193236605,1.0217424740446768
21.853836355542658,1.3032179484527984,1.177923446443586
21.836101423173346,1.2801989689082436,1.208605989774846
21.731564383741343,1.3265202037035633,1.1870693918681747
21.709273171265828,1.29100152463402,1.2115714419344519
21.57515667690268,1.3758707419722271,1.157198110282704
21.61296792882851,1.4269581534499916,1.0995055592968606
22.124933838156835,1.2194319699748377,1.1492840747972581
21.829282372990228,1.4096497675934527,1.115561734294742
21.705205698528054,1.3917774681278339,1.0986776059271217
21.879345632003055,1.2025696636979173,1.253095138286191
22.10206334265792,1.1796372338831385,1.1957380417965888
22.129270695666868,1.158774049765664,1.2024492120876544
21.51614306366497,1.2328203439095435,1.3617125521101245
21.934824066905612,1.2067857399297122,1.2135346106571958
21.907480157909333,1.1840809714657419,1.2717970011258821
21.595908621618754,1.1450611599094398,1.3816838097118922
21.576656854083783,1.261944811713017,1.3346103048410622
21.525397325129134,1.4399391566194286,1.1884842608455934
21.73672099629387,1.2106953397274618,1.269765303396589
21.78550139680855,1.2040642673158035,1.269104930122361
21.313935709443726,1.1839902863110194,1.4794190442554256
21.74632535394164,1.3109466868791255,1.1374825443736152
21.200721753056968,1.181862688480344,1.5789810017674948
21.391660133621706,1.16422668570388,1.4832240484255763
21.952629662672607,0.9870602379770781,1.4641193541105268
21.470288465399136,1.3448405239476853,1.2149079232651967
21.141059827706698,1.4996111833110208,1.2078249803272398
21.90692046724439,1.4484411187493846,1.0193020547594942
21.279799411226218,1.5259888979102347,1.1192246130100976
21.19640724211667,1.5426303934502816,1.1479105799300433
22.296282726541676,0.9956095943415822,1.311521080764719
22.123354808681725,1.1418623263968195,1.2557631231028719
21.4681077922424,1.3490049982021841,1.254729409651662
21.711704598168776,1.267572168201726,1.2501369775648754
21.38910323638295,1.5667985677423262,1.12140311865766
21.611409605662814,1.5007725137480998,1.1071990127037676
21.489148036492704,1.481475368266415,1.1504696481361187
21.942457240190983,1.2785533895573777,1.1948091325138441
21.899281150161606,1.3308844910606015,1.1669666888734727
21.75830000773122,1.347605942976917,1.1761615338326767
21.505452429375232,1.2438047631860554,1.2929385909895967
21.86885515861621,1.4707896325097523,1.0556030523411981
21.716129374469695,1.4008590244981123,1.1432117515159177
21.749760650576036,1.3116766452602744,1.1915447268141073
21.981881485567946,1.309119111884653,1.1712122061044279
21.67600322374698,1.5507428976213937,0.9882401252721235
21.836512223473306,1.3248461727079677,1.1688707673002219
21.479004597512226,1.546930198488447,1.0509057010103808
22.119516083728595,1.270334001554316,1.129411827717228
22.078654610850894,1.2284876861015999,1.1754701260076101
21.79930255477243,1.200564195043298,1.297930708441182
21.5513173433985,1.2438843292230344,1.3201121629283834
21.51398177075099,1.2376374646413888,1.3390524010725458
21.36471316737555,1.4649881386137011,1.1778232624759748
21.314872598905108,1.4127667059056541,1.2589168239641146
21.564845140530668,1.1997745975641325,1.3844413251676988
21.122180703860764,1.2406515128263307,1.526511217769503
22.055489837203034,1.31469439664486,1.1368094550393157
22.080354031652462,1.2960890157199263,1.1476274026549262
21.62579008540824,1.6888749608152407,0.8727764141735773
21.960175567612662,0.9975107914785276,1.4263017682446528
22.352417110211487,1.183882510948031,1.171994653022414
22.50558315748439,1.1613697490021793,1.1274310322996925
21.314757843380455,1.4942235772394665,1.1811162958458103
21.684751855649864,1.1191130976403814,1.3944719765756326
21.002827716395437,1.60258924549532,1.1452806167653278
21.838681185372934,1.3574113646016348,1.1483174315775304
21.873078419568493,1.4283798856334882,1.0713989898951246
22.336513164922422,1.3219997244736614,1.0336847712379416
20.96045770253093,1.2945193257219079,1.4690490624419734
22.18620191288808,1.088454307938624,1.2046748710450121
21.078785719095343,1.2675203649321707,1.4941396167508436
22.012081415371476,1.4316332706045787,0.953513498939861
21.939779913500082,1.1411057741942634,1.3015806769478357
21.560862197185052,1.0955656685485342,1.4934268172548653
21.725795584303977,1.0043041179288934,1.5408561719897171
21.622682132762705,1.23768011352296,1.3383344942630204
21.969070921706695,1.418323837667672,1.043900925745494
21.492674462994948,1.2773259418381315,1.3130818827054584
21.94824420508218,1.2410625267970756,1.2384832591996162
22.049658582405236,1.2191636250299966,1.2180394970904096
22.227308906944568,1.2733323503664495,1.1056147556879081
21.59179025044541,1.5568544433193792,1.0744844561546172
21.59258743668098,1.4731720489714244,1.139442255389386
21.85010782748116,0.9817770002036942,1.492933913096198
21.17968389675083,1.4574355402206303,1.2327591741036523
21.391667479373048,1.355545773937675,1.2883895374573504
22.06188383390202,1.3682486775265483,1.0506562264283215
21.390616167260454,1.2808095400944297,1.3582112414969734
21.714079012012895,1.2262115475195698,1.3080773882209173
21.84653018875799,1.1995080345567253,1.2932121137942099
22.053697422147643,0.9678641579129422,1.4426779558780072
21.42595452343,1.4105930947885759,1.2004086270243146
22.289429252520733,1.056795352668476,1.2846360066239821
21.598592876429052,1.4510561019863661,1.1621233529629456
21.394543029055193,1.4161660639610951,1.2320907963706966
21.98222896966945,1.1665741648418841,1.2256549096433755
21.647829402067984,1.3634525816360183,1.1316797398826455
21.693356723746057,1.1884221322008963,1.335724212728566
22.193998572616838,1.30622121420158,1.0626199079512346
21.76007314267057,1.4421647575312753,1.0452141137891637
21.757854035515592,1.4123256373289685,1.0846187057045458
22.113315373109028,1.2971196227926414,1.0997066268670217
21.87068431033195,1.2403958094195737,1.2547044399167295
21.88170214945498,1.5216311326353924,0.9342517818692463
21.088803843317123,1.2938126109503691,1.439863777223652
21.45263537125569,1.323996460178336,1.2909987586440554
21.45771193858348,1.5042957309332283,1.1259480350739668
21.556558802740728,1.2845490024146113,1.3001499850207594
22.056526290114626,1.2318684812705796,1.1914175154040043
21.73266790912536,1.1734699122763133,1.3498042597962314
21.89730311511282,1.3958959833701365,1.0502584599368083
21.881394048371295,1.4494347068242885,1.077659534826143
21.80365061407959,1.085617561625707,1.3251651243503293
21.622056644727493,1.1833797453964978,1.2956299487593483
21.728186210946085,1.2694199083439537,1.2608232658887248
21.407050228559214,1.4064049609856073,1.1650251261152054
22.011300237236167,1.169012560789106,1.2340503762487953
21.760397941739896,1.1899817248042448,1.3746281235309945
21.411865106193,1.3043354024455858,1.276040596092215
21.987363766874218,1.275952091988784,1.1710031114223471
21.393741075450087,1.1298727338975911,1.4756886079875016
22.028667578365514,1.024646094121709,1.3801129292976033
21.446818040478007,1.3929182837468648,1.2313567679633057
21.225376576295965,1.4772846458338968,1.2183321610634192
22.004486250156905,1.4481547970723598,0.9747690640286246
21.818125004948293,1.45787933586004,0.9849494122915866
21.576893833381334,1.468537042693161,1.1606518035661613
21.887356917778018,1.3495318637305675,1.0886739328758743
21.475099415669675,1.597569488602838,1.042749794523459
22.023633734713847,1.0556102288656426,1.3650308020636643
21.882491928431868,1.0618899742787642,1.3850304108811435
21.534407814873518,1.2037124574635885,1.4043303326100576
21.6585293305553,1.0273385517787397,1.4788112031934835
21.965217714441394,1.3452895687538833,1.108406903769492
21.629412678818632,1.2890532546623403,1.2644510462352534
21.76724719684356,1.263988424914497,1.2632223664678424
21.440890372308356,1.400654706464769,1.1895821875094552
22.085255366257584,1.2092110926403123,1.2113346002221295
21.29914593543743,1.6633487660985369,0.9949104004067771
21.973387841425883,1.2132758703574582,1.1885996141648414
21.557842703648916,1.5728506727808087,1.0380212584561805
22.062201904175556,1.2073601996099583,1.2633135241976936
21.506702187173772,1.4146531888486253,1.1430654889165255
21.787753220536388,1.2196910404473327,1.2831678878943318
21.59478295422386,1.1589505088781749,1.3364069196491546
21.356723590510782,1.3515070869475518,1.281819177012983
22.226381185829105,1.0971970951781607,1.234543307900312
21.075232176195644,1.494625742774491,1.2382853792924748
22.020736876457484,1.359503973406847,1.0775949288817017
21.474286610527177,1.3416709727818679,1.2618407974449342
21.08789900579776,1.5242932616691918,1.2679677077014133
21.518855092539333,1.5144020140475574,1.1449096494372197
21.612380489420367,1.356575109377242,1.193719036946781
21.289615322471093,1.3387281671721314,1.2970290734093914
21.39396242143465,1.3111992677012003,1.2855170880691227
21.44078770965627,1.1698612718406132,1.3911495842843862
21.861632586124745,1.4471401478929002,1.0623346892278938
21.539114633697103,1.447289791815049,1.1644767173684067
21.905769642399754,1.114921298349454,1.2911907554564492
21.844055118666944,1.2176792914247185,1.2362981668148503
21.57288987716177,1.4701472505784545,1.1218221516518814
21.76968592168445,1.3658703182457863,1.1171662322323315
21.523917359950943,1.4245628046177992,1.1814729492238636
21.41534964192243,1.547618309956493,1.112611576115812
21.318906837558245,1.439056174530431,1.2576641784887315
22.03901405025704,1.4231827259157028,0.9671029973428765
21.027187745944453,1.340423894210839,1.3890245686197222
21.942782508210854,1.2714493985730535,1.1484963871557972
22.04321009910327,1.553677557190353,0.8826593508021977
21.073652308704283,1.3933092833062677,1.3237592149036261
21.6775066928276,1.4063329027772837,1.175093861985574
21.434222089493375,1.2743443098463354,1.3192455480286955
22.133119672112276,1.2840063900139316,1.0961965974697432
22.240682364497808,1.1862737466672295,1.1499316273575306
21.80610734568043,1.1211754890734322,1.3590639760771024
21.45478645027077,1.4755364945645382,1.1421761884781945
21.237787200592308,1.4016446752414295,1.3220678636106602
21.645839186936172,1.2445352800280565,1.2969719914630349
21.662332347770267,1.1865573757542498,1.3248792089378723
22.022875330393664,1.1073338412881184,1.276650548843578
21.388247010083596,1.1965196195526369,1.4772620514340031
21.94494419743473,1.3126144380555338,1.1214662720837087
21.437581045071063,1.2329544025632329,1.358184602558619
21.666874386249916,1.3442546936574855,1.1518886379526283
21.396882060421145,1.5770451950353557,1.0890137691103885
21.322773228895915,1.4558115724008633,1.2129817890075296
21.864719586950066,1.4045238912797608,1.0833493137244767
21.97314888705427,1.4141585018655645,1.058864576137947
21.524202310721538,1.1982809446778409,1.3836709890461798
22.1421181295921,1.2398023304084982,1.1600264577871686
21.880769954311425,1.1306759266665165,1.3246744423393753
21.559603465941272,1.5254331273982902,1.070572932753017
21.40423933469914,1.2504550945045734,1.3759193421448745
22.122197543386125,1.3376358925736112,1.0430904094022622
21.900102801133052,1.4916750051846708,0.9579706995847457
22.569986470808605,1.146431056483103,1.0660686562867487
22.28334837734768,1.2653816645311062,1.016323843685538
21.93648285378736,1.330367931198876,1.0899939875365972
22.109291395736555,1.2416525150654698,1.1279812994357095
21.33679099648338,1.326243188547487,1.2454650728195478
21.290881905051258,1.1975111039829414,1.3889048591678574
22.397134891214684,1.0176693052978596,1.260596084492243
22.031238029339757,1.173502705238158,1.242210701466426
21.7216960331782,1.2991252750900355,1.2108486514453198
21.809819160143732,1.2453027926278664,1.2196360171360827
21.830642722589506,1.5296320061629483,0.9886071224187593
21.463316975389578,1.5083655569444967,1.151625302398378
22.123624637897617,1.1147291885247332,1.259596567778623
21.47352371364002,1.509438321728578,1.1066316601587038
21.505197335981634,1.5400976588340634,1.0803192484513573
21.794594964442243,1.19179511238659,1.297907943932409
21.594957678933927,1.159615642400612,1.4050967953135358
21.85567144591561,1.1911349316745385,1.295463798877811
21.75043832286051,1.360358878668506,1.1889514390730518
21.922914433924127,1.2985950389416123,1.202670487935768
22.058392307792374,1.3446055371264136,1.0796105256018758
21.498977499882514,1.2927863764496919,1.2855443812230036
21.459270241333268,1.429288034786715,1.1980805446445415
21.776031074933215,1.2701684284043486,1.2734344569742997
21.2160295947445,1.27886682531832,1.4089832212400466
21.99858277886539,1.4161421178390172,1.0367017202234383
21.64167332926354,1.4277921440393064,1.1863714922455353
21.754178234016372,1.1796510663485416,1.3414221813742826
22.276904926893206,1.1856855185770485,1.1853876450442233
22.0122539860463,1.1902342581376497,1.2856693403328152
22.300388296278573,1.3221962521176158,1.0389310277043875
22.086661062317997,1.294598107732912,1.15180040498109
22.40724172259779,1.2318661729955356,1.0987223421693648
22.34446362303128,1.2689164484218234,1.092782665777191
22.311516179876556,1.2484326018750496,1.1311989175380486
22.41918279623409,1.240223155296608,1.0881144861531988
21.78630211197472,1.2864168898154682,1.1987525238009642
21.612643884290094,1.3898917291098296,1.1901284014564641
21.614044648595108,1.462849854653359,1.1232651275355556
21.946836201879012,1.3365245629168097,1.1332993140788237
21.837291975775052,1.1632804836779458,1.3232347106935376
22.1167618528724,1.1618284662495693,1.2825712052657083
21.81587303924156,1.3998346670355009,1.116788125826458
21.7848960180677,1.3891384204827977,1.1338109238479233
21.587939814479604,1.3180467876347943,1.24361595533925
21.722051547155058,1.3573290012921033,1.199780754171297
21.55748291020144,1.2858004920354837,1.2674501471025506
21.941957469710815,1.4112189548562384,1.1033250958962912
22.027288749024063,1.3242857634554768,1.1469619404550535
21.999708494575103,1.3424541116505846,1.1408947598982118
22.06039183834917,1.222135924314472,1.2109277182307991
22.217002237468023,1.2167250528090705,1.1933331791086785
21.237261199478475,1.3075303825426976,1.3160753576108128
21.697764270702933,1.1274403971805849,1.3798021154920246
21.789190635190522,1.0745169050210215,1.4118911231166964
21.45827633509976,1.1749066321449513,1.409957006608699
21.464962662970258,1.180022996139261,1.404338880120547
21.60612471039505,1.4454659756384716,1.1598743631010209
22.00600545338395,1.1158466835988066,1.2934014590087437
21.49831611758304,1.4344825033844284,1.1488208512659965
21.865808722224138,1.3476527030754497,1.1424361381408639
21.913862036393304,1.3033399083779065,1.163627124235919
21.392526169657554,1.4304148518060507,1.2647515057880503
21.569703313033024,1.2649073810189329,1.329557987518867
21.825070249032105,1.2892543904059521,1.1601813706195392
21.588390141243913,1.1053769142060816,1.4927296549611884
21.801935519614617,1.2108665216851815,1.2638048546784166
21.87936536496259,1.1765292888442511,1.3099236862166634
21.5086383721476,1.4708082652551515,1.1159885705443084
22.06078699379617,1.2961230719062389,1.1291560334258062
21.448448645445012,1.3451898088127359,1.2557352954499976
21.862810331202308,1.251429522863654,1.2106793559706903
21.26683904882629,1.4068545558275942,1.2811812741805695
22.182404190997083,1.1678359241054574,1.1765242277204684
21.119840575019342,1.4982261828582266,1.2341382131517395
21.227356053606655,1.4674901861921679,1.2514071152382624
22.23664361784157,1.0760823068028866,1.2393446150771268
22.25841979170082,1.213364405773347,1.1793410177344499
22.226754713640055,1.2803160294530724,1.0827391385447946
22.061485457144613,1.279246647529247,1.1466274466250077
21.50041011719169,1.0010504633279578,1.5689930323191967
21.471690796206058,0.9990371899326,1.573689823355079
21.400605079034207,1.593231122360332,1.0688958876934427
21.813626460027713,1.2627891712842099,1.2478439272998183
21.71386653987164,1.206635740390061,1.2714804377736006
21.558726253121577,1.340936499131373,1.2252540364564648
21.440905774824643,1.4129081694688186,1.2115192170562339
21.75146051376312,1.1061573731601664,1.3549685158998006
21.4538709579331,1.4823704039379937,1.0847051029286408
21.46134159407251,1.4342107942445512,1.147421728494206
21.576844468516917,1.474801887105139,1.0729068614175887
21.8855393461236,1.151125902980668,1.3340536950883246
21.681377280566235,1.5323726372646034,1.0148399291839454
21.80085262306183,1.509007118373579,0.9968550838436392
21.906012961728138,1.2312789783439524,1.2583165003331234
21.97188869724515,1.222653284750267,1.2204238644345473
21.573764415916415,1.093537925236191,1.4739202915755107
21.935392301222407,1.0894345628824997,1.3532158150455464
21.82641838253096,1.1648372661221642,1.2992175676838884
22.040885929573665,1.0230779512457324,1.3795486376260373
21.11564684573019,1.4724720202810677,1.2780322949861431
21.048550699926814,1.2637924615900398,1.4961865521028486
21.081930532578838,1.6953170623460054,1.0806808478998113
21.055820697142696,1.6615940955892046,1.1184074625909297
21.420865994821987,1.6700698568814587,1.0083178023935406
22.00972827716788,1.040209154331611,1.3588618333633449
21.349850030710336,1.4916761325537795,1.1620690926932116
21.461202880289154,1.522059110847366,1.0997576309897141
21.618017232198426,1.4772740019660684,1.1315887225753125
21.90407906268456,1.446094883663111,1.0686870170460245
21.452822252439233,1.2589438723802175,1.3453826912682618
21.836763820113916,1.1293904544176943,1.3369801962601386
21.580274729995036,1.427853277190368,1.1317456736388996
21.562469370398546,1.4161883566339508,1.1335511542002725
21.553771112496037,1.4169058494331974,1.2088696178706158
21.40128327997384,1.1985885393341926,1.4176338474998302
21.486795602590817,1.3273877138289396,1.2501741135910918
21.661872634687445,1.1466930691931507,1.3701041880372602
21.618328619249024,1.0193360119983852,1.5044304649876425
21.731482517270408,1.0310885006643498,1.4603502829363184
21.437557805632142,1.522401442781774,1.1197119633091854
21.512981869077024,1.054876823950043,1.478254467563265
21.46836736174165,1.1114693597191971,1.4336908474122467
21.614269074783028,0.9716580083433819,1.5217119752328787
21.254806075388647,1.2043761344611554,1.4396922830091887
21.685313822956957,1.3239983087103337,1.202150739853093
21.754743451140694,1.2407266899075509,1.298007450128294
21.988267007952686,0.9933842430487143,1.4073193574190517
21.020415469250874,1.5267131693534426,1.210058025407947
21.947084653002932,1.2480975004402914,1.2270268265441078
21.931437592583173,1.4234844438193064,1.0301742113456909
22.09508237903414,1.3704062416959526,1.0411230093949704
21.535625158019858,1.6494885277031979,0.9559465847977131
21.94931063955109,1.2847680308125424,1.1839402652513715
21.95956720575336,1.3884956569630051,1.0960493372767397
21.9464495218606,1.257916949120523,1.2281027609736146
21.59030031089968,1.3453099433115139,1.2572580868604775
21.824818659781474,1.0904058308713085,1.4444901086263147
21.438686260897967,1.4322371425448144,1.2099887751858018
22.430125123045535,1.0352312746144356,1.3181099657743103
22.513094859537937,1.126648539911111,1.185285020813086
22.304739087890123,1.250600930520713,1.141926693769869
21.282587980764603,1.4145845951883713,1.2297603629438585
21.313104042074514,1.3635765329965521,1.2454234697941315
21.967682163293226,1.3903967178811647,1.0127218354691212
21.665031980119082,1.324165172228021,1.2445344781234386
21.782658889035147,1.399019197196575,1.1491704775710274
22.011860100261284,1.296415511379804,1.1808239127922937
21.415995542861772,1.4967755569280599,1.067279422490589
21.683043209041465,1.148045329994023,1.3957007932488061
21.65157348211454,1.3260832941358216,1.2107274739129128
21.761388420210196,1.2580833401697131,1.231120304061755
21.757180812228974,1.081808191188025,1.3782451327323162
22.08767397107442,1.537612027064248,0.9160241096211031
21.458331061536505,1.397099510815745,1.2643512059062805
21.55311587655533,1.3688765835757828,1.2636991529449577
21.749547485269495,1.447244452060007,1.0814042872398348
21.65852528013209,1.3959201054382055,1.1434996686671872
21.645219887598703,1.3914164464854228,1.1520100221132918
21.585534726592016,1.3094811571790674,1.2821354173850599
21.426217976624066,1.2770129131651016,1.3536047281849277
21.678747397928408,1.5258144200217698,1.032426055791152
21.658967123427608,1.3838460818689649,1.1253765066497854
21.894088788282826,1.2386252247641418,1.23077216075655
21.145141635727043,1.4849802863932535,1.2397344801477557
21.256094734500174,1.5436767220566163,1.1987174807053032
21.777076802199844,1.3976788369888067,1.082498102321083
21.487470150301235,1.2136534529466714,1.3843690742188388
21.50897839367005,1.4625342152201575,1.1019021839043264
21.28756214336839,1.2224902320373128,1.3805873993748443
21.56142726352511,1.220843318302819,1.344859470515639
21.424929709936507,1.3316221343189911,1.3014406315929967
21.862197164102035,1.328803934328686,1.1382200920143644
21.396173942317226,1.6045487312175593,1.0340962995734824
21.631270608122897,1.4370428343730761,1.111328208245956
21.792794102416998,1.287667815928752,1.2058423309480555
21.291269052545495,1.5590387846661933,1.1393917369841868
22.069009212179346,1.1128240190767864,1.295058380173691
21.651452743025494,1.3593679211788134,1.1673509200063605
21.681939655208062,1.2345767130217258,1.2742033137918531
21.69796139520699,1.2658778666531636,1.2472777759007363
22.09879100817352,1.2078318238782602,1.185209983748118
21.794855540646182,1.3148049625834846,1.1826149808697437
21.7091500872857,1.3685668224360883,1.1657656619314418
21.508890377079062,1.175007273784056,1.4882111056849012
22.167030771841436,1.2352123869542775,1.1633923147753171
22.249480541609614,1.2726255435249212,1.1703631292355552
22.184222738371936,1.1964162882464517,1.1492325374091803
22.105860647290612,1.0983369964788117,1.3519034879880472
20.921105589380893,1.4511846888280455,1.2900325376864625
21.428625110625575,1.264718931234737,1.3126932868459908
21.44063690173575,1.3297946077280325,1.2618465059988264
21.709819243195454,1.1721753770529453,1.340422251138829
21.414723867540744,1.2396592726177427,1.3151103447174137
21.49187783141324,1.2906571946609227,1.2615511635744254
21.618295871815484,0.9974064796260114,1.4830878165536794
21.61516272519205,1.6855065683704333,0.925823108314319
21.4457151992631,1.6960738460622575,0.9516751278439275
22.025285010206126,1.3416921151862633,1.1150783257242647
21.706578914177037,1.3421195429071744,1.1995585579673442
21.86544293080813,1.2725747074396483,1.2057043137344439
21.812204646900412,1.295866613191885,1.1953873028472175
22.221776649837864,1.0990184384603674,1.2390120799408255
21.192769637179346,1.3309438541313252,1.3683586933594154
21.73156177796146,1.326008930055829,1.1880386277408457
21.446304534716106,1.2279783285814458,1.3862780073016854
21.657858460553626,1.1930795697687786,1.3151873483311851
21.635443140221646,1.3948854800096155,1.186591930103668
21.43317254472581,1.3601872802950166,1.2871669262771062
21.646571679499317,1.3339363787775433,1.1816036563880066
21.640383546709266,1.325530967492689,1.2470418502240868
21.5503970337029,1.3634923799827505,1.1907607357500158
21.553876406369447,1.3296493406170895,1.258562712682709
21.802578910695054,1.2931673543240607,1.215891183372026
21.923244823334038,1.3029299289484677,1.1768790542536196
21.85883132096839,1.2381029929961118,1.202490525127236
21.587274271793856,1.527895952781179,1.0298730421654056
21.62244101805823,1.2220079880048285,1.3163165032287008
21.515217772985018,1.3435201558755303,1.2196057643063283
21.525589871704618,1.5007916194864839,1.1055230286136528
21.817352420150286,1.2562316995960177,1.2027500316052195
21.60299917712733,1.269630683156136,1.25941709378101
21.628057694667397,1.4568069851140428,1.06588254820056
21.92595849844782,1.300368758255389,1.0984603151152965
22.140144691989356,1.1476736821076134,1.1930055238021202
21.37391222289054,1.3013473557902915,1.306471824380502
21.465384405002084,1.2133887912869386,1.3590747468845055
21.63111247182394,1.1727180055568636,1.334039963300072
21.778361032521893,1.2880569308627734,1.2409974061242255
21.77325290209115,1.2760972465309974,1.257112530884376
21.8572632196488,1.5643794925954582,0.9564564654712089
21.895765347194217,1.2931974343475114,1.2018995844011395
21.661955868701035,1.3297558050613778,1.200474402643245
21.584754693566975,1.3455610326247365,1.2294150041187606
21.66870244613833,1.2951193968350923,1.2497121664881494
22.05063262395705,1.2834688819122853,1.1381236706309423
21.135087485428507,1.3099766413019616,1.3817405435327823
21.307008186810677,1.1933353835856548,1.4434622222151592
21.79753457052073,1.441972635788657,1.0855675165139516
21.536137440530123,1.3313522189476688,1.272677719294552
21.71854458580153,1.2203132305648579,1.2414709046045587
22.231065692378138,1.1908046933420888,1.1361621723806938
22.17621474601164,1.2302066394667488,1.1266664980632262
21.868698591819815,1.2274805243372386,1.2402442378601874
21.7891124197457,1.3650420110316432,1.14172516926096
21.50728616621092,1.3194387649675918,1.2803303368711496
21.13507666466878,1.4057359007748549,1.313646685157139
21.531274214809713,1.5660069158415333,1.0816016184060653
21.96331412905662,1.1901504944973031,1.2284841882653268
21.85588052583259,1.1718275515896817,1.304027533337748
21.90736194002467,1.296040969624208,1.197907369069347
21.750295172984714,1.3565573209508388,1.1676590374779634
22.07105021949155,1.2738480264920884,1.1597654780303086
21.81433490514503,1.2788072989963986,1.188822223797223
21.928434014773643,1.4369404931654124,0.999635285287668
21.825464667769882,1.4865092972911502,1.017268314651044
21.803209074198854,1.0587375907012122,1.4324167243976946
21.936028469911363,1.1077226125782553,1.3152582728138393
21.870471832111626,1.1418489500256903,1.2792940527354832
21.68483370148444,1.1741658704959597,1.336201484061184
21.531230036499245,1.3208445960025252,1.2172420426480632
21.445898642782737,1.3590847217831192,1.222020005556013
21.971852323093422,1.192124995611692,1.2640817747447866
21.942959724291644,1.2538511247694968,1.1755791270353
22.016333816173344,1.5240977808160345,0.9294621624514089
22.002007360827413,0.9661678323059304,1.4946832034537556
21.776587973343645,1.2273578477605958,1.2905557700027537
21.606519501853043,1.2813534236634754,1.305715590072934
21.997581796251502,1.2266898336916399,1.2227719661330005
21.786147320382824,1.1515194352199056,1.3364176513610324
21.673846982711602,1.3916024422303355,1.1842578505302777
21.441874847197766,1.2998986438135507,1.3380593036931698
22.09194191394896,1.303471903157641,1.1285498681660247
21.455191493982028,1.3247205262485908,1.282509677136543
21.85709205483997,1.446303497347722,1.0696418232947247
21.80930686872352,1.3729824198472793,1.130533628087711
21.52901232334751,1.5592550876059097,1.025695564976677
22.27441865802945,0.9637713461266123,1.4067833425666392
21.44014168240171,1.2782721353034712,1.349507467405847
21.227146915194506,1.2640163368061328,1.4230825203605124
20.894132661052303,1.1828881737092065,1.5592828930699565
21.777066126657886,1.127489260118982,1.3236371980572064
21.767946545267545,1.1785762611331339,1.309503711863246
21.250312472613818,1.2962973309921706,1.3707683867039018
22.044340287532584,1.2940768673900587,1.1356000766305037
21.554994741885658,1.1013812787757975,1.4866835905260114
21.7848656767272,1.3954311240975714,1.1080890313843106
21.792272490245086,1.11708485487275,1.3956270451657342
21.585938767854838,1.27455296914075,1.274671583778634
21.589237096751305,1.279282940319946,1.2452089355774913
21.451058583006024,1.144153067317216,1.414824901853327
21.29998640384713,1.1997505775604698,1.4684669959720749
21.793492284263287,1.0986239690657662,1.4139094150068643
21.700474395358263,1.3813732770348102,1.1083172504078003
21.546717456524995,1.1548169053323332,1.4078299685282134
21.418831043819534,1.2235319627067445,1.380398801399975
21.459921246760448,1.382875473668815,1.1513245179909235
21.762123044303554,1.2195137257759916,1.2406047316571711
21.415037892012236,1.1764392891028677,1.3775348383150008
21.355793898501634,1.4411846375611086,1.1733910760262622
21.942283735038615,1.1887867835684194,1.2045576347995368
22.067505354911557,1.316516592698346,1.0449506757331195
21.728754950517747,1.151196240887817,1.2680504100883354
22.04560863195617,1.3034648242924387,1.1352996880745876
21.859923320848125,1.4204095635446186,1.041128069515507
21.195636613291175,1.1843634394803888,1.4718219975595601
22.017887570746783,1.228036166027395,1.1300208177979911
21.46731735271109,1.252403366082891,1.2673624974937838
21.881921449129845,1.2299042240195786,1.1667046647708668
21.332412315215443,1.040996495007851,1.5208218238334015
21.3318491468996,1.3454477851367974,1.2431259077233552
21.604373310093727,1.2819144373728388,1.275258058209841
21.53491249534496,1.4485827172084855,1.151961978145708
21.57157517801406,1.4247814974013338,1.1701326415537932
21.357197789753613,1.4975908093782153,1.1790108936840866
21.424472930231744,1.355241867582156,1.3056156460129071
21.22867387091707,1.4390182640320566,1.2911468698836326
21.784146010476142,1.3651872044814752,1.118517930103516
21.60118067657152,1.1938707381464226,1.398206225853332
21.956781972156435,1.163958470639363,1.28614789202959
21.63659871631327,1.1979177349123415,1.3553945080561167
21.856426582518097,1.2548412367280113,1.2200942406161266
22.102111543433455,1.3232152290630652,1.1394989453463724
22.099908456052688,1.4345710212036498,1.0278710670606561
22.37709823364191,1.3939183402825355,0.994956349717494
21.563750106730154,1.3161673730674996,1.310163960791903
22.182601495612786,1.5187984272297559,0.9159165889612585
22.030435063178516,1.3663884479533408,1.0884679443976395
21.51494470463935,1.3974170184646657,1.2535728549628387
21.410511864357247,1.3304939048624327,1.322078337109183
21.96518627962344,1.1062987196824206,1.3517516068270825
21.262427782474106,1.4000327506029318,1.2157722255980197
21.815447954481016,1.1299895171904983,1.3714871738361736
21.889276006166753,1.1334241892940033,1.3579479166824306
22.119725824541234,1.319227134909548,1.074110455137441
21.952880928465486,1.0908708432357759,1.346213415595716
21.343499215417346,1.595262766647987,1.089046671921172
22.320299279269282,1.2141075112152913,1.1491531348041473
21.3860729072019,1.4370646027195275,1.1834797784880835
21.69799407214213,1.0833542621915155,1.398354865514221
21.831513813816702,1.2026404792707326,1.3132233478316453
21.77008159778596,1.3083589007442242,1.2031702258248294
21.794588177224064,1.1667969081538003,1.3330718958408787
21.816669210261516,1.2839103883826506,1.229661352162191
21.580289145771232,1.3349942986077754,1.1966882721069436
21.394181055317645,1.3480914859880304,1.2434036574108742
21.50635991628714,1.329664458606226,1.2682526166237793
21.2061518589237,1.2457932231591027,1.4547134548189815
21.318360467727878,1.340162870383586,1.285120676037975
22.68368619690766,1.3075253302093974,0.9521378529341625
22.6287188184213,1.3325814736348016,0.9485476968306701
21.826412476794935,1.18483819986604,1.3301346286369908
21.562155734092954,1.5805373163325542,0.9897794331707221
21.531163882616177,1.3395932302475015,1.2734162984674668
21.49918276097584,1.3383866225692926,1.268744785869357
21.625362493912164,1.2368291333519958,1.3184033230266867
21.488522954165738,1.2950693551250627,1.300703159034372
22.13534829452778,1.4526211160433828,0.9411104804691469
21.39867962715907,1.2086007189876786,1.4298491444797192
21.92650989357224,1.3415120256025674,1.103760423818262
21.980415160088512,1.3370617681513037,1.1091033541279665
21.78548169805676,1.20112713658865,1.2500902821850355
21.427683913724543,1.165242344565445,1.4537403396735487
22.284058638335246,1.2401392661365882,1.1097366057018896
21.218675799404107,1.3116031904619323,1.35094423169585
21.65630899190069,1.1684379741520907,1.380468337693004
21.309329761197972,1.2524782519020703,1.4212196189201827
21.879896776496025,1.3982003815888895,1.1092946915979276
21.406470221372164,1.4448843005685652,1.1896339791410895
21.73820476777718,1.2049510339828555,1.3601620847018687
21.679195268371636,1.1197908189458345,1.4122931770194944
21.849563121504964,1.2151534891228495,1.2455812790860692
22.153141381748696,1.162972638252632,1.2468403875537983
21.94493626853945,1.25821654547833,1.207814787793294
21.56173623601234,1.4766537653617016,1.154553518131766
21.430109869716915,1.4142807272866658,1.2680302869895819
21.50521325059872,1.4170910865586512,1.2176508376190773
21.619962179335428,1.329459328645484,1.2481946190293665
21.64792670496952,1.4032472509361298,1.1657584845343465
21.42710727621776,1.3215404700219477,1.258978741277714
21.586339458101442,1.3883261012464014,1.160709957193015
21.56064889616863,1.4193141861618843,1.119160644282044
21.397954999463916,1.400352506080263,1.30157055966578
21.811873629446225,1.4124494457134593,1.1631356691432622
21.44188107356942,1.44649096632383,1.1976214138431938
22.608248405199284,0.9876024710588354,1.2375142058568747
22.709038681232865,1.2455698417738028,1.0245703501523364
22.550767283124486,1.1719640066624808,1.1111003553769134
21.108757356639305,1.4879647956917725,1.2674735397646126
22.24598638490339,1.235571785661218,1.1410832571309608
21.768695495086668,1.1016932071122283,1.402568746966501
21.977806504226656,1.2278910848153126,1.210421048139702
21.37872878396514,1.2486396699090514,1.3677866589913255
21.720471173429058,1.3301646683057824,1.1871132867975074
21.6470324277372,1.2297202044237814,1.3046782795292582
21.350849308760477,1.256075676864137,1.3773764719935973
22.08394960225441,1.516514727911775,0.896268300156885
21.57230039315973,1.3054423974173435,1.263641049044225
21.9221205990815,1.4652700130290004,1.0105877649429442
21.485046962877938,1.4197857278293533,1.1598243537713702
21.722547945248845,1.4359372490422644,1.0770148598251552
21.417023874059062,1.5924135356771933,1.0088254627470379
22.232690949327342,1.1976686930144413,1.1828503121679221
21.69912565643488,1.402408861613499,1.1695413856045198
21.813670615123975,1.4247847705197203,1.1002171519220552
22.0572521634194,1.3087515157535534,1.0797715152526808
21.91222398121377,1.2858686196933176,1.1271410743704777
22.018486514848696,1.239256894589569,1.1473458035875796
21.99288337969935,1.5837795749852037,0.9198184110522893
21.50905282014982,1.2215485242431017,1.3142152754111955
21.955270180978026,1.4315103159854334,1.0303178926160603
21.59296823882856,1.286296025919612,1.2491048427180556
21.728191831872934,1.441975682966709,1.0880659726424635
21.57046230473228,1.470639084537704,1.1103379745092723
21.640114956885473,1.0247135694394498,1.4874457575950721
22.0253667654566,1.297379150117256,1.234680460514827
22.598147808765496,1.0660510440051716,1.2725206724680678
22.460861212193883,1.0752775987382748,1.3044050193494934
22.42455919363049,1.0902962414992519,1.301457966898287
22.34526613179567,1.1670814422803544,1.2208578868063722
21.78943040110995,1.141542422674667,1.3986854307928847
22.02703061585689,1.2609580812201626,1.170045918135152
22.062022936572962,1.2462452867155027,1.1518002306326858
21.643890796124285,1.359392368982253,1.166131154054321
21.372996353470086,1.1348343770742972,1.4804101984424907
21.505165684849878,1.086035535241745,1.4803523364939641
22.185715061058893,1.0270307180888116,1.3654898362341634
21.818737626774784,1.190460073258929,1.2670595552863118
21.907369073218707,1.2389587467169698,1.2211523776915696
21.959055876073485,1.2921128448630947,1.1762877381871082
21.47415776248592,1.2619835647406648,1.3746117351522487
