MJD,Bb,Bb_err
50841.128693,-7.40,0.3
50842.126146,-7.82,0.3
