MJD,Bb,Bb_err
60097.996254,13.68,2.09
60107.955827,17.009,0.108
60107.970162,17.359,0.071
60128.935957,14.346,0.127
