MJD,Bb,Bb_err
60097.996254,18.72,2.76
60107.955827,18.387,0.616
60107.970162,18.534,0.939
60128.935957,14.285,0.126
