MJD,Ba,Ba_err
50841.128693,8.81,0.3
50842.126146,8.35,0.3
