MJD,Ba,Ba_err
60097.996254,-2.28,0.08
60107.955827,-1.654,0.069
60107.970162,-1.534,0.069
60128.935957,1.221,0.069
