MJD,Ba,Ba_err
60097.996254,-3.42,0.11
60107.955827,-1.829,0.123
60107.970162,-1.711,0.156
60128.935957,1.28,0.094
